date,growth_index,drawdown_pct,model
1998-09-22,1.0083738585646622,0.0,equal_weight
1998-09-23,1.0104618035340647,0.0,equal_weight
1998-09-24,1.0073103980381892,-0.31187774588345984,equal_weight
1998-09-25,1.0022055605484463,-0.8170762078034355,equal_weight
1998-09-28,1.007928788426677,-0.25067895674319995,equal_weight
1998-09-29,1.0125746739891075,0.0,equal_weight
1998-09-30,1.00989490808708,-0.26464871884167573,equal_weight
1998-10-01,1.0067755527438846,-0.5727104769840619,equal_weight
1998-10-02,1.0158926717327021,0.0,equal_weight
1998-10-05,1.0232386619684264,0.0,equal_weight
1998-10-06,1.0253532804473873,0.0,equal_weight
1998-10-07,1.0301757616208436,0.0,equal_weight
1998-10-08,1.027372408329378,-0.27212378662985204,equal_weight
1998-10-09,1.0303677245650367,0.0,equal_weight
1998-10-12,1.0290606686219805,-0.1268533468095523,equal_weight
1998-10-13,1.0312677304130131,0.0,equal_weight
1998-10-14,1.0408792603818047,0.0,equal_weight
1998-10-15,1.052365532151367,0.0,equal_weight
1998-10-16,1.0499623627075054,-0.22835881359100085,equal_weight
1998-10-19,1.0483535443454004,-0.38123519664928773,equal_weight
1998-10-20,1.0478652000491342,-0.4276396332586696,equal_weight
1998-10-21,1.0477640433803828,-0.4372519462488733,equal_weight
1998-10-22,1.0460502504854163,-0.6001034310806674,equal_weight
1998-10-23,1.0411444698439247,-1.0662704131427447,equal_weight
1998-10-26,1.0361278563208882,-1.542969180802023,equal_weight
1998-10-27,1.0353025179770763,-1.6213961454446868,equal_weight
1998-10-28,1.037188805364497,-1.4421535410651387,equal_weight
1998-10-29,1.0377781241319044,-1.3861541046143233,equal_weight
1998-10-30,1.0399479959662477,-1.1799641669880567,equal_weight
1998-11-02,1.0378755665079022,-1.3768947386411101,equal_weight
1998-11-03,1.0400293306031294,-1.1722354230871201,equal_weight
1998-11-04,1.0351520259571305,-1.6356965016752878,equal_weight
1998-11-05,1.0380747173009062,-1.3579706303422756,equal_weight
1998-11-06,1.0352205044138274,-1.6291894036561394,equal_weight
1998-11-09,1.0332221613954147,-1.8190799841968586,equal_weight
1998-11-10,1.0406261800774015,-1.1155203886207277,equal_weight
1998-11-11,1.0379469626041629,-1.3701103947910576,equal_weight
1998-11-12,1.0414774614740168,-1.0346282108928073,equal_weight
1998-11-13,1.0452520898646394,-0.6759478593132418,equal_weight
1998-11-16,1.0496139734819339,-0.2614641572123766,equal_weight
1998-11-17,1.049711030204977,-0.2522414375320081,equal_weight
1998-11-18,1.0498575796686778,-0.23831571883223823,equal_weight
1998-11-19,1.0493784385137004,-0.28384563598924384,equal_weight
1998-11-20,1.0527023279117247,0.0,equal_weight
1998-11-23,1.0571139427640426,0.0,equal_weight
1998-11-24,1.059961030373769,0.0,equal_weight
1998-11-25,1.0603441033738514,0.0,equal_weight
1998-11-27,1.0607259125794226,0.0,equal_weight
1998-11-30,1.0562758458792343,-0.4195303091414915,equal_weight
1998-12-01,1.0587835259281348,-0.18311861982935884,equal_weight
1998-12-02,1.0610512645743497,0.0,equal_weight
1998-12-03,1.0592919067617428,-0.1658127058839831,equal_weight
1998-12-04,1.0676867151948366,0.0,equal_weight
1998-12-07,1.0691926166314243,0.0,equal_weight
1998-12-08,1.0635990900150154,-0.5231542501697883,equal_weight
1998-12-09,1.0650497444010445,-0.38747669652192673,equal_weight
1998-12-10,1.0658522686629572,-0.3124177923142679,equal_weight
1998-12-11,1.0660254619880665,-0.29621927743348486,equal_weight
1998-12-14,1.0693684875538232,0.0,equal_weight
1998-12-15,1.0687227064916942,-0.06038901179949985,equal_weight
1998-12-16,1.068759835714951,-0.05691694172366146,equal_weight
1998-12-17,1.0743702885421476,0.0,equal_weight
1998-12-18,1.0751345704793671,0.0,equal_weight
1998-12-21,1.0731468161915403,-0.18488423146327815,equal_weight
1998-12-22,1.0777195790549243,0.0,equal_weight
1998-12-23,1.083219322620701,0.0,equal_weight
1998-12-24,1.0827103727611926,-0.04698493175666618,equal_weight
1998-12-28,1.0821431296764528,-0.09935134296206183,equal_weight
1998-12-29,1.089542138108732,0.0,equal_weight
1998-12-30,1.08600426921948,-0.32471152473213527,equal_weight
1998-12-31,1.080071378877509,-0.8692421247390003,equal_weight
1999-01-04,1.0800007057555376,-0.8757286220941185,equal_weight
1999-01-05,1.0761964861599889,-1.2248862601963229,equal_weight
1999-01-06,1.0745038101465871,-1.3802428961810498,equal_weight
1999-01-07,1.0677651072026815,-1.9987323247407374,equal_weight
1999-01-08,1.0655877183142837,-2.198576719210632,equal_weight
1999-01-11,1.0514154497475212,-3.499331235356584,equal_weight
1999-01-12,1.0556496446613575,-3.1107097432877984,equal_weight
1999-01-13,1.0601352706729332,-2.699011484479552,equal_weight
1999-01-14,1.0509579958092523,-3.5413171230307405,equal_weight
1999-01-15,1.0511753046554095,-3.5213721536205167,equal_weight
1999-01-19,1.0457312833066315,-4.021033539661811,equal_weight
1999-01-20,1.0416455709121764,-4.396027057723195,equal_weight
1999-01-21,1.0396697172942149,-4.577374207948259,equal_weight
1999-01-22,1.0422170134402444,-4.343579106599426,equal_weight
1999-01-25,1.0460274782319858,-3.993848273943823,equal_weight
1999-01-26,1.0482511021667564,-3.789760349576765,equal_weight
1999-01-27,1.0470943391069345,-3.895929998217418,equal_weight
1999-01-28,1.0521071347990367,-3.4358472242915106,equal_weight
1999-01-29,1.0484935763935097,-3.7675056594392853,equal_weight
1999-02-01,1.0379391885680689,-4.736205029227913,equal_weight
1999-02-02,1.0384642828190838,-4.688011000502568,equal_weight
1999-02-03,1.0402971045952183,-4.519791551981189,equal_weight
1999-02-04,1.036997779961219,-4.822609085934171,equal_weight
1999-02-05,1.0427500961876022,-4.294651880316735,equal_weight
1999-02-08,1.0448357199614768,-4.10322984156063,equal_weight
1999-02-09,1.0449074576198223,-4.096645639276353,equal_weight
1999-02-10,1.0503978383941481,-3.592729307609155,equal_weight
1999-02-11,1.0459952550309803,-3.9968057732344353,equal_weight
1999-02-12,1.0372872671740347,-4.7960394652934895,equal_weight
1999-02-16,1.0474530601102598,-3.8630059844708686,equal_weight
1999-02-17,1.0584384162119742,-2.8547516253707106,equal_weight
1999-02-18,1.068586053647282,-1.9233844867924454,equal_weight
1999-02-19,1.0606309902289714,-2.653513514396577,equal_weight
1999-02-22,1.064021537388467,-2.342323424458337,equal_weight
1999-02-23,1.0578348502895174,-2.9101479153668453,equal_weight
1999-02-24,1.0536577485494807,-3.293529300439979,equal_weight
1999-02-25,1.0491103844578566,-3.710893983509289,equal_weight
1999-02-26,1.0525217631851125,-3.3977919374353793,equal_weight
1999-03-01,1.0492954825451117,-3.6939053714326264,equal_weight
1999-03-02,1.0545855901988945,-3.2083704417817493,equal_weight
1999-03-03,1.057640639091237,-2.9279729440176427,equal_weight
1999-03-04,1.0649835874205604,-2.2540248632146764,equal_weight
1999-03-05,1.0714723192761664,-1.6584781992857955,equal_weight
1999-03-08,1.0628784832386853,-2.447234846403512,equal_weight
1999-03-09,1.0585171810691343,-2.847522455024276,equal_weight
1999-03-10,1.0557382270035778,-3.102579507740044,equal_weight
1999-03-11,1.0590353511835457,-2.7999639351389494,equal_weight
1999-03-12,1.0643403996170493,-2.3130577157326693,equal_weight
1999-03-15,1.0657672528162925,-2.182098742294525,equal_weight
1999-03-16,1.063962685774896,-2.347724923997685,equal_weight
1999-03-17,1.0546767557599508,-3.200003114088079,equal_weight
1999-03-18,1.0555932878238805,-3.115882268104031,equal_weight
1999-03-19,1.0529747744761067,-3.3562138033596756,equal_weight
1999-03-22,1.0499727509199352,-3.6317445470702703,equal_weight
1999-03-23,1.0464251158425837,-3.9573524288828765,equal_weight
1999-03-24,1.048456333756751,-3.7709238509397447,equal_weight
1999-03-25,1.0482708842457051,-3.7879447172797787,equal_weight
1999-03-26,1.037992607137984,-4.7313021835236,equal_weight
1999-03-29,1.0351386141716639,-4.993246432075016,equal_weight
1999-03-30,1.0311897409832838,-5.355680618900937,equal_weight
1999-03-31,1.0277931318110283,-5.667427090510701,equal_weight
1999-04-01,1.0338841645941237,-5.108381912719917,equal_weight
1999-04-05,1.0393497599263064,-4.606740430393208,equal_weight
1999-04-06,1.0382702030798043,-4.705823963626354,equal_weight
1999-04-07,1.0441308533968947,-4.167923673944718,equal_weight
1999-04-08,1.0470376229412761,-3.9011355027752104,equal_weight
1999-04-09,1.035087420620336,-4.99794506185145,equal_weight
1999-04-12,1.0451572879058657,-4.073715797712163,equal_weight
1999-04-13,1.0388012239048672,-4.657085984021037,equal_weight
1999-04-14,1.041680338482913,-4.392836031922487,equal_weight
1999-04-15,1.0394493773271636,-4.597597378704532,equal_weight
1999-04-16,1.0340303875709485,-5.0949613233080555,equal_weight
1999-04-19,1.04123750415736,-4.433480107086174,equal_weight
1999-04-20,1.0501389164904222,-3.6164935930525277,equal_weight
1999-04-21,1.0565788555426006,-3.0254252142418614,equal_weight
1999-04-22,1.0552712604549852,-3.1454384787022116,equal_weight
1999-04-23,1.0580741279843273,-2.8881866082782315,equal_weight
1999-04-26,1.0564178567713245,-3.0402019507851152,equal_weight
1999-04-27,1.056798930423968,-3.005226373493086,equal_weight
1999-04-28,1.047598613641798,-3.8496468378672377,equal_weight
1999-04-29,1.0431585000272892,-4.257167892740455,equal_weight
1999-04-30,1.0393694784516636,-4.604930631151172,equal_weight
1999-05-03,1.0423335250838885,-4.332885473047421,equal_weight
1999-05-04,1.0305311760014366,-5.416124814569246,equal_weight
1999-05-05,1.0342993465667738,-5.07027581676196,equal_weight
1999-05-06,1.0333090071745754,-5.161170822797933,equal_weight
1999-05-07,1.0369192348998866,-4.829818083051862,equal_weight
1999-05-10,1.0319000825141882,-5.29048428494937,equal_weight
1999-05-11,1.0381014971968274,-4.721308071773822,equal_weight
1999-05-12,1.0420442058013948,-4.359439680762223,equal_weight
1999-05-13,1.0441354894810213,-4.1674981663884285,equal_weight
1999-05-14,1.0360161430219965,-4.912705366278713,equal_weight
1999-05-17,1.0376991010211767,-4.758240665895352,equal_weight
1999-05-18,1.0355060022977758,-4.959526935300929,equal_weight
1999-05-19,1.0365316322192157,-4.8653929054578775,equal_weight
1999-05-20,1.0347620774496693,-5.027805602282809,equal_weight
1999-05-21,1.0277876720393535,-5.667928197488004,equal_weight
1999-05-24,1.0246821255908782,-5.952960445425292,equal_weight
1999-05-25,1.0217331498684479,-6.2236223702177735,equal_weight
1999-05-26,1.027283527935678,-5.714199386645557,equal_weight
1999-05-27,1.0211998349025782,-6.272570909903951,equal_weight
1999-05-28,1.0278943880299833,-5.65813362535561,equal_weight
1999-06-01,1.028545147486383,-5.598405833869813,equal_weight
1999-06-02,1.0300470301200249,-5.46056053343481,equal_weight
1999-06-03,1.0310881201086526,-5.365007552763967,equal_weight
1999-06-04,1.0369143397294718,-4.830267369981078,equal_weight
1999-06-07,1.0352669773372682,-4.9814650460125005,equal_weight
1999-06-08,1.0346023035903857,-5.0424699143543865,equal_weight
1999-06-09,1.0319721984153634,-5.283865366905472,equal_weight
1999-06-10,1.026449453929994,-5.7907520941096084,equal_weight
1999-06-11,1.0224318199488416,-6.1594972615178545,equal_weight
1999-06-14,1.0277982785012676,-5.666954718671247,equal_weight
1999-06-15,1.0255982336033456,-5.868878519593801,equal_weight
1999-06-16,1.0321054337046578,-5.271636809180691,equal_weight
1999-06-17,1.037417813719053,-4.784057685016052,equal_weight
1999-06-18,1.0354913247761257,-4.960874062790244,equal_weight
1999-06-21,1.0336593539015084,-5.129015414146998,equal_weight
1999-06-22,1.0368154793389794,-4.839340941992154,equal_weight
1999-06-23,1.0319393459030526,-5.286880625440382,equal_weight
1999-06-24,1.03009400510865,-5.456249090399967,equal_weight
1999-06-25,1.031797883343923,-5.299864295753043,equal_weight
1999-06-28,1.0373954271805188,-4.786112358970474,equal_weight
1999-06-29,1.0340347144439757,-5.09456419566372,equal_weight
1999-06-30,1.0293390318908227,-5.525541795236311,equal_weight
1999-07-01,1.0334689127172447,-5.1464944246049305,equal_weight
1999-07-02,1.0352275563158906,-4.9850831732972445,equal_weight
1999-07-06,1.0336272523581151,-5.131961747498448,equal_weight
1999-07-07,1.041949036422817,-4.368174485525533,equal_weight
1999-07-08,1.0312136920656882,-5.353482348492966,equal_weight
1999-07-09,1.0331359443616468,-5.177054817264548,equal_weight
1999-07-12,1.0310531643524934,-5.36821585053755,equal_weight
1999-07-13,1.0290182401917178,-5.554984593994117,equal_weight
1999-07-14,1.0206085506496212,-6.3268399677288585,equal_weight
1999-07-15,1.0178358505241971,-6.58132302335781,equal_weight
1999-07-16,1.0226754011447008,-6.13714097190412,equal_weight
1999-07-19,1.026787777551269,-5.759700186207972,equal_weight
1999-07-20,1.0336651765615181,-5.12848100067127,equal_weight
1999-07-21,1.0343440619247284,-5.066171766409921,equal_weight
1999-07-22,1.0378397449525243,-4.745332130609903,equal_weight
1999-07-23,1.0276270803945464,-5.682667567282906,equal_weight
1999-07-26,1.0362586237222218,-4.890450081995157,equal_weight
1999-07-27,1.0358197008731698,-4.930735155302546,equal_weight
1999-07-28,1.028041022025896,-5.644675311924329,equal_weight
1999-07-29,1.0226600684359244,-6.138548233563879,equal_weight
1999-07-30,1.0203774830009695,-6.348047743047469,equal_weight
1999-08-02,1.0266876272119543,-5.768892151879779,equal_weight
1999-08-03,1.033259577392604,-5.165707570872414,equal_weight
1999-08-04,1.0288102612298957,-5.574073251013212,equal_weight
1999-08-05,1.0237973915148226,-6.034162818891209,equal_weight
1999-08-06,1.0165022108568205,-6.703726702915502,equal_weight
1999-08-09,1.013780539237533,-6.953526276891764,equal_weight
1999-08-10,1.0106538546874964,-7.240498615149749,equal_weight
1999-08-11,1.0075787743045557,-7.522734636629236,equal_weight
1999-08-12,1.0065514450217767,-7.617024636698644,equal_weight
1999-08-13,1.012204359258206,-7.098190711996866,equal_weight
1999-08-16,1.0131644136684752,-7.010075312262465,equal_weight
1999-08-17,1.0179947539467582,-6.566738601424671,equal_weight
1999-08-18,1.018853536248393,-6.487918125226699,equal_weight
1999-08-19,1.013477678598115,-6.981323332996792,equal_weight
1999-08-20,1.0161334863995009,-6.737568850403219,equal_weight
1999-08-23,1.0209324730851856,-6.297109824741753,equal_weight
1999-08-24,1.0201753039960435,-6.366604070320592,equal_weight
1999-08-25,1.0295990874624485,-5.501673459856715,equal_weight
1999-08-26,1.0240845348275966,-6.007808325317199,equal_weight
1999-08-27,1.0207377943280094,-6.314977766730145,equal_weight
1999-08-30,1.0089024387752648,-7.4012464973080005,equal_weight
1999-08-31,1.003730362415103,-7.875948317389936,equal_weight
1999-09-01,1.0088070478184779,-7.410001638889996,equal_weight
1999-09-02,1.00264435019621,-7.975624335499543,equal_weight
1999-09-03,1.014462676686024,-6.890918560803316,equal_weight
1999-09-07,1.0022796534725067,-8.009096810858441,equal_weight
1999-09-08,0.9986885464283011,-8.338694622507948,equal_weight
1999-09-09,0.9909194026650764,-9.051759633165602,equal_weight
1999-09-10,0.9841534069724147,-9.672754035860876,equal_weight
1999-09-13,0.9834243702649296,-9.739666244391943,equal_weight
1999-09-14,0.9752540040650866,-10.489556121439325,equal_weight
1999-09-15,0.9776173274092462,-10.272646351592151,equal_weight
1999-09-16,0.9763853861283622,-10.385715983118516,equal_weight
1999-09-17,0.9774714219435381,-10.286037799302605,equal_weight
1999-09-20,0.9706109198666122,-10.915706156034044,equal_weight
1999-09-21,0.9628532670634876,-11.627716507151863,equal_weight
1999-09-22,0.959151535409917,-11.967467630499529,equal_weight
1999-09-23,0.958482040251539,-12.02891501605362,equal_weight
1999-09-24,0.9577982047496434,-12.091678582324006,equal_weight
1999-09-27,0.958761621226535,-12.003254606491009,equal_weight
1999-09-28,0.9580022185635347,-12.072953853214818,equal_weight
1999-09-29,0.9558553057598116,-12.270001101653493,equal_weight
1999-09-30,0.9643679686615845,-11.48869466071588,equal_weight
1999-10-01,0.9656669792014999,-11.36946930040349,equal_weight
1999-10-04,0.9735821252753032,-10.64300395345118,equal_weight
1999-10-05,0.9701655423437353,-10.956583650102337,equal_weight
1999-10-06,0.976082464887748,-10.413518601302707,equal_weight
1999-10-07,0.9743732397808645,-10.570394140770178,equal_weight
1999-10-08,0.9821268348755343,-9.858756212921993,equal_weight
1999-10-11,0.9751204554360416,-10.501813438010554,equal_weight
1999-10-12,0.9724802388777402,-10.744136930233129,equal_weight
1999-10-13,0.9689609431331296,-11.067143780681278,equal_weight
1999-10-14,0.9721498171883608,-10.774463585607174,equal_weight
1999-10-15,0.9630735125732183,-11.60750200584648,equal_weight
1999-10-18,0.9783026482442342,-10.209746458965919,equal_weight
1999-10-19,0.9747361963939078,-10.53708137567847,equal_weight
1999-10-20,0.9771010157880301,-10.320034295863156,equal_weight
1999-10-21,0.9729446875214879,-10.701509056789515,equal_weight
1999-10-22,0.9845110252540327,-9.639931231757249,equal_weight
1999-10-25,0.978139377100395,-10.224731757664197,equal_weight
1999-10-26,0.9750086358257958,-10.51207642888854,equal_weight
1999-10-27,0.9872643728330815,-9.38722438520717,equal_weight
1999-10-28,0.998643170734524,-8.342859279586357,equal_weight
1999-10-29,0.9986907500279388,-8.33849237244706,equal_weight
1999-11-01,0.992655640507391,-8.892404819653898,equal_weight
1999-11-02,0.9939192782646503,-8.77642603250457,equal_weight
1999-11-03,0.9904620217986183,-9.093738814186725,equal_weight
1999-11-04,0.9852046358002855,-9.576270495564266,equal_weight
1999-11-05,0.9833281686213478,-9.74849579216408,equal_weight
1999-11-08,0.9823242091288259,-9.840640873791173,equal_weight
1999-11-09,0.9802300036034127,-10.03285056005887,equal_weight
1999-11-10,0.9820865427559385,-9.862454291058341,equal_weight
1999-11-11,0.9823361015762248,-9.83954936507545,equal_weight
1999-11-12,0.978803565454107,-10.163771439519465,equal_weight
1999-11-15,0.9754294931855904,-10.473449436404792,equal_weight
1999-11-16,0.9784239412011719,-10.19861398848173,equal_weight
1999-11-17,0.9787490171495163,-10.168777974162113,equal_weight
1999-11-18,0.9715380895507169,-10.830608971475941,equal_weight
1999-11-19,0.9667788467501769,-11.267420236876035,equal_weight
1999-11-22,0.9613523147889983,-11.765476417667553,equal_weight
1999-11-23,0.9578160765927203,-12.090038274670745,equal_weight
1999-11-24,0.9582292167611824,-12.052119578916653,equal_weight
1999-11-26,0.9534181857819783,-12.493684049984765,equal_weight
1999-11-29,0.9503570558689906,-12.774639673995914,equal_weight
1999-11-30,0.960798566152719,-11.816300393804957,equal_weight
1999-12-01,0.9619207983077849,-11.713300049365415,equal_weight
1999-12-02,0.9574257637783752,-12.125861837678842,equal_weight
1999-12-03,0.9583310649642084,-12.042771780473283,equal_weight
1999-12-06,0.9495157161809555,-12.851859237940033,equal_weight
1999-12-07,0.9385966452797144,-13.854029830460203,equal_weight
1999-12-08,0.935436215963023,-14.144099319849335,equal_weight
1999-12-09,0.9345451504922685,-14.22588279931174,equal_weight
1999-12-10,0.9291130445134673,-14.72445057276477,equal_weight
1999-12-13,0.9224246339553888,-15.338324082025146,equal_weight
1999-12-14,0.9270666266687845,-14.91227422575676,equal_weight
1999-12-15,0.9321135906352082,-14.449055430457625,equal_weight
1999-12-16,0.9255147774015156,-15.054705547409231,equal_weight
1999-12-17,0.9305619580011362,-14.591466869152903,equal_weight
1999-12-20,0.9278416722017747,-14.841139250258184,equal_weight
1999-12-21,0.9226905814516926,-15.3139149759427,equal_weight
1999-12-22,0.9224007509688784,-15.340516102478041,equal_weight
1999-12-23,0.9290042526015299,-14.734435676427326,equal_weight
1999-12-27,0.9299299088888647,-14.649477393956346,equal_weight
1999-12-28,0.9334332326921443,-14.32793647500109,equal_weight
1999-12-29,0.9301286119606172,-14.63124009364436,equal_weight
1999-12-30,0.9304684549412086,-14.600048736403116,equal_weight
1999-12-31,0.9293493205609142,-14.70276476189223,equal_weight
2000-01-03,0.911843911631504,-16.309440476132774,equal_weight
2000-01-04,0.908202659712529,-16.643640668269967,equal_weight
2000-01-05,0.9165439911523069,-15.878059315514104,equal_weight
2000-01-06,0.9282489681397652,-14.803756947752888,equal_weight
2000-01-07,0.9311756742791941,-14.535138962540383,equal_weight
2000-01-10,0.9179755234810746,-15.746670883741054,equal_weight
2000-01-11,0.9168691659094563,-15.848214232357083,equal_weight
2000-01-12,0.921151995768474,-15.455128943663986,equal_weight
2000-01-13,0.9211446041882626,-15.455807355260266,equal_weight
2000-01-14,0.9196354632402252,-15.594318835932054,equal_weight
2000-01-18,0.9104778365285325,-16.434821134226706,equal_weight
2000-01-19,0.9096057646651164,-16.514861348635478,equal_weight
2000-01-20,0.9037619058745283,-17.051220483926212,equal_weight
2000-01-21,0.9035535887594404,-17.0703401772177,equal_weight
2000-01-24,0.8968375368777829,-17.686750653394,equal_weight
2000-01-25,0.8967161512142247,-17.6978916326469,equal_weight
2000-01-26,0.9026207254524449,-17.1559599320089,equal_weight
2000-01-27,0.9030103397923701,-17.12020047615146,equal_weight
2000-01-28,0.899098112467354,-17.479271244337358,equal_weight
2000-01-31,0.91161351467784,-16.330586693943495,equal_weight
2000-02-01,0.9081137510873815,-16.651800850610577,equal_weight
2000-02-02,0.9044851080291183,-16.98484378041979,equal_weight
2000-02-03,0.9035802741221504,-17.06789094998944,equal_weight
2000-02-04,0.8976487809136515,-17.612293318749117,equal_weight
2000-02-07,0.8925362757140993,-18.081527598060852,equal_weight
2000-02-08,0.8924175688344913,-18.092422714041778,equal_weight
2000-02-09,0.8864738671035307,-18.637945601415172,equal_weight
2000-02-10,0.8812171706812283,-19.12041399235114,equal_weight
2000-02-11,0.8753553909666891,-19.658417940019856,equal_weight
2000-02-14,0.8723587707090373,-19.933452759953795,equal_weight
2000-02-15,0.8770390973724679,-19.50388454962695,equal_weight
2000-02-16,0.8743606376687615,-19.749718061707156,equal_weight
2000-02-17,0.8706773953208401,-20.087772205653785,equal_weight
2000-02-18,0.8636936209275641,-20.728754701787324,equal_weight
2000-02-22,0.8655281503828554,-20.560378519616375,equal_weight
2000-02-23,0.8561033439108345,-21.425403023246925,equal_weight
2000-02-24,0.8413914213688403,-22.77568788396207,equal_weight
2000-02-25,0.8390080739670469,-22.994435495314715,equal_weight
2000-02-28,0.8478909159619903,-22.179153397977704,equal_weight
2000-02-29,0.8462566760664745,-22.329146669312085,equal_weight
2000-03-01,0.8435468092224359,-22.57786278126921,equal_weight
2000-03-02,0.8460973193126586,-22.3437726987461,equal_weight
2000-03-03,0.8467818679406032,-22.28094368057404,equal_weight
2000-03-06,0.8383957221385943,-23.050638170460036,equal_weight
2000-03-07,0.8294993805059646,-23.867159287125816,equal_weight
2000-03-08,0.8298920949647249,-23.831115297175877,equal_weight
2000-03-09,0.8328884564131398,-23.556104231186627,equal_weight
2000-03-10,0.8270896197879467,-24.088331156825216,equal_weight
2000-03-13,0.8342301217554111,-23.43296394176191,equal_weight
2000-03-14,0.8377688722664339,-23.108171500308885,equal_weight
2000-03-15,0.8594199495014453,-21.120999414188923,equal_weight
2000-03-16,0.8833039257220089,-18.928888124026034,equal_weight
2000-03-17,0.8760096093948462,-19.598372678320054,equal_weight
2000-03-20,0.8792626189299703,-19.299806021616828,equal_weight
2000-03-21,0.8853149562414373,-18.744312378941107,equal_weight
2000-03-22,0.8792475975897841,-19.301184705346508,equal_weight
2000-03-23,0.884574380282229,-18.81228367929796,equal_weight
2000-03-24,0.8817886201860882,-19.067965400885743,equal_weight
2000-03-27,0.8794732042902953,-19.280478144983192,equal_weight
2000-03-28,0.8804675282363095,-19.189217429932725,equal_weight
2000-03-29,0.8874314618836739,-18.550055950648158,equal_weight
2000-03-30,0.8924663587975938,-18.087944689613355,equal_weight
2000-03-31,0.8884579638667368,-18.45584188153059,equal_weight
2000-04-03,0.8977619869459482,-17.601903079736136,equal_weight
2000-04-04,0.9066113434118325,-16.78969434027009,equal_weight
2000-04-05,0.9048168220882936,-16.95439850918401,equal_weight
2000-04-06,0.9064423111730189,-16.80520840190217,equal_weight
2000-04-07,0.9049260290188511,-16.94437531441826,equal_weight
2000-04-10,0.9091647221186443,-16.55534097131788,equal_weight
2000-04-11,0.9114571082390333,-16.344941938530756,equal_weight
2000-04-12,0.9128677794444011,-16.2154681755594,equal_weight
2000-04-13,0.9119863352937982,-16.296368594163944,equal_weight
2000-04-14,0.9127130426447287,-16.229670177873967,equal_weight
2000-04-17,0.9105814714051254,-16.42530935189467,equal_weight
2000-04-18,0.9143702585508422,-16.077568129853127,equal_weight
2000-04-19,0.9140954034829996,-16.102794787751805,equal_weight
2000-04-20,0.9163822755046643,-15.89290184816946,equal_weight
2000-04-24,0.9172086957560555,-15.81705161507745,equal_weight
2000-04-25,0.9194752236039092,-15.609025897798801,equal_weight
2000-04-26,0.9210915768436159,-15.46067429365503,equal_weight
2000-04-27,0.9191993565300283,-15.634345439304543,equal_weight
2000-04-28,0.9144978545783472,-16.065857153008622,equal_weight
2000-05-01,0.9090552705085717,-16.565386623178814,equal_weight
2000-05-02,0.9064727334556688,-16.802416193910762,equal_weight
2000-05-03,0.9057019755890967,-16.873157640213154,equal_weight
2000-05-04,0.9044914944049128,-16.984257628166365,equal_weight
2000-05-05,0.9051480071016685,-16.92400179465676,equal_weight
2000-05-08,0.9054266989191772,-16.898422993455707,equal_weight
2000-05-09,0.9058844666524227,-16.856408305153682,equal_weight
2000-05-10,0.9065085739326114,-16.799126694983734,equal_weight
2000-05-11,0.9081883728826949,-16.644951937410855,equal_weight
2000-05-12,0.9095557935759441,-16.519447778790365,equal_weight
2000-05-15,0.9142774071868123,-16.086090183363698,equal_weight
2000-05-16,0.91293208382247,-16.209566212173154,equal_weight
2000-05-17,0.910728439224787,-16.411820399561282,equal_weight
2000-05-18,0.9115017785641281,-16.340842021369916,equal_weight
2000-05-19,0.909139453395321,-16.55766017701351,equal_weight
2000-05-22,0.9111712106386372,-16.371182098538917,equal_weight
2000-05-23,0.9084481273956692,-16.621111233697906,equal_weight
2000-05-24,0.9101797429967781,-16.462180657216063,equal_weight
2000-05-25,0.9097431688318316,-16.502250164367403,equal_weight
2000-05-26,0.9100404642708476,-16.47496389166463,equal_weight
2000-05-30,0.9135932555129885,-16.148882768422535,equal_weight
2000-05-31,0.9144609423148485,-16.069245022298627,equal_weight
2000-06-01,0.9151835853310935,-16.002919637444833,equal_weight
2000-06-02,0.9168784902856302,-15.847358425514212,equal_weight
2000-06-05,0.9199968254804114,-15.561152405048206,equal_weight
2000-06-06,0.9237313516246063,-15.218391348493077,equal_weight
2000-06-07,0.9224752230888285,-15.33368092673355,equal_weight
2000-06-08,0.9244914167383037,-15.148631300936144,equal_weight
2000-06-09,0.9228802594964369,-15.296506007706412,equal_weight
2000-06-12,0.9242487847985723,-15.17090046623457,equal_weight
2000-06-13,0.9249773568349245,-15.104030905997378,equal_weight
2000-06-14,0.9312435736644851,-14.528907043377648,equal_weight
2000-06-15,0.9309866266996423,-14.552490065626678,equal_weight
2000-06-16,0.9294138294557832,-14.696844027611956,equal_weight
2000-06-19,0.9253869580858665,-15.066437018013112,equal_weight
2000-06-20,0.9193653396388329,-15.61911123192521,equal_weight
2000-06-21,0.9173636298435642,-15.802831505355242,equal_weight
2000-06-22,0.9187791062888929,-15.67291670942218,equal_weight
2000-06-23,0.9221751362414388,-15.36122339956627,equal_weight
2000-06-26,0.9209633785672522,-15.472440545907219,equal_weight
2000-06-27,0.9250590191425089,-15.096535802804201,equal_weight
2000-06-28,0.9233024194615446,-15.257759459928055,equal_weight
2000-06-29,0.9221695753614003,-15.361733786438336,equal_weight
2000-06-30,0.9133230236308577,-16.17368510260301,equal_weight
2000-07-03,0.9217581181738376,-15.399498015390222,equal_weight
2000-07-05,0.9229669231277738,-15.28855187465311,equal_weight
2000-07-06,0.9236692686353718,-15.2240894290962,equal_weight
2000-07-07,0.9279304074576177,-14.832994980042358,equal_weight
2000-07-10,0.9282060925891773,-14.80769213750721,equal_weight
2000-07-11,0.9332633808022689,-14.343525765578713,equal_weight
2000-07-12,0.9284561146380104,-14.784744695633412,equal_weight
2000-07-13,0.9258988958837565,-15.019450510563415,equal_weight
2000-07-14,0.9252625828321916,-15.077852386847834,equal_weight
2000-07-17,0.9211944420105432,-15.451233156563637,equal_weight
2000-07-18,0.9250939392066069,-15.0933307809077,equal_weight
2000-07-19,0.9336761180825761,-14.305644047573407,equal_weight
2000-07-20,0.9289224100127075,-14.741947326134097,equal_weight
2000-07-21,0.9302611121347873,-14.61907900601538,equal_weight
2000-07-24,0.9336029931414259,-14.312355576994118,equal_weight
2000-07-25,0.9364051693050949,-14.055167161268134,equal_weight
2000-07-26,0.935666977750462,-14.122919616984452,equal_weight
2000-07-27,0.9459617724740658,-13.178046136324607,equal_weight
2000-07-28,0.9517913788507213,-12.642995111425758,equal_weight
2000-07-31,0.9494096374671082,-12.861595319743312,equal_weight
2000-08-01,0.9557085849273587,-12.28346738508771,equal_weight
2000-08-02,0.960753813350007,-11.820407880899463,equal_weight
2000-08-03,0.9617264108203649,-11.731141258128341,equal_weight
2000-08-04,0.9587932323142786,-12.000353287979504,equal_weight
2000-08-07,0.9601229580939369,-11.878308831583674,equal_weight
2000-08-08,0.9615417900977301,-11.748086056881624,equal_weight
2000-08-09,0.9625684616353891,-11.65385642575959,equal_weight
2000-08-10,0.9683582655006059,-11.122458541941448,equal_weight
2000-08-11,0.9702216397239425,-10.951434938708339,equal_weight
2000-08-14,0.9726433038961759,-10.729170550069178,equal_weight
2000-08-15,0.9742936954141249,-10.57769485580977,equal_weight
2000-08-16,0.9760486324151235,-10.41662380223447,equal_weight
2000-08-17,0.9738286626944578,-10.620376336718284,equal_weight
2000-08-18,0.9737950552071402,-10.623460888122228,equal_weight
2000-08-21,0.973165888902294,-10.68120682403787,equal_weight
2000-08-22,0.9705783688124404,-10.918693746236684,equal_weight
2000-08-23,0.9748622949682747,-10.525507837587899,equal_weight
2000-08-24,0.9677750907881799,-11.175983292570946,equal_weight
2000-08-25,0.9674447804626903,-11.20629972678091,equal_weight
2000-08-28,0.9688830342743419,-11.074294386065208,equal_weight
2000-08-29,0.966078185674913,-11.331728082415648,equal_weight
2000-08-30,0.9635193933658961,-11.566578320834008,equal_weight
2000-08-31,0.9634700236062353,-11.571109559960425,equal_weight
2000-09-01,0.9607044846617575,-11.824935350423038,equal_weight
2000-09-05,0.9611906996160802,-11.780309728584626,equal_weight
2000-09-06,0.9723729559713281,-10.753983534844325,equal_weight
2000-09-07,0.9675467304893098,-11.196942582797798,equal_weight
2000-09-08,0.9786720990544041,-10.175837645598573,equal_weight
2000-09-11,0.9869316395908109,-9.417763198772311,equal_weight
2000-09-12,0.9885365030003117,-9.270466150464785,equal_weight
2000-09-13,0.9863831874753003,-9.468101051373646,equal_weight
2000-09-14,0.9776533329368264,-10.269341704041512,equal_weight
2000-09-15,0.9792271034439075,-10.124898414329664,equal_weight
2000-09-18,0.9801894600309708,-10.036571716958065,equal_weight
2000-09-19,0.975661105878683,-10.452191635995645,equal_weight
2000-09-20,0.9696902191424991,-11.000209608622969,equal_weight
2000-09-21,0.9739935667630619,-10.60524116545356,equal_weight
2000-09-22,0.9784028509622493,-10.200549685889381,equal_weight
2000-09-25,0.9763478246658334,-10.389163436981486,equal_weight
2000-09-26,0.9786872788036098,-10.174444422824081,equal_weight
2000-09-27,0.9859848288197578,-9.504663075145759,equal_weight
2000-09-28,0.9911177182519466,-9.033557896864286,equal_weight
2000-09-29,0.994598445745451,-8.714090905018857,equal_weight
2000-10-02,0.9990215693825797,-8.308129218690096,equal_weight
2000-10-03,1.0072080971801214,-7.556756003171127,equal_weight
2000-10-04,1.0027431867824954,-7.966552948278394,equal_weight
2000-10-05,1.0064187758992595,-7.629201230689542,equal_weight
2000-10-06,1.0061518391585913,-7.653701131274526,equal_weight
2000-10-09,1.0051366435923705,-7.746877478541192,equal_weight
2000-10-10,1.0089768729150677,-7.394414807444949,equal_weight
2000-10-11,1.0099819560678367,-7.3021665944007275,equal_weight
2000-10-12,1.0069483109405994,-7.580599618799688,equal_weight
2000-10-13,1.0063392921512486,-7.636496382040814,equal_weight
2000-10-16,1.0039021396850756,-7.860182312206254,equal_weight
2000-10-17,1.003395752922402,-7.906659336358124,equal_weight
2000-10-18,1.0053380588240775,-7.728391251651745,equal_weight
2000-10-19,1.004924898293358,-7.766311816287875,equal_weight
2000-10-20,1.000916425404144,-8.134216163353514,equal_weight
2000-10-23,0.9989404800067869,-8.315571737245042,equal_weight
2000-10-24,1.0033959580674685,-7.906640507800756,equal_weight
2000-10-25,1.0051464924323936,-7.745973535528927,equal_weight
2000-10-26,1.0053945338653787,-7.7232078778907916,equal_weight
2000-10-27,1.0117203080381254,-7.142617742687096,equal_weight
2000-10-30,1.0283127082141041,-5.619739499099341,equal_weight
2000-10-31,1.0219913361762194,-6.199925599001599,equal_weight
2000-11-01,1.0195517783934227,-6.423832293150333,equal_weight
2000-11-02,1.0114177519474026,-7.170386846803433,equal_weight
2000-11-03,1.0094263206071241,-7.353163746440861,equal_weight
2000-11-06,1.017364286773898,-6.624603933182716,equal_weight
2000-11-07,1.016559431033439,-6.698474939388688,equal_weight
2000-11-08,1.0226559445930576,-6.138926726760463,equal_weight
2000-11-09,1.0280142586481356,-5.647131699504426,equal_weight
2000-11-10,1.033936421800622,-5.103585658892696,equal_weight
2000-11-13,1.0306668015734721,-5.403676872696073,equal_weight
2000-11-14,1.0326991999819937,-5.2171399470064,equal_weight
2000-11-15,1.036938902835583,-4.8280129270135035,equal_weight
2000-11-16,1.0423577326469096,-4.33066366241942,equal_weight
2000-11-17,1.0451690403530967,-4.072637138446044,equal_weight
2000-11-20,1.0502755201136842,-3.6039558840017194,equal_weight
2000-11-21,1.0562521009586179,-3.055415296548347,equal_weight
2000-11-22,1.056218348636252,-3.0585131411553057,equal_weight
2000-11-24,1.0537863121786741,-3.281729515493925,equal_weight
2000-11-27,1.0570690861450838,-2.9804310294979652,equal_weight
2000-11-28,1.0635278474476813,-2.3876351130583506,equal_weight
2000-11-29,1.0705949630883222,-1.7390034178300762,equal_weight
2000-11-30,1.0720124540380387,-1.6089037273144813,equal_weight
2000-12-01,1.0676040149761625,-2.0135176387625076,equal_weight
2000-12-04,1.072164938068869,-1.5949084878926434,equal_weight
2000-12-05,1.0752312531914219,-1.3134769566738869,equal_weight
2000-12-06,1.076104026931537,-1.2333723228476035,equal_weight
2000-12-07,1.0811692006890343,-0.7684822024627502,equal_weight
2000-12-08,1.080214818400742,-0.8560770053538835,equal_weight
2000-12-11,1.0793092776417037,-0.9391890509889644,equal_weight
2000-12-12,1.0815135563074403,-0.7368766677742333,equal_weight
2000-12-13,1.0881723123740727,-0.12572489734422598,equal_weight
2000-12-14,1.0866492927932117,-0.2655101821524619,equal_weight
2000-12-15,1.0861027491128208,-0.3156728753861193,equal_weight
2000-12-18,1.0949791523383152,0.0,equal_weight
2000-12-19,1.1005481301486022,0.0,equal_weight
2000-12-20,1.1050677904489583,0.0,equal_weight
2000-12-21,1.113504640948218,0.0,equal_weight
2000-12-22,1.1089310969649333,-0.4107341644656426,equal_weight
2000-12-26,1.121935825349863,0.0,equal_weight
2000-12-27,1.126511707167732,0.0,equal_weight
2000-12-28,1.1276265592581016,0.0,equal_weight
2000-12-29,1.1239131740808868,-0.32930983637509126,equal_weight
2001-01-02,1.125291079380555,-0.2071146567426685,equal_weight
2001-01-03,1.1140259293554757,-1.2061289077453186,equal_weight
2001-01-04,1.0962133712953535,-2.785779361512719,equal_weight
2001-01-05,1.0964295190458193,-2.7666109809268535,equal_weight
2001-01-08,1.102405144051097,-2.236681550281916,equal_weight
2001-01-09,1.0973108152450883,-2.6884560109118882,equal_weight
2001-01-10,1.0883437374360765,-3.483672985484698,equal_weight
2001-01-11,1.0735733578792834,-4.793537446863738,equal_weight
2001-01-12,1.0706017378201216,-5.0570661864774,equal_weight
2001-01-16,1.0729528614707138,-4.848564211130258,equal_weight
2001-01-17,1.0661517127691578,-5.451702603509978,equal_weight
2001-01-18,1.0658535212631506,-5.478146775435421,equal_weight
2001-01-19,1.0633068870800122,-5.703986984876197,equal_weight
2001-01-22,1.072624067696078,-4.877722248597205,equal_weight
2001-01-23,1.0730371946929758,-4.8410853856654334,equal_weight
2001-01-24,1.0715857131076056,-4.96980544581771,equal_weight
2001-01-25,1.0858591164583828,-3.704013749658286,equal_weight
2001-01-26,1.0842200445710615,-3.8493696632685315,equal_weight
2001-01-29,1.0747945044034821,-4.685243924139149,equal_weight
2001-01-30,1.0756914363794707,-4.60570234464861,equal_weight
2001-01-31,1.0779495630329148,-4.405447514279093,equal_weight
2001-02-01,1.0794755004860186,-4.270124570652456,equal_weight
2001-02-02,1.0895454091814836,-3.377106522009621,equal_weight
2001-02-05,1.0981688785427424,-2.6123613773996524,equal_weight
2001-02-06,1.0947625970524513,-2.9144366932322474,equal_weight
2001-02-07,1.0972889924490878,-2.690391296651773,equal_weight
2001-02-08,1.0981918254238752,-2.6103264057200315,equal_weight
2001-02-09,1.1041351147963516,-2.083264558543718,equal_weight
2001-02-12,1.1051975566864651,-1.9890452550526239,equal_weight
2001-02-13,1.1057399207411058,-1.9409474118271652,equal_weight
2001-02-14,1.1010038346965603,-2.3609522446027875,equal_weight
2001-02-15,1.0972417240767245,-2.694583142966067,equal_weight
2001-02-16,1.1046895964942534,-2.034092100397067,equal_weight
2001-02-20,1.1062702073433854,-1.8939206193198554,equal_weight
2001-02-21,1.1018377441491425,-2.28699961855513,equal_weight
2001-02-22,1.1005878544663201,-2.3978421375221104,equal_weight
2001-02-23,1.1008804242194845,-2.371896512992222,equal_weight
2001-02-26,1.1022746565853965,-2.248253419056123,equal_weight
2001-02-27,1.1099578410622593,-1.566894469696345,equal_weight
2001-02-28,1.1094253393699687,-1.6141177004653118,equal_weight
2001-03-01,1.1123876208973507,-1.351417119048448,equal_weight
2001-03-02,1.1193237817334567,-0.7363056019279557,equal_weight
2001-03-05,1.1171058730540566,-0.932993828290718,equal_weight
2001-03-06,1.1128316674278356,-1.3120382549343335,equal_weight
2001-03-07,1.114392716665652,-1.1736015335747862,equal_weight
2001-03-08,1.1215566380126505,-0.538291794886836,equal_weight
2001-03-09,1.1217517641030927,-0.5209876538269986,equal_weight
2001-03-12,1.1130273502216743,-1.2946847443920273,equal_weight
2001-03-13,1.1105430506803866,-1.5149970029931459,equal_weight
2001-03-14,1.0996819779633995,-2.4781769341339133,equal_weight
2001-03-15,1.1109075044083556,-1.4826765751904558,equal_weight
2001-03-16,1.1076314660516342,-1.7732016900721792,equal_weight
2001-03-19,1.105208816962291,-1.9880466730545998,equal_weight
2001-03-20,1.1019746896265625,-2.2748550414080526,equal_weight
2001-03-21,1.0971691539764628,-2.7010187931080343,equal_weight
2001-03-22,1.084412227604822,-3.8323265178953902,equal_weight
2001-03-23,1.0871647755947405,-3.588225492842434,equal_weight
2001-03-26,1.0965298050978742,-2.7577174291360085,equal_weight
2001-03-27,1.1032196136618455,-2.1644528852099887,equal_weight
2001-03-28,1.1133664879712852,-1.2646093841740091,equal_weight
2001-03-29,1.1207133235179398,-0.6130784773915043,equal_weight
2001-03-30,1.1282941157127124,0.0,equal_weight
2001-04-02,1.1378185503840452,0.0,equal_weight
2001-04-03,1.1437384245559834,0.0,equal_weight
2001-04-04,1.152056404111486,0.0,equal_weight
2001-04-05,1.1463778281710018,-0.49290780557431635,equal_weight
2001-04-06,1.1455460423788388,-0.5651078983123448,equal_weight
2001-04-09,1.1496262419011827,-0.21094125267048236,equal_weight
2001-04-10,1.1397494202436096,-1.0682622677114617,equal_weight
2001-04-11,1.1237232314219772,-2.459356381197375,equal_weight
2001-04-12,1.1221182613635112,-2.598669877718729,equal_weight
2001-04-16,1.1303944048772683,-1.8802898154039904,equal_weight
2001-04-17,1.1379044742891138,-1.22840598532038,equal_weight
2001-04-18,1.12588124294151,-2.272038163805312,equal_weight
2001-04-19,1.1134896116923227,-3.347647934730036,equal_weight
2001-04-20,1.1126014330299754,-3.424743002226527,equal_weight
2001-04-23,1.1228724482969317,-2.533205467232502,equal_weight
2001-04-24,1.1244411530002414,-2.3970398508866952,equal_weight
2001-04-25,1.127712326718729,-2.1130977012824403,equal_weight
2001-04-26,1.1305797895011949,-1.8641981880092806,equal_weight
2001-04-27,1.1360828412907835,-1.3865261078967683,equal_weight
2001-04-30,1.1290710873086927,-1.995155508077806,equal_weight
2001-05-01,1.1278657801682836,-2.0997777415125096,equal_weight
2001-05-02,1.1125388256191846,-3.4301774072233004,equal_weight
2001-05-03,1.1192427696006981,-2.848266316968673,equal_weight
2001-05-04,1.1210393328545412,-2.692322280944792,equal_weight
2001-05-07,1.124751965279435,-2.370060939256635,equal_weight
2001-05-08,1.1231034905053232,-2.51315070189575,equal_weight
2001-05-09,1.1281197753795507,-2.07773062555876,equal_weight
2001-05-10,1.1302157152660257,-1.8958003069567408,equal_weight
2001-05-11,1.1317180114160514,-1.7653990397388908,equal_weight
2001-05-14,1.1407382016238468,-0.9824347529553745,equal_weight
2001-05-15,1.1407647626163142,-0.9801292241312098,equal_weight
2001-05-16,1.147917682443308,-0.3592464443066934,equal_weight
2001-05-17,1.137667137847146,-1.2490070983492974,equal_weight
2001-05-18,1.1348897513047416,-1.4900878763817182,equal_weight
2001-05-21,1.1242128362728578,-2.416858040913572,equal_weight
2001-05-22,1.124926061274296,-2.3549491796032385,equal_weight
2001-05-23,1.13292860179743,-1.6603182140902284,equal_weight
2001-05-24,1.1323010269718623,-1.7147925283102716,equal_weight
2001-05-25,1.1321194731589357,-1.730551636308686,equal_weight
2001-05-29,1.1452040889522688,-0.5947899021925052,equal_weight
2001-05-30,1.1585517678855168,0.0,equal_weight
2001-05-31,1.1594077379490546,0.0,equal_weight
2001-06-01,1.1547538316466164,-0.40140376419005586,equal_weight
2001-06-04,1.1600210057986702,0.0,equal_weight
2001-06-05,1.154340117750616,-0.4897228601600023,equal_weight
2001-06-06,1.146491450868582,-1.166319822008155,equal_weight
2001-06-07,1.1428786256669965,-1.4777646306388448,equal_weight
2001-06-08,1.1456312784454559,-1.2404712743375734,equal_weight
2001-06-11,1.1546600854882245,-0.4621399339880594,equal_weight
2001-06-12,1.156256063156373,-0.32455814364370505,equal_weight
2001-06-13,1.1536787159697461,-0.5467392225848022,equal_weight
2001-06-14,1.1531894937933078,-0.5889127844421083,equal_weight
2001-06-15,1.1558919485069201,-0.3559467691627849,equal_weight
2001-06-18,1.1600197474725071,-0.00010847442906136706,equal_weight
2001-06-19,1.1652630226480567,0.0,equal_weight
2001-06-20,1.166216168105539,0.0,equal_weight
2001-06-21,1.1664616420236857,0.0,equal_weight
2001-06-22,1.1671434263807503,0.0,equal_weight
2001-06-25,1.1602959160437114,-0.5866897060177623,equal_weight
2001-06-26,1.1610310231905974,-0.5237062602586162,equal_weight
2001-06-27,1.157812486830696,-0.7994681149847249,equal_weight
2001-06-28,1.1523891396310233,-1.2641365590756237,equal_weight
2001-06-29,1.1464474415817008,-1.7732169270084253,equal_weight
2001-07-02,1.1545075946562904,-1.082628873097713,equal_weight
2001-07-03,1.1576379425377163,-0.8144229430747774,equal_weight
2001-07-05,1.1647818472381373,-0.20233838354692946,equal_weight
2001-07-06,1.1641460407429003,-0.2568138216863969,equal_weight
2001-07-09,1.1637970317623918,-0.2867166573293778,equal_weight
2001-07-10,1.1650755635491505,-0.17717298361625833,equal_weight
2001-07-11,1.1661766251540409,-0.08283482602540193,equal_weight
2001-07-12,1.1608951353482146,-0.5353490317733467,equal_weight
2001-07-13,1.162937630428694,-0.3603495386251043,equal_weight
2001-07-16,1.1632826773574372,-0.33078616869608446,equal_weight
2001-07-17,1.1604093517076655,-0.5769706208230807,equal_weight
2001-07-18,1.1739633494032506,0.0,equal_weight
2001-07-19,1.1690772208250888,-0.4162079319295242,equal_weight
2001-07-20,1.1680436100327534,-0.5042524856935571,equal_weight
2001-07-23,1.1603393550893564,-1.160512746911535,equal_weight
2001-07-24,1.1563468666156818,-1.5005990431067318,equal_weight
2001-07-25,1.170863607474105,-0.264040775269625,equal_weight
2001-07-26,1.1703187994729167,-0.3104483570280592,equal_weight
2001-07-27,1.1657545196273074,-0.6992407199182149,equal_weight
2001-07-30,1.1726677063961655,-0.11036486000552959,equal_weight
2001-07-31,1.1793624643162233,0.0,equal_weight
2001-08-01,1.1769681586620455,-0.20301694573312545,equal_weight
2001-08-02,1.1794437229823433,0.0,equal_weight
2001-08-03,1.1851319687173565,0.0,equal_weight
2001-08-06,1.1782636323225313,-0.579541905553238,equal_weight
2001-08-07,1.1865507019466608,0.0,equal_weight
2001-08-08,1.189040427303807,0.0,equal_weight
2001-08-09,1.194947984324539,0.0,equal_weight
2001-08-10,1.2049932938376444,0.0,equal_weight
2001-08-13,1.1990383116598229,-0.49419214266795963,equal_weight
2001-08-14,1.2040956507868334,-0.07449361381524078,equal_weight
2001-08-15,1.2143210289177384,0.0,equal_weight
2001-08-16,1.2190238788213437,0.0,equal_weight
2001-08-17,1.2229554971975005,0.0,equal_weight
2001-08-20,1.2298114597500962,0.0,equal_weight
2001-08-21,1.2331899636507144,0.0,equal_weight
2001-08-22,1.2308161518108376,-0.19249360681216077,equal_weight
2001-08-23,1.2307428280800896,-0.19843946535053059,equal_weight
2001-08-24,1.2211100235709582,-0.9795684716728426,equal_weight
2001-08-27,1.2139254785713924,-1.5621668718655224,equal_weight
2001-08-28,1.2118978826152278,-1.7265856569618765,equal_weight
2001-08-29,1.207671444036194,-2.0693097062658428,equal_weight
2001-08-30,1.2080218851708449,-2.040892256807092,equal_weight
2001-08-31,1.2091932812547097,-1.9459031538795024,equal_weight
2001-09-04,1.216603344803752,-1.3450173400584298,equal_weight
2001-09-05,1.2186842649306437,-1.176274470895644,equal_weight
2001-09-06,1.210779422295904,-1.8172821718777654,equal_weight
2001-09-07,1.1945658145365174,-3.132051853540452,equal_weight
2001-09-10,1.1983423357897351,-2.825811828521285,equal_weight
2001-09-11,1.1980709900057323,-2.847815395854869,equal_weight
2001-09-17,1.1767928914499597,-4.57326720644059,equal_weight
2001-09-18,1.1903963372008475,-3.470156886712039,equal_weight
2001-09-19,1.180716923357606,-4.255065467591712,equal_weight
2001-09-20,1.1533698424135628,-6.472654140068856,equal_weight
2001-09-21,1.1453066977856259,-7.126498630018075,equal_weight
2001-09-24,1.172102968451739,-4.953575442516134,equal_weight
2001-09-25,1.1820805224752673,-4.144490523109967,equal_weight
2001-09-26,1.1918696798037838,-3.3506827873141964,equal_weight
2001-09-27,1.2082964604417712,-2.0186268087399095,equal_weight
2001-09-28,1.2209913418020342,-0.989192436546249,equal_weight
2001-10-01,1.2184310260437041,-1.1968097407570655,equal_weight
2001-10-02,1.2235331821662967,-0.783073311416671,equal_weight
2001-10-03,1.2169539972026109,-1.3165827590778334,equal_weight
2001-10-04,1.2107056360505302,-1.823265535961871,equal_weight
2001-10-05,1.2082976320223777,-2.0185318046739398,equal_weight
2001-10-08,1.1937709613643743,-3.196506900659879,equal_weight
2001-10-09,1.1963033420543758,-2.9911548653169473,equal_weight
2001-10-10,1.1947257428680147,-3.1190831839752353,equal_weight
2001-10-11,1.1841362283220047,-3.977792292721216,equal_weight
2001-10-12,1.1737825291652588,-4.817379011874767,equal_weight
2001-10-15,1.1776782899777667,-4.501469790478341,equal_weight
2001-10-16,1.1805920142153512,-4.265194413328921,equal_weight
2001-10-17,1.1868654177931401,-3.7564809334350913,equal_weight
2001-10-18,1.1812819006590247,-4.209251171492023,equal_weight
2001-10-19,1.183266819219949,-4.048293118034618,equal_weight
2001-10-22,1.1847576197142087,-3.9274033493694294,equal_weight
2001-10-23,1.1810206658024214,-4.230434838591446,equal_weight
2001-10-24,1.1739100653830232,-4.807037035251249,equal_weight
2001-10-25,1.1718596802184729,-4.973303808821184,equal_weight
2001-10-26,1.1753984009306293,-4.686347150361159,equal_weight
2001-10-29,1.1794229391600088,-4.359995302875685,equal_weight
2001-10-30,1.1839863463141438,-3.9899463008042257,equal_weight
2001-10-31,1.1789411025631233,-4.399067677050638,equal_weight
2001-11-01,1.185567113368937,-3.86176109808708,equal_weight
2001-11-02,1.1890163407915584,-3.5820614958935626,equal_weight
2001-11-05,1.1897291537254748,-3.5242591333276008,equal_weight
2001-11-06,1.1891543034747005,-3.5708740319010945,equal_weight
2001-11-07,1.1842748530179186,-3.9665511457771196,equal_weight
2001-11-08,1.1870176759633806,-3.74413424113883,equal_weight
2001-11-09,1.1851390173066028,-3.8964756250417842,equal_weight
2001-11-12,1.1816603964483887,-4.178558755844753,equal_weight
2001-11-13,1.1757199502028923,-4.66027255668614,equal_weight
2001-11-14,1.1734045159034119,-4.848032299120786,equal_weight
2001-11-15,1.1761197576385944,-4.627851968821606,equal_weight
2001-11-16,1.1743544171319245,-4.771004326423012,equal_weight
2001-11-19,1.1682783895888194,-5.263712483495397,equal_weight
2001-11-20,1.1854932125905406,-3.8677537497120995,equal_weight
2001-11-21,1.1851442091698567,-3.896054614215627,equal_weight
2001-11-23,1.184300736817174,-3.964452215359382,equal_weight
2001-11-26,1.177169627820968,-4.542717462920698,equal_weight
2001-11-27,1.170646864125717,-5.071651681290512,equal_weight
2001-11-28,1.1794014957712418,-4.361734158153396,equal_weight
2001-11-29,1.1790468513976375,-4.390492450392037,equal_weight
2001-11-30,1.1792394357084053,-4.374875690894764,equal_weight
2001-12-03,1.1854184883173593,-3.873813178947161,equal_weight
2001-12-04,1.1792583232224787,-4.373344092793086,equal_weight
2001-12-05,1.1684293206999996,-5.251473403091811,equal_weight
2001-12-06,1.1618100130311113,-5.788236421280235,equal_weight
2001-12-07,1.1680709172044834,-5.280536524434054,equal_weight
2001-12-10,1.1669793908835937,-5.369048947747846,equal_weight
2001-12-11,1.1597602300832432,-5.954454360793782,equal_weight
2001-12-12,1.159610544505737,-5.966592440239637,equal_weight
2001-12-13,1.169021313107583,-5.203468438322966,equal_weight
2001-12-14,1.1735979342770468,-4.832347905042333,equal_weight
2001-12-17,1.1755179263448936,-4.676654773858968,equal_weight
2001-12-18,1.1800050350876687,-4.3127928486863425,equal_weight
2001-12-19,1.1902525432522564,-3.4818172109791434,equal_weight
2001-12-20,1.2012222370720553,-2.5922791719795057,equal_weight
2001-12-21,1.193756228505108,-3.1977015956947574,equal_weight
2001-12-24,1.1959999901609404,-3.01575382430761,equal_weight
2001-12-26,1.1924722225660531,-3.3018222889295346,equal_weight
2001-12-27,1.1932895648248396,-3.235543590360912,equal_weight
2001-12-28,1.191175418746916,-3.4069807687551523,equal_weight
2001-12-31,1.193291470494776,-3.235389058618654,equal_weight
2002-01-02,1.1908411135713612,-3.434089745101754,equal_weight
2002-01-03,1.1852391977167847,-3.8883519447382775,equal_weight
2002-01-04,1.1803795241025443,-4.282425344415797,equal_weight
2002-01-07,1.1803416857109432,-4.285493678793828,equal_weight
2002-01-08,1.1792579702566577,-4.373372714970647,equal_weight
2002-01-09,1.1802139914966638,-4.295848467434926,equal_weight
2002-01-10,1.1849683725737299,-3.910313293033152,equal_weight
2002-01-11,1.1873906179721652,-3.71389218437731,equal_weight
2002-01-14,1.1969793747871185,-2.936335027930226,equal_weight
2002-01-15,1.2065011668269636,-2.1642080790814866,equal_weight
2002-01-16,1.2125666963924944,-1.6723512083383518,equal_weight
2002-01-17,1.2132815662618754,-1.614382047831664,equal_weight
2002-01-18,1.2176047227684812,-1.2638150926962632,equal_weight
2002-01-22,1.22893609488868,-0.34494837676437573,equal_weight
2002-01-23,1.2276393320946453,-0.4501035298436262,equal_weight
2002-01-24,1.2235100484764665,-0.784949234065424,equal_weight
2002-01-25,1.2293358565516266,-0.31253150063581536,equal_weight
2002-01-28,1.2267286203866883,-0.5239536044307491,equal_weight
2002-01-29,1.2165580625598131,-1.348689300200312,equal_weight
2002-01-30,1.2293521686883895,-0.31120874118725217,equal_weight
2002-01-31,1.2404082935967815,0.0,equal_weight
2002-02-01,1.2432332744408172,0.0,equal_weight
2002-02-04,1.2481416786247954,0.0,equal_weight
2002-02-05,1.2548710596628376,0.0,equal_weight
2002-02-06,1.2519181090730613,-0.23531904469689113,equal_weight
2002-02-07,1.2576149708772952,0.0,equal_weight
2002-02-08,1.2581298441532565,0.0,equal_weight
2002-02-11,1.2621056490900395,0.0,equal_weight
2002-02-12,1.2611495984258034,-0.07575044648008289,equal_weight
2002-02-13,1.2647571104361763,0.0,equal_weight
2002-02-14,1.2715115485523012,0.0,equal_weight
2002-02-15,1.2779155730789027,0.0,equal_weight
2002-02-19,1.2775243502982137,-0.030614133588380277,equal_weight
2002-02-20,1.2835833035207282,0.0,equal_weight
2002-02-21,1.2792536995512993,-0.33730603674519966,equal_weight
2002-02-22,1.2902818217469596,0.0,equal_weight
2002-02-25,1.2886752957067282,-0.12450970114856741,equal_weight
2002-02-26,1.2847612978421257,-0.4278541177430095,equal_weight
2002-02-27,1.2874399084168013,-0.22025524054198886,equal_weight
2002-02-28,1.2905796642099234,0.0,equal_weight
2002-03-01,1.2960237513041968,0.0,equal_weight
2002-03-04,1.288266236735022,-0.5985626853958759,equal_weight
2002-03-05,1.2878196655906011,-0.633019703947546,equal_weight
2002-03-06,1.2919638671915115,-0.31325692207413436,equal_weight
2002-03-07,1.2862347661057747,-0.7553090897116199,equal_weight
2002-03-08,1.2783119998518244,-1.3666224430338492,equal_weight
2002-03-11,1.2760755840250726,-1.5391822301906277,equal_weight
2002-03-12,1.2814601052428416,-1.1237175280699674,equal_weight
2002-03-13,1.2902932250338093,-0.44216213357362033,equal_weight
2002-03-14,1.3013399373749641,0.0,equal_weight
2002-03-15,1.309865497928728,0.0,equal_weight
2002-03-18,1.29915505753863,-0.8176748228756692,equal_weight
2002-03-19,1.3026465311336064,-0.5511227531786234,equal_weight
2002-03-20,1.3017920587086451,-0.616356353598857,equal_weight
2002-03-21,1.3026569121968106,-0.5503302242341968,equal_weight
2002-03-22,1.3044861570696427,-0.4106788725706356,equal_weight
2002-03-25,1.3033584768368403,-0.4967701723709306,equal_weight
2002-03-26,1.3151157934494573,0.0,equal_weight
2002-03-27,1.321662880924691,0.0,equal_weight
2002-03-28,1.3178931956200628,-0.2852229081285018,equal_weight
2002-04-01,1.3113214540848575,-0.7824557221882689,equal_weight
2002-04-02,1.319351960872518,-0.17484943290200228,equal_weight
2002-04-03,1.3198336846364158,-0.13840112442254915,equal_weight
2002-04-04,1.3286459022170607,0.0,equal_weight
2002-04-05,1.3365612973846,0.0,equal_weight
2002-04-08,1.3407914259105895,0.0,equal_weight
2002-04-09,1.3488599174408564,0.0,equal_weight
2002-04-10,1.3632223819530271,0.0,equal_weight
2002-04-11,1.3559348095178598,-0.534584271183014,equal_weight
2002-04-12,1.3588317991692136,-0.32207384810710726,equal_weight
2002-04-15,1.3478281690217995,-1.1292517739602492,equal_weight
2002-04-16,1.344735916888809,-1.356085794141193,equal_weight
2002-04-17,1.3409490970054434,-1.6338702505510394,equal_weight
2002-04-18,1.346646962390591,-1.215899898789019,equal_weight
2002-04-19,1.3512395159221227,-0.8790103646726499,equal_weight
2002-04-22,1.3457661579136726,-1.2805118424145778,equal_weight
2002-04-23,1.3392802974276057,-1.7562860500515476,equal_weight
2002-04-24,1.339516640614918,-1.7389489530055258,equal_weight
2002-04-25,1.340575263092815,-1.6612930626745404,equal_weight
2002-04-26,1.3375874335765823,-1.8804670988249783,equal_weight
2002-04-29,1.3358870994603391,-2.005196133408993,equal_weight
2002-04-30,1.340713637741711,-1.6511425068497565,equal_weight
2002-05-01,1.3480786126214008,-1.110880332666675,equal_weight
2002-05-02,1.3608247600271943,-0.17587900239708354,equal_weight
2002-05-03,1.360689534797405,-0.185798530683845,equal_weight
2002-05-06,1.3567913303341066,-0.47175367013172487,equal_weight
2002-05-07,1.3599017274070897,-0.24358861693424272,equal_weight
2002-05-08,1.3573744021757554,-0.42898208353163714,equal_weight
2002-05-09,1.355265790686891,-0.5836605510200821,equal_weight
2002-05-10,1.3517781100821642,-0.8395014652317623,equal_weight
2002-05-13,1.3591555979070071,-0.29832139641029487,equal_weight
2002-05-14,1.366937252301704,0.0,equal_weight
2002-05-15,1.3660319992027274,-0.06622491979439982,equal_weight
2002-05-16,1.3652848790463294,-0.12088142689741233,equal_weight
2002-05-17,1.3705937352056292,0.0,equal_weight
2002-05-20,1.3624546824971775,-0.5938340807628673,equal_weight
2002-05-21,1.3626990796445078,-0.5760026007952668,equal_weight
2002-05-22,1.3701273448686189,-0.034028342975056525,equal_weight
2002-05-23,1.3757704772148716,0.0,equal_weight
2002-05-24,1.3745314721527488,-0.09005899477003698,equal_weight
2002-05-28,1.3693872555991509,-0.46397431268062617,equal_weight
2002-05-29,1.3771943027678588,0.0,equal_weight
2002-05-30,1.375347239679447,-0.13411782815972995,equal_weight
2002-05-31,1.3843524297889305,0.0,equal_weight
2002-06-03,1.3835358614680053,-0.058985580792436654,equal_weight
2002-06-04,1.378132157192684,-0.4493272422828709,equal_weight
2002-06-05,1.3885270570684298,0.0,equal_weight
2002-06-06,1.384326159869093,-0.30254341663360496,equal_weight
2002-06-07,1.3894203206217555,0.0,equal_weight
2002-06-10,1.39843300506771,0.0,equal_weight
2002-06-11,1.3974810362828087,-0.06807396431945945,equal_weight
2002-06-12,1.402799311231247,0.0,equal_weight
2002-06-13,1.3892743814579342,-0.9641386094951576,equal_weight
2002-06-14,1.3914172115548822,-0.8113847494246706,equal_weight
2002-06-17,1.4060859515451303,0.0,equal_weight
2002-06-18,1.4141490715735807,0.0,equal_weight
2002-06-19,1.4145325051982995,0.0,equal_weight
2002-06-20,1.4181090032008374,0.0,equal_weight
2002-06-21,1.4158925027729419,-0.15629972187558572,equal_weight
2002-06-24,1.4136333490214488,-0.3156072043324354,equal_weight
2002-06-25,1.4135935448555617,-0.31841405245180976,equal_weight
2002-06-26,1.4122583423515227,-0.41256778118671233,equal_weight
2002-06-27,1.4213352458769202,0.0,equal_weight
2002-06-28,1.422190186694864,0.0,equal_weight
2002-07-01,1.429583096391538,0.0,equal_weight
2002-07-02,1.4319058850764128,0.0,equal_weight
2002-07-03,1.4154010924995875,-1.1526450689840262,equal_weight
2002-07-05,1.4318209800695838,-0.005929510292113083,equal_weight
2002-07-08,1.4360249098450837,0.0,equal_weight
2002-07-09,1.4203531417601962,-1.0913298214707212,equal_weight
2002-07-10,1.404244556906471,-2.213078110326172,equal_weight
2002-07-11,1.3916553580201936,-3.0897480622168794,equal_weight
2002-07-12,1.3744162983410055,-4.290218859136951,equal_weight
2002-07-15,1.3678613244863747,-4.746685443364795,equal_weight
2002-07-16,1.3519841140360869,-5.8523215880748936,equal_weight
2002-07-17,1.3513738151938928,-5.894820770227649,equal_weight
2002-07-18,1.3317937782359885,-7.25830944118786,equal_weight
2002-07-19,1.303593186411683,-9.222104890066795,equal_weight
2002-07-22,1.2981781174714366,-9.59919228619215,equal_weight
2002-07-23,1.2998553682278566,-9.48239412030233,equal_weight
2002-07-24,1.3369080610313848,-6.902167792088754,equal_weight
2002-07-25,1.3739773243763977,-4.320787546462512,equal_weight
2002-07-26,1.39242916538264,-3.035862690372604,equal_weight
2002-07-29,1.424265607893392,-0.8188786887380894,equal_weight
2002-07-30,1.41036624817921,-1.7867838844551565,equal_weight
2002-07-31,1.4292640098374032,-0.47080659683054193,equal_weight
2002-08-01,1.4196019655733958,-1.1436392334907008,equal_weight
2002-08-02,1.4084178766479887,-1.9224619996371262,equal_weight
2002-08-05,1.4001169797623858,-2.500508858622208,equal_weight
2002-08-06,1.4075697687580524,-1.9815214131697068,equal_weight
2002-08-07,1.4196754775727123,-1.1385201022825697,equal_weight
2002-08-08,1.4314854380532578,-0.3161137220325516,equal_weight
2002-08-09,1.4347098790374195,-0.09157437302435012,equal_weight
2002-08-12,1.4318938784995934,-0.2876712873968179,equal_weight
2002-08-13,1.43138387441196,-0.3231862763177551,equal_weight
2002-08-14,1.4384138973609883,0.0,equal_weight
2002-08-15,1.4397094417440697,0.0,equal_weight
2002-08-16,1.4375693982174838,-0.14864412669222116,equal_weight
2002-08-19,1.4380723030185634,-0.11371313391701499,equal_weight
2002-08-20,1.4347232023488379,-0.34633650726020315,equal_weight
2002-08-21,1.4304890554191947,-0.6404338304335511,equal_weight
2002-08-22,1.4258772774040394,-0.9607608270786883,equal_weight
2002-08-23,1.4308990028343491,-0.6119595144870038,equal_weight
2002-08-26,1.4356581122756238,-0.28139910394267,equal_weight
2002-08-27,1.4454765655574637,0.0,equal_weight
2002-08-28,1.4495910887932688,0.0,equal_weight
2002-08-29,1.4421390716317646,-0.5140771917760412,equal_weight
2002-08-30,1.4534090563278055,0.0,equal_weight
2002-09-03,1.4508677927355709,-0.1748484764953484,equal_weight
2002-09-04,1.452068168314194,-0.092258129793088,equal_weight
2002-09-05,1.4553881396433745,0.0,equal_weight
2002-09-06,1.4514273495525076,-0.27214665167173413,equal_weight
2002-09-09,1.4541019240920405,-0.08837611880286866,equal_weight
2002-09-10,1.4491363464412914,-0.42956191766239105,equal_weight
2002-09-11,1.4451867312480857,-0.7009407399587997,equal_weight
2002-09-12,1.4379780367892243,-1.1962515276795038,equal_weight
2002-09-13,1.441462279959804,-0.9568485068857879,equal_weight
2002-09-16,1.4437878122063792,-0.7970607373396499,equal_weight
2002-09-17,1.4378782794758616,-1.2031058719362386,equal_weight
2002-09-18,1.4391636213287498,-1.1147897851222277,equal_weight
2002-09-19,1.4362428157370735,-1.3154789011124102,equal_weight
2002-09-20,1.4412861896478861,-0.968947706207357,equal_weight
2002-09-23,1.4471700639411205,-0.5646655677892132,equal_weight
2002-09-24,1.434234378003591,-1.45347904545704,equal_weight
2002-09-25,1.4396018202351144,-1.0846810536829343,equal_weight
2002-09-26,1.4554824124714656,0.0,equal_weight
2002-09-27,1.4440583054133334,-0.7849017590486507,equal_weight
2002-09-30,1.443414600700438,-0.8291279693676268,equal_weight
2002-10-01,1.4601422627146539,0.0,equal_weight
2002-10-02,1.443452454538106,-1.1430261696225852,equal_weight
2002-10-03,1.4337275751424399,-1.8090489020641476,equal_weight
2002-10-04,1.4276896793915308,-2.222563112637266,equal_weight
2002-10-07,1.4190196329297502,-2.8163440532465445,equal_weight
2002-10-08,1.4358083636529917,-1.6665430268706372,equal_weight
2002-10-09,1.4196850301211015,-2.7707733435737625,equal_weight
2002-10-10,1.4397194703255785,-1.3986851083336194,equal_weight
2002-10-11,1.4512606231602816,-0.6082722061520052,equal_weight
2002-10-14,1.4486698856078184,-0.7857026948529189,equal_weight
2002-10-15,1.451423839856963,-0.5970940695519511,equal_weight
2002-10-16,1.454471668150404,-0.3883590461731701,equal_weight
2002-10-17,1.4581439086316983,-0.13686023163526073,equal_weight
2002-10-18,1.4597165951823536,-0.029152469808579884,equal_weight
2002-10-21,1.456341680744452,-0.26028847101076114,equal_weight
2002-10-22,1.4458950231418275,-0.9757432502733199,equal_weight
2002-10-23,1.442053934123722,-1.2388059063027645,equal_weight
2002-10-24,1.4370705468067864,-1.5801005488994768,equal_weight
2002-10-25,1.437797805343512,-1.5302931735980074,equal_weight
2002-10-28,1.4250674265213121,-2.4021519744337527,equal_weight
2002-10-29,1.429015628282772,-2.1317535439329127,equal_weight
2002-10-30,1.4252593193923968,-2.3890099076650073,equal_weight
2002-10-31,1.4240484996735852,-2.4719346849096935,equal_weight
2002-11-01,1.4171412715936509,-2.9449864043423313,equal_weight
2002-11-04,1.3987007640013356,-4.20791180984571,equal_weight
2002-11-05,1.4037026081453854,-3.865353124176918,equal_weight
2002-11-06,1.3949139848736454,-4.467254972795454,equal_weight
2002-11-07,1.3995391991787574,-4.150490338059598,equal_weight
2002-11-08,1.3971428779401296,-4.3146059382869755,equal_weight
2002-11-11,1.402210740766566,-3.967525865622379,equal_weight
2002-11-12,1.3966736204708254,-4.3467437293287725,equal_weight
2002-11-13,1.3925584202130556,-4.6285792985642615,equal_weight
2002-11-14,1.3915833891440932,-4.69535574178217,equal_weight
2002-11-15,1.3931259784768333,-4.589709232388484,equal_weight
2002-11-18,1.3827485605753644,-5.3004220284262775,equal_weight
2002-11-19,1.388029159942307,-4.938772379499268,equal_weight
2002-11-20,1.3857145753409759,-5.0972901253679375,equal_weight
2002-11-21,1.365030411749903,-6.5138756266065245,equal_weight
2002-11-22,1.3623211723029756,-6.69942189261834,equal_weight
2002-11-25,1.3494909304856852,-7.578119958205232,equal_weight
2002-11-26,1.3521729142346741,-7.394440338932884,equal_weight
2002-11-27,1.3524709945550826,-7.374025867821398,equal_weight
2002-11-29,1.34445191157093,-7.923224612965852,equal_weight
2002-12-02,1.3436587170250227,-7.977547713266542,equal_weight
2002-12-03,1.3559932543914173,-7.132798699327136,equal_weight
2002-12-04,1.368034743516191,-6.308119527149303,equal_weight
2002-12-05,1.3658234523769002,-6.459563067669782,equal_weight
2002-12-06,1.3712805564944537,-6.085825230138264,equal_weight
2002-12-09,1.3819277458823733,-5.356636735304576,equal_weight
2002-12-10,1.382280283060433,-5.332492705845116,equal_weight
2002-12-11,1.3849615751103583,-5.148860458605031,equal_weight
2002-12-12,1.3812711992867515,-5.40160129885342,equal_weight
2002-12-13,1.3824905595990655,-5.318091606445286,equal_weight
2002-12-16,1.3844692986058282,-5.182574742281387,equal_weight
2002-12-17,1.3796479737829919,-5.512770295547053,equal_weight
2002-12-18,1.3839375420021494,-5.218992878873796,equal_weight
2002-12-19,1.3851747207064897,-5.134262867563788,equal_weight
2002-12-20,1.3941655615002289,-4.518511853205531,equal_weight
2002-12-23,1.3912354678186647,-4.719183647754955,equal_weight
2002-12-24,1.3908704908195335,-4.744179636738433,equal_weight
2002-12-26,1.3903771558782885,-4.777966409016898,equal_weight
2002-12-27,1.3865648675473206,-5.039056607439085,equal_weight
2002-12-30,1.3960143877317308,-4.391892257381713,equal_weight
2002-12-31,1.392255374193357,-4.649333852927695,equal_weight
2003-01-02,1.3990543497568788,-4.183695967008183,equal_weight
2003-01-03,1.3991102817729926,-4.179865380253589,equal_weight
2003-01-06,1.4004520434736454,-4.087972847935662,equal_weight
2003-01-07,1.3881920363936404,-4.927617545104523,equal_weight
2003-01-08,1.3857072445523761,-5.097792185255312,equal_weight
2003-01-09,1.3852151758763054,-5.131492235492607,equal_weight
2003-01-10,1.3750580039196656,-5.82712116261892,equal_weight
2003-01-13,1.3741714538578291,-5.887837853346589,equal_weight
2003-01-14,1.374971906993059,-5.833017637832672,equal_weight
2003-01-15,1.3701480530891352,-6.163386398952941,equal_weight
2003-01-16,1.3791267845308055,-5.5484647114608325,equal_weight
2003-01-17,1.3852315414640533,-5.130371414038026,equal_weight
2003-01-21,1.3840570116039665,-5.210810826695189,equal_weight
2003-01-22,1.3825530376451736,-5.313812705155774,equal_weight
2003-01-23,1.3825238189496922,-5.31581379068199,equal_weight
2003-01-24,1.3784703858951706,-5.593419141751388,equal_weight
2003-01-27,1.375030989525139,-5.8289712833377365,equal_weight
2003-01-28,1.3743734198881319,-5.874005911387226,equal_weight
2003-01-29,1.3803688759977253,-5.463398242347717,equal_weight
2003-01-30,1.3780494679401851,-5.622246329740788,equal_weight
2003-01-31,1.3974013674175865,-4.296902904544475,equal_weight
2003-02-03,1.4012073609269176,-4.036243816281726,equal_weight
2003-02-04,1.3991567979016688,-4.1766796544607026,equal_weight
2003-02-05,1.3987478120602788,-4.204689654022642,equal_weight
2003-02-06,1.4013719748249678,-4.024969990281779,equal_weight
2003-02-07,1.396867839267434,-4.333442368114316,equal_weight
2003-02-10,1.4023001273579634,-3.9614040928554473,equal_weight
2003-02-11,1.392979343826597,-4.599751723040302,equal_weight
2003-02-12,1.3913710572887938,-4.709897602580348,equal_weight
2003-02-13,1.3983373077940637,-4.232803645151961,equal_weight
2003-02-14,1.4058444883963457,-3.7186632908877915,equal_weight
2003-02-18,1.4086950889887915,-3.5234356979855663,equal_weight
2003-02-19,1.4048293114822505,-3.788189181618995,equal_weight
2003-02-20,1.3964567039705404,-4.361599576311903,equal_weight
2003-02-21,1.4067189212983249,-3.6587764617541985,equal_weight
2003-02-24,1.3932829901868355,-4.578956053468075,equal_weight
2003-02-25,1.4021442797710957,-3.9720775450831747,equal_weight
2003-02-26,1.3980703839377164,-4.251084319793275,equal_weight
2003-02-27,1.40444629871343,-3.8144203769347462,equal_weight
2003-02-28,1.4003226245031428,-4.096836297327366,equal_weight
2003-03-03,1.4026867522189703,-3.9349255180699982,equal_weight
2003-03-04,1.3920394395300835,-4.664122457352593,equal_weight
2003-03-05,1.3958199905899427,-4.405205832829273,equal_weight
2003-03-06,1.3899414455407153,-4.807806675181315,equal_weight
2003-03-07,1.3934940388374313,-4.56450207483976,equal_weight
2003-03-10,1.3803283465341738,-5.466173962535159,equal_weight
2003-03-11,1.381043869754933,-5.417170297684793,equal_weight
2003-03-12,1.380787273219345,-5.434743690506871,equal_weight
2003-03-13,1.3885217682344682,-4.905035372856814,equal_weight
2003-03-14,1.3952134547180162,-4.446745338082603,equal_weight
2003-03-17,1.404506335620517,-3.810308660657502,equal_weight
2003-03-18,1.3983020220212263,-4.235220243434091,equal_weight
2003-03-19,1.4105516763258514,-3.396284571381769,equal_weight
2003-03-20,1.4083199505838928,-3.5491276058549626,equal_weight
2003-03-21,1.4245045956216007,-2.4406982800974975,equal_weight
2003-03-24,1.4135088422641136,-3.193758693337234,equal_weight
2003-03-25,1.413651682695393,-3.1839760553760588,equal_weight
2003-03-26,1.406302586336877,-3.6872897766605073,equal_weight
2003-03-27,1.4095985313523451,-3.46156211301899,equal_weight
2003-03-28,1.4141595841687602,-3.1491916726253844,equal_weight
2003-03-31,1.4124409964743676,-3.2668916898276334,equal_weight
2003-04-01,1.4247810898747553,-2.4217621626920205,equal_weight
2003-04-02,1.4189834627774958,-2.8188212195595863,equal_weight
2003-04-03,1.4053773284247963,-3.750657431697113,equal_weight
2003-04-04,1.4147445891867543,-3.1091267397121647,equal_weight
2003-04-07,1.4077143752729244,-3.5906013256719937,equal_weight
2003-04-08,1.4157616849882668,-3.0394694311413173,equal_weight
2003-04-09,1.4142063186750125,-3.1459909909215766,equal_weight
2003-04-10,1.421096589848048,-2.6741005903091364,equal_weight
2003-04-11,1.4211502200016195,-2.670427650011409,equal_weight
2003-04-14,1.4249671173988607,-2.409021792876298,equal_weight
2003-04-15,1.4288296932028173,-2.1444875825743948,equal_weight
2003-04-16,1.417546565333702,-2.917229263795096,equal_weight
2003-04-17,1.4163642719884881,-2.9982003702005655,equal_weight
2003-04-21,1.4126571626612772,-3.252087229164491,equal_weight
2003-04-22,1.4186733802247846,-2.8400576812817935,equal_weight
2003-04-23,1.408486765672958,-3.537703028036421,equal_weight
2003-04-24,1.4074949704187505,-3.6056275912473845,equal_weight
2003-04-25,1.4125812630878665,-3.257285323579595,equal_weight
2003-04-28,1.4130145666193714,-3.2276098910844486,equal_weight
2003-04-29,1.4037322056544943,-3.8633260950397874,equal_weight
2003-04-30,1.401536681018592,-4.013689843283075,equal_weight
2003-05-01,1.3968166969942477,-4.336944922248409,equal_weight
2003-05-02,1.3929271851274336,-4.6033238886090455,equal_weight
2003-05-05,1.389929421937129,-4.808630129435965,equal_weight
2003-05-06,1.3882833998116988,-4.9213603864432525,equal_weight
2003-05-07,1.391430556926894,-4.705822681963401,equal_weight
2003-05-08,1.3928384823196822,-4.609398831442791,equal_weight
2003-05-09,1.3908497140154579,-4.745602566860119,equal_weight
2003-05-12,1.388125682684813,-4.93216187688108,equal_weight
2003-05-13,1.388116235180742,-4.932808903154628,equal_weight
2003-05-14,1.3845594516139528,-5.1764004803326324,equal_weight
2003-05-15,1.3865521892922053,-5.039924896470849,equal_weight
2003-05-16,1.3891858554187682,-4.8595543809522805,equal_weight
2003-05-19,1.395065869985632,-4.456852896513919,equal_weight
2003-05-20,1.4027401222562699,-3.9312703922194214,equal_weight
2003-05-21,1.407167835460169,-3.6280319121779425,equal_weight
2003-05-22,1.4085212489021175,-3.5353413931437094,equal_weight
2003-05-23,1.4119581852471856,-3.2999577300013128,equal_weight
2003-05-27,1.409514362607747,-3.467326533839299,equal_weight
2003-05-28,1.4045658437201067,-3.806233160542938,equal_weight
2003-05-29,1.3929230235476069,-4.603608900551571,equal_weight
2003-05-30,1.4133741125132633,-3.2029858593669247,equal_weight
2003-06-02,1.4107158285958157,-3.3850423606632707,equal_weight
2003-06-03,1.4171759088097577,-2.942614223426032,equal_weight
2003-06-04,1.4136036005462538,-3.1872690323939246,equal_weight
2003-06-05,1.4045751186208506,-3.80559795526324,equal_weight
2003-06-06,1.4102860354426672,-3.414477379710623,equal_weight
2003-06-09,1.4112327292961004,-3.349641652562141,equal_weight
2003-06-10,1.415658786945999,-3.046516555582235,equal_weight
2003-06-11,1.4214074646142347,-2.652809872676687,equal_weight
2003-06-12,1.4155590476284945,-3.0533473500911845,equal_weight
2003-06-13,1.4202760912404098,-2.7302936496150787,equal_weight
2003-06-16,1.4288125597890062,-2.1456609897312573,equal_weight
2003-06-17,1.4191746002040961,-2.8057308905223954,equal_weight
2003-06-18,1.409220078686324,-3.487481002957671,equal_weight
2003-06-19,1.4092338897562413,-3.4865351314306348,equal_weight
2003-06-20,1.4111489918634592,-3.3553765343458886,equal_weight
2003-06-23,1.4136427437227173,-3.184588254125731,equal_weight
2003-06-24,1.417399381049943,-2.9273093969107156,equal_weight
2003-06-25,1.4154860131448457,-3.058349224601209,equal_weight
2003-06-26,1.415531225741798,-3.0552527731042,equal_weight
2003-06-27,1.416667431952345,-2.9774380122031263,equal_weight
2003-06-30,1.4195349578543879,-2.7810512644685814,equal_weight
2003-07-01,1.4317370216152707,-1.945374901112229,equal_weight
2003-07-02,1.4339727261096142,-1.7922593759039596,equal_weight
2003-07-03,1.435627378465239,-1.6789380648319585,equal_weight
2003-07-07,1.429473422266203,-2.1004008466566915,equal_weight
2003-07-08,1.4151056465549907,-3.0843991924411784,equal_weight
2003-07-09,1.4043084213732249,-3.823863110271486,equal_weight
2003-07-10,1.4092416067941478,-3.4860066186888528,equal_weight
2003-07-11,1.413492878218555,-3.1948520145817616,equal_weight
2003-07-14,1.4110952014273865,-3.3590604518275113,equal_weight
2003-07-15,1.4073060851829304,-3.6185636756717043,equal_weight
2003-07-16,1.4095129736124146,-3.4674216612366804,equal_weight
2003-07-17,1.4215717062726247,-2.641561540059789,equal_weight
2003-07-18,1.4285908718140043,-2.160843618209507,equal_weight
2003-07-21,1.4266532413611475,-2.293545102327532,equal_weight
2003-07-22,1.4242034884188441,-2.461320051718341,equal_weight
2003-07-23,1.4182800693240618,-2.8669941593747916,equal_weight
2003-07-24,1.4241436196599506,-2.4654202521181445,equal_weight
2003-07-25,1.4260760520037505,-2.3330747681783004,equal_weight
2003-07-28,1.4140800226990804,-3.154640557416366,equal_weight
2003-07-29,1.4181838274967422,-2.8735854231014324,equal_weight
2003-07-30,1.432232282554423,-1.9114562240217237,equal_weight
2003-07-31,1.423762716889609,-2.4915069410708757,equal_weight
2003-08-01,1.4168172204788956,-2.9671795236725473,equal_weight
2003-08-04,1.417720895033776,-2.905290036739927,equal_weight
2003-08-05,1.4233592596416762,-2.51913830674223,equal_weight
2003-08-06,1.4349571291457304,-1.7248410796698699,equal_weight
2003-08-07,1.4414598318023142,-1.2794938814801426,equal_weight
2003-08-08,1.4446907902870858,-1.058216916401089,equal_weight
2003-08-11,1.4390429907199653,-1.4450148135197072,equal_weight
2003-08-12,1.4372668387291307,-1.5666572066062812,equal_weight
2003-08-13,1.4336061760351344,-1.8173630992766698,equal_weight
2003-08-14,1.438946541089444,-1.4516203089556146,equal_weight
2003-08-15,1.4390647508853656,-1.44352453644494,equal_weight
2003-08-18,1.4264197303909492,-2.3095374460984863,equal_weight
2003-08-19,1.419782382091485,-2.764106050059323,equal_weight
2003-08-20,1.4224570943364763,-2.580924430480791,equal_weight
2003-08-21,1.4142820534803544,-3.140804180891077,equal_weight
2003-08-22,1.4029877920695701,-3.9143083591611005,equal_weight
2003-08-25,1.4066090195038632,-3.6663032485110936,equal_weight
2003-08-26,1.4092671733638185,-3.4842556543942416,equal_weight
2003-08-27,1.404245026935794,-3.828204771974575,equal_weight
2003-08-28,1.3970115906915104,-4.32359733946559,equal_weight
2003-08-29,1.3985860962927112,-4.21576499727494,equal_weight
2003-09-02,1.4061809958585183,-3.695617080202329,equal_weight
2003-09-03,1.412905516390212,-3.2350783571335473,equal_weight
2003-09-04,1.4094883892190238,-3.4691053597377453,equal_weight
2003-09-05,1.4043802939323036,-3.81894081188221,equal_weight
2003-09-08,1.3999004944437248,-4.12574649807953,equal_weight
2003-09-09,1.4014634469114076,-4.018705389305854,equal_weight
2003-09-10,1.4142236805387043,-3.144801938037123,equal_weight
2003-09-11,1.4113935281886312,-3.338629102851287,equal_weight
2003-09-12,1.411354851567674,-3.3412779283763627,equal_weight
2003-09-15,1.4114333843979783,-3.3358994914726603,equal_weight
2003-09-16,1.410405370915525,-3.40630451355195,equal_weight
2003-09-17,1.4019523341567204,-3.985223224054102,equal_weight
2003-09-18,1.409369259480457,-3.477264135879554,equal_weight
2003-09-19,1.40785355875042,-3.581069139593307,equal_weight
2003-09-22,1.4107796981640932,-3.3806681589222176,equal_weight
2003-09-23,1.40930701658507,-3.481526932524537,equal_weight
2003-09-24,1.4187286654133535,-2.8362713934671935,equal_weight
2003-09-25,1.4225787191876507,-2.5725947728659104,equal_weight
2003-09-26,1.4313519007989732,-1.9717504691737608,equal_weight
2003-09-29,1.4335293779989826,-1.8226227262399308,equal_weight
2003-09-30,1.4389060169801788,-1.454395662446839,equal_weight
2003-10-01,1.4478614348366037,-0.8410706402825485,equal_weight
2003-10-02,1.4471469665557133,-0.8900020560174804,equal_weight
2003-10-03,1.4412538572869815,-1.2936003504587013,equal_weight
2003-10-06,1.4405999252743067,-1.338385850431767,equal_weight
2003-10-07,1.4354646401936237,-1.6900834357845507,equal_weight
2003-10-08,1.433932018081657,-1.795047325338528,equal_weight
2003-10-09,1.4295341789350033,-2.0962398364351764,equal_weight
2003-10-10,1.4276584210126058,-2.22470388889745,equal_weight
2003-10-13,1.4265295656863348,-2.3020152136290717,equal_weight
2003-10-14,1.4257157637151692,-2.3577496438929146,equal_weight
2003-10-15,1.4265784340615495,-2.2986683907569083,equal_weight
2003-10-16,1.4304926130201978,-2.0306000621701292,equal_weight
2003-10-17,1.4387991966305638,-1.4617114119010344,equal_weight
2003-10-20,1.4353713432870234,-1.696473012265054,equal_weight
2003-10-21,1.4277834551510753,-2.2161407412054523,equal_weight
2003-10-22,1.4393377094662565,-1.424830564777857,equal_weight
2003-10-23,1.4442315722170949,-1.0896671443492267,equal_weight
2003-10-24,1.4449004077591165,-1.0438609541511434,equal_weight
2003-10-27,1.4409589849055071,-1.3137951211330434,equal_weight
2003-10-28,1.422982698990691,-2.5449276192360037,equal_weight
2003-10-29,1.4213650825202158,-2.6557124729986725,equal_weight
2003-10-30,1.4263945745433044,-2.31126028148837,equal_weight
2003-10-31,1.4302544857374935,-2.0469085609229554,equal_weight
2003-11-03,1.4323701235068316,-1.9020159827569882,equal_weight
2003-11-04,1.4295698120794849,-2.093799447892808,equal_weight
2003-11-05,1.423748850016798,-2.492456634341522,equal_weight
2003-11-06,1.4271122323930883,-2.262110423415664,equal_weight
2003-11-07,1.4257811418450819,-2.3532721260796086,equal_weight
2003-11-10,1.43586555742687,-1.6626260267714854,equal_weight
2003-11-11,1.4366581566415715,-1.608343698607928,equal_weight
2003-11-12,1.4327518665363297,-1.8758717474145814,equal_weight
2003-11-13,1.4395864871528683,-1.40779265737907,equal_weight
2003-11-14,1.454015761047789,-0.41958251762911347,equal_weight
2003-11-17,1.4570952309504208,-0.20868047189922523,equal_weight
2003-11-18,1.4525068218190196,-0.5229244499394659,equal_weight
2003-11-19,1.4560316531644395,-0.28152116784648795,equal_weight
2003-11-20,1.45403834057773,-0.41803612516329025,equal_weight
2003-11-21,1.4549075655976156,-0.3585059655287326,equal_weight
2003-11-24,1.4516685541669656,-0.5803344485032724,equal_weight
2003-11-25,1.4543661213359864,-0.3955875756879057,equal_weight
2003-11-26,1.4561624278529646,-0.27256487010314245,equal_weight
2003-11-28,1.4510990620103572,-0.6193369601865895,equal_weight
2003-12-01,1.4569717687152106,-0.21713596547426883,equal_weight
2003-12-02,1.4565454790308043,-0.24633104428896102,equal_weight
2003-12-03,1.463444527017343,0.0,equal_weight
2003-12-04,1.4688705524721177,0.0,equal_weight
2003-12-05,1.4750901797394107,0.0,equal_weight
2003-12-08,1.4805269802709722,0.0,equal_weight
2003-12-09,1.484364173355569,0.0,equal_weight
2003-12-10,1.484258440166057,-0.007123129984532017,equal_weight
2003-12-11,1.4765714938618528,-0.5249843423598688,equal_weight
2003-12-12,1.4753261348630706,-0.608882823685164,equal_weight
2003-12-15,1.4773728243450188,-0.47099957921683533,equal_weight
2003-12-16,1.4812207914706008,-0.21176621892337044,equal_weight
2003-12-17,1.4817536570644827,-0.17586764339542205,equal_weight
2003-12-18,1.4707385127510018,-0.9179459359871855,equal_weight
2003-12-19,1.4723401253946928,-0.8100470340573152,equal_weight
2003-12-22,1.4724457985876753,-0.8029279459737193,equal_weight
2003-12-23,1.4743881595926116,-0.6720731975365268,equal_weight
2003-12-24,1.472885445735888,-0.7733093957483561,equal_weight
2003-12-26,1.471653730302297,-0.8562887249251472,equal_weight
2003-12-29,1.4686669782012702,-1.0575029656511803,equal_weight
2003-12-30,1.472264964336403,-0.8151105528109381,equal_weight
2003-12-31,1.4711019921742654,-0.8934587225534418,equal_weight
2004-01-02,1.4646770490574632,-1.326300152717974,equal_weight
2004-01-05,1.4533549892826894,-2.0890550061431368,equal_weight
2004-01-06,1.4485632673859656,-2.41186809896331,equal_weight
2004-01-07,1.445196791142799,-2.6386639421664193,equal_weight
2004-01-08,1.438380945947468,-3.097840020225695,equal_weight
2004-01-09,1.4364320155555348,-3.2291373411201585,equal_weight
2004-01-12,1.4300179986128414,-3.6612426868180226,equal_weight
2004-01-13,1.434524885731873,-3.35761860319147,equal_weight
2004-01-14,1.437319549542011,-3.169345141711988,equal_weight
2004-01-15,1.4435268905074394,-2.7511633318266115,equal_weight
2004-01-16,1.4230503659221214,-4.130644523361204,equal_weight
2004-01-20,1.41304204518877,-4.804894206356892,equal_weight
2004-01-21,1.4221039221340452,-4.194405412034275,equal_weight
2004-01-22,1.427589458311034,-3.8248508057284525,equal_weight
2004-01-23,1.4344829964738113,-3.3604406369493467,equal_weight
2004-01-26,1.4358429181333354,-3.2688241937654627,equal_weight
2004-01-27,1.4489274707504445,-2.3873321143972337,equal_weight
2004-01-28,1.4558562767374599,-1.9205459906556421,equal_weight
2004-01-29,1.4707204555262952,-0.9191624315770697,equal_weight
2004-01-30,1.47180858264195,-0.8458564912164124,equal_weight
2004-02-02,1.4788912487822874,-0.3687049762801431,equal_weight
2004-02-03,1.4785307517712363,-0.3929912678467318,equal_weight
2004-02-04,1.480639626441687,-0.2509186748601122,equal_weight
2004-02-05,1.486936944521627,0.0,equal_weight
2004-02-06,1.4871964453472175,0.0,equal_weight
2004-02-09,1.4870992254348296,-0.0065371264631575166,equal_weight
2004-02-10,1.490237151790229,0.0,equal_weight
2004-02-11,1.4912732045244153,0.0,equal_weight
2004-02-12,1.4872712778827035,-0.26835637021909164,equal_weight
2004-02-13,1.4876027595936736,-0.24612826942814747,equal_weight
2004-02-17,1.483889425580725,-0.49513254320459055,equal_weight
2004-02-18,1.4835830592884731,-0.5156764845375639,equal_weight
2004-02-19,1.488212644999625,-0.2052313094277336,equal_weight
2004-02-20,1.4873539839440413,-0.2628103669054971,equal_weight
2004-02-23,1.4948208627120758,0.0,equal_weight
2004-02-24,1.4974473730840805,0.0,equal_weight
2004-02-25,1.4949827228421064,-0.1645901075573719,equal_weight
2004-02-26,1.4899216777300581,-0.5025682697965328,equal_weight
2004-02-27,1.4950621069377108,-0.15928881303234332,equal_weight
2004-03-01,1.4933265078023408,-0.27519266157932654,equal_weight
2004-03-02,1.4961664927171208,-0.08553758816389756,equal_weight
2004-03-03,1.4982408536626526,0.0,equal_weight
2004-03-04,1.4969334341764478,-0.08726363875398713,equal_weight
2004-03-05,1.5019712795991456,0.0,equal_weight
2004-03-08,1.507306591364132,0.0,equal_weight
2004-03-09,1.5129001922449818,0.0,equal_weight
2004-03-10,1.51756542869698,0.0,equal_weight
2004-03-11,1.5115941812427756,-0.3934754535975027,equal_weight
2004-03-12,1.512184161902494,-0.3545986678878399,equal_weight
2004-03-15,1.5115306649214084,-0.39766086268537837,equal_weight
2004-03-16,1.5165294372515876,-0.06826667409535192,equal_weight
2004-03-17,1.5198298699259296,0.0,equal_weight
2004-03-18,1.5193505990799046,-0.03153450629631571,equal_weight
2004-03-19,1.5186697780944785,-0.07633037449827906,equal_weight
2004-03-22,1.5195518741993348,-0.018291239835177553,equal_weight
2004-03-23,1.5220835194253823,0.0,equal_weight
2004-03-24,1.5169555359761453,-0.3369055235006413,equal_weight
2004-03-25,1.5129345672599122,-0.6010808243245513,equal_weight
2004-03-26,1.5081434812076218,-0.915852385224114,equal_weight
2004-03-29,1.5156351682460143,-0.4236529137246259,equal_weight
2004-03-30,1.5148460273708741,-0.47549900922917443,equal_weight
2004-03-31,1.5200319580983417,-0.1347863833264018,equal_weight
2004-04-01,1.5275147525797872,0.0,equal_weight
2004-04-02,1.5155284308155594,-0.7846943372549653,equal_weight
2004-04-05,1.5096359477376402,-1.1704505512599384,equal_weight
2004-04-06,1.5108790447380227,-1.0890701915427514,equal_weight
2004-04-07,1.5092356216840326,-1.1966582230962697,equal_weight
2004-04-08,1.5017529726445586,-1.686515949631262,equal_weight
2004-04-12,1.4924947648145992,-2.2926120815555784,equal_weight
2004-04-13,1.485702057704141,-2.737302196592828,equal_weight
2004-04-14,1.4726021591890606,-3.594897744718073,equal_weight
2004-04-15,1.4845351253925703,-2.8136963727930953,equal_weight
2004-04-16,1.5002908933285224,-1.7822321653710338,equal_weight
2004-04-19,1.490356965669717,-2.4325648473977113,equal_weight
2004-04-20,1.4890923448752775,-2.5153542798600714,equal_weight
2004-04-21,1.4853268788075258,-2.761863589272129,equal_weight
2004-04-22,1.4916532670884088,-2.347701417011694,equal_weight
2004-04-23,1.4907021173776898,-2.4099692091304137,equal_weight
2004-04-26,1.4934943721062919,-2.227171974348463,equal_weight
2004-04-27,1.4942876804432201,-2.175237396591456,equal_weight
2004-04-28,1.4998316489567036,-1.8122969729968297,equal_weight
2004-04-29,1.5055115618802828,-1.4404568376406024,equal_weight
2004-04-30,1.517315828570407,-0.6676808844009896,equal_weight
2004-05-03,1.516137984955055,-0.7447893780088366,equal_weight
2004-05-04,1.514830212826338,-0.8304037477887882,equal_weight
2004-05-05,1.5151650077469518,-0.8084861250588937,equal_weight
2004-05-06,1.5185525074485882,-0.5867206922920309,equal_weight
2004-05-07,1.5044275788129946,-1.5114206738626401,equal_weight
2004-05-10,1.5037905626564791,-1.5531234564668317,equal_weight
2004-05-11,1.497383697051802,-1.9725541424131965,equal_weight
2004-05-12,1.504200958825394,-1.526256536312931,equal_weight
2004-05-13,1.5056148086621943,-1.4336977027951114,equal_weight
2004-05-14,1.5184667064747752,-0.5923377230714788,equal_weight
2004-05-17,1.5151711894554085,-0.8080814344694098,equal_weight
2004-05-18,1.5194812892160134,-0.5259172358372477,equal_weight
2004-05-19,1.5130330961576814,-0.948053457267628,equal_weight
2004-05-20,1.5216969931826385,-0.3808643672555845,equal_weight
2004-05-21,1.5235802512210344,-0.2575753427001559,equal_weight
2004-05-24,1.5237287711455432,-0.24785236462364635,equal_weight
2004-05-25,1.5250310885633216,-0.16259509194729294,equal_weight
2004-05-26,1.5270126034798306,-0.032873600671190495,equal_weight
2004-05-27,1.5342193946913112,0.0,equal_weight
2004-05-28,1.532139071040093,-0.1355949258897704,equal_weight
2004-06-01,1.531022705295769,-0.2083593393880534,equal_weight
2004-06-02,1.5384751923980353,0.0,equal_weight
2004-06-03,1.5450596173066498,0.0,equal_weight
2004-06-04,1.5427152696889233,-0.15173185496966113,equal_weight
2004-06-07,1.5384131204574023,-0.4301773714617929,equal_weight
2004-06-08,1.5392391324194186,-0.37671587698198117,equal_weight
2004-06-09,1.5494143699733292,0.0,equal_weight
2004-06-10,1.5538406604234025,0.0,equal_weight
2004-06-14,1.5586770139482884,0.0,equal_weight
2004-06-15,1.5541808625345537,-0.28845946745217343,equal_weight
2004-06-16,1.5515503723493005,-0.45722375676378046,equal_weight
2004-06-17,1.5578996249329922,-0.04987492651392644,equal_weight
2004-06-18,1.5551943980456586,-0.2234340964461845,equal_weight
2004-06-21,1.5575042089476883,-0.07524361943526126,equal_weight
2004-06-22,1.5497628525749878,-0.571905615693924,equal_weight
2004-06-23,1.5415419734375655,-1.099332341298731,equal_weight
2004-06-24,1.543328097310455,-0.9847400391793104,equal_weight
2004-06-25,1.5381142259437324,-1.3192462466915078,equal_weight
2004-06-28,1.5475088992300048,-0.716512440893291,equal_weight
2004-06-29,1.5379198671073158,-1.331715721424076,equal_weight
2004-06-30,1.5351782479388139,-1.5076097099776753,equal_weight
2004-07-01,1.5427501105287564,-1.0218219218609992,equal_weight
2004-07-02,1.5449794736298699,-0.8787927322878253,equal_weight
2004-07-06,1.5601458109430153,0.0,equal_weight
2004-07-07,1.5567642407177125,-0.2167470631003976,equal_weight
2004-07-08,1.5626629392849078,0.0,equal_weight
2004-07-09,1.5614271631757386,-0.0790814242855653,equal_weight
2004-07-12,1.5705759422731824,0.0,equal_weight
2004-07-13,1.5751605584871697,0.0,equal_weight
2004-07-14,1.5696297192558688,-0.3511286009226233,equal_weight
2004-07-15,1.5587609571234489,-1.0411383954072262,equal_weight
2004-07-16,1.5623529267598744,-0.8131000778483277,equal_weight
2004-07-19,1.5665136439801792,-0.5489544834270887,equal_weight
2004-07-20,1.565556458522159,-0.6097219685487043,equal_weight
2004-07-21,1.571618403537245,-0.22487580271352003,equal_weight
2004-07-22,1.566720139751142,-0.5358449772342011,equal_weight
2004-07-23,1.5702317562177792,-0.3129079282003011,equal_weight
2004-07-26,1.581802769306208,0.0,equal_weight
2004-07-27,1.5749688429158226,-0.43203403881906244,equal_weight
2004-07-28,1.57459310663068,-0.4557877135776045,equal_weight
2004-07-29,1.569816787624513,-0.7577418572197958,equal_weight
2004-07-30,1.5676617984764192,-0.8939781307875205,equal_weight
2004-08-02,1.5795404244575897,-0.14302319432722976,equal_weight
2004-08-03,1.5826402878621664,0.0,equal_weight
2004-08-04,1.5905138214242323,0.0,equal_weight
2004-08-05,1.5888003690929762,-0.10772948390488368,equal_weight
2004-08-06,1.588203682262558,-0.14524483412571287,equal_weight
2004-08-09,1.5904518018726652,-0.0038993406238696515,equal_weight
2004-08-10,1.5892808972613626,-0.07751734981878977,equal_weight
2004-08-11,1.6025506192263772,0.0,equal_weight
2004-08-12,1.6054908620173163,0.0,equal_weight
2004-08-13,1.602574656520056,-0.18163949520061395,equal_weight
2004-08-16,1.601755539070195,-0.23265924680678784,equal_weight
2004-08-17,1.598232161076628,-0.4521172379372995,equal_weight
2004-08-18,1.596199865522668,-0.5787013002972907,equal_weight
2004-08-19,1.5909046377063918,-0.9085211667039128,equal_weight
2004-08-20,1.5934718385024826,-0.748619864440192,equal_weight
2004-08-23,1.5894723541335167,-0.9977327347520437,equal_weight
2004-08-24,1.5962138126792869,-0.5778325842585419,equal_weight
2004-08-25,1.5958913955559777,-0.597914736760119,equal_weight
2004-08-26,1.5986699673262568,-0.42484792984053277,equal_weight
2004-08-27,1.5955927729611432,-0.6165148173896129,equal_weight
2004-08-30,1.6009350979867465,-0.2837614425812096,equal_weight
2004-08-31,1.6059561468206207,0.0,equal_weight
2004-09-01,1.6046026646746951,-0.08427889818817258,equal_weight
2004-09-02,1.6073483414511636,0.0,equal_weight
2004-09-03,1.616462816143154,0.0,equal_weight
2004-09-07,1.6219754293323025,0.0,equal_weight
2004-09-08,1.6152099779511582,-0.41711182911873257,equal_weight
2004-09-09,1.6103748505723765,-0.715212977344637,equal_weight
2004-09-10,1.5991542063266966,-1.4070017703659343,equal_weight
2004-09-13,1.5944986473562448,-1.6940319488914057,equal_weight
2004-09-14,1.5903417264495754,-1.9503194876231533,equal_weight
2004-09-15,1.5947572426689562,-1.6780887164579816,equal_weight
2004-09-16,1.596611062343274,-1.563794773356697,equal_weight
2004-09-17,1.5950734936093842,-1.6585908292083507,equal_weight
2004-09-20,1.5848551567207727,-2.288584151167483,equal_weight
2004-09-21,1.5815029401710006,-2.4952590791071816,equal_weight
2004-09-22,1.5813100682066874,-2.50715025580599,equal_weight
2004-09-23,1.5768141964236746,-2.7843352058186777,equal_weight
2004-09-24,1.5828635546901428,-2.411372819516777,equal_weight
2004-09-27,1.5854800427031852,-2.2500579212929805,equal_weight
2004-09-28,1.5945758268568904,-1.6892735845382978,equal_weight
2004-09-29,1.5919925538093356,-1.8485406733509957,equal_weight
2004-09-30,1.5959367640195088,-1.6053674329402634,equal_weight
2004-10-01,1.5927056249774558,-1.8045775432551259,equal_weight
2004-10-04,1.5873567875103258,-2.1343505700470278,equal_weight
2004-10-05,1.590882966180481,-1.9169503180834768,equal_weight
2004-10-06,1.5944993833683192,-1.693986571380679,equal_weight
2004-10-07,1.593068291817333,-1.782217966573607,equal_weight
2004-10-08,1.6023726297089709,-1.2085756213582877,equal_weight
2004-10-11,1.6035217063654772,-1.1377313511106601,equal_weight
2004-10-12,1.6085542411227594,-0.8274594033195748,equal_weight
2004-10-13,1.6012661090911557,-1.2767961749995171,equal_weight
2004-10-14,1.603565802843467,-1.1350126614688594,equal_weight
2004-10-15,1.6131231737463625,-0.5457700175880098,equal_weight
2004-10-18,1.608923786274701,-0.8046757565849383,equal_weight
2004-10-19,1.596478849015399,-1.5719461500967036,equal_weight
2004-10-20,1.596666608674058,-1.560370163477942,equal_weight
2004-10-21,1.583708198632697,-2.3592978048599944,equal_weight
2004-10-22,1.5866241230446179,-2.179521689933195,equal_weight
2004-10-25,1.5853432449166212,-2.2584919446505647,equal_weight
2004-10-26,1.6018670182975288,-1.2397481904551144,equal_weight
2004-10-27,1.5929465773010463,-1.7897220578246498,equal_weight
2004-10-28,1.594921583958341,-1.6679565475969271,equal_weight
2004-10-29,1.5940586541561212,-1.7211589442926,equal_weight
2004-11-01,1.5936657749778944,-1.7453812087684928,equal_weight
2004-11-02,1.588523109009288,-2.062443099818445,equal_weight
2004-11-03,1.6097148168063997,-0.7559061810788359,equal_weight
2004-11-04,1.624335406293978,0.0,equal_weight
2004-11-05,1.6195128110989954,-0.2968965138786084,equal_weight
2004-11-08,1.621014155949221,-0.2044682601812342,equal_weight
2004-11-09,1.6259957525384705,0.0,equal_weight
2004-11-10,1.6356944992191842,0.0,equal_weight
2004-11-11,1.6327740706944176,-0.17854364162505076,equal_weight
2004-11-12,1.6342425342575109,-0.08876749065099832,equal_weight
2004-11-15,1.6240447431147893,-0.7122207789997503,equal_weight
2004-11-16,1.6207393724743233,-0.914298284429027,equal_weight
2004-11-17,1.6086734181624107,-1.6519638031229134,equal_weight
2004-11-18,1.608326486502158,-1.6731738555146203,equal_weight
2004-11-19,1.6172113855530217,-1.1299856834503963,equal_weight
2004-11-22,1.624940881384345,-0.6574343705363472,equal_weight
2004-11-23,1.6291855499128522,-0.3979318454295111,equal_weight
2004-11-24,1.624108513975168,-0.70832207661925,equal_weight
2004-11-26,1.6242410278865194,-0.7002206914636155,equal_weight
2004-11-29,1.6218959872563727,-0.8435873550591722,equal_weight
2004-11-30,1.6198505929791374,-0.96863480604783,equal_weight
2004-12-01,1.6150383934206105,-1.2628339710400782,equal_weight
2004-12-02,1.6153603241596697,-1.2431523777344244,equal_weight
2004-12-03,1.6081251174518882,-1.6854847760664704,equal_weight
2004-12-06,1.6066560021571006,-1.7753007713815383,equal_weight
2004-12-07,1.6025930291848567,-2.02369513684425,equal_weight
2004-12-08,1.6117617210913653,-1.4631569733372207,equal_weight
2004-12-09,1.6171279701815626,-1.135085374835243,equal_weight
2004-12-10,1.617676248188833,-1.1015657898802322,equal_weight
2004-12-13,1.6228060864059242,-0.7879474326906721,equal_weight
2004-12-14,1.6165501279322483,-1.1704124025650686,equal_weight
2004-12-15,1.61457752703363,-1.291009549499289,equal_weight
2004-12-16,1.6223859547325343,-0.8136326491898549,equal_weight
2004-12-17,1.624653425423998,-0.6750083099537729,equal_weight
2004-12-20,1.6346814506994165,-0.06193384646406841,equal_weight
2004-12-21,1.6426591427487311,0.0,equal_weight
2004-12-22,1.642660624982066,0.0,equal_weight
2004-12-23,1.645413661995332,0.0,equal_weight
2004-12-27,1.6398185491513384,-0.34004293104072936,equal_weight
2004-12-28,1.6426987038105434,-0.16500155842247288,equal_weight
2004-12-29,1.638144099537965,-0.4418075907156038,equal_weight
2004-12-30,1.6387743375162318,-0.40350488344972346,equal_weight
2004-12-31,1.6364645649478997,-0.5438812898016177,equal_weight
2005-01-03,1.6345501614672753,-0.660229143526303,equal_weight
2005-01-04,1.6467245561154225,0.0,equal_weight
2005-01-05,1.645477734166462,-0.07571527031222658,equal_weight
2005-01-06,1.6496922002406906,0.0,equal_weight
2005-01-07,1.649902345333485,0.0,equal_weight
2005-01-10,1.6477078782380508,-0.13300587768972916,equal_weight
2005-01-11,1.6513213361364878,0.0,equal_weight
2005-01-12,1.6472040995952246,-0.24932982158978323,equal_weight
2005-01-13,1.6421932468638814,-0.552774864155936,equal_weight
2005-01-14,1.6402510903501046,-0.6703871344800549,equal_weight
2005-01-18,1.6475003725098303,-0.231388255153131,equal_weight
2005-01-19,1.6497267964955526,-0.09656143877276868,equal_weight
2005-01-20,1.652650747339474,0.0,equal_weight
2005-01-21,1.6532471049395678,0.0,equal_weight
2005-01-24,1.6668618948781695,0.0,equal_weight
2005-01-25,1.6605557171433474,-0.3783263481035415,equal_weight
2005-01-26,1.6558101137464531,-0.6630292026997275,equal_weight
2005-01-27,1.647743662977237,-1.1469595627374818,equal_weight
2005-01-28,1.6431798509990345,-1.4207562097318105,equal_weight
2005-01-31,1.6460747654246344,-1.2470816878955904,equal_weight
2005-02-01,1.6513435971952632,-0.9309888078064432,equal_weight
2005-02-02,1.649067568861176,-1.0675345133073555,equal_weight
2005-02-03,1.6496943491372014,-1.0299321013768181,equal_weight
2005-02-04,1.6493157294718315,-1.0526466205900364,equal_weight
2005-02-07,1.6555099482601063,-0.6810370224998641,equal_weight
2005-02-08,1.6477002666255578,-1.1495630388750455,equal_weight
2005-02-09,1.6551003619727904,-0.7056093214152348,equal_weight
2005-02-10,1.656166417732729,-0.6416534674111185,equal_weight
2005-02-11,1.649251732043345,-1.0564860165641732,equal_weight
2005-02-14,1.6572057452990343,-0.5793011171954965,equal_weight
2005-02-15,1.6559652062718204,-0.6537247410737357,equal_weight
2005-02-16,1.6575050824971878,-0.5613429888662536,equal_weight
2005-02-17,1.6601764028145867,-0.40108254223854,equal_weight
2005-02-18,1.648516876516761,-1.1005721840410376,equal_weight
2005-02-22,1.631499208040269,-2.121512702795636,equal_weight
2005-02-23,1.6336305029248344,-1.9936499871672897,equal_weight
2005-02-24,1.6264843250154233,-2.422370442735289,equal_weight
2005-02-25,1.626189752764489,-2.4400427077165388,equal_weight
2005-02-28,1.6261840171393953,-2.440386804915673,equal_weight
2005-03-01,1.6341741445489426,-1.9610353101038425,equal_weight
2005-03-02,1.6396707066880387,-1.6312802082573352,equal_weight
2005-03-03,1.6435188201712303,-1.4004204414694632,equal_weight
2005-03-04,1.6561084375655206,-0.645131869994231,equal_weight
2005-03-07,1.6557973048929167,-0.6637976438990778,equal_weight
2005-03-08,1.662077331034701,-0.2870402076002976,equal_weight
2005-03-09,1.6541921795205226,-0.7600938863968065,equal_weight
2005-03-10,1.6627819129516521,-0.24477024395687108,equal_weight
2005-03-11,1.6595860888964413,-0.4364972289596869,equal_weight
2005-03-14,1.6680930062425092,0.0,equal_weight
2005-03-15,1.6666341559497289,-0.08745617224704683,equal_weight
2005-03-16,1.6633373412311827,-0.28509591452811067,equal_weight
2005-03-17,1.6604857931091606,-0.456042505116927,equal_weight
2005-03-18,1.6591110399297344,-0.5384571651077974,equal_weight
2005-03-21,1.6517936447127257,-0.9771254641549598,equal_weight
2005-03-22,1.6430308535560834,-1.5024433645267843,equal_weight
2005-03-23,1.6506048636816475,-1.048391336419241,equal_weight
2005-03-24,1.6511794549730987,-1.0139453379466756,equal_weight
2005-03-28,1.6571274857631126,-0.6573686502107656,equal_weight
2005-03-29,1.661299459257253,-0.40726428081844235,equal_weight
2005-03-30,1.6637392040851438,-0.26100476059022215,equal_weight
2005-03-31,1.6611237325609038,-0.41779886706102554,equal_weight
2005-04-01,1.6551664208917447,-0.774931931396472,equal_weight
2005-04-04,1.6602549642642843,-0.46988039329297626,equal_weight
2005-04-05,1.665322324583678,-0.1660987515961443,equal_weight
2005-04-06,1.6665404098276482,-0.09307612999099879,equal_weight
2005-04-07,1.6693140985143071,0.0,equal_weight
2005-04-08,1.6629886954901623,-0.3789222789033264,equal_weight
2005-04-11,1.6619241373864417,-0.4426944656157006,equal_weight
2005-04-12,1.6775768095294312,0.0,equal_weight
2005-04-13,1.6693011867255287,-0.49330813092390846,equal_weight
2005-04-14,1.6616075998928754,-0.951921220288876,equal_weight
2005-04-15,1.6542152651489728,-1.392576736144291,equal_weight
2005-04-18,1.6563002504895925,-1.268291199483551,equal_weight
2005-04-19,1.648518123137412,-1.7321821705541085,equal_weight
2005-04-20,1.6381167275340065,-2.3522071699652036,equal_weight
2005-04-21,1.64437658023273,-1.979058670107281,equal_weight
2005-04-22,1.6494146917131347,-1.6787379067427666,equal_weight
2005-04-25,1.6583895747752526,-1.1437470192235621,equal_weight
2005-04-26,1.6525405899600243,-1.4924037711530946,equal_weight
2005-04-27,1.663962802206585,-0.8115281068212243,equal_weight
2005-04-28,1.6686082657055659,-0.534613006863216,equal_weight
2005-04-29,1.6804643536110218,0.0,equal_weight
2005-05-02,1.6896009458922063,0.0,equal_weight
2005-05-03,1.6910627695390616,0.0,equal_weight
2005-05-04,1.698468375773972,0.0,equal_weight
2005-05-05,1.6989593837783161,0.0,equal_weight
2005-05-06,1.697080359810168,-0.11059852201819043,equal_weight
2005-05-09,1.699218232447071,0.0,equal_weight
2005-05-10,1.6965960518236327,-0.15431688369198504,equal_weight
2005-05-11,1.6954732348534163,-0.22039532781269466,equal_weight
2005-05-12,1.689007376445158,-0.6009149270490233,equal_weight
2005-05-13,1.678482624536282,-1.2203028142493078,equal_weight
2005-05-16,1.690280371232776,-0.5259984293732201,equal_weight
2005-05-17,1.6964433755948982,-0.16330197023467496,equal_weight
2005-05-18,1.6998353505058035,0.0,equal_weight
2005-05-19,1.6950525667372738,-0.2813674728618043,equal_weight
2005-05-20,1.690101938554537,-0.5726091028975366,equal_weight
2005-05-23,1.6919773712437887,-0.46227884716461,equal_weight
2005-05-24,1.6883816424875708,-0.6738127910344116,equal_weight
2005-05-25,1.6891769398414251,-0.6270260623304935,equal_weight
2005-05-26,1.683295430901591,-0.9730306879010886,equal_weight
2005-05-27,1.685717358012136,-0.8305505877064134,equal_weight
2005-05-31,1.6836325080529895,-0.9532006995849773,equal_weight
2005-06-01,1.6915387003552929,-0.48808551652028687,equal_weight
2005-06-02,1.6825398986072708,-1.0174780688839147,equal_weight
2005-06-03,1.6869694175550343,-0.7568928924169493,equal_weight
2005-06-06,1.6898227975974063,-0.5890307496792424,equal_weight
2005-06-07,1.6894906838133001,-0.6085687469333578,equal_weight
2005-06-08,1.6859322229451705,-0.8179102497483659,equal_weight
2005-06-09,1.6759651303357963,-1.4042666051688135,equal_weight
2005-06-10,1.6757940782206904,-1.414329468907638,equal_weight
2005-06-13,1.6727766415770735,-1.5918429347100194,equal_weight
2005-06-14,1.6749803039252817,-1.4622031818038006,equal_weight
2005-06-15,1.673713914530171,-1.5367038912245112,equal_weight
2005-06-16,1.6686275354533844,-1.8359316414459093,equal_weight
2005-06-17,1.6741317025403848,-1.512125745459425,equal_weight
2005-06-20,1.6755308749485687,-1.429813513997269,equal_weight
2005-06-21,1.6717963635646724,-1.6495119325991014,equal_weight
2005-06-22,1.6721162014966424,-1.6306961142391163,equal_weight
2005-06-23,1.6667323741311426,-1.9474225174109239,equal_weight
2005-06-24,1.667573846757778,-1.8979193330945665,equal_weight
2005-06-27,1.678323997482127,-1.2654962739347408,equal_weight
2005-06-28,1.680016260471731,-1.1659417500745062,equal_weight
2005-06-29,1.6769004318628893,-1.349243539151579,equal_weight
2005-06-30,1.676491066747081,-1.373326172548195,equal_weight
2005-07-01,1.675582297805878,-1.4267883470424736,equal_weight
2005-07-05,1.6716880318340606,-1.655885004589852,equal_weight
2005-07-06,1.6541744484799255,-2.6861955784300617,equal_weight
2005-07-07,1.6502823045585409,-2.915167397390439,equal_weight
2005-07-08,1.6515990897634258,-2.837701941427706,equal_weight
2005-07-11,1.649850962160269,-2.9405429373298486,equal_weight
2005-07-12,1.6447904842078478,-3.2382469444217965,equal_weight
2005-07-13,1.6473566521434888,-3.0872812679592188,equal_weight
2005-07-14,1.6511934554079182,-2.861565097079044,equal_weight
2005-07-15,1.653824665803559,-2.70677302296094,equal_weight
2005-07-18,1.6487068910504687,-3.0078477565560036,equal_weight
2005-07-19,1.6412407972300362,-3.447072286050046,equal_weight
2005-07-20,1.6399931134581434,-3.5204725581129637,equal_weight
2005-07-21,1.6455691545770064,-3.192438368377837,equal_weight
2005-07-22,1.6503488089131808,-2.9112549976029967,equal_weight
2005-07-25,1.655461222707804,-2.6104956450514694,equal_weight
2005-07-26,1.6526894422637366,-2.773557346482891,equal_weight
2005-07-27,1.6537957880372858,-2.7084718796334117,equal_weight
2005-07-28,1.657096761527509,-2.5142781602687125,equal_weight
2005-07-29,1.656920372981792,-2.5246549620962733,equal_weight
2005-08-01,1.6473888331933708,-3.085388081664886,equal_weight
2005-08-02,1.656262380260191,-2.5633641653967754,equal_weight
2005-08-03,1.6579617402947415,-2.4633921278670923,equal_weight
2005-08-04,1.6551269523656738,-2.630160510947499,equal_weight
2005-08-05,1.6461998364953658,-3.1553358385256414,equal_weight
2005-08-08,1.6395170379132784,-3.548479714495689,equal_weight
2005-08-09,1.63854494615894,-3.6056671211494584,equal_weight
2005-08-10,1.6377546632884272,-3.6521588516736925,equal_weight
2005-08-11,1.6403479522689999,-3.4995976650975313,equal_weight
2005-08-12,1.6426282996360408,-3.365446591797261,equal_weight
2005-08-15,1.6463313235920285,-3.1476005542451113,equal_weight
2005-08-16,1.6487803798579685,-3.0035244668045635,equal_weight
2005-08-17,1.6526769737897427,-2.774290857172046,equal_weight
2005-08-18,1.6587847065508878,-2.4149776590244865,equal_weight
2005-08-19,1.6573872999921482,-2.49718600692852,equal_weight
2005-08-22,1.664667874473513,-2.0688754367783946,equal_weight
2005-08-23,1.660745912507794,-2.2996014282429256,equal_weight
2005-08-24,1.6524905117178783,-2.785260276757817,equal_weight
2005-08-25,1.655289740103325,-2.6205838341474275,equal_weight
2005-08-26,1.651247878446304,-2.858363431790123,equal_weight
2005-08-29,1.6515676810606417,-2.839549691139165,equal_weight
2005-08-30,1.6418458624185672,-3.411476768616495,equal_weight
2005-08-31,1.6380855839412496,-3.6326910454109296,equal_weight
2005-09-01,1.6322912011201989,-3.9735701087464825,equal_weight
2005-09-02,1.637887963977147,-3.644316875174014,equal_weight
2005-09-06,1.6428696661613256,-3.351247185648143,equal_weight
2005-09-07,1.6418616392835976,-3.4105486278394603,equal_weight
2005-09-08,1.633960278732874,-3.8753795626928045,equal_weight
2005-09-09,1.6294272032223152,-4.1420568917182266,equal_weight
2005-09-12,1.6297065918501328,-4.125620674661413,equal_weight
2005-09-13,1.6220777309116385,-4.574420667921009,equal_weight
2005-09-14,1.6136095400894845,-5.072597789583655,equal_weight
2005-09-15,1.6181137533678713,-4.807618403371539,equal_weight
2005-09-16,1.627160724609982,-4.275392076897122,equal_weight
2005-09-19,1.6152258226108342,-4.977513137951439,equal_weight
2005-09-20,1.6159686207883959,-4.933814895216305,equal_weight
2005-09-21,1.597531207579263,-6.018473665469948,equal_weight
2005-09-22,1.6045868303789517,-5.603396828905205,equal_weight
2005-09-23,1.614098533947318,-5.04383065883256,equal_weight
2005-09-26,1.6043821824221618,-5.61543611004669,equal_weight
2005-09-27,1.6072427403531087,-5.44715169767136,equal_weight
2005-09-28,1.604534710485491,-5.606463001958084,equal_weight
2005-09-29,1.6010545334925852,-5.811199124893185,equal_weight
2005-09-30,1.5992020138410046,-5.92018142432762,equal_weight
2005-10-03,1.5956883375532684,-6.126888284888599,equal_weight
2005-10-04,1.5996941231584383,-5.8912310134959345,equal_weight
2005-10-05,1.6044310154887158,-5.612563298480588,equal_weight
2005-10-06,1.6148487626320418,-4.999695285103522,equal_weight
2005-10-07,1.6072685378278888,-5.445634052166904,equal_weight
2005-10-10,1.6106938814473668,-5.244123734214123,equal_weight
2005-10-11,1.6043798630393338,-5.615572557546001,equal_weight
2005-10-12,1.613435047567984,-5.082863049771868,equal_weight
2005-10-13,1.6115134043068542,-5.195911837735823,equal_weight
2005-10-14,1.6076704341377768,-5.421990802850529,equal_weight
2005-10-17,1.6028904200553513,-5.703195337219292,equal_weight
2005-10-18,1.6037611724347074,-5.651969647678423,equal_weight
2005-10-19,1.6062534588432387,-5.505350364358441,equal_weight
2005-10-20,1.6045936564249914,-5.602995257892007,equal_weight
2005-10-21,1.6026613444241327,-5.716671679569185,equal_weight
2005-10-24,1.6093737180650256,-5.321787925745869,equal_weight
2005-10-25,1.6083661778096585,-5.381060740319787,equal_weight
2005-10-26,1.6041218626796594,-5.6307505193172736,equal_weight
2005-10-27,1.6114070618401755,-5.202167882866727,equal_weight
2005-10-28,1.620998293376153,-4.6379231439204744,equal_weight
2005-10-31,1.6142729939408615,-5.033567312238918,equal_weight
2005-11-01,1.6018981478155856,-5.761569946234834,equal_weight
2005-11-02,1.5990839573868512,-5.9271265942888345,equal_weight
2005-11-03,1.5987946038360215,-5.944149040065339,equal_weight
2005-11-04,1.5990232095118377,-5.930700344828576,equal_weight
2005-11-07,1.5977044226869122,-6.008283554551397,equal_weight
2005-11-08,1.6032784256908024,-5.680369265545016,equal_weight
2005-11-09,1.6104751934762678,-5.256988978546994,equal_weight
2005-11-10,1.6108114568946221,-5.237206861516997,equal_weight
2005-11-11,1.6041813438502468,-5.627251288019974,equal_weight
2005-11-14,1.601618190033397,-5.778039646203437,equal_weight
2005-11-15,1.608720826001067,-5.360197061299166,equal_weight
2005-11-16,1.6051830519559442,-5.568321574303914,equal_weight
2005-11-17,1.602269959907199,-5.739696528229798,equal_weight
2005-11-18,1.603028332990322,-5.695082025837117,equal_weight
2005-11-21,1.6009812051464998,-5.815512974823633,equal_weight
2005-11-22,1.5944620652860957,-6.199028934676109,equal_weight
2005-11-23,1.5952360819593407,-6.153494131966264,equal_weight
2005-11-25,1.5987866170983798,-5.9446188936684745,equal_weight
2005-11-28,1.6044007897573511,-5.614341454897664,equal_weight
2005-11-29,1.6098466650372802,-5.293964820871988,equal_weight
2005-11-30,1.6024744872854013,-5.7276643406334316,equal_weight
2005-12-01,1.603204563082038,-5.6847145457359805,equal_weight
2005-12-02,1.6065740765243124,-5.486488673961287,equal_weight
2005-12-05,1.6074529394463264,-5.434785847463863,equal_weight
2005-12-06,1.602331326872209,-5.736086357104009,equal_weight
2005-12-07,1.6007702022326358,-5.827926113178538,equal_weight
2005-12-08,1.605693364702881,-5.53830026978257,equal_weight
2005-12-09,1.6080145645993278,-5.401745873749098,equal_weight
2005-12-12,1.603585518248692,-5.66230324769228,equal_weight
2005-12-13,1.6093813847840581,-5.321336898590201,equal_weight
2005-12-14,1.6126837968793653,-5.127058547200192,equal_weight
2005-12-15,1.612288216852286,-5.150330214480292,equal_weight
2005-12-16,1.6162678536121171,-4.91621125945051,equal_weight
2005-12-19,1.620831417807431,-4.647740304663273,equal_weight
2005-12-20,1.6259858722846225,-4.344507731246217,equal_weight
2005-12-21,1.6178139089037862,-4.825258021467249,equal_weight
2005-12-22,1.615233910394471,-4.9770373398905,equal_weight
2005-12-23,1.614066115683972,-5.045737800211647,equal_weight
2005-12-27,1.6155922942595913,-4.95595389407244,equal_weight
2005-12-28,1.6140249554000956,-5.048159227902516,equal_weight
2005-12-29,1.6153289189930773,-4.971448057459238,equal_weight
2005-12-30,1.6138148030095107,-5.060522330630224,equal_weight
2006-01-03,1.6152215070105298,-4.977767021382151,equal_weight
2006-01-04,1.6132749403119353,-5.092282035910789,equal_weight
2006-01-05,1.6130042009091183,-5.108209425745125,equal_weight
2006-01-06,1.6144427624548223,-5.023579961763458,equal_weight
2006-01-09,1.605357067226271,-5.558084390433438,equal_weight
2006-01-10,1.6045079723141493,-5.608035987914272,equal_weight
2006-01-11,1.6008277829369337,-5.8245386848443275,equal_weight
2006-01-12,1.6008426952165582,-5.823661406958558,equal_weight
2006-01-13,1.6079157332832883,-5.407560043692672,equal_weight
2006-01-17,1.6136988077049759,-5.0673462447522795,equal_weight
2006-01-18,1.614331690144528,-5.030114259938944,equal_weight
2006-01-19,1.6031298751127998,-5.689108381245744,equal_weight
2006-01-20,1.601091507566339,-5.809023968708626,equal_weight
2006-01-23,1.6004834120042526,-5.844797760676512,equal_weight
2006-01-24,1.598666770321601,-5.951669386926128,equal_weight
2006-01-25,1.6002777797952932,-5.8568949446124785,equal_weight
2006-01-26,1.5966881365601542,-6.068070881980237,equal_weight
2006-01-27,1.5911009877761755,-6.396758527069868,equal_weight
2006-01-30,1.5840015240087981,-6.81441449388247,equal_weight
2006-01-31,1.583724423264601,-6.830716116514013,equal_weight
2006-02-01,1.5889416293596201,-6.523791913916,equal_weight
2006-02-02,1.5907416503024168,-6.41789807294717,equal_weight
2006-02-03,1.5959718112764907,-6.110211744826177,equal_weight
2006-02-06,1.589548578210736,-6.488085582068326,equal_weight
2006-02-07,1.594505164734458,-6.196493427437167,equal_weight
2006-02-08,1.593389312748795,-6.262138137398676,equal_weight
2006-02-09,1.5964054737095636,-6.084699719032383,equal_weight
2006-02-10,1.6054255006444724,-5.554058505327497,equal_weight
2006-02-13,1.6073710410231468,-5.439603868406606,equal_weight
2006-02-14,1.609510289959026,-5.313753506767604,equal_weight
2006-02-15,1.6090364482672064,-5.341629247302038,equal_weight
2006-02-16,1.6174823884591278,-4.844761113020191,equal_weight
2006-02-17,1.6226527801473016,-4.540590965797675,equal_weight
2006-02-21,1.6266298988606724,-4.306620145495154,equal_weight
2006-02-22,1.629375664269114,-4.1450888885046115,equal_weight
2006-02-23,1.6310092950371065,-4.048983652929506,equal_weight
2006-02-24,1.6300545808641147,-4.105148749902443,equal_weight
2006-02-27,1.6303837953785285,-4.0857813144437145,equal_weight
2006-02-28,1.6328652328336293,-3.9398002666697463,equal_weight
2006-03-01,1.6287404778505303,-4.182456414623815,equal_weight
2006-03-02,1.626373625870106,-4.321696487476756,equal_weight
2006-03-03,1.6274528498738126,-4.258206573386813,equal_weight
2006-03-06,1.6219888754044423,-4.579647968739864,equal_weight
2006-03-07,1.6297446495900596,-4.123381767233381,equal_weight
2006-03-08,1.6368246920851637,-3.706868338859426,equal_weight
2006-03-09,1.6384458361338758,-3.611497687329568,equal_weight
2006-03-10,1.6408370927775655,-3.47082190699719,equal_weight
2006-03-13,1.639611760112357,-3.542907280727303,equal_weight
2006-03-14,1.6344096246854107,-3.8489448875695276,equal_weight
2006-03-15,1.634766260216044,-3.8279642949181847,equal_weight
2006-03-16,1.6405901588803098,-3.485348837336788,equal_weight
2006-03-17,1.6369188142575228,-3.701331204199232,equal_weight
2006-03-20,1.6345467716122162,-3.8408766398557392,equal_weight
2006-03-21,1.6351785610926117,-3.803708952984919,equal_weight
2006-03-22,1.633902710263095,-3.878766271279721,equal_weight
2006-03-23,1.6254108460962853,-4.378336077513179,equal_weight
2006-03-24,1.6248791451556424,-4.409615632940989,equal_weight
2006-03-27,1.615697690537967,-4.949753512468158,equal_weight
2006-03-28,1.611384658310845,-5.203485865183288,equal_weight
2006-03-29,1.6126023632423891,-5.131849225129792,equal_weight
2006-03-30,1.610907829075491,-5.231537360595018,equal_weight
2006-03-31,1.609354594475209,-5.322912951755654,equal_weight
2006-04-03,1.619852910921191,-4.705305108569069,equal_weight
2006-04-04,1.6228069229300155,-4.531522865015569,equal_weight
2006-04-05,1.6095291812219694,-5.31264214836823,equal_weight
2006-04-06,1.6051632642819966,-5.5694856678699,equal_weight
2006-04-07,1.601986659349688,-5.756362881087251,equal_weight
2006-04-10,1.604667524917706,-5.598649631552799,equal_weight
2006-04-11,1.6022250457531126,-5.742338793204049,equal_weight
2006-04-12,1.6080190415318398,-5.401482499269283,equal_weight
2006-04-13,1.6043996806911953,-5.614406700402497,equal_weight
2006-04-17,1.6028250347858868,-5.707041902090715,equal_weight
2006-04-18,1.6042352180090809,-5.62408191289091,equal_weight
2006-04-19,1.603171472759265,-5.686661223851774,equal_weight
2006-04-20,1.6112580856277028,-5.2109320383143976,equal_weight
2006-04-21,1.6144712300683286,-5.021905234061286,equal_weight
2006-04-24,1.6200496381840588,-4.693731795729727,equal_weight
2006-04-25,1.6141591608485686,-5.040264025085783,equal_weight
2006-04-26,1.6212035956234463,-4.625845371374327,equal_weight
2006-04-27,1.6361835338154054,-3.7445871843680534,equal_weight
2006-04-28,1.6366612912763148,-3.716481082164258,equal_weight
2006-05-01,1.6299101600419768,-4.11364491525722,equal_weight
2006-05-02,1.624453555553989,-4.434652740301226,equal_weight
2006-05-03,1.6157613132034088,-4.946010640229225,equal_weight
2006-05-04,1.6155060750559276,-4.961026103191868,equal_weight
2006-05-05,1.6204777433126745,-4.668546701862352,equal_weight
2006-05-08,1.6158778298385523,-4.939156056630356,equal_weight
2006-05-09,1.6141617768007641,-5.0401101306397855,equal_weight
2006-05-10,1.610041496020435,-5.28250306470267,equal_weight
2006-05-11,1.6118346498339697,-5.1770132116412455,equal_weight
2006-05-12,1.6185608658274806,-4.781315122911101,equal_weight
2006-05-15,1.629342639807967,-4.147031692031867,equal_weight
2006-05-16,1.628315699338809,-4.207445806190169,equal_weight
2006-05-17,1.6298050506504815,-4.119828419528027,equal_weight
2006-05-18,1.629083936605667,-4.162251001491624,equal_weight
2006-05-19,1.6285943700619017,-4.191051822913517,equal_weight
2006-05-22,1.6374526361824833,-3.669926872903162,equal_weight
2006-05-23,1.6348224477690518,-3.8246588245977153,equal_weight
2006-05-24,1.6410344711506797,-3.4592102898452493,equal_weight
2006-05-25,1.638307765062528,-3.619620301752602,equal_weight
2006-05-26,1.634566924108959,-3.839691084046648,equal_weight
2006-05-30,1.6384040567062677,-3.613955538767699,equal_weight
2006-05-31,1.6427373393037814,-3.3590318724123436,equal_weight
2006-06-01,1.644301105644741,-3.2670367070868234,equal_weight
2006-06-02,1.6475423520835548,-3.0763566839981493,equal_weight
2006-06-05,1.6494821285949586,-2.96224113093434,equal_weight
2006-06-06,1.6535426857622044,-2.723361690873427,equal_weight
2006-06-07,1.6610245014617642,-2.28321225538054,equal_weight
2006-06-08,1.663869375206112,-2.115850531581742,equal_weight
2006-06-09,1.665289353317098,-2.0323143167028435,equal_weight
2006-06-12,1.6704050996971487,-1.7313589107261218,equal_weight
2006-06-13,1.6728278717920824,-1.5888291007528865,equal_weight
2006-06-14,1.6680929708523144,-1.8673796638035367,equal_weight
2006-06-15,1.6657715322080084,-2.0039481051890684,equal_weight
2006-06-16,1.6667428110065776,-1.9468085240949229,equal_weight
2006-06-19,1.665337415162736,-2.0294868754672124,equal_weight
2006-06-20,1.6692908779915463,-1.7969077125715938,equal_weight
2006-06-21,1.6619600071111211,-2.228177181008273,equal_weight
2006-06-22,1.6601566370191065,-2.334268049837307,equal_weight
2006-06-23,1.6450015721416638,-3.2258288044088146,equal_weight
2006-06-26,1.649166759402878,-2.9807940567801783,equal_weight
2006-06-27,1.6516399828208548,-2.8352962344622146,equal_weight
2006-06-28,1.657488661320456,-2.491222998318443,equal_weight
2006-06-29,1.6588013174072278,-2.4140004551832406,equal_weight
2006-06-30,1.6663567179022856,-1.9695220830391547,equal_weight
2006-07-03,1.668595487350859,-1.8378170065500021,equal_weight
2006-07-05,1.670199772496213,-1.743438151275778,equal_weight
2006-07-06,1.6760354380287918,-1.4001304579252194,equal_weight
2006-07-07,1.6805489638262412,-1.1346032234135772,equal_weight
2006-07-10,1.693086665600438,-0.39701991745008103,equal_weight
2006-07-11,1.6934647032516523,-0.3747802545849832,equal_weight
2006-07-12,1.688423847089856,-0.6713299268986117,equal_weight
2006-07-13,1.6926041591239782,-0.4254054005685681,equal_weight
2006-07-14,1.6932272872277698,-0.3887472557896454,equal_weight
2006-07-17,1.7088916667019123,0.0,equal_weight
2006-07-18,1.713531584712486,0.0,equal_weight
2006-07-19,1.7270486757758283,0.0,equal_weight
2006-07-20,1.7337939989605757,0.0,equal_weight
2006-07-21,1.7402651066334038,0.0,equal_weight
2006-07-24,1.7404598620068505,0.0,equal_weight
2006-07-25,1.7349235345176284,-0.31809567172887965,equal_weight
2006-07-26,1.7297573163489908,-0.6149263129526683,equal_weight
2006-07-27,1.7328516274368806,-0.43713932944119405,equal_weight
2006-07-28,1.7413694992502093,0.0,equal_weight
2006-07-31,1.7355157736248106,-0.33615643480141566,equal_weight
2006-08-01,1.7349278813301128,-0.3699167765870537,equal_weight
2006-08-02,1.7380029120687437,-0.19332985807521963,equal_weight
2006-08-03,1.737457413656952,-0.22465568593809104,equal_weight
2006-08-04,1.7424544961114128,0.0,equal_weight
2006-08-07,1.7355467919140843,-0.3964352706337104,equal_weight
2006-08-08,1.7397379576389433,-0.1559029793048783,equal_weight
2006-08-09,1.7411082536730913,-0.0772612680173812,equal_weight
2006-08-10,1.745119037893879,0.0,equal_weight
2006-08-11,1.7494800863962299,0.0,equal_weight
2006-08-14,1.7566635004943887,0.0,equal_weight
2006-08-15,1.7545253239326375,-0.12171805022130888,equal_weight
2006-08-16,1.7428434924820444,-0.7867191416258579,equal_weight
2006-08-17,1.7422970767270638,-0.8178244588836536,equal_weight
2006-08-18,1.7421333890927122,-0.8271425573302515,equal_weight
2006-08-21,1.7494255072589948,-0.4120307180832783,equal_weight
2006-08-22,1.7451504771060626,-0.6553915069725025,equal_weight
2006-08-23,1.7472346134447547,-0.5367497558286138,equal_weight
2006-08-24,1.7477291186736932,-0.508599502305429,equal_weight
2006-08-25,1.7415124110401836,-0.8624924153055491,equal_weight
2006-08-28,1.743872422686111,-0.7281461591635341,equal_weight
2006-08-29,1.7404999691857408,-0.9201267803480184,equal_weight
2006-08-30,1.7403277858094852,-0.9299285082376874,equal_weight
2006-08-31,1.7426206644442508,-0.7994038725222974,equal_weight
2006-09-01,1.7429478384495773,-0.7807791327679614,equal_weight
2006-09-05,1.7444341576676992,-0.6961687780982384,equal_weight
2006-09-06,1.758285317237768,0.0,equal_weight
2006-09-07,1.7536226951165512,-0.26518006352584944,equal_weight
2006-09-08,1.7557005180977507,-0.1470068091154797,equal_weight
2006-09-11,1.758292493175408,0.0,equal_weight
2006-09-12,1.744495809663587,-0.7846637328755679,equal_weight
2006-09-13,1.7472487130210475,-0.6280968722340408,equal_weight
2006-09-14,1.748432227376875,-0.5607864355222092,equal_weight
2006-09-15,1.752734047160146,-0.31612749510314675,equal_weight
2006-09-18,1.744528144607619,-0.7828247359989104,equal_weight
2006-09-19,1.7493866331655912,-0.5065061725727515,equal_weight
2006-09-20,1.753904497798673,-0.24956003587380815,equal_weight
2006-09-21,1.7592982971925761,0.0,equal_weight
2006-09-22,1.759597249204586,0.0,equal_weight
2006-09-25,1.7604343903327384,0.0,equal_weight
2006-09-26,1.7571297419211251,-0.18771778316536425,equal_weight
2006-09-27,1.7686924595273985,0.0,equal_weight
2006-09-28,1.76929571227324,0.0,equal_weight
2006-09-29,1.7697971307952272,0.0,equal_weight
2006-10-02,1.7723543268198583,0.0,equal_weight
2006-10-03,1.7695319890059673,-0.15924230111227233,equal_weight
2006-10-04,1.7666857656546886,-0.3198322750361582,equal_weight
2006-10-05,1.7637775948085554,-0.48391745834999167,equal_weight
2006-10-06,1.7604931306552494,-0.6692339102357447,equal_weight
2006-10-09,1.7568760603180142,-0.873316710300065,equal_weight
2006-10-10,1.7516366362013618,-1.168936160506362,equal_weight
2006-10-11,1.762329654165947,-0.5656133484266967,equal_weight
2006-10-12,1.7547021435538772,-0.9959737169290772,equal_weight
2006-10-13,1.760514546335809,-0.6680255919985001,equal_weight
2006-10-16,1.757547595922642,-0.8354272434781151,equal_weight
2006-10-17,1.7666488702790326,-0.3219139905880408,equal_weight
2006-10-18,1.7770489327994212,0.0,equal_weight
2006-10-19,1.769546420135849,-0.4221894245620583,equal_weight
2006-10-20,1.7761846415440106,-0.04863632280790453,equal_weight
2006-10-23,1.779669192223494,0.0,equal_weight
2006-10-24,1.7696915817442527,-0.5606441086264735,equal_weight
2006-10-25,1.7635544371406864,-0.9054916022159132,equal_weight
2006-10-26,1.7617867161864538,-1.0048202281176755,equal_weight
2006-10-27,1.7590649595522612,-1.1577563269210778,equal_weight
2006-10-30,1.7563346995236069,-1.3111702333135966,equal_weight
2006-10-31,1.7586336074129032,-1.1819940976957155,equal_weight
2006-11-01,1.7632911501474196,-0.9202857557820576,equal_weight
2006-11-02,1.7614880165106894,-1.021604228035733,equal_weight
2006-11-03,1.7595618772755333,-1.1298344116885461,equal_weight
2006-11-06,1.7562762029858152,-1.3144571665283378,equal_weight
2006-11-07,1.7581232044891881,-1.210673749281832,equal_weight
2006-11-08,1.7561500954600133,-1.3215431759031726,equal_weight
2006-11-09,1.7504670001742093,-1.640877539313912,equal_weight
2006-11-10,1.7478268085410755,-1.7892304829211003,equal_weight
2006-11-13,1.7457940949051411,-1.9034491053941172,equal_weight
2006-11-14,1.7401816667558807,-2.2188126669922315,equal_weight
2006-11-15,1.7334779478839268,-2.595496092274119,equal_weight
2006-11-16,1.7498009878552108,-1.6783009167544383,equal_weight
2006-11-17,1.747901359049866,-1.7850414735750775,equal_weight
2006-11-20,1.7519407128740616,-1.5580693013395819,equal_weight
2006-11-21,1.7433622237043107,-2.0400964784821563,equal_weight
2006-11-22,1.7358324777875598,-2.4631945435412694,equal_weight
2006-11-24,1.7369813794930704,-2.3986375061698983,equal_weight
2006-11-27,1.7423316869512118,-2.0980025633659083,equal_weight
2006-11-28,1.7461535106566295,-1.883253455940903,equal_weight
2006-11-29,1.7520911792627478,-1.5496145621473945,equal_weight
2006-11-30,1.7401094474840442,-2.222870683625444,equal_weight
2006-12-01,1.7457281257051864,-1.9071559291253481,equal_weight
2006-12-04,1.7499304498014854,-1.6710264217617565,equal_weight
2006-12-05,1.75074018640649,-1.6255271453488818,equal_weight
2006-12-06,1.745325383942421,-1.9297860766002373,equal_weight
2006-12-07,1.750015214262226,-1.6662634882283145,equal_weight
2006-12-08,1.7530471517848778,-1.4958982576618651,equal_weight
2006-12-11,1.7597706791443875,-1.118101789144621,equal_weight
2006-12-12,1.773523963976093,-0.34530171529930653,equal_weight
2006-12-13,1.7738611240207263,-0.3263566188675293,equal_weight
2006-12-14,1.777249829557005,-0.135944515815678,equal_weight
2006-12-15,1.7835094046748339,0.0,equal_weight
2006-12-18,1.7917397611832144,0.0,equal_weight
2006-12-19,1.7926879098913446,0.0,equal_weight
2006-12-20,1.796806582935932,0.0,equal_weight
2006-12-21,1.8004096767547544,0.0,equal_weight
2006-12-22,1.799846795739432,-0.03126405187606762,equal_weight
2006-12-26,1.8072253681135944,0.0,equal_weight
2006-12-27,1.8046990159903575,-0.1397917585604591,equal_weight
2006-12-28,1.806056459701534,-0.06467972576549297,equal_weight
2006-12-29,1.8036425488958363,-0.19824971920894274,equal_weight
2007-01-03,1.8181735951416438,0.0,equal_weight
2007-01-04,1.8096097090102927,-0.4710158674746334,equal_weight
2007-01-05,1.798601135416445,-1.076490153497911,equal_weight
2007-01-08,1.8007775598114262,-0.95678627039254,equal_weight
2007-01-09,1.7972123756368144,-1.1528722868289432,equal_weight
2007-01-10,1.7936485971546416,-1.3488809898315357,equal_weight
2007-01-11,1.7973722039079105,-1.1440816921616692,equal_weight
2007-01-12,1.7922316707410162,-1.4268122950386708,equal_weight
2007-01-16,1.799209521471783,-1.0430287691194584,equal_weight
2007-01-17,1.800680988773472,-0.9620977015018739,equal_weight
2007-01-18,1.8130999256971165,-0.27905308151457975,equal_weight
2007-01-19,1.8095502800704877,-0.47428447394674,equal_weight
2007-01-22,1.816090193329754,-0.1145876178961669,equal_weight
2007-01-23,1.81465435230029,-0.1935592316793966,equal_weight
2007-01-24,1.811297696533155,-0.3781761338335299,equal_weight
2007-01-25,1.8128223556297602,-0.2943195042642066,equal_weight
2007-01-26,1.8120605269523673,-0.3362202710242457,equal_weight
2007-01-29,1.8099855646908036,-0.45034371155314723,equal_weight
2007-01-30,1.8092545228499617,-0.4905511946447172,equal_weight
2007-01-31,1.7979471129615645,-1.112461551203181,equal_weight
2007-02-01,1.8019312876728417,-0.8933309510270826,equal_weight
2007-02-02,1.79807884408946,-1.1052163064010578,equal_weight
2007-02-05,1.8004609411383734,-0.9742003761687323,equal_weight
2007-02-06,1.8067050805970128,-0.6307711527257953,equal_weight
2007-02-07,1.8063719990783422,-0.6490907191060713,equal_weight
2007-02-08,1.8081652660281664,-0.5504605907940108,equal_weight
2007-02-09,1.817279785353528,-0.04915976067983996,equal_weight
2007-02-12,1.8268620127937325,0.0,equal_weight
2007-02-13,1.8290908632479683,0.0,equal_weight
2007-02-14,1.8284023277801127,-0.03764359014034602,equal_weight
2007-02-15,1.8240378810519913,-0.2762564888112995,equal_weight
2007-02-16,1.8222796538795145,-0.37238223126646597,equal_weight
2007-02-20,1.820506120715367,-0.4693447824323571,equal_weight
2007-02-21,1.8088298296478151,-1.1077106122642344,equal_weight
2007-02-22,1.8040221951707398,-1.3705534580558454,equal_weight
2007-02-23,1.8000945567389164,-1.5852851868475404,equal_weight
2007-02-26,1.8071058094475894,-1.2019661921737201,equal_weight
2007-02-27,1.8014973356791026,-1.5085924993287092,equal_weight
2007-02-28,1.8050305869218182,-1.3154226949352088,equal_weight
2007-03-01,1.8098076252174164,-1.0542526026459997,equal_weight
2007-03-02,1.8175132794668851,-0.6329693080705967,equal_weight
2007-03-05,1.819593693792282,-0.5192289593979993,equal_weight
2007-03-06,1.8156937533667818,-0.7324463836310913,equal_weight
2007-03-07,1.8034743404797675,-1.4005057530445897,equal_weight
2007-03-08,1.8043439887045953,-1.3529603717679306,equal_weight
2007-03-09,1.8060555024783562,-1.259388542825457,equal_weight
2007-03-12,1.8063390027288098,-1.2438890257620905,equal_weight
2007-03-13,1.7981297252737158,-1.6927063929057073,equal_weight
2007-03-14,1.798678277427472,-1.662715966252859,equal_weight
2007-03-15,1.8051883941435507,-1.3067950633121272,equal_weight
2007-03-16,1.8036384928872633,-1.3915312176186023,equal_weight
2007-03-19,1.8017609292889398,-1.4941813175151974,equal_weight
2007-03-20,1.8068714410860158,-1.2147795721037524,equal_weight
2007-03-21,1.8102611700773237,-1.0294564118705551,equal_weight
2007-03-22,1.8047511515181476,-1.3306999788189833,equal_weight
2007-03-23,1.799172606909478,-1.6356899998594687,equal_weight
2007-03-26,1.7959060574753738,-1.8142786910906872,equal_weight
2007-03-27,1.7932885673940893,-1.9573820291411859,equal_weight
2007-03-28,1.7935308688051699,-1.9441349337699698,equal_weight
2007-03-29,1.796463881724819,-1.78378134070456,equal_weight
2007-03-30,1.7948275235051587,-1.8732442674809113,equal_weight
2007-04-02,1.789431771119172,-2.1682406776868612,equal_weight
2007-04-03,1.795960170013943,-1.8113202520291583,equal_weight
2007-04-04,1.789456179978588,-2.1669061972678594,equal_weight
2007-04-05,1.7842003684778045,-2.4542517636576333,equal_weight
2007-04-09,1.7808325359010564,-2.638377803780523,equal_weight
2007-04-10,1.7779652719394734,-2.795136771811857,equal_weight
2007-04-11,1.773815597455201,-3.0220076489045233,equal_weight
2007-04-12,1.7636772576705588,-3.576290653010683,equal_weight
2007-04-13,1.765561261882552,-3.47328843207958,equal_weight
2007-04-16,1.768795622586369,-3.296459562130849,equal_weight
2007-04-17,1.7790701223045093,-2.734732426285036,equal_weight
2007-04-18,1.7854477331615524,-2.386055879636162,equal_weight
2007-04-19,1.792669344726309,-1.9912361519856203,equal_weight
2007-04-20,1.7926742993646998,-1.9909652721463278,equal_weight
2007-04-23,1.780038671212019,-2.6817799498952133,equal_weight
2007-04-24,1.7829372924003426,-2.5233066205179955,equal_weight
2007-04-25,1.7746486216707202,-2.9764645743499796,equal_weight
2007-04-26,1.7625234764877253,-3.639370142718734,equal_weight
2007-04-27,1.7684417517620432,-3.3158063770669544,equal_weight
2007-04-30,1.7772045015877864,-2.836729585322284,equal_weight
2007-05-01,1.7808714412157824,-2.636250773598048,equal_weight
2007-05-02,1.7784756635894081,-2.7672326550623794,equal_weight
2007-05-03,1.7787586196839418,-2.7517628880749045,equal_weight
2007-05-04,1.7833848115851296,-2.498839865269309,equal_weight
2007-05-07,1.7914645040594583,-2.057107164249661,equal_weight
2007-05-08,1.7872600461262835,-2.2869731603931687,equal_weight
2007-05-09,1.7818138196133873,-2.5847290905291587,equal_weight
2007-05-10,1.7880510057432317,-2.2437298402913086,equal_weight
2007-05-11,1.7838690503574297,-2.4723655778498,equal_weight
2007-05-14,1.7906665355379972,-2.1007336749657157,equal_weight
2007-05-15,1.7961993724646894,-1.7982425829230042,equal_weight
2007-05-16,1.8028902247815062,-1.4324405087201009,equal_weight
2007-05-17,1.798382177774596,-1.678904317461949,equal_weight
2007-05-18,1.7965614696285364,-1.7784460178029926,equal_weight
2007-05-21,1.787484553618194,-2.274698893629201,equal_weight
2007-05-22,1.7861203635938219,-2.3492818491172462,equal_weight
2007-05-23,1.779819241223639,-2.693776619540711,equal_weight
2007-05-24,1.77846540897308,-2.7677932951341355,equal_weight
2007-05-25,1.7722802558631139,-3.1059477976930205,equal_weight
2007-05-29,1.7824408841638606,-2.5504462365128266,equal_weight
2007-05-30,1.7769704862139002,-2.8495236667202217,equal_weight
2007-05-31,1.7744493876503882,-2.9873570906451152,equal_weight
2007-06-01,1.7731725788835917,-3.057162740678776,equal_weight
2007-06-04,1.7619390362119585,-3.6713226436857482,equal_weight
2007-06-05,1.7518964444624199,-4.2203709141312,equal_weight
2007-06-06,1.7577179169521,-3.90209954737456,equal_weight
2007-06-07,1.758054766153999,-3.88368333806165,equal_weight
2007-06-08,1.7575819517794655,-3.9095330311542,equal_weight
2007-06-11,1.7602207903469134,-3.765262529318003,equal_weight
2007-06-12,1.7549499214087165,-4.053431315467703,equal_weight
2007-06-13,1.7582208727006972,-3.8746019659966713,equal_weight
2007-06-14,1.7477134826486502,-4.449061675088906,equal_weight
2007-06-15,1.748920529768455,-4.383070031696112,equal_weight
2007-06-18,1.7454043848186678,-4.575304601363328,equal_weight
2007-06-19,1.7472416828825155,-4.474855897541962,equal_weight
2007-06-20,1.7421459762545128,-4.753448215200473,equal_weight
2007-06-21,1.730062473632883,-5.414077102721837,equal_weight
2007-06-22,1.723698644589713,-5.762000170462144,equal_weight
2007-06-25,1.738268105868657,-4.9654590268979115,equal_weight
2007-06-26,1.756239389313784,-3.982933565411828,equal_weight
2007-06-27,1.7522747519678936,-4.199688097707199,equal_weight
2007-06-28,1.7524602493541614,-4.189546590251492,equal_weight
2007-06-29,1.7512677455135284,-4.254743123928096,equal_weight
2007-07-02,1.7528451020760338,-4.16850593395578,equal_weight
2007-07-03,1.7541023997569232,-4.099766993416942,equal_weight
2007-07-05,1.7497345314903776,-4.338566954332457,equal_weight
2007-07-06,1.7398939207091062,-4.87657252742888,equal_weight
2007-07-09,1.7291953903427382,-5.461482253967576,equal_weight
2007-07-10,1.7172341094517467,-6.115429038751763,equal_weight
2007-07-11,1.7223713495666448,-5.834566003561936,equal_weight
2007-07-12,1.728017024973908,-5.525905809544129,equal_weight
2007-07-13,1.7260391010090004,-5.6340428083477505,equal_weight
2007-07-16,1.7263728659023252,-5.615795224259323,equal_weight
2007-07-17,1.724199590388646,-5.734612476991108,equal_weight
2007-07-18,1.718823309734794,-6.028544329250495,equal_weight
2007-07-19,1.712009798755859,-6.40105239409513,equal_weight
2007-07-20,1.7084219973930834,-6.597204560992109,equal_weight
2007-07-23,1.7139786404951,-6.293411938456694,equal_weight
2007-07-24,1.7162651421533963,-6.16840438939289,equal_weight
2007-07-25,1.721607865959216,-5.876307156107696,equal_weight
2007-07-26,1.7169575206527616,-6.130550693150827,equal_weight
2007-07-27,1.7130313684681244,-6.345201165881598,equal_weight
2007-07-30,1.7109089791416405,-6.46123637053595,equal_weight
2007-07-31,1.7124815025784157,-6.375263417066446,equal_weight
2007-08-01,1.725628337983751,-5.65650003196102,equal_weight
2007-08-02,1.719392590214552,-5.997420644189432,equal_weight
2007-08-03,1.7135615878728876,-6.316213026723672,equal_weight
2007-08-06,1.7393885411793486,-4.904202621696596,equal_weight
2007-08-07,1.7268051789524304,-5.592159818343112,equal_weight
2007-08-08,1.6998888837852815,-7.063726688419358,equal_weight
2007-08-09,1.6693045159117132,-8.735834317848923,equal_weight
2007-08-10,1.7006820069695752,-7.02036508182945,equal_weight
2007-08-13,1.71999118652355,-5.964694205004495,equal_weight
2007-08-14,1.7238999454008768,-5.750994658641561,equal_weight
2007-08-15,1.7373374763151403,-5.016338377520457,equal_weight
2007-08-16,1.7411358544027218,-4.808673566334609,equal_weight
2007-08-17,1.7467145150400119,-4.503677201780909,equal_weight
2007-08-20,1.7458019513654295,-4.553568855220258,equal_weight
2007-08-21,1.7508734844803553,-4.276298151132862,equal_weight
2007-08-22,1.7588435040135972,-3.8405614858100012,equal_weight
2007-08-23,1.7663415169496082,-3.4306303508035874,equal_weight
2007-08-24,1.770790521477528,-3.1873945106759116,equal_weight
2007-08-27,1.7750591800080284,-2.954018541429615,equal_weight
2007-08-28,1.7764820155476733,-2.8762293201156752,equal_weight
2007-08-29,1.7817182785450139,-2.5899525089110975,equal_weight
2007-08-30,1.7808688497241603,-2.6363924555491414,equal_weight
2007-08-31,1.7793141526997462,-2.7213908039446566,equal_weight
2007-09-04,1.7795182471295028,-2.7102325594934085,equal_weight
2007-09-05,1.7833475821316034,-2.5008752728192696,equal_weight
2007-09-06,1.7901878379632232,-2.126905014202729,equal_weight
2007-09-07,1.791929617499661,-2.031678496404432,equal_weight
2007-09-10,1.796523864875276,-1.7805019437286074,equal_weight
2007-09-11,1.7953783195745912,-1.8431311615385138,equal_weight
2007-09-12,1.7995209540108736,-1.6166451777352653,equal_weight
2007-09-13,1.7965721369828316,-1.7778628125336704,equal_weight
2007-09-14,1.7943853570642745,-1.897418377677873,equal_weight
2007-09-17,1.7903506380548515,-2.1180044125486908,equal_weight
2007-09-18,1.7933533276397238,-1.9538414589630793,equal_weight
2007-09-19,1.8053854342482942,-1.2960224927032749,equal_weight
2007-09-20,1.8065604003256026,-1.2317847830893291,equal_weight
2007-09-21,1.7935212754112038,-1.9446594235128734,equal_weight
2007-09-24,1.793193723044917,-1.9625673565121682,equal_weight
2007-09-25,1.7971178447753324,-1.7480278927128001,equal_weight
2007-09-26,1.8012685978068936,-1.5210980493155946,equal_weight
2007-09-27,1.8084074481740575,-1.1308030393406887,equal_weight
2007-09-28,1.8136893187136243,-0.8420327739757649,equal_weight
2007-10-01,1.8068068793535776,-1.218309289174424,equal_weight
2007-10-02,1.7943231906787154,-1.900817136416888,equal_weight
2007-10-03,1.7946052951758928,-1.8853939279341425,equal_weight
2007-10-04,1.802122753448785,-1.4743996780616664,equal_weight
2007-10-05,1.8005751880551288,-1.5590081261574573,equal_weight
2007-10-08,1.8081406526567998,-1.1453892757392392,equal_weight
2007-10-09,1.8060605246258101,-1.2591139721327194,equal_weight
2007-10-10,1.8046788088186996,-1.334655096681181,equal_weight
2007-10-11,1.8053806378183292,-1.2962847229763153,equal_weight
2007-10-12,1.8111873835617265,-0.9788184964441893,equal_weight
2007-10-15,1.8176647257472005,-0.624689441643056,equal_weight
2007-10-16,1.8255261052751577,-0.1948923393822355,equal_weight
2007-10-17,1.8318042578766114,0.0,equal_weight
2007-10-18,1.8340210765310918,0.0,equal_weight
2007-10-19,1.8352921937181732,0.0,equal_weight
2007-10-22,1.8294730410449476,-0.3170695485516406,equal_weight
2007-10-23,1.8302611783677447,-0.2741261237664827,equal_weight
2007-10-24,1.8335877765148008,-0.09286898343524586,equal_weight
2007-10-25,1.8349168534823146,-0.020451252238928852,equal_weight
2007-10-26,1.8284990518594915,-0.37013952775112324,equal_weight
2007-10-29,1.8274590741823653,-0.4268050375095034,equal_weight
2007-10-30,1.8288648675707717,-0.3502072405364598,equal_weight
2007-10-31,1.8412412418454724,0.0,equal_weight
2007-11-01,1.8385467329361551,-0.14634198105494267,equal_weight
2007-11-02,1.8437389726965727,0.0,equal_weight
2007-11-05,1.8457476122157315,0.0,equal_weight
2007-11-06,1.8458070978715886,0.0,equal_weight
2007-11-07,1.8354090305125594,-0.5633344552103625,equal_weight
2007-11-08,1.8498121830778123,0.0,equal_weight
2007-11-09,1.8454906398042195,-0.2336206514978345,equal_weight
2007-11-12,1.8581721282198569,0.0,equal_weight
2007-11-13,1.8607566284388026,0.0,equal_weight
2007-11-14,1.8538543734008872,-0.37093808682043816,equal_weight
2007-11-15,1.8582330213393259,-0.1356226311870823,equal_weight
2007-11-16,1.863177863406925,0.0,equal_weight
2007-11-19,1.8617622609421924,-0.07597784905751803,equal_weight
2007-11-20,1.869888309400652,0.0,equal_weight
2007-11-21,1.8665369659885191,-0.17922693004092105,equal_weight
2007-11-23,1.8690692383880527,-0.04380320516906844,equal_weight
2007-11-26,1.8718494291067367,0.0,equal_weight
2007-11-27,1.8874937673293928,0.0,equal_weight
2007-11-28,1.8925747256744454,0.0,equal_weight
2007-11-29,1.8923403129539142,-0.012385916252133367,equal_weight
2007-11-30,1.8852164880490794,-0.3887950909174154,equal_weight
2007-12-03,1.8833245340337368,-0.4887622937800873,equal_weight
2007-12-04,1.8900871256720029,-0.13143998853498706,equal_weight
2007-12-05,1.8993090113762845,0.0,equal_weight
2007-12-06,1.892123546930311,-0.37831992598017505,equal_weight
2007-12-07,1.8890701824926608,-0.5390817830219441,equal_weight
2007-12-10,1.8835390797454852,-0.8302983630542604,equal_weight
2007-12-11,1.8961165045604305,-0.16808780439264703,equal_weight
2007-12-12,1.901720464901426,0.0,equal_weight
2007-12-13,1.9136412093525677,0.0,equal_weight
2007-12-14,1.9132716983034335,-0.01930931709289707,equal_weight
2007-12-17,1.90314901058,-0.5482845332389852,equal_weight
2007-12-18,1.9034955405079086,-0.5301761268033944,equal_weight
2007-12-19,1.9011517239468476,-0.6526555419417157,equal_weight
2007-12-20,1.9071081753977335,-0.3413928338763417,equal_weight
2007-12-21,1.9183322124100841,0.0,equal_weight
2007-12-24,1.9145737431122438,-0.19592379638552204,equal_weight
2007-12-26,1.9121810613752115,-0.320650979797954,equal_weight
2007-12-27,1.9085654531604697,-0.5091276258841537,equal_weight
2007-12-28,1.914307357710075,-0.20981009827033548,equal_weight
2007-12-31,1.9043208840409551,-0.7303911323850443,equal_weight
2008-01-02,1.898446613474851,-1.0366087170193494,equal_weight
2008-01-03,1.910862045623037,-0.389409443198685,equal_weight
2008-01-04,1.9213348681464688,0.0,equal_weight
2008-01-07,1.9346592002981182,0.0,equal_weight
2008-01-08,1.9423418590090566,0.0,equal_weight
2008-01-09,1.9550209988632632,0.0,equal_weight
2008-01-10,1.9493080308557527,-0.29222028872489814,equal_weight
2008-01-11,1.936276410068921,-0.9587921973851499,equal_weight
2008-01-14,1.928531574734307,-1.3549432023675645,equal_weight
2008-01-15,1.9215659205929776,-1.7112388199276518,equal_weight
2008-01-16,1.9170274513640275,-1.943383090070483,equal_weight
2008-01-17,1.899119776619256,-2.8593668444743425,equal_weight
2008-01-18,1.8966450602860494,-2.9859494404999354,equal_weight
2008-01-22,1.8614315754000264,-4.787131366755338,equal_weight
2008-01-23,1.8424980091262368,-5.755589827549279,equal_weight
2008-01-24,1.8385540497261896,-5.957324714404222,equal_weight
2008-01-25,1.840852754893813,-5.839745150350451,equal_weight
2008-01-28,1.8263142223202669,-6.583396117884776,equal_weight
2008-01-29,1.8194294846414345,-6.935552830412961,equal_weight
2008-01-30,1.8208390507824173,-6.863453034973299,equal_weight
2008-01-31,1.8089611696125423,-7.471010763344566,equal_weight
2008-02-01,1.8136334057730041,-7.232024268407766,equal_weight
2008-02-04,1.839265233545758,-5.920947416156186,equal_weight
2008-02-05,1.8265387270032203,-6.571912625733855,equal_weight
2008-02-06,1.835450250487331,-6.116085118546355,equal_weight
2008-02-07,1.8247035436783325,-6.6657828872786045,equal_weight
2008-02-08,1.8309091382526905,-6.348364579344001,equal_weight
2008-02-11,1.8289872357650017,-6.446670556047385,equal_weight
2008-02-12,1.8472280669624364,-5.513645733907846,equal_weight
2008-02-13,1.8487276088436007,-5.436943648250647,equal_weight
2008-02-14,1.8527071356910598,-5.233389474163874,equal_weight
2008-02-15,1.8662251639175331,-4.541937656800609,equal_weight
2008-02-19,1.8696425702853672,-4.3671361395882125,equal_weight
2008-02-20,1.8638101369524642,-4.665467121009604,equal_weight
2008-02-21,1.858216159051669,-4.951601024637631,equal_weight
2008-02-22,1.8640690471756662,-4.652223773579955,equal_weight
2008-02-25,1.8691774677342234,-4.390926295878817,equal_weight
2008-02-26,1.869409899202633,-4.379037345911296,equal_weight
2008-02-27,1.8626530714883303,-4.724651419531545,equal_weight
2008-02-28,1.8748286462606925,-4.101866560471635,equal_weight
2008-02-29,1.8658729683277326,-4.559952582983263,equal_weight
2008-03-03,1.8751140151896182,-4.087269841096674,equal_weight
2008-03-04,1.8821161444976087,-3.729108506151324,equal_weight
2008-03-05,1.8817403559464045,-3.7483302204665447,equal_weight
2008-03-06,1.8845731365277472,-3.6034325143554757,equal_weight
2008-03-07,1.8782937099224029,-3.924627356200927,equal_weight
2008-03-10,1.8825883023785768,-3.704957467300962,equal_weight
2008-03-11,1.8673976429279637,-4.481964950056683,equal_weight
2008-03-12,1.8656084333093172,-4.573483640632725,equal_weight
2008-03-13,1.86151109367317,-4.783063979592239,equal_weight
2008-03-14,1.86015452585769,-4.85245289235936,equal_weight
2008-03-17,1.8670411784626733,-4.500198230696517,equal_weight
2008-03-18,1.8677232603319105,-4.4653095072693105,equal_weight
2008-03-19,1.862897705295707,-4.712138315707137,equal_weight
2008-03-20,1.853733195029552,-5.180906184261169,equal_weight
2008-03-24,1.8377542213239149,-5.9982362137047325,equal_weight
2008-03-25,1.844586115041133,-5.6487824880828486,equal_weight
2008-03-26,1.8556358541966214,-5.0835845100604455,equal_weight
2008-03-27,1.8669183297436132,-4.506481985148847,equal_weight
2008-03-28,1.87376208042462,-4.156421771729857,equal_weight
2008-03-31,1.8723776003063564,-4.227238408434452,equal_weight
2008-04-01,1.872714616947174,-4.20999989074009,equal_weight
2008-04-02,1.871716039879867,-4.261077452970252,equal_weight
2008-04-03,1.8609326451070198,-4.812651823737468,equal_weight
2008-04-04,1.8751681236495108,-4.084502174666282,equal_weight
2008-04-07,1.875221493972673,-4.081772264184846,equal_weight
2008-04-08,1.882049580324143,-3.7325132866372845,equal_weight
2008-04-09,1.8947593316188873,-3.0824051137770203,equal_weight
2008-04-10,1.8937750916564533,-3.132749328136164,equal_weight
2008-04-11,1.8927345057892664,-3.1859756550038587,equal_weight
2008-04-14,1.8994414163808238,-2.8429148594698472,equal_weight
2008-04-15,1.8990471721818167,-2.863080586550848,equal_weight
2008-04-16,1.905823528416354,-2.516467622369001,equal_weight
2008-04-17,1.9008496322026425,-2.770884133322271,equal_weight
2008-04-18,1.9007812383801705,-2.77438250098746,equal_weight
2008-04-21,1.9016181197292388,-2.7315757306481725,equal_weight
2008-04-22,1.898923700687605,-2.869396196167495,equal_weight
2008-04-23,1.9153213776714206,-2.0306493492870725,equal_weight
2008-04-24,1.8970552634701403,-2.9649674058144004,equal_weight
2008-04-25,1.8889316876647837,-3.380491116816997,equal_weight
2008-04-28,1.8897996443563345,-3.3360948319660633,equal_weight
2008-04-29,1.888801749128685,-3.3871375178620045,equal_weight
2008-04-30,1.8933704685707404,-3.153445938860455,equal_weight
2008-05-01,1.8941177194338181,-3.1152237988674836,equal_weight
2008-05-02,1.8893964220253514,-3.356719793601648,equal_weight
2008-05-05,1.8919088921857703,-3.2282060762615417,equal_weight
2008-05-06,1.886311493735623,-3.5145149421715205,equal_weight
2008-05-07,1.8849627835466531,-3.583501934626021,equal_weight
2008-05-08,1.8934238959626988,-3.1507131092903706,equal_weight
2008-05-09,1.8918672790005597,-3.2303346050719606,equal_weight
2008-05-12,1.8940945879227569,-3.1164069836555064,equal_weight
2008-05-13,1.8976193741179967,-2.9361129511469297,equal_weight
2008-05-14,1.8987729432548823,-2.8771074909725303,equal_weight
2008-05-15,1.892947065079958,-3.1751031737969893,equal_weight
2008-05-16,1.9007203424597758,-2.7774973483691623,equal_weight
2008-05-19,1.9075947157999829,-2.4258707753449293,equal_weight
2008-05-20,1.9108065222179884,-2.2615857666481887,equal_weight
2008-05-21,1.9196586036646228,-1.8087987402284456,equal_weight
2008-05-22,1.9251256369129748,-1.5291580994613807,equal_weight
2008-05-23,1.916389850165928,-1.9759966117907202,equal_weight
2008-05-27,1.9208804737047522,-1.7462996652394924,equal_weight
2008-05-28,1.9096569440294342,-2.3203870884356603,equal_weight
2008-05-29,1.9162799268777126,-1.9816192259866416,equal_weight
2008-05-30,1.915217712654213,-2.0359518507572893,equal_weight
2008-06-02,1.9117810040249263,-2.2117406853163435,equal_weight
2008-06-03,1.904043145666979,-2.6075348155301104,equal_weight
2008-06-04,1.9086847565144263,-2.3701148159420704,equal_weight
2008-06-05,1.9138341952879325,-2.106719242365096,equal_weight
2008-06-06,1.8986652705547282,-2.8826149868110273,equal_weight
2008-06-09,1.9136411164897158,-2.1165952896468943,equal_weight
2008-06-10,1.9251916779981093,-1.5257800751244055,equal_weight
2008-06-11,1.9268893823000526,-1.4389419131338066,equal_weight
2008-06-12,1.9281568134672005,-1.3741123707460279,equal_weight
2008-06-13,1.9260504425259357,-1.4818539726259905,equal_weight
2008-06-16,1.9089566554384976,-2.3562070919723843,equal_weight
2008-06-17,1.9070501531557444,-2.4537253428690065,equal_weight
2008-06-18,1.905645452234831,-2.5255762806200788,equal_weight
2008-06-19,1.894916722892082,-3.0743544957383295,equal_weight
2008-06-20,1.8909895269411092,-3.2752319263775087,equal_weight
2008-06-23,1.912705189703736,-2.1644682683271244,equal_weight
2008-06-24,1.906195652284136,-2.4974333578778207,equal_weight
2008-06-25,1.9062141541374384,-2.4964869816847646,equal_weight
2008-06-26,1.900540773617369,-2.7866823567404886,equal_weight
2008-06-27,1.890020769446507,-3.3247842071543077,equal_weight
2008-06-30,1.910075540460605,-2.2989757362602004,equal_weight
2008-07-01,1.9110934835506135,-2.246907595273462,equal_weight
2008-07-02,1.9163904903616538,-1.975963865558017,equal_weight
2008-07-03,1.9178675251744233,-1.9004130242305628,equal_weight
2008-07-07,1.9177936449380197,-1.90419202386517,equal_weight
2008-07-08,1.9206243515964116,-1.75940039963004,equal_weight
2008-07-09,1.9317767755915896,-1.1889500565563704,equal_weight
2008-07-10,1.9533813708426735,-0.08386754012069675,equal_weight
2008-07-11,1.9534134163279464,-0.08222840246991936,equal_weight
2008-07-14,1.9659826693327989,0.0,equal_weight
2008-07-15,1.950985846032824,-0.7628156409468456,equal_weight
2008-07-16,1.9183440160408975,-2.4231471637574775,equal_weight
2008-07-17,1.88811145771333,-3.9609307261033067,equal_weight
2008-07-18,1.898950336855243,-3.4096095313141728,equal_weight
2008-07-21,1.9025189679649486,-3.2280905807469895,equal_weight
2008-07-22,1.8889598451356648,-3.9177773740637023,equal_weight
2008-07-23,1.8654146443867219,-5.115407501542579,equal_weight
2008-07-24,1.8845084598815296,-4.1441977450858865,equal_weight
2008-07-25,1.8838997816403436,-4.175158254081257,equal_weight
2008-07-28,1.8972188271147163,-3.497683031021792,equal_weight
2008-07-29,1.8753380047269497,-4.610654306358231,equal_weight
2008-07-30,1.9033338454182482,-3.1866417182513596,equal_weight
2008-07-31,1.892072393873366,-3.7594571209783934,equal_weight
2008-08-01,1.8703369595945583,-4.865033208593861,equal_weight
2008-08-04,1.862219402899005,-5.277933933619483,equal_weight
2008-08-05,1.856600061572934,-5.563762563430252,equal_weight
2008-08-06,1.8666849668924808,-5.050792358918255,equal_weight
2008-08-07,1.8698116593455558,-4.89175268365315,equal_weight
2008-08-08,1.8678820473261792,-4.989902685149927,equal_weight
2008-08-11,1.8589192611610774,-5.445796132478408,equal_weight
2008-08-12,1.8687968419603946,-4.943371520430873,equal_weight
2008-08-13,1.8958099706722753,-3.569344722877865,equal_weight
2008-08-14,1.8739840785286352,-4.6795219632015055,equal_weight
2008-08-15,1.8704329907167951,-4.860148571321366,equal_weight
2008-08-18,1.884383636334462,-4.150546913316866,equal_weight
2008-08-19,1.9029087151895059,-3.208266030376483,equal_weight
2008-08-20,1.9108588918880334,-2.8038791137193986,equal_weight
2008-08-21,1.9189928276057755,-2.390145267301391,equal_weight
2008-08-22,1.9102616970588877,-2.8342555172585215,equal_weight
2008-08-25,1.9046644536108992,-3.118960135223847,equal_weight
2008-08-26,1.9095680317181571,-2.8695389076744626,equal_weight
2008-08-27,1.9105600586219205,-2.8190793121125157,equal_weight
2008-08-28,1.9027651341980896,-3.215569298795684,equal_weight
2008-08-29,1.8840598118414467,-4.167018294172175,equal_weight
2008-09-02,1.8597445599855278,-5.403817185393878,equal_weight
2008-09-03,1.8406136895971004,-6.376911744509184,equal_weight
2008-09-04,1.8371937213004472,-6.5508689390460955,equal_weight
2008-09-05,1.8261869826282575,-7.110728333733696,equal_weight
2008-09-08,1.8215905539052282,-7.344526362308857,equal_weight
2008-09-09,1.820843446380041,-7.3825280973618295,equal_weight
2008-09-10,1.828898148853208,-6.972824461678173,equal_weight
2008-09-11,1.8353879804323618,-6.642718216064303,equal_weight
2008-09-12,1.8396577730088537,-6.4255345835177895,equal_weight
2008-09-15,1.83624561455033,-6.5990945294801655,equal_weight
2008-09-16,1.8253137000231683,-7.155147982935672,equal_weight
2008-09-17,1.800538697303162,-8.415332170033018,equal_weight
2008-09-18,1.7905948937289282,-8.921125213346492,equal_weight
2008-09-19,1.784881152693273,-9.211755498383244,equal_weight
2008-09-22,1.7962870219223304,-8.631594268735777,equal_weight
2008-09-23,1.7942075882143473,-8.737364972639728,equal_weight
2008-09-24,1.7957317066391028,-8.659840462961698,equal_weight
2008-09-25,1.8090163987028145,-7.9841126312295785,equal_weight
2008-09-26,1.8066538383949553,-8.10428461161946,equal_weight
2008-09-29,1.8028055974237354,-8.30002595925433,equal_weight
2008-09-30,1.8038179577455302,-8.248532101369078,equal_weight
2008-10-01,1.7877221965205226,-9.06724538282797,equal_weight
2008-10-02,1.7775171923792972,-9.586324431713411,equal_weight
2008-10-03,1.782851624998435,-9.314987725528301,equal_weight
2008-10-06,1.751628824067606,-10.903140124726473,equal_weight
2008-10-07,1.7366113662832776,-11.667005341779724,equal_weight
2008-10-08,1.7291815614948163,-12.044923464068303,equal_weight
2008-10-09,1.7046936035192122,-13.290507077677393,equal_weight
2008-10-10,1.662248055301167,-15.44950618179718,equal_weight
2008-10-13,1.7344417044607832,-11.777365512107718,equal_weight
2008-10-14,1.7128157721005899,-12.87737176839544,equal_weight
2008-10-15,1.6739920289272026,-14.852147221861834,equal_weight
2008-10-16,1.6934425721996944,-13.862792454096107,equal_weight
2008-10-17,1.6900511674789718,-14.035296758107773,equal_weight
2008-10-20,1.727054215616803,-12.153131227605463,equal_weight
2008-10-21,1.7151292863158314,-12.75969452477932,equal_weight
2008-10-22,1.6974378233512035,-13.65957341184153,equal_weight
2008-10-23,1.704129191007925,-13.31921600375754,equal_weight
2008-10-24,1.6936963728931058,-13.849882844191075,equal_weight
2008-10-27,1.672703634451337,-14.917681597925414,equal_weight
2008-10-28,1.6987676709731605,-13.591930515355145,equal_weight
2008-10-29,1.691038989314045,-13.985051053988295,equal_weight
2008-10-30,1.70432816768488,-13.309095025579099,equal_weight
2008-10-31,1.70508627698084,-13.270533683824393,equal_weight
2008-11-03,1.711598971755736,-12.93926449836883,equal_weight
2008-11-04,1.7113200175908192,-12.953453543331861,equal_weight
2008-11-05,1.7111890822629625,-12.96011358819894,equal_weight
2008-11-06,1.7037994163699426,-13.335990039618927,equal_weight
2008-11-07,1.7129589819302433,-12.870087379174356,equal_weight
2008-11-10,1.7211137085592652,-12.455295999971128,equal_weight
2008-11-11,1.7173913080306258,-12.644636454833968,equal_weight
2008-11-12,1.7164867627857912,-12.690646282842355,equal_weight
2008-11-13,1.72749245800668,-12.130839963459906,equal_weight
2008-11-14,1.72142887398368,-12.439265063924177,equal_weight
2008-11-17,1.7248871889294033,-12.26335736139611,equal_weight
2008-11-18,1.7292255183652148,-12.042687591337364,equal_weight
2008-11-19,1.728014569918664,-12.104282663635836,equal_weight
2008-11-20,1.7220262685458938,-12.408878500932929,equal_weight
2008-11-21,1.7363563157019088,-11.679978527421042,equal_weight
2008-11-24,1.7266140827531575,-12.175518650979589,equal_weight
2008-11-25,1.7159272136359562,-12.719107833321065,equal_weight
2008-11-26,1.703430486104373,-13.354755732283696,equal_weight
2008-11-28,1.7075665528125445,-13.144374085858734,equal_weight
2008-12-01,1.7077838487190071,-13.13332129735495,equal_weight
2008-12-02,1.7041691373662262,-13.317184126319138,equal_weight
2008-12-03,1.7075820288757362,-13.143586893609637,equal_weight
2008-12-04,1.7083948714348483,-13.1022415363086,equal_weight
2008-12-05,1.7096681769035338,-13.037474664832693,equal_weight
2008-12-08,1.696467789456758,-13.70891432972331,equal_weight
2008-12-09,1.693253018890167,-13.872434111292996,equal_weight
2008-12-10,1.6857734567658478,-14.252883147848216,equal_weight
2008-12-11,1.698624659338799,-13.599204823343324,equal_weight
2008-12-12,1.6940871679370604,-13.830004996331546,equal_weight
2008-12-15,1.6983839137748684,-13.611450382151446,equal_weight
2008-12-16,1.6971667883916421,-13.67335964524985,equal_weight
2008-12-17,1.6872871685724238,-14.175887972347024,equal_weight
2008-12-18,1.6998270339133434,-13.53804586231584,equal_weight
2008-12-19,1.6912979609824996,-13.971878421670914,equal_weight
2008-12-22,1.7034432816869816,-13.354104883076923,equal_weight
2008-12-23,1.6999790449570866,-13.530313798034987,equal_weight
2008-12-24,1.7008627612886018,-13.485363435791198,equal_weight
2008-12-26,1.6997066861164527,-13.54416737085038,equal_weight
2008-12-29,1.7023673792086484,-13.408830822176798,equal_weight
2008-12-30,1.7032009943962094,-13.366428862049451,equal_weight
2008-12-31,1.704463412123832,-13.302215797137185,equal_weight
2009-01-02,1.7014717195634692,-13.454388682841111,equal_weight
2009-01-05,1.6922025124820577,-13.925868275515096,equal_weight
2009-01-06,1.6745582098047376,-14.823348347570263,equal_weight
2009-01-07,1.6816467603457292,-14.462788173181885,equal_weight
2009-01-08,1.6784099201442708,-14.627430530001694,equal_weight
2009-01-09,1.6828914877589836,-14.399474928733158,equal_weight
2009-01-12,1.6930820664210138,-13.881129633986045,equal_weight
2009-01-13,1.6904574343105518,-14.014631935476462,equal_weight
2009-01-14,1.693520556708615,-13.858825760485981,equal_weight
2009-01-15,1.6974370227834663,-13.659614132838193,equal_weight
2009-01-16,1.7013823652242515,-13.458933704555264,equal_weight
2009-01-20,1.706915840697694,-13.17747265407101,equal_weight
2009-01-21,1.7054714349587619,-13.250942566164504,equal_weight
2009-01-22,1.7100498577743084,-13.018060410743448,equal_weight
2009-01-23,1.7015201979834975,-13.451922820817785,equal_weight
2009-01-26,1.70241173927333,-13.40657444090887,equal_weight
2009-01-27,1.7075314681349358,-13.146158673187813,equal_weight
2009-01-28,1.703384334963348,-13.357103216915423,equal_weight
2009-01-29,1.7109480911903734,-12.972371634841384,equal_weight
2009-01-30,1.7121044207805092,-12.913554758773593,equal_weight
2009-02-02,1.7149381442869294,-12.769416992422789,equal_weight
2009-02-03,1.7190031488537747,-12.562649932353798,equal_weight
2009-02-04,1.7088242300722258,-13.08040214555124,equal_weight
2009-02-05,1.705785864517033,-13.234949060058076,equal_weight
2009-02-06,1.7053442308541369,-13.257412821808623,equal_weight
2009-02-09,1.700593683954792,-13.49905009427539,equal_weight
2009-02-10,1.6972640248931556,-13.668413696181714,equal_weight
2009-02-11,1.7038011584693435,-13.33590142747456,equal_weight
2009-02-12,1.707343240360025,-13.155732906869877,equal_weight
2009-02-13,1.7010631518522377,-13.47517054005708,equal_weight
2009-02-17,1.7037632116296753,-13.337831599101213,equal_weight
2009-02-18,1.7045132256224995,-13.299682026140902,equal_weight
2009-02-19,1.70431329942417,-13.30985130186485,equal_weight
2009-02-20,1.6992751447575376,-13.566117786062403,equal_weight
2009-02-23,1.6950532019730962,-13.7808675318409,equal_weight
2009-02-24,1.691609632632241,-13.956025196990806,equal_weight
2009-02-25,1.6886800750207265,-14.105037579307922,equal_weight
2009-02-26,1.680412608162934,-14.525563506965177,equal_weight
2009-02-27,1.6766054664575945,-14.719214334346663,equal_weight
2009-03-02,1.6752581098003905,-14.787747830507191,equal_weight
2009-03-03,1.660250839752962,-15.551094846812353,equal_weight
2009-03-04,1.6570265348782294,-15.715099592379456,equal_weight
2009-03-05,1.6473520567581696,-16.207193356529626,equal_weight
2009-03-06,1.6594704681079133,-15.590788566254632,equal_weight
2009-03-09,1.6469074162830544,-16.22981006022958,equal_weight
2009-03-10,1.6382433448128921,-16.67050934030525,equal_weight
2009-03-11,1.6288609777189136,-17.147744833798317,equal_weight
2009-03-12,1.6336635004755553,-16.90346380164296,equal_weight
2009-03-13,1.6483502727419066,-16.156418952497077,equal_weight
2009-03-16,1.6571097365209138,-15.710867528486816,equal_weight
2009-03-17,1.6625100368178074,-15.436180453105507,equal_weight
2009-03-18,1.6541002132331228,-15.863947376785392,equal_weight
2009-03-19,1.6467292928874093,-16.23887033316196,equal_weight
2009-03-20,1.6624812668743219,-15.437643840547032,equal_weight
2009-03-23,1.6543707959440663,-15.85018414707008,equal_weight
2009-03-24,1.6442820918203669,-16.3633475783186,equal_weight
2009-03-25,1.6474158722381735,-16.203947372676396,equal_weight
2009-03-26,1.6453055894035704,-16.31128722198032,equal_weight
2009-03-27,1.6493403609406243,-16.106057969454756,equal_weight
2009-03-30,1.6711838088387339,-14.99498775307677,equal_weight
2009-03-31,1.6728006752736282,-14.912745602109945,equal_weight
2009-04-01,1.6621494325368693,-15.454522643327383,equal_weight
2009-04-02,1.6473264148554898,-16.208497635711726,equal_weight
2009-04-03,1.6288859070022355,-17.146476802105525,equal_weight
2009-04-06,1.6338142709179506,-16.895794840733625,equal_weight
2009-04-07,1.6395223434486645,-16.60545288504125,equal_weight
2009-04-08,1.6354131526329267,-16.81446748521229,equal_weight
2009-04-09,1.6021250814597519,-18.507670161534563,equal_weight
2009-04-13,1.593697118447149,-18.936359749905307,equal_weight
2009-04-14,1.5989721682315683,-18.668043560413683,equal_weight
2009-04-15,1.5955482449281253,-18.842201926957426,equal_weight
2009-04-16,1.5925605171431474,-18.994173143773484,equal_weight
2009-04-17,1.5844432223690599,-19.40706054612491,equal_weight
2009-04-20,1.6077765372440433,-18.220208025044336,equal_weight
2009-04-21,1.5926805153035142,-18.988069419552577,equal_weight
2009-04-22,1.57926335789718,-19.670535120579725,equal_weight
2009-04-23,1.5713910573948173,-20.070960852971066,equal_weight
2009-04-24,1.5521733601606917,-21.048471872467868,equal_weight
2009-04-27,1.5731436346960388,-19.98181574866471,equal_weight
2009-04-28,1.5789822803035904,-19.684832174057053,equal_weight
2009-04-29,1.5702983643920148,-20.126540844587836,equal_weight
2009-04-30,1.5594857497263241,-20.676526092899316,equal_weight
2009-05-01,1.5617841546168978,-20.559617387322902,equal_weight
2009-05-04,1.548315861176854,-21.24468413028736,equal_weight
2009-05-05,1.5473466097236586,-21.293985249178927,equal_weight
2009-05-06,1.5366886217892093,-21.83610538587709,equal_weight
2009-05-07,1.5496249001786975,-21.178099667348636,equal_weight
2009-05-08,1.5343141869275594,-21.95688136720636,equal_weight
2009-05-11,1.547314318998349,-21.29562772171001,equal_weight
2009-05-12,1.5597103023882963,-20.665104188450467,equal_weight
2009-05-13,1.572232063268082,-20.02818296451948,equal_weight
2009-05-14,1.5657592565885983,-20.3574232360871,equal_weight
2009-05-15,1.5644168248158907,-20.425706227267437,equal_weight
2009-05-18,1.552501913117719,-21.031759977589427,equal_weight
2009-05-19,1.5529304929382866,-21.009960201464594,equal_weight
2009-05-20,1.5477751166314118,-21.272189181775204,equal_weight
2009-05-21,1.5481854595176898,-21.25131703001726,equal_weight
2009-05-22,1.5510781654911683,-21.104179111733366,equal_weight
2009-05-26,1.560451293803252,-20.62741355025135,equal_weight
2009-05-27,1.5498481709705456,-21.166742965413732,equal_weight
2009-05-28,1.5507679856404226,-21.119956455836352,equal_weight
2009-05-29,1.5531254542385695,-21.000043466015995,equal_weight
2009-06-01,1.5556528897661137,-20.871485083128427,equal_weight
2009-06-02,1.5652088218412634,-20.385421181131125,equal_weight
2009-06-03,1.5720618054340694,-20.036843154493088,equal_weight
2009-06-04,1.5601525078642278,-20.642611341345084,equal_weight
2009-06-05,1.5595324673281474,-20.674149795155095,equal_weight
2009-06-08,1.5611830942389058,-20.590190412577293,equal_weight
2009-06-09,1.5566824809772202,-20.819114773503266,equal_weight
2009-06-10,1.5533871040518452,-20.986734609465163,equal_weight
2009-06-11,1.5579526618270825,-20.754506836227126,equal_weight
2009-06-12,1.5649804381238939,-20.39703795278085,equal_weight
2009-06-15,1.562846473213323,-20.505582394390554,equal_weight
2009-06-16,1.5641971583710819,-20.436879593555734,equal_weight
2009-06-17,1.5848635566187759,-19.385680182184128,equal_weight
2009-06-18,1.5972583256691006,-18.755218416489562,equal_weight
2009-06-19,1.594070325369013,-18.917376524483952,equal_weight
2009-06-22,1.6062651474412823,-18.29708509147717,equal_weight
2009-06-23,1.6010668910878862,-18.56149517171253,equal_weight
2009-06-24,1.5995587369768827,-18.63820765420432,equal_weight
2009-06-25,1.6092750802810907,-18.1439844112545,equal_weight
2009-06-26,1.6062794009904628,-18.296360082584528,equal_weight
2009-06-29,1.611288915129136,-18.041550403088557,equal_weight
2009-06-30,1.6085543070393764,-18.180646649073662,equal_weight
2009-07-01,1.6144851246305392,-17.878974732851958,equal_weight
2009-07-02,1.6040771470823632,-18.40837805417973,equal_weight
2009-07-06,1.6168145022769398,-17.760490593457632,equal_weight
2009-07-07,1.6096629748099982,-18.12425409852295,equal_weight
2009-07-08,1.6175503702231664,-17.723060561255146,equal_weight
2009-07-09,1.6115056903575826,-18.030524098949265,equal_weight
2009-07-10,1.6103760964937974,-18.08798105833175,equal_weight
2009-07-13,1.613949695773828,-17.906209401044283,equal_weight
2009-07-14,1.613697766328468,-17.919023829639702,equal_weight
2009-07-15,1.614067417406628,-17.900221472735634,equal_weight
2009-07-16,1.61264257971421,-17.972696053241542,equal_weight
2009-07-17,1.6148190290160471,-17.86199063677032,equal_weight
2009-07-20,1.6105368594346434,-18.07980382750699,equal_weight
2009-07-21,1.6218384181758259,-17.504948366292883,equal_weight
2009-07-22,1.6171108088995707,-17.745418913159895,equal_weight
2009-07-23,1.6119806069903249,-18.006367394002144,equal_weight
2009-07-24,1.6159727993196706,-17.803303939190474,equal_weight
2009-07-27,1.6102621443872247,-18.09377724912987,equal_weight
2009-07-28,1.6159742900784837,-17.803228111522394,equal_weight
2009-07-29,1.6328156769242717,-16.94658847229793,equal_weight
2009-07-30,1.6189672655263687,-17.65098997155442,equal_weight
2009-07-31,1.6088914712545794,-18.163496741271203,equal_weight
2009-08-03,1.5975623726307837,-18.739753022698157,equal_weight
2009-08-04,1.592321557882468,-19.006327842001845,equal_weight
2009-08-05,1.5812075362697542,-19.571644199367576,equal_weight
2009-08-06,1.579560477584373,-19.655422083632455,equal_weight
2009-08-07,1.5668166960607526,-20.30363642053429,equal_weight
2009-08-10,1.5758581386555037,-19.843742102248175,equal_weight
2009-08-11,1.5871925484700449,-19.267215666316385,equal_weight
2009-08-12,1.5814527762131734,-19.559170033280328,equal_weight
2009-08-13,1.5734301436794866,-19.967242426736853,equal_weight
2009-08-14,1.5784927925769583,-19.709730039855543,equal_weight
2009-08-17,1.593915785177473,-18.92523723424252,equal_weight
2009-08-18,1.585609573567831,-19.34773391944783,equal_weight
2009-08-19,1.5970411458315803,-18.766265301129405,equal_weight
2009-08-20,1.5911422992854216,-19.066311005406156,equal_weight
2009-08-21,1.59016876381013,-19.115830031716907,equal_weight
2009-08-24,1.5893562883141892,-19.157156718295308,equal_weight
2009-08-25,1.58472468251601,-19.392744034014175,equal_weight
2009-08-26,1.5865730808374874,-19.29872497930375,equal_weight
2009-08-27,1.5826044087191622,-19.50059207509417,equal_weight
2009-08-28,1.5715524871229727,-20.062749705910942,equal_weight
2009-08-31,1.578793095628797,-19.694455080593542,equal_weight
2009-09-01,1.5929039844917297,-18.976702626157028,equal_weight
2009-09-02,1.5986345643755488,-18.68521583061147,equal_weight
2009-09-03,1.595439026264809,-18.847757350462413,equal_weight
2009-09-04,1.5951723156803146,-18.861323623891725,equal_weight
2009-09-08,1.5898972116930483,-19.12964257041918,equal_weight
2009-09-09,1.5810247960230162,-19.58093930911542,equal_weight
2009-09-10,1.5718829421869795,-20.04594106007893,equal_weight
2009-09-11,1.568885432973343,-20.198409810714146,equal_weight
2009-09-14,1.565690015655266,-20.360945186428392,equal_weight
2009-09-15,1.5515309016448824,-21.08115062014103,equal_weight
2009-09-16,1.5425973730511315,-21.5355558767643,equal_weight
2009-09-17,1.5436786886875977,-21.48055459657331,equal_weight
2009-09-18,1.5496661411698542,-21.176001938218057,equal_weight
2009-09-21,1.5563965519096636,-20.833658597923332,equal_weight
2009-09-22,1.5348797581091287,-21.928113505190506,equal_weight
2009-09-23,1.5455353683759108,-21.3861143089108,equal_weight
2009-09-24,1.56133720757452,-20.582351414908683,equal_weight
2009-09-25,1.5601593797517035,-20.642261801769635,equal_weight
2009-09-28,1.562537285141127,-20.521309291530542,equal_weight
2009-09-29,1.5634867801702752,-20.473013086077707,equal_weight
2009-09-30,1.5627882438201555,-20.508544241108527,equal_weight
2009-10-01,1.5720229437354596,-20.038819860555456,equal_weight
2009-10-02,1.570531968915616,-20.114658515854977,equal_weight
2009-10-05,1.5654228246168365,-20.374535898218348,equal_weight
2009-10-06,1.5670720747612337,-20.29064654506566,equal_weight
2009-10-07,1.5660536728864936,-20.342447707437337,equal_weight
2009-10-08,1.5579948482453292,-20.75236101780743,equal_weight
2009-10-09,1.565103810398698,-20.390762603728763,equal_weight
2009-10-12,1.5656330963588536,-20.36384039488064,equal_weight
2009-10-13,1.5653029437257335,-20.380633657520754,equal_weight
2009-10-14,1.5585314358316007,-20.72506741066421,equal_weight
2009-10-15,1.5676122012491716,-20.26317293116442,equal_weight
2009-10-16,1.5770553506298683,-19.78284573764436,equal_weight
2009-10-19,1.5820845227644003,-19.527036151274068,equal_weight
2009-10-20,1.576075262408389,-19.83269807036162,equal_weight
2009-10-21,1.5718804842034766,-20.046066085774285,equal_weight
2009-10-22,1.571715579821287,-20.054453971627094,equal_weight
2009-10-23,1.5724553422439043,-20.016825846305508,equal_weight
2009-10-26,1.5734901748126295,-19.96418893424786,equal_weight
2009-10-27,1.5846748634008485,-19.395278090694255,equal_weight
2009-10-28,1.60144166508479,-18.542432236786922,equal_weight
2009-10-29,1.5964726663979636,-18.795181091816893,equal_weight
2009-10-30,1.6030356371638899,-18.46135461062245,equal_weight
2009-11-02,1.6073824918000925,-18.24025120498165,equal_weight
2009-11-03,1.5943395757421805,-18.90368106432718,equal_weight
2009-11-04,1.6038333394595865,-18.42077936506511,equal_weight
2009-11-05,1.608823075659675,-18.166975693347997,equal_weight
2009-11-06,1.6150439838169048,-17.850548277467425,equal_weight
2009-11-09,1.6164020778232497,-17.781468624450657,equal_weight
2009-11-10,1.6256004436639435,-17.313592381990418,equal_weight
2009-11-11,1.6175642166423447,-17.722356261090432,equal_weight
2009-11-12,1.6157661027257157,-17.81381759209185,equal_weight
2009-11-13,1.6211270207724364,-17.54113370070536,equal_weight
2009-11-16,1.6200207087850231,-17.597406423993856,equal_weight
2009-11-17,1.6233470532972052,-17.428211417137007,equal_weight
2009-11-18,1.6178163116284132,-17.70953341224233,equal_weight
2009-11-19,1.618413724307645,-17.67914592772627,equal_weight
2009-11-20,1.6244981638100398,-17.36966001021004,equal_weight
2009-11-23,1.6324731507345003,-16.964011117731914,equal_weight
2009-11-24,1.6375650208025856,-16.705012391674302,equal_weight
2009-11-25,1.6379443326131733,-16.685718640182767,equal_weight
2009-11-27,1.6323823033893607,-16.96863208141367,equal_weight
2009-11-30,1.627578646885257,-17.212970781801793,equal_weight
2009-12-01,1.632570064108847,-16.959081604575033,equal_weight
2009-12-02,1.6381902629095266,-16.673209359191155,equal_weight
2009-12-03,1.6374413575460227,-16.711302541556694,equal_weight
2009-12-04,1.6376855078357275,-16.698883800867204,equal_weight
2009-12-07,1.6410799607211246,-16.526224451507364,equal_weight
2009-12-08,1.6378184740342858,-16.692120455460735,equal_weight
2009-12-09,1.640019440186839,-16.580167985742357,equal_weight
2009-12-10,1.6497900285212996,-16.083185561285053,equal_weight
2009-12-11,1.6503286506684887,-16.055788465899067,equal_weight
2009-12-14,1.6510306261476422,-16.020082379059975,equal_weight
2009-12-15,1.649881637593383,-16.07852585224935,equal_weight
2009-12-16,1.641203277991486,-16.519951900264417,equal_weight
2009-12-17,1.6315461913876215,-17.01116104236443,equal_weight
2009-12-18,1.63099981887213,-17.038952361383373,equal_weight
2009-12-21,1.6282293063272146,-17.179874892804047,equal_weight
2009-12-22,1.631903908968244,-16.992965684582153,equal_weight
2009-12-23,1.6297854863273413,-17.100719566340516,equal_weight
2009-12-24,1.6284681273399226,-17.167727226579245,equal_weight
2009-12-28,1.635835565186379,-16.792981408043783,equal_weight
2009-12-29,1.6423445554250742,-16.46190065437142,equal_weight
2009-12-30,1.6428612074503974,-16.43562107249196,equal_weight
2009-12-31,1.637407858362422,-16.71300648249794,equal_weight
2010-01-04,1.6340770948805456,-16.88242626090356,equal_weight
2010-01-05,1.620069367072892,-17.59493141296614,equal_weight
2010-01-06,1.6147939209599254,-17.863267761768086,equal_weight
2010-01-07,1.6028037305275067,-18.473150576070196,equal_weight
2010-01-08,1.595942641773351,-18.82214087294215,equal_weight
2010-01-11,1.6041092259680467,-18.406746356902637,equal_weight
2010-01-12,1.6218570707200775,-17.50399960186365,equal_weight
2010-01-13,1.6253001051932896,-17.328869142835714,equal_weight
2010-01-14,1.6231645860749877,-17.437492639452124,equal_weight
2010-01-15,1.6247964815666942,-17.35448603328197,equal_weight
2010-01-19,1.6305203003823698,-17.0633431404701,equal_weight
2010-01-20,1.6224960363126577,-17.471498522248474,equal_weight
2010-01-21,1.618428835170276,-17.67837731145785,equal_weight
2010-01-22,1.619403975009728,-17.628776678926183,equal_weight
2010-01-25,1.6196094308274276,-17.618326138293018,equal_weight
2010-01-26,1.6208354766074444,-17.55596313788911,equal_weight
2010-01-27,1.6186604079819262,-17.66659832605464,equal_weight
2010-01-28,1.6184945122823664,-17.67503663541248,equal_weight
2010-01-29,1.6255495410852923,-17.31618154920157,equal_weight
2010-02-01,1.621097255296719,-17.542647726041473,equal_weight
2010-02-02,1.627855898256299,-17.198868349701723,equal_weight
2010-02-03,1.6343225018184178,-16.869943600618697,equal_weight
2010-02-04,1.6333006386498263,-16.921920822215377,equal_weight
2010-02-05,1.632269420082041,-16.97437390757932,equal_weight
2010-02-08,1.6284314331000187,-17.169593684533137,equal_weight
2010-02-09,1.6320569653551142,-16.985180448768144,equal_weight
2010-02-10,1.6274781506875986,-17.218082535797706,equal_weight
2010-02-11,1.6276381463435876,-17.20994433303098,equal_weight
2010-02-12,1.6270254645028184,-17.241108485712818,equal_weight
2010-02-16,1.6297629864166971,-17.10186402763182,equal_weight
2010-02-17,1.6393196870364801,-16.615761033497776,equal_weight
2010-02-18,1.6479135324448182,-16.17863381247021,equal_weight
2010-02-19,1.6477441407228461,-16.18724994752646,equal_weight
2010-02-22,1.6471731368190645,-16.216294145763232,equal_weight
2010-02-23,1.6519583789242243,-15.972892096507952,equal_weight
2010-02-24,1.6573386537775732,-15.699223618281998,equal_weight
2010-02-25,1.6603323210183798,-15.546950290164485,equal_weight
2010-02-26,1.6565473812105147,-15.739471814738737,equal_weight
2010-03-01,1.6646443765449823,-15.327616946393663,equal_weight
2010-03-02,1.6669722171958068,-15.209210986507227,equal_weight
2010-03-03,1.6620557418986397,-15.459288231533785,equal_weight
2010-03-04,1.662614181635851,-15.430883111492676,equal_weight
2010-03-05,1.6606519599779783,-15.53069180708706,equal_weight
2010-03-08,1.6576415620033766,-15.683816146459971,equal_weight
2010-03-09,1.6554378808194152,-15.79590671665352,equal_weight
2010-03-10,1.647565433102806,-16.19633993711933,equal_weight
2010-03-11,1.6490807692237905,-16.11926214062488,equal_weight
2010-03-12,1.6438921858415538,-16.38318020374787,equal_weight
2010-03-15,1.6508434096663722,-16.029605173141036,equal_weight
2010-03-16,1.6456567143076173,-16.293427201669665,equal_weight
2010-03-17,1.6428555887125007,-16.43590687042825,equal_weight
2010-03-18,1.6531532499146928,-15.912114806397138,equal_weight
2010-03-19,1.6636449937693933,-15.378450699466784,equal_weight
2010-03-22,1.6585255937878536,-15.638849738654503,equal_weight
2010-03-23,1.6565412235112593,-15.739785027024455,equal_weight
2010-03-24,1.6465930926986037,-16.245798175961912,equal_weight
2010-03-25,1.6475818100316864,-16.195506922203396,equal_weight
2010-03-26,1.6470958166888015,-16.220227045654422,equal_weight
2010-03-29,1.6513021382173254,-16.006271877374555,equal_weight
2010-03-30,1.6558769270312967,-15.773574565982496,equal_weight
2010-03-31,1.6525818743490999,-15.941177909267058,equal_weight
2010-04-01,1.65182794221224,-15.979526779204745,equal_weight
2010-04-05,1.6368126547992294,-16.743281599999083,equal_weight
2010-04-06,1.6294469188583545,-17.117940850854772,equal_weight
2010-04-07,1.6351259301342513,-16.82907710019801,equal_weight
2010-04-08,1.6261355620130198,-17.286373507815,equal_weight
2010-04-09,1.6254764241830078,-17.319900651278363,equal_weight
2010-04-12,1.6204545662850742,-17.57533819791949,equal_weight
2010-04-13,1.6230739725767123,-17.442101708478464,equal_weight
2010-04-14,1.6121247342842873,-17.999036337822925,equal_weight
2010-04-15,1.6126192504470014,-17.973882699877485,equal_weight
2010-04-16,1.6240499583654235,-17.39245804661228,equal_weight
2010-04-19,1.6351148942254223,-16.829638443337046,equal_weight
2010-04-20,1.625244684743726,-17.331688112220746,equal_weight
2010-04-21,1.6187701928892129,-17.661014100466133,equal_weight
2010-04-22,1.6000739097158965,-18.612003316442348,equal_weight
2010-04-23,1.594930204251758,-18.873638657606584,equal_weight
2010-04-26,1.5876285298647599,-19.245039408025,equal_weight
2010-04-27,1.5954093789696073,-18.849265364529078,equal_weight
2010-04-28,1.6018625035779337,-18.521026224429416,equal_weight
2010-04-29,1.5935998045435245,-18.94130963604328,equal_weight
2010-04-30,1.6084109831980267,-18.187936837516595,equal_weight
2010-05-03,1.5985967058205837,-18.687141511623594,equal_weight
2010-05-04,1.60782710258788,-18.21763601133204,equal_weight
2010-05-05,1.6221649331859473,-17.488340131886005,equal_weight
2010-05-06,1.6126550088435125,-17.972063843736528,equal_weight
2010-05-07,1.6254705678176637,-17.320198536169983,equal_weight
2010-05-10,1.6241642659225044,-17.386643775771347,equal_weight
2010-05-11,1.6215619273905992,-17.519012111082677,equal_weight
2010-05-12,1.622900576458802,-17.450921527727893,equal_weight
2010-05-13,1.6300081746795945,-17.089392490281973,equal_weight
2010-05-14,1.6347933929127278,-16.845991655280844,equal_weight
2010-05-17,1.6470396780802707,-16.223082544301814,equal_weight
2010-05-18,1.6504194404727552,-16.05117042904235,equal_weight
2010-05-19,1.6541016125068424,-15.863876202520155,equal_weight
2010-05-20,1.6455457026621205,-16.299073825479137,equal_weight
2010-05-21,1.6386921044314848,-16.647683115761524,equal_weight
2010-05-24,1.6406190982198412,-16.549666290973832,equal_weight
2010-05-25,1.6255053641733306,-17.318428614379243,equal_weight
2010-05-26,1.6186700876188629,-17.666105969886527,equal_weight
2010-05-27,1.6215964350440313,-17.517256874173913,equal_weight
2010-05-28,1.6227845212571321,-17.456824692770002,equal_weight
2010-06-01,1.6313717067840958,-17.02003622759609,equal_weight
2010-06-02,1.6373772386881889,-16.714563956768234,equal_weight
2010-06-03,1.6394096732112171,-16.611183873376245,equal_weight
2010-06-04,1.6267444761266039,-17.25540100113513,equal_weight
2010-06-07,1.640234102967806,-16.56924913155735,equal_weight
2010-06-08,1.6472854289866405,-16.21058238800831,equal_weight
2010-06-09,1.6392274741040578,-16.62045145797918,equal_weight
2010-06-10,1.641522559845239,-16.50371158142878,equal_weight
2010-06-11,1.6374373600885626,-16.711505872823164,equal_weight
2010-06-14,1.6395887140854626,-16.602076932758802,equal_weight
2010-06-15,1.6443263792019003,-16.361094894089778,equal_weight
2010-06-16,1.6511740747458552,-16.012785844840693,equal_weight
2010-06-17,1.668477809158339,-15.132628828077355,equal_weight
2010-06-18,1.6675378925222006,-15.18043782714943,equal_weight
2010-06-21,1.6636640296405434,-15.37748243705801,equal_weight
2010-06-22,1.6648200453311295,-15.31868152753736,equal_weight
2010-06-23,1.656612458826789,-15.736161632136959,equal_weight
2010-06-24,1.660067932714455,-15.560398440448264,equal_weight
2010-06-25,1.6482968632306505,-16.159135635206912,equal_weight
2010-06-28,1.6654212159394546,-15.288102895400735,equal_weight
2010-06-29,1.667800650187513,-15.167072619540479,equal_weight
2010-06-30,1.6615817914350048,-15.483395792145993,equal_weight
2010-07-01,1.6624403516534736,-15.439724999322568,equal_weight
2010-07-02,1.6661325346290434,-15.251921564777394,equal_weight
2010-07-06,1.6750810736488808,-14.796752800605418,equal_weight
2010-07-07,1.682428506131481,-14.423024557868992,equal_weight
2010-07-08,1.6839190754948172,-14.347206526174839,equal_weight
2010-07-09,1.676406837306332,-14.729317635579209,equal_weight
2010-07-12,1.6866557360611718,-14.208005880663388,equal_weight
2010-07-13,1.69013757916753,-14.03090141475577,equal_weight
2010-07-14,1.6927033774115663,-13.90039170660523,equal_weight
2010-07-15,1.6927720732168263,-13.896897484284176,equal_weight
2010-07-16,1.6854573511927105,-14.268961904699351,equal_weight
2010-07-19,1.6846895012640895,-14.30801870517875,equal_weight
2010-07-20,1.6810098184253217,-14.495186318411912,equal_weight
2010-07-21,1.6710126905682252,-15.003691709280353,equal_weight
2010-07-22,1.6679699225837863,-15.158462554003593,equal_weight
2010-07-23,1.6693486110018279,-15.088335363182049,equal_weight
2010-07-26,1.6759639800250261,-14.751843636861617,equal_weight
2010-07-27,1.6851116489987152,-14.286546098059127,equal_weight
2010-07-28,1.680330990236481,-14.52971501489687,equal_weight
2010-07-29,1.6693195176011755,-15.089815203320322,equal_weight
2010-07-30,1.6743364362770936,-14.834628890939417,equal_weight
2010-08-02,1.6707229235368388,-15.018430752299727,equal_weight
2010-08-03,1.672762622688592,-14.914681152490406,equal_weight
2010-08-04,1.6740335595218931,-14.85003476200456,equal_weight
2010-08-05,1.666831308863208,-15.216378309739353,equal_weight
2010-08-06,1.6697573966106376,-15.067542422573442,equal_weight
2010-08-09,1.6707626409087595,-15.016410522287515,equal_weight
2010-08-10,1.6802102313874643,-14.535857431658739,equal_weight
2010-08-11,1.680442024275859,-14.52406725201929,equal_weight
2010-08-12,1.6848627734278128,-14.299205190877418,equal_weight
2010-08-13,1.6871299412269445,-14.183885364589166,equal_weight
2010-08-16,1.687031471158253,-14.188894059234725,equal_weight
2010-08-17,1.6884171081554205,-14.118413427905574,equal_weight
2010-08-18,1.6879940815676924,-14.139930738018569,equal_weight
2010-08-19,1.6862695049185978,-14.227651585002432,equal_weight
2010-08-20,1.6904625388528194,-14.014372292177102,equal_weight
2010-08-23,1.6935646527004167,-13.856582811324248,equal_weight
2010-08-24,1.695441399430564,-13.761121810603205,equal_weight
2010-08-25,1.6979774915078045,-13.632123111031703,equal_weight
2010-08-26,1.7005748098416265,-13.500010128840279,equal_weight
2010-08-27,1.7002825940787938,-13.514873726947785,equal_weight
2010-08-30,1.6941402889850585,-13.827302986348112,equal_weight
2010-08-31,1.6924594326138203,-13.912799994915769,equal_weight
2010-09-01,1.7002241422943456,-13.517846885631224,equal_weight
2010-09-02,1.6980090757578972,-13.630516573467288,equal_weight
2010-09-03,1.7002992770896843,-13.514025143125007,equal_weight
2010-09-07,1.6999531711885685,-13.53162987110733,equal_weight
2010-09-08,1.6955614476990315,-13.755015537626324,equal_weight
2010-09-09,1.700598242694844,-13.498818213286645,equal_weight
2010-09-10,1.700645138551666,-13.496432848575468,equal_weight
2010-09-13,1.6917554763694271,-13.948606833672494,equal_weight
2010-09-14,1.6979767443873997,-13.632161113421882,equal_weight
2010-09-15,1.713248473377056,-12.855362353805177,equal_weight
2010-09-16,1.715557873762321,-12.737894360760837,equal_weight
2010-09-17,1.7172049849644906,-12.654113805221723,equal_weight
2010-09-20,1.7193641910546629,-12.544285467268724,equal_weight
2010-09-21,1.718869882909748,-12.569428524357962,equal_weight
2010-09-22,1.7289156063989377,-12.05845130945713,equal_weight
2010-09-23,1.7226542858452598,-12.376934307875565,equal_weight
2010-09-24,1.7221389920386279,-12.403144803759892,equal_weight
2010-09-27,1.7212853534002222,-12.446565259683616,equal_weight
2010-09-28,1.719152793310938,-12.555038244850259,equal_weight
2010-09-29,1.712924458987722,-12.871843393764914,equal_weight
2010-09-30,1.711837679971554,-12.927122569574568,equal_weight
2010-10-01,1.7165723826912973,-12.686291213652689,equal_weight
2010-10-04,1.7231440649491085,-12.352021621131748,equal_weight
2010-10-05,1.7229506782667185,-12.361858263407722,equal_weight
2010-10-06,1.7223608379372808,-12.391860579228641,equal_weight
2010-10-07,1.7197102678234266,-12.526682221107798,equal_weight
2010-10-08,1.7091204157499502,-13.065336617134104,equal_weight
2010-10-11,1.7079858651373663,-13.123045702279246,equal_weight
2010-10-12,1.7066149616471282,-13.192776911593684,equal_weight
2010-10-13,1.712957417117641,-12.870166973599407,equal_weight
2010-10-14,1.7253556944601736,-12.23952675810146,equal_weight
2010-10-15,1.731423890840829,-11.9308670493811,equal_weight
2010-10-18,1.737136836846407,-11.640277203667104,equal_weight
2010-10-19,1.7466242778811718,-11.157697108595134,equal_weight
2010-10-20,1.746456998923724,-11.166205777570559,equal_weight
2010-10-21,1.7531518448438288,-10.825671447103801,equal_weight
2010-10-22,1.7487060511701527,-11.0518074015568,equal_weight
2010-10-25,1.7472504694367805,-11.12584578226471,equal_weight
2010-10-26,1.7426494034503626,-11.359879685929764,equal_weight
2010-10-27,1.7397216129352944,-11.508802184624113,equal_weight
2010-10-28,1.7507113923767903,-10.949805423720537,equal_weight
2010-10-29,1.748129803530144,-11.081118323214323,equal_weight
2010-11-01,1.7429334474643408,-11.345431745039491,equal_weight
2010-11-02,1.7459360639840935,-11.192703210521337,equal_weight
2010-11-03,1.7426314564134062,-11.360792564625811,equal_weight
2010-11-04,1.737722559676139,-11.610484325079284,equal_weight
2010-11-05,1.7310419738733664,-11.950293312563376,equal_weight
2010-11-08,1.7226646610358127,-12.376406572269616,equal_weight
2010-11-09,1.7221286976702739,-12.403668428332704,equal_weight
2010-11-10,1.7142865527225708,-12.802560293964692,equal_weight
2010-11-11,1.7124626489381636,-12.89533343041488,equal_weight
2010-11-12,1.715790991158395,-12.726036809841867,equal_weight
2010-11-15,1.7224633403891028,-12.386646776817212,equal_weight
2010-11-16,1.7183573605794256,-12.595498048688835,equal_weight
2010-11-17,1.7183381424044184,-12.596475584010324,equal_weight
2010-11-18,1.719052396127519,-12.560144962472187,equal_weight
2010-11-19,1.7091530197724132,-13.06367820869686,equal_weight
2010-11-22,1.711439943700602,-12.947353483974588,equal_weight
2010-11-23,1.7089658905432554,-13.073196564686295,equal_weight
2010-11-24,1.699786508893494,-13.540107173459702,equal_weight
2010-11-26,1.6998797949519604,-13.535362164262954,equal_weight
2010-11-29,1.6936456751518596,-13.852461592317244,equal_weight
2010-11-30,1.6921673827685508,-13.927655153601815,equal_weight
2010-12-01,1.6900033136575767,-14.03773084982901,equal_weight
2010-12-02,1.6801018972975306,-14.541367861207465,equal_weight
2010-12-03,1.670459878384979,-15.031810582954552,equal_weight
2010-12-06,1.6609268420013656,-15.51670989220677,equal_weight
2010-12-07,1.6568550251685292,-15.723823459195552,equal_weight
2010-12-08,1.6605746395654266,-15.53462472133691,equal_weight
2010-12-09,1.6571108686382947,-15.710809943168357,equal_weight
2010-12-10,1.658074116831153,-15.66181418100403,equal_weight
2010-12-13,1.6641563994573854,-15.352437973313627,equal_weight
2010-12-14,1.6763951376052981,-14.729912742607176,equal_weight
2010-12-15,1.674615427852221,-14.820437943100483,equal_weight
2010-12-16,1.6765258835750514,-14.7232623294681,equal_weight
2010-12-17,1.6690626254556582,-15.102882060395128,equal_weight
2010-12-20,1.665928594602228,-15.262295004482473,equal_weight
2010-12-21,1.6514047570336021,-16.001052156067885,equal_weight
2010-12-22,1.651477165495675,-15.99736908890751,equal_weight
2010-12-23,1.657173374889388,-15.707630553437802,equal_weight
2010-12-27,1.6547895148764984,-15.828885946482474,equal_weight
2010-12-28,1.6592355645924228,-15.602736968402553,equal_weight
2010-12-29,1.657311708833292,-15.700594176868377,equal_weight
2010-12-30,1.6549241202100893,-15.822039226229522,equal_weight
2010-12-31,1.653930104562933,-15.872599979519041,equal_weight
2011-01-03,1.64386666563784,-16.384478292694016,equal_weight
2011-01-04,1.6463657783195629,-16.257360555558975,equal_weight
2011-01-05,1.6310540981220076,-17.036191439289595,equal_weight
2011-01-06,1.6293894739585097,-17.12086279420356,equal_weight
2011-01-07,1.6334758380611814,-16.913009278177483,equal_weight
2011-01-10,1.6339425454592007,-16.88927013717184,equal_weight
2011-01-11,1.6304109534565,-17.06890508806891,equal_weight
2011-01-12,1.6277182515853188,-17.205869768031977,equal_weight
2011-01-13,1.6302795813676472,-17.07558734884882,equal_weight
2011-01-14,1.626797042328811,-17.252727213465125,equal_weight
2011-01-18,1.6298617989238369,-17.096837914803807,equal_weight
2011-01-19,1.6466566093253678,-16.242567393323036,equal_weight
2011-01-20,1.6530303038677332,-15.91836847530671,equal_weight
2011-01-21,1.6537574643595128,-15.881381349065848,equal_weight
2011-01-24,1.655529338560342,-15.791254705099522,equal_weight
2011-01-25,1.6627288046418476,-15.42505279529587,equal_weight
2011-01-26,1.651561217795136,-15.99309375623179,equal_weight
2011-01-27,1.6504922385020804,-16.047467546485915,equal_weight
2011-01-28,1.6473592243488333,-16.206828775967676,equal_weight
2011-01-31,1.6415359997670955,-16.503027957810623,equal_weight
2011-02-01,1.637469395997109,-16.70987636158453,equal_weight
2011-02-02,1.6337142386156043,-16.90088299862569,equal_weight
2011-02-03,1.6401753693016285,-16.572236628196745,equal_weight
2011-02-04,1.6407830469538884,-16.541327014305484,equal_weight
2011-02-07,1.6356005635455761,-16.804934801350278,equal_weight
2011-02-08,1.638171877488714,-16.674144536347058,equal_weight
2011-02-09,1.6480141683522158,-16.173514952117706,equal_weight
2011-02-10,1.6425561705315144,-16.45113682060314,equal_weight
2011-02-11,1.6421304532458887,-16.472790993463683,equal_weight
2011-02-14,1.6326677229130957,-16.954114175015654,equal_weight
2011-02-15,1.642060498503845,-16.47634925179092,equal_weight
2011-02-16,1.6360824001394392,-16.780426111554625,equal_weight
2011-02-17,1.6340081980160084,-16.885930710134566,equal_weight
2011-02-18,1.6397354237421158,-16.594614524318395,equal_weight
2011-02-22,1.6591611231616723,-15.606523442816178,equal_weight
2011-02-23,1.6587643836556447,-15.626703656620522,equal_weight
2011-02-24,1.6589196727929763,-15.618804851623203,equal_weight
2011-02-25,1.6510079600036942,-16.021235295832923,equal_weight
2011-02-28,1.6630546791657448,-15.408477139315757,equal_weight
2011-03-01,1.671937482022386,-14.956652054832398,equal_weight
2011-03-02,1.6702215819775843,-15.043931565052294,equal_weight
2011-03-03,1.6726913878134533,-14.918304524977355,equal_weight
2011-03-04,1.671541786948947,-14.97677914341824,equal_weight
2011-03-07,1.6836860450786457,-14.35905965284816,equal_weight
2011-03-08,1.6964913977075937,-13.707713492543816,equal_weight
2011-03-09,1.7037710662723313,-13.33743207153779,equal_weight
2011-03-10,1.7059326995763597,-13.227480272992088,equal_weight
2011-03-11,1.6965498704053423,-13.704739270102252,equal_weight
2011-03-14,1.6837645648308812,-14.355065734007455,equal_weight
2011-03-15,1.6693743980309101,-15.087023702123957,equal_weight
2011-03-16,1.6617942295643728,-15.47259009519445,equal_weight
2011-03-17,1.6585095107512953,-15.639667804693902,equal_weight
2011-03-18,1.6650150422822758,-15.308762978702317,equal_weight
2011-03-21,1.6674966397389872,-15.182536156084714,equal_weight
2011-03-22,1.669622476218003,-15.07440516835138,equal_weight
2011-03-23,1.6709487722995682,-15.006942921493671,equal_weight
2011-03-24,1.6719048045941836,-14.95831419706346,equal_weight
2011-03-25,1.6701601564538353,-15.047055983426228,equal_weight
2011-03-28,1.6729614767762442,-14.904566409835041,equal_weight
2011-03-29,1.675829778884643,-14.758669797767132,equal_weight
2011-03-30,1.6813778502154397,-14.476466326834213,equal_weight
2011-03-31,1.6868652661686074,-14.197348100678642,equal_weight
2011-04-01,1.6942766341912614,-13.820367767216746,equal_weight
2011-04-04,1.6989183313159906,-13.584267154676532,equal_weight
2011-04-05,1.6922636217929685,-13.922759941354068,equal_weight
2011-04-06,1.704203149930636,-13.315454072186894,equal_weight
2011-04-07,1.70223410102331,-13.4156100368371,equal_weight
2011-04-08,1.7017239181284074,-13.441560565438436,equal_weight
2011-04-11,1.7100480061313788,-13.01815459483564,equal_weight
2011-04-12,1.7160055675872414,-12.715122347970286,equal_weight
2011-04-13,1.7150705504933164,-12.762682131101144,equal_weight
2011-04-14,1.7184614712702615,-12.590202442961484,equal_weight
2011-04-15,1.721015561122951,-12.460288283872977,equal_weight
2011-04-18,1.7158339161744798,-12.723853422533615,equal_weight
2011-04-19,1.713145975397271,-12.860575928745789,equal_weight
2011-04-20,1.7194486468428583,-12.539989611078695,equal_weight
2011-04-21,1.7163906964284772,-12.695532712352264,equal_weight
2011-04-25,1.718369436163089,-12.594883822335168,equal_weight
2011-04-26,1.7236391553910286,-12.326838772389337,equal_weight
2011-04-27,1.728304596262176,-12.08953043066674,equal_weight
2011-04-28,1.7371135161804845,-11.641463412797348,equal_weight
2011-04-29,1.737519519932758,-11.620811971733968,equal_weight
2011-05-02,1.7439684201353554,-11.292787706658125,equal_weight
2011-05-03,1.7600738453430755,-10.473582865285547,equal_weight
2011-05-04,1.7641248538391694,-10.267527717430724,equal_weight
2011-05-05,1.7574643415222393,-10.606315664080856,equal_weight
2011-05-06,1.7594803905356782,-10.503769032063847,equal_weight
2011-05-09,1.7575973406695113,-10.59955064273318,equal_weight
2011-05-10,1.762331470702588,-10.358748416603515,equal_weight
2011-05-11,1.765701259405128,-10.187343614562018,equal_weight
2011-05-12,1.7780367365324732,-9.559897741321876,equal_weight
2011-05-13,1.7744969433266349,-9.739949847632634,equal_weight
2011-05-16,1.7782317276969024,-9.549979486829052,equal_weight
2011-05-17,1.7786064068113356,-9.530921378114366,equal_weight
2011-05-18,1.7811484362893124,-9.40162067177399,equal_weight
2011-05-19,1.7841051062368602,-9.251229216464196,equal_weight
2011-05-20,1.7810522217415063,-9.406514639015251,equal_weight
2011-05-23,1.7752080070194427,-9.703781487458373,equal_weight
2011-05-24,1.7715092811912976,-9.891917725169996,equal_weight
2011-05-25,1.7710202444339935,-9.91679265234674,equal_weight
2011-05-26,1.7684492213724494,-10.04756812161457,equal_weight
2011-05-27,1.7688837136068503,-10.025467609683393,equal_weight
2011-05-31,1.7755184894209206,-9.687988754067533,equal_weight
2011-06-01,1.770371654610347,-9.949783269902223,equal_weight
2011-06-02,1.7597858784383174,-10.488230344597039,equal_weight
2011-06-03,1.751067839823778,-10.931674671473946,equal_weight
2011-06-06,1.760541308967146,-10.449805258729672,equal_weight
2011-06-07,1.761564251659886,-10.397773126977105,equal_weight
2011-06-08,1.768877465230094,-10.025785434293633,equal_weight
2011-06-09,1.7703722392869603,-9.94975353023958,equal_weight
2011-06-10,1.7671995451531601,-10.111133087816093,equal_weight
2011-06-13,1.776171230764494,-9.65478696883537,equal_weight
2011-06-14,1.7736279624336981,-9.784150689608095,equal_weight
2011-06-15,1.7703183106971987,-9.952496615954576,equal_weight
2011-06-16,1.7859894172040143,-9.155383459706156,equal_weight
2011-06-17,1.7955424857819269,-8.669465209920425,equal_weight
2011-06-20,1.7992096392649812,-8.482934904223537,equal_weight
2011-06-21,1.7931775438509592,-8.789758331922892,equal_weight
2011-06-22,1.7911673297098252,-8.892008172294885,equal_weight
2011-06-23,1.7870582471794128,-9.101017264516798,equal_weight
2011-06-24,1.7937162147373293,-8.762358757411226,equal_weight
2011-06-27,1.7983402743683494,-8.527155278603892,equal_weight
2011-06-28,1.791570332434044,-8.871509378968522,equal_weight
2011-06-29,1.7966904169763351,-8.61107551949667,equal_weight
2011-06-30,1.7987383895750053,-8.506905089583094,equal_weight
2011-07-01,1.8013759769429798,-8.372743816998252,equal_weight
2011-07-05,1.8002624566881222,-8.42938318987917,equal_weight
2011-07-06,1.8088061350447935,-7.99480772337362,equal_weight
2011-07-07,1.8035507947295712,-8.262121387791922,equal_weight
2011-07-08,1.8053044758973749,-8.172920135148177,equal_weight
2011-07-11,1.8133311993745789,-7.764639655243033,equal_weight
2011-07-12,1.817751548567441,-7.539797938079662,equal_weight
2011-07-13,1.804090820537187,-8.234652895010186,equal_weight
2011-07-14,1.8077906835284543,-8.046458815327739,equal_weight
2011-07-15,1.8017299617125655,-8.354738329202881,equal_weight
2011-07-18,1.7985185058045583,-8.5180895101722,equal_weight
2011-07-19,1.7918076164399146,-8.859439892824417,equal_weight
2011-07-20,1.7981335085233274,-8.537672453971068,equal_weight
2011-07-21,1.813464745707507,-7.757846801215818,equal_weight
2011-07-22,1.800582728523536,-8.413092515479548,equal_weight
2011-07-25,1.7995148885515357,-8.46740835399926,equal_weight
2011-07-26,1.7982933689015541,-8.529541132127783,equal_weight
2011-07-27,1.808158446850636,-8.027752479411433,equal_weight
2011-07-28,1.8056064427700464,-8.157560545392794,equal_weight
2011-07-29,1.7988091721293005,-8.503304724462934,equal_weight
2011-08-01,1.7969076587827988,-8.600025482797335,equal_weight
2011-08-02,1.8011159514154775,-8.38597005401236,equal_weight
2011-08-03,1.804564317667007,-8.210568393289696,equal_weight
2011-08-04,1.8153931016694438,-7.65976068926697,equal_weight
2011-08-05,1.8351221896103203,-6.656237705640056,equal_weight
2011-08-08,1.814634249970668,-7.698359793450993,equal_weight
2011-08-09,1.8526553508500543,-5.764410859288239,equal_weight
2011-08-10,1.8223763884704607,-7.304554770621364,equal_weight
2011-08-11,1.854197774094367,-5.6859552722491,equal_weight
2011-08-12,1.8550249398253251,-5.643881364688208,equal_weight
2011-08-15,1.8679695857133154,-4.985450032107686,equal_weight
2011-08-16,1.874782657743984,-4.6389021129960355,equal_weight
2011-08-17,1.8866894629499256,-4.033260700603392,equal_weight
2011-08-18,1.8826064255754262,-4.240945002107688,equal_weight
2011-08-19,1.880273230849984,-4.35962329779348,equal_weight
2011-08-22,1.8855712246609042,-4.090140056991654,equal_weight
2011-08-23,1.8996123268120089,-3.3759373140005544,equal_weight
2011-08-24,1.9107363630158394,-2.8101115629726614,equal_weight
2011-08-25,1.8990420216994575,-3.4049459681177785,equal_weight
2011-08-26,1.8990097477177508,-3.406587588983012,equal_weight
2011-08-29,1.907850637617503,-2.9568944132668418,equal_weight
2011-08-30,1.9068204164741354,-3.009296764489866,equal_weight
2011-08-31,1.9139787697933723,-2.6451860614353895,equal_weight
2011-09-01,1.9149501486578815,-2.595776731451882,equal_weight
2011-09-02,1.9114415588620437,-2.7742416716859952,equal_weight
2011-09-06,1.90903335451087,-2.8967353431073706,equal_weight
2011-09-07,1.9081488556350263,-2.9417255095844586,equal_weight
2011-09-08,1.9106739124952445,-2.813288117963142,equal_weight
2011-09-09,1.9025876830958617,-3.224595375423722,equal_weight
2011-09-12,1.9053565370188137,-3.0837572100551602,equal_weight
2011-09-13,1.9021336245093972,-3.247691132754005,equal_weight
2011-09-14,1.9074743745597307,-2.9760330894943343,equal_weight
2011-09-15,1.9125792684219318,-2.716371906217807,equal_weight
2011-09-16,1.9239728371654008,-2.136836342593751,equal_weight
2011-09-19,1.9228821251687356,-2.1923155700396046,equal_weight
2011-09-20,1.9371933660050549,-1.4643721827677258,equal_weight
2011-09-21,1.931417434263583,-1.7581658072777562,equal_weight
2011-09-22,1.9430455172849848,-1.166701640131873,equal_weight
2011-09-23,1.9455965793878274,-1.0369414879882966,equal_weight
2011-09-26,1.952498630223835,-0.6858676487489057,equal_weight
2011-09-27,1.95787633324573,-0.41232998711122626,equal_weight
2011-09-28,1.9566604615231487,-0.4741754825750233,equal_weight
2011-09-29,1.964199470553267,-0.09070267034129165,equal_weight
2011-09-30,1.973672891190359,0.0,equal_weight
2011-10-03,1.9751312822294689,0.0,equal_weight
2011-10-04,1.9658484917892476,-0.4699834650860879,equal_weight
2011-10-05,1.9564343372322934,-0.9466178357557475,equal_weight
2011-10-06,1.956074192976494,-0.9648517759013875,equal_weight
2011-10-07,1.9623132620514214,-0.6489705415216207,equal_weight
2011-10-10,1.9690974556622136,-0.3054898994078292,equal_weight
2011-10-11,1.961632716259479,-0.6834262659620727,equal_weight
2011-10-12,1.960100378414928,-0.7610078352652261,equal_weight
2011-10-13,1.9646393972306917,-0.5311993735896969,equal_weight
2011-10-14,1.9673838032635764,-0.39225134225747693,equal_weight
2011-10-17,1.974427403425889,-0.035637064225180204,equal_weight
2011-10-18,1.9638552023742577,-0.5709028031029462,equal_weight
2011-10-19,1.972086855100944,-0.1541379631782469,equal_weight
2011-10-20,1.9702934799017433,-0.24493573522185175,equal_weight
2011-10-21,1.975325418132605,0.0,equal_weight
2011-10-24,1.9612346440543558,-0.7133393793702147,equal_weight
2011-10-25,1.9658908070871273,-0.4776231277576981,equal_weight
2011-10-26,1.9591936846545484,-0.8166620714731065,equal_weight
2011-10-27,1.949372515450809,-1.31385453979177,equal_weight
2011-10-28,1.9433326924802834,-1.6196179808472433,equal_weight
2011-10-31,1.9583894419393908,-0.8573765131430711,equal_weight
2011-11-01,1.9583491285696637,-0.8594173601527366,equal_weight
2011-11-02,1.9569478635497044,-0.9303557993130096,equal_weight
2011-11-03,1.9565709783786631,-0.9494354490548473,equal_weight
2011-11-04,1.947821094172264,-1.3923945749831135,equal_weight
2011-11-07,1.9562790247930508,-0.9642154738007558,equal_weight
2011-11-08,1.9585820810571686,-0.8476242406309398,equal_weight
2011-11-09,1.9591876819673801,-0.8169659549301378,equal_weight
2011-11-10,1.963381912115236,-0.6046348570080129,equal_weight
2011-11-11,1.9658694931675713,-0.4787021357712806,equal_weight
2011-11-14,1.9613710713986312,-0.7064328037233336,equal_weight
2011-11-15,1.9634196911672026,-0.6027223087453404,equal_weight
2011-11-16,1.9539356655303137,-1.0828470289473757,equal_weight
2011-11-17,1.9623852337807006,-0.6550912691711042,equal_weight
2011-11-18,1.9664262974033246,-0.4505141607347496,equal_weight
2011-11-21,1.9615004244346217,-0.6998843618917672,equal_weight
2011-11-22,1.96791016319084,-0.3753940932312294,equal_weight
2011-11-23,1.9691097615929305,-0.31466493989382727,equal_weight
2011-11-25,1.97406785902343,-0.06366338921329762,equal_weight
2011-11-28,1.9744734767220344,-0.0431291676171508,equal_weight
2011-11-29,1.981702283931193,0.0,equal_weight
2011-11-30,1.986180012731709,0.0,equal_weight
2011-12-01,1.9895815582810832,0.0,equal_weight
2011-12-02,1.9798845450785332,-0.48738958009481026,equal_weight
2011-12-05,1.977963461481176,-0.5839467475736271,equal_weight
2011-12-06,1.9809601949973499,-0.4333254521710517,equal_weight
2011-12-07,1.9796387248870295,-0.4997449515285912,equal_weight
2011-12-08,1.9848242267787033,-0.23911216318721618,equal_weight
2011-12-09,1.9872028684006737,-0.11955729437221896,equal_weight
2011-12-12,1.9887592313878555,-0.04133165035657971,equal_weight
2011-12-13,2.003238924603421,0.0,equal_weight
2011-12-14,2.0049465455130737,0.0,equal_weight
2011-12-15,2.016799260119351,0.0,equal_weight
2011-12-16,2.0157930747342516,-0.04989020994781157,equal_weight
2011-12-19,2.0217148251099344,0.0,equal_weight
2011-12-20,2.023388181342396,0.0,equal_weight
2011-12-21,2.0339886966766536,0.0,equal_weight
2011-12-22,2.0225893303861677,-0.560443935067656,equal_weight
2011-12-23,2.031717951278273,-0.11164002052178601,equal_weight
2011-12-27,2.045327120530767,0.0,equal_weight
2011-12-28,2.045351232090342,0.0,equal_weight
2011-12-29,2.0473223532564693,0.0,equal_weight
2011-12-30,2.0373537552590157,-0.4869090586344438,equal_weight
2012-01-03,2.012254915999705,-1.7128439593787514,equal_weight
2012-01-04,2.0081833545042023,-1.9117164764020922,equal_weight
2012-01-05,2.002952119678462,-2.1672324100517004,equal_weight
2012-01-06,1.9993809562782134,-2.341663339043809,equal_weight
2012-01-09,1.9965567880680968,-2.479607820801877,equal_weight
2012-01-10,1.9924259401189037,-2.681376142366998,equal_weight
2012-01-11,1.9789290397712302,-3.340622612577482,equal_weight
2012-01-12,1.9809222589026965,-3.2432652458542655,equal_weight
2012-01-13,1.9879313616293157,-2.9009106227305237,equal_weight
2012-01-17,1.997100085933015,-2.453070824121606,equal_weight
2012-01-18,1.9856511848980771,-3.0122842287292007,equal_weight
2012-01-19,1.9751523973172889,-3.5250900193800394,equal_weight
2012-01-20,1.9731490650034123,-3.622941357284404,equal_weight
2012-01-23,1.9733887341290133,-3.6112348897992197,equal_weight
2012-01-24,1.9613907109452564,-4.197269774079793,equal_weight
2012-01-25,1.9686026435145516,-3.845008071968059,equal_weight
2012-01-26,1.9770379320046243,-3.4329924225196207,equal_weight
2012-01-27,1.9529493138675729,-4.609583793132854,equal_weight
2012-01-30,1.956772677523705,-4.4228343225352855,equal_weight
2012-01-31,1.9656189873018872,-3.990742631448574,equal_weight
2012-02-01,1.9584084893789093,-4.3429342592842595,equal_weight
2012-02-02,1.956773049915339,-4.422816133331542,equal_weight
2012-02-03,1.9429972186422217,-5.0956867856353005,equal_weight
2012-02-06,1.9384417261400337,-5.318196567494615,equal_weight
2012-02-07,1.9502073680482248,-4.743512180862652,equal_weight
2012-02-08,1.9452504943568985,-4.985627140602233,equal_weight
2012-02-09,1.9443900515780281,-5.0276548543866095,equal_weight
2012-02-10,1.9493193007762093,-4.786889193310295,equal_weight
2012-02-13,1.9442724299447314,-5.0333999991660665,equal_weight
2012-02-14,1.9542073938508016,-4.54813377373422,equal_weight
2012-02-15,1.9485566272008876,-4.8241414400856275,equal_weight
2012-02-16,1.9415127281557474,-5.168195664567488,equal_weight
2012-02-17,1.9432529825511422,-5.083194179939198,equal_weight
2012-02-21,1.943721542693372,-5.060307694013588,equal_weight
2012-02-22,1.9533670476900022,-4.589179882543748,equal_weight
2012-02-23,1.9502689534951512,-4.740504083636122,equal_weight
2012-02-24,1.9556388238156128,-4.478216598134866,equal_weight
2012-02-27,1.9544058115353857,-4.538442203461046,equal_weight
2012-02-28,1.9517328403772534,-4.669001573063047,equal_weight
2012-02-29,1.9669155508128806,-3.927412911586381,equal_weight
2012-03-01,1.9626132011696877,-4.13755811106361,equal_weight
2012-03-02,1.969831694266199,-3.7849759646796044,equal_weight
2012-03-05,1.9906971113659298,-2.765819549641091,equal_weight
2012-03-06,1.9999747844028608,-2.312658227870046,equal_weight
2012-03-07,1.994496698048321,-2.5802314483658995,equal_weight
2012-03-08,1.990020872056643,-2.798849976345086,equal_weight
2012-03-09,1.9879546029910309,-2.899775414995498,equal_weight
2012-03-12,2.0074422537536596,-1.9479150139388834,equal_weight
2012-03-13,1.9939528571277678,-2.6067949702113125,equal_weight
2012-03-14,1.9811990013665155,-3.2297479576080423,equal_weight
2012-03-15,1.9687079404835826,-3.8398649166235477,equal_weight
2012-03-16,1.9639065040435184,-4.074387654697842,equal_weight
2012-03-19,1.958811909549858,-4.323229488791869,equal_weight
2012-03-20,1.965305654837641,-4.006047132166191,equal_weight
2012-03-21,1.9664601846779781,-3.949654945635306,equal_weight
2012-03-22,1.980013278125803,-3.2876637635301798,equal_weight
2012-03-23,1.9756158580039798,-3.5024526127228173,equal_weight
2012-03-26,1.9828607405480736,-3.148581492595104,equal_weight
2012-03-27,1.9893919271507028,-2.8295703416524765,equal_weight
2012-03-28,1.990468966340137,-2.7769631306912346,equal_weight
2012-03-29,1.9991614836710172,-2.352383321993601,equal_weight
2012-03-30,2.009412009785172,-1.851703685596806,equal_weight
2012-04-02,2.0131196676381773,-1.6706057824205978,equal_weight
2012-04-03,2.0163428996477415,-1.5131693140287283,equal_weight
2012-04-04,2.028256754980627,-0.9312455483874493,equal_weight
2012-04-05,2.0280963484336123,-0.9390804917592033,equal_weight
2012-04-09,2.027885972258557,-0.9493561659694949,equal_weight
2012-04-10,2.0313439854528252,-0.780451978079022,equal_weight
2012-04-11,2.026265215984237,-1.028520850111303,equal_weight
2012-04-12,2.0115066545897844,-1.7493922542151874,equal_weight
2012-04-13,2.0229624798041947,-1.1898406430002506,equal_weight
2012-04-16,2.0376811858973096,-0.4709159426616094,equal_weight
2012-04-17,2.037784563628412,-0.46586653112472565,equal_weight
2012-04-18,2.0386363780191976,-0.42426026480176793,equal_weight
2012-04-19,2.034508229868744,-0.6258967166232199,equal_weight
2012-04-20,2.0564585799729174,0.0,equal_weight
2012-04-23,2.052197989521051,-0.20718095143558157,equal_weight
2012-04-24,2.0588535358083573,0.0,equal_weight
2012-04-25,2.057552640963176,-0.06318540015379792,equal_weight
2012-04-26,2.0681584990382578,0.0,equal_weight
2012-04-27,2.070644020350334,0.0,equal_weight
2012-04-30,2.0802801621708205,0.0,equal_weight
2012-05-01,2.079056857519037,-0.05880480302743463,equal_weight
2012-05-02,2.07805999065689,-0.106724639993383,equal_weight
2012-05-03,2.0909567685638217,0.0,equal_weight
2012-05-04,2.0950916350045428,0.0,equal_weight
2012-05-07,2.0886074138940374,-0.3094958235796419,equal_weight
2012-05-08,2.096918897746076,0.0,equal_weight
2012-05-09,2.091620655601113,-0.25266795728999814,equal_weight
2012-05-10,2.104977789255033,0.0,equal_weight
2012-05-11,2.102587126370887,-0.11357188167731014,equal_weight
2012-05-14,2.1045966131866045,-0.01810831783473077,equal_weight
2012-05-15,2.1135181388911266,0.0,equal_weight
2012-05-16,2.1211909618588427,0.0,equal_weight
2012-05-17,2.1279856641306654,0.0,equal_weight
2012-05-18,2.133010853959499,0.0,equal_weight
2012-05-21,2.1238511965327507,-0.4294238545362039,equal_weight
2012-05-22,2.1314775737234344,-0.07188337711543369,equal_weight
2012-05-23,2.1198799481755684,-0.6156042647207371,equal_weight
2012-05-24,2.1322032096502617,-0.03786405060894893,equal_weight
2012-05-25,2.126485548617184,-0.30591993145288043,equal_weight
2012-05-29,2.1218491777596293,-0.5232826724322792,equal_weight
2012-05-30,2.131384521567803,-0.07624585635264136,equal_weight
2012-05-31,2.1344705385107208,0.0,equal_weight
2012-06-01,2.1360897357839286,0.0,equal_weight
2012-06-04,2.150032281442768,0.0,equal_weight
2012-06-05,2.138008573756148,-0.5592338212964676,equal_weight
2012-06-06,2.1437448458185826,-0.29243447544733403,equal_weight
2012-06-07,2.155600976344729,0.0,equal_weight
2012-06-08,2.1549498605226827,-0.030205767634705616,equal_weight
2012-06-11,2.165361124658245,0.0,equal_weight
2012-06-12,2.1600401125606963,-0.24573324222713078,equal_weight
2012-06-13,2.170965798567713,0.0,equal_weight
2012-06-14,2.1782258294461316,0.0,equal_weight
2012-06-15,2.169981429266255,-0.37849152592103197,equal_weight
2012-06-18,2.171974227677522,-0.28700429882421163,equal_weight
2012-06-19,2.164560527597859,-0.6273592785256521,equal_weight
2012-06-20,2.157511854122589,-0.9509562802682225,equal_weight
2012-06-21,2.1681781930313786,-0.46127615782188824,equal_weight
2012-06-22,2.166618557061607,-0.5328773641195772,equal_weight
2012-06-25,2.1729318084351514,-0.2430427983826755,equal_weight
2012-06-26,2.1685107516225344,-0.446008751354654,equal_weight
2012-06-27,2.1616833594656772,-0.7594469662799308,equal_weight
2012-06-28,2.1614378908940672,-0.7707161638209503,equal_weight
2012-06-29,2.1645270312685647,-0.6288970588990805,equal_weight
2012-07-02,2.177950178409045,-0.012654841998493982,equal_weight
2012-07-03,2.1679419687518418,-0.4721209598779197,equal_weight
2012-07-05,2.1671712310585525,-0.5075046966268926,equal_weight
2012-07-06,2.1755281740641297,-0.12384645088373558,equal_weight
2012-07-09,2.1830428117921272,0.0,equal_weight
2012-07-10,2.204970636258643,0.0,equal_weight
2012-07-11,2.2083360720789083,0.0,equal_weight
2012-07-12,2.2163985720518786,0.0,equal_weight
2012-07-13,2.225688559999237,0.0,equal_weight
2012-07-16,2.2186487500451255,-0.316298069758425,equal_weight
2012-07-17,2.221429275667455,-0.19136928716493307,equal_weight
2012-07-18,2.223637412574084,-0.09215788147618476,equal_weight
2012-07-19,2.222677289354166,-0.1352961370782335,equal_weight
2012-07-20,2.220927821398445,-0.21389958533972742,equal_weight
2012-07-23,2.216581841852423,-0.40916408119638925,equal_weight
2012-07-24,2.2227063070693274,-0.13399237357407667,equal_weight
2012-07-25,2.231893349397105,0.0,equal_weight
2012-07-26,2.2270175452281293,-0.21846044616301574,equal_weight
2012-07-27,2.226322319280832,-0.24961005048819151,equal_weight
2012-07-30,2.227086788168643,-0.21535801563995483,equal_weight
2012-07-31,2.2219629500961,-0.4449316229060529,equal_weight
2012-08-01,2.2103242698179097,-0.9664027891396199,equal_weight
2012-08-02,2.223179274274288,-0.3904342080310763,equal_weight
2012-08-03,2.2223984501819642,-0.42541903795293434,equal_weight
2012-08-06,2.2071683970269875,-1.107801695667776,equal_weight
2012-08-07,2.1864209586787706,-2.037390842650144,equal_weight
2012-08-08,2.1901911487171652,-1.8684674467623896,equal_weight
2012-08-09,2.18012310729445,-2.319566126071382,equal_weight
2012-08-10,2.1816714986548478,-2.250190438347932,equal_weight
2012-08-13,2.1876061133565807,-1.9842899774976885,equal_weight
2012-08-14,2.194263709776852,-1.6859963147619839,equal_weight
2012-08-15,2.1915288884304855,-1.8085300078304778,equal_weight
2012-08-16,2.1796983266425674,-2.3385984266961923,equal_weight
2012-08-17,2.181821988767805,-2.2434477275908082,equal_weight
2012-08-20,2.185019352874166,-2.1001898023308763,equal_weight
2012-08-21,2.173147752280511,-2.632096965227426,equal_weight
2012-08-22,2.1766512896306476,-2.4751209452449796,equal_weight
2012-08-23,2.179255191809004,-2.3584530865831788,equal_weight
2012-08-24,2.1901779433925967,-1.8690591114390198,equal_weight
2012-08-27,2.1992222159038035,-1.4638304066870722,equal_weight
2012-08-28,2.1978985909218967,-1.5231354349611315,equal_weight
2012-08-29,2.195910757795009,-1.6122003146707642,equal_weight
2012-08-30,2.2002245098332045,-1.418922618881191,equal_weight
2012-08-31,2.1935689295017253,-1.7171259507418712,equal_weight
2012-09-04,2.210867953603516,-0.9420430326237739,equal_weight
2012-09-05,2.2069747823534884,-1.1164766027170425,equal_weight
2012-09-06,2.2042036838317314,-1.240635694929293,equal_weight
2012-09-07,2.1750893562460973,-2.545103383472691,equal_weight
2012-09-10,2.1766672525921282,-2.474405724623663,equal_weight
2012-09-11,2.161920405038163,-3.1351383513842035,equal_weight
2012-09-12,2.148189726627432,-3.7503415112681626,equal_weight
2012-09-13,2.15189002596683,-3.5845495687276463,equal_weight
2012-09-14,2.113017050686871,-5.326253548017689,equal_weight
2012-09-17,2.1256163534095336,-4.761741685205512,equal_weight
2012-09-18,2.1330824699078588,-4.427222273677978,equal_weight
2012-09-19,2.1333240341879156,-4.416398984109859,equal_weight
2012-09-20,2.1482447771634283,-3.747874971547016,equal_weight
2012-09-21,2.1512973273149463,-3.6111054367328865,equal_weight
2012-09-24,2.174581658715315,-2.567850775543168,equal_weight
2012-09-25,2.187393649738033,-1.9938094116859428,equal_weight
2012-09-26,2.197225066938405,-1.553312682618313,equal_weight
2012-09-27,2.1799751014921345,-2.3261975272696134,equal_weight
2012-09-28,2.189726165355283,-1.8893010301416213,equal_weight
2012-10-01,2.1826066810198457,-2.208289584740819,equal_weight
2012-10-02,2.1893495786802593,-1.9061739992342286,equal_weight
2012-10-03,2.2050197436148107,-1.2040721295913825,equal_weight
2012-10-04,2.194981038542982,-1.653856393455988,equal_weight
2012-10-05,2.1988525511110595,-1.4803932407868259,equal_weight
2012-10-08,2.197367382040506,-1.5469362532902875,equal_weight
2012-10-09,2.188494156688559,-1.9445011886553343,equal_weight
2012-10-10,2.1950732240089397,-1.649726022890452,equal_weight
2012-10-11,2.1716227461629125,-2.7004248769536,equal_weight
2012-10-12,2.1756896636340928,-2.5182066059829533,equal_weight
2012-10-15,2.180647775879575,-2.2960583457705463,equal_weight
2012-10-16,2.1747139379785208,-2.5619240020599454,equal_weight
2012-10-17,2.176694837284918,-2.4731697922347973,equal_weight
2012-10-18,2.1827999849570094,-2.199628600235626,equal_weight
2012-10-19,2.188061050555651,-1.9639065125264255,equal_weight
2012-10-22,2.179682852871029,-2.3392917291580884,equal_weight
2012-10-23,2.184609870218945,-2.1185366760886004,equal_weight
2012-10-24,2.1977383123932768,-1.5303167157630693,equal_weight
2012-10-25,2.2031531650626097,-1.2877041970781766,equal_weight
2012-10-26,2.2014395322675564,-1.3644835286495627,equal_weight
2012-10-31,2.2191052496574564,-0.5729709147214823,equal_weight
2012-11-01,2.19679690069523,-1.5724966746890279,equal_weight
2012-11-02,2.2049065275289763,-1.2091447772546338,equal_weight
2012-11-05,2.192605414603876,-1.7602962437179959,equal_weight
2012-11-06,2.187318603976337,-1.9971718376601166,equal_weight
2012-11-07,2.197041601176378,-1.5615328676050422,equal_weight
2012-11-08,2.2038533683342645,-1.2563315836939482,equal_weight
2012-11-09,2.200947691828983,-1.3865204435723144,equal_weight
2012-11-12,2.1894997517067054,-1.8994454955408635,equal_weight
2012-11-13,2.1961479867244185,-1.6015712705242935,equal_weight
2012-11-14,2.191910417646831,-1.791435588133028,equal_weight
2012-11-15,2.1913295585034667,-1.8174609868610303,equal_weight
2012-11-16,2.211876856245377,-0.8968391414013954,equal_weight
2012-11-19,2.1972931102209974,-1.5502640027783565,equal_weight
2012-11-20,2.2046808999361804,-1.2192540234180704,equal_weight
2012-11-21,2.1982500939177325,-1.5073863403222365,equal_weight
2012-11-23,2.1920648373722136,-1.7845168110586562,equal_weight
2012-11-26,2.203037488058386,-1.2928871062102387,equal_weight
2012-11-27,2.2061200362503417,-1.1547735089459055,equal_weight
2012-11-28,2.2017881376182977,-1.3488642630231196,equal_weight
2012-11-29,2.2069031475131706,-1.1196862023306275,equal_weight
2012-11-30,2.2223119887256795,-0.42929294421768516,equal_weight
2012-12-03,2.2194181362041476,-0.5589520304062567,equal_weight
2012-12-04,2.2130670041124847,-0.8435145563611135,equal_weight
2012-12-05,2.2181725871905935,-0.6147588642718027,equal_weight
2012-12-06,2.218574604334867,-0.5967464827938973,equal_weight
2012-12-07,2.2171935076219422,-0.6586265324520779,equal_weight
2012-12-10,2.2123595481589375,-0.8752121262175949,equal_weight
2012-12-11,2.2052627296822243,-1.193185136828978,equal_weight
2012-12-12,2.200833360499816,-1.391643059722325,equal_weight
2012-12-13,2.197933169606171,-1.5215861367259165,equal_weight
2012-12-14,2.1921273589825807,-1.7817155297884635,equal_weight
2012-12-17,2.206493369589503,-1.1380463055935541,equal_weight
2012-12-18,2.1929247621071477,-1.7459878761896808,equal_weight
2012-12-19,2.1865271907962205,-2.0326311117481954,equal_weight
2012-12-20,2.1977588767460112,-1.5293953297685237,equal_weight
2012-12-21,2.198692173722304,-1.4875789510179538,equal_weight
2012-12-24,2.1996585718297834,-1.4442794758104838,equal_weight
2012-12-26,2.1833436916393567,-2.175267817831117,equal_weight
2012-12-27,2.1855835010296736,-2.074913139552159,equal_weight
2012-12-28,2.1823497684651842,-2.2198005538796806,equal_weight
2012-12-31,2.174780980111094,-2.5589201787548865,equal_weight
2013-01-02,2.190525783890946,-1.8534741150303402,equal_weight
2013-01-03,2.1915032124832035,-1.8096804188610482,equal_weight
2013-01-04,2.191494246671613,-1.8100821321236027,equal_weight
2013-01-07,2.1854630328854805,-2.080310715750222,equal_weight
2013-01-08,2.194575477764621,-1.6720275474885193,equal_weight
2013-01-09,2.20182776111307,-1.347088932011753,equal_weight
2013-01-10,2.20869760151723,-1.0392856758205116,equal_weight
2013-01-11,2.2116116282936944,-0.9087226819726513,equal_weight
2013-01-14,2.2145474294179626,-0.7771840882911385,equal_weight
2013-01-15,2.207688549052357,-1.0844962798641888,equal_weight
2013-01-16,2.204557234864102,-1.2247948379965123,equal_weight
2013-01-17,2.2083840961832166,-1.0533322849068383,equal_weight
2013-01-18,2.2155942254119996,-0.7302823851107476,equal_weight
2013-01-22,2.2198720423188507,-0.538614763178602,equal_weight
2013-01-23,2.2227059981191637,-0.41163935008019514,equal_weight
2013-01-24,2.2188392768382146,-0.5848878290898862,equal_weight
2013-01-25,2.2098443637904035,-0.9879049826756914,equal_weight
2013-01-28,2.2115755108566564,-0.9103409240381888,equal_weight
2013-01-29,2.2295693107636483,-0.10412857021525612,equal_weight
2013-01-30,2.2266230157091558,-0.23613734452736512,equal_weight
2013-01-31,2.2156267063686346,-0.7288270755797743,equal_weight
2013-02-01,2.22558008285406,-0.282865959735501,equal_weight
2013-02-04,2.223483614407719,-0.37679824583275456,equal_weight
2013-02-05,2.221961501603744,-0.44499652261805744,equal_weight
2013-02-06,2.2191643779253902,-0.570321672187124,equal_weight
2013-02-07,2.2212141672777075,-0.47848084328412366,equal_weight
2013-02-08,2.2255634346406414,-0.28361188307556295,equal_weight
2013-02-11,2.22767591799895,-0.18896204871502453,equal_weight
2013-02-12,2.2250643763012663,-0.30597219610351,equal_weight
2013-02-13,2.221907469284044,-0.44741744114962234,equal_weight
2013-02-14,2.2134518288597107,-0.8262724803752786,equal_weight
2013-02-15,2.23034374041607,-0.06943024322615399,equal_weight
2013-02-19,2.229494256283747,-0.10749138680868908,equal_weight
2013-02-20,2.251493705448151,0.0,equal_weight
2013-02-21,2.2576619312010995,0.0,equal_weight
2013-02-22,2.264335221752164,0.0,equal_weight
2013-02-25,2.264571491106678,0.0,equal_weight
2013-02-26,2.268526095240714,0.0,equal_weight
2013-02-27,2.2710744115544066,0.0,equal_weight
2013-02-28,2.279878559903126,0.0,equal_weight
2013-03-01,2.289269004760859,0.0,equal_weight
2013-03-04,2.3007912488956777,0.0,equal_weight
2013-03-05,2.3047809517087883,0.0,equal_weight
2013-03-06,2.2995799440515228,-0.2256616904703912,equal_weight
2013-03-07,2.2830533116624085,-0.9427203930278294,equal_weight
2013-03-08,2.2763360351585584,-1.234170064150375,equal_weight
2013-03-11,2.2765425439619023,-1.2252100454904324,equal_weight
2013-03-12,2.2740549281770255,-1.3331428962471303,equal_weight
2013-03-13,2.270700857516627,-1.4786695528220872,equal_weight
2013-03-14,2.2675625846007272,-1.6148331614970646,equal_weight
2013-03-15,2.2738557885757342,-1.341783179443834,equal_weight
2013-03-18,2.2700825969200156,-1.5054946875991404,equal_weight
2013-03-19,2.2844507548386837,-0.8820880290177469,equal_weight
2013-03-20,2.287112836244428,-0.7665854514834036,equal_weight
2013-03-21,2.2895393657379692,-0.6613030170836254,equal_weight
2013-03-22,2.2972361003228947,-0.3273565490160668,equal_weight
2013-03-25,2.296597687279595,-0.35505605958459086,equal_weight
2013-03-26,2.3110202014496743,0.0,equal_weight
2013-03-27,2.3069622674725694,-0.1755905887174669,equal_weight
2013-03-28,2.3247125879299624,0.0,equal_weight
2013-04-01,2.3412212495072335,0.0,equal_weight
2013-04-02,2.364004543264804,0.0,equal_weight
2013-04-03,2.3731290385141297,0.0,equal_weight
2013-04-04,2.3803312357866626,0.0,equal_weight
2013-04-05,2.376746172317054,-0.15061195751706613,equal_weight
2013-04-08,2.3810038993141096,0.0,equal_weight
2013-04-09,2.373400490297241,-0.3193362690022794,equal_weight
2013-04-10,2.3741984448008466,-0.2858229050033634,equal_weight
2013-04-11,2.3793166198977245,-0.07086420214897915,equal_weight
2013-04-12,2.378233625704585,-0.11634897407445388,equal_weight
2013-04-15,2.3671421486245317,-0.582180931898979,equal_weight
2013-04-16,2.3738215694738902,-0.3016513262447118,equal_weight
2013-04-17,2.371078039395892,-0.4168770962986179,equal_weight
2013-04-18,2.37233681534066,-0.3640096505489243,equal_weight
2013-04-19,2.3733717602807443,-0.3205429035863405,equal_weight
2013-04-22,2.3696144181371466,-0.4783478590792756,equal_weight
2013-04-23,2.373161768650454,-0.329362361225638,equal_weight
2013-04-24,2.3826625287813643,0.0,equal_weight
2013-04-25,2.369150770310283,-0.5670865390237201,equal_weight
2013-04-26,2.3668725509497635,-0.6627030744331575,equal_weight
2013-04-29,2.3702250082465492,-0.5220009289849559,equal_weight
2013-04-30,2.379111956429472,-0.1490170055139184,equal_weight
2013-05-01,2.370386562580266,-0.5152205170816715,equal_weight
2013-05-02,2.3746044248726657,-0.3381974497588702,equal_weight
2013-05-03,2.3713772215639435,-0.47364270353438265,equal_weight
2013-05-06,2.3635413916081855,-0.8025113477970525,equal_weight
2013-05-07,2.3800921627534666,-0.10787788857419267,equal_weight
2013-05-08,2.3840339747276533,0.0,equal_weight
2013-05-09,2.3658378478425055,-0.7632494787422894,equal_weight
2013-05-10,2.348850091679964,-1.4758129884331228,equal_weight
2013-05-13,2.3493900758523405,-1.453162968420807,equal_weight
2013-05-14,2.3482897734893524,-1.4993159332968076,equal_weight
2013-05-15,2.361649670382496,-0.93892555988907,equal_weight
2013-05-16,2.3546821022601545,-1.2311851583764355,equal_weight
2013-05-17,2.3553446384124017,-1.2033946084400449,equal_weight
2013-05-20,2.3350323199556438,-2.0554092471608887,equal_weight
2013-05-21,2.3293512327544463,-2.293706488786673,equal_weight
2013-05-22,2.326351745738858,-2.419522104142191,equal_weight
2013-05-23,2.3113381483284785,-3.049278121444532,equal_weight
2013-05-24,2.3123812162198365,-3.0055258971719234,equal_weight
2013-05-28,2.299574275097056,-3.5427221476676207,equal_weight
2013-05-29,2.2770958500772234,-4.485595666171083,equal_weight
2013-05-30,2.277961284012636,-4.449294424469552,equal_weight
2013-05-31,2.2716736844123453,-4.713032259875572,equal_weight
2013-06-03,2.2858112263103734,-4.1200230138708775,equal_weight
2013-06-04,2.283464193155364,-4.218470988182044,equal_weight
2013-06-05,2.276088045661412,-4.527868738891305,equal_weight
2013-06-06,2.292505044550298,-3.8392460488240965,equal_weight
2013-06-07,2.2936456136835153,-3.7914040656431447,equal_weight
2013-06-10,2.2903428088949798,-3.9299425606288407,equal_weight
2013-06-11,2.290007952339077,-3.943988356932604,equal_weight
2013-06-12,2.285411871133529,-4.1367742506853595,equal_weight
2013-06-13,2.3000853916228845,-3.521283001613218,equal_weight
2013-06-14,2.300077274499595,-3.5216234801204727,equal_weight
2013-06-17,2.304510259854109,-3.335678757792404,equal_weight
2013-06-18,2.3088365645433355,-3.154208831814498,equal_weight
2013-06-19,2.284566712041796,-4.172225049654344,equal_weight
2013-06-20,2.267380841205693,-4.893098620177449,equal_weight
2013-06-21,2.2793330687839957,-4.391753936963861,equal_weight
2013-06-24,2.28321843944923,-4.228779302104546,equal_weight
2013-06-25,2.2866068254080574,-4.086651044086976,equal_weight
2013-06-26,2.2996726383352537,-3.538596231710034,equal_weight
2013-06-27,2.31025848024148,-3.0945655669442074,equal_weight
2013-06-28,2.3055389233499275,-3.292530736131516,equal_weight
2013-07-01,2.3124391346805635,-3.0030964661595716,equal_weight
2013-07-02,2.308333126973323,-3.1753258786078375,equal_weight
2013-07-03,2.3084672154348147,-3.16970144276032,equal_weight
2013-07-05,2.3175103334394787,-2.7903814288457895,equal_weight
2013-07-08,2.334828906933533,-2.0639415509899117,equal_weight
2013-07-09,2.3438942999583166,-1.6836871955200339,equal_weight
2013-07-10,2.344387180116046,-1.6630129868906995,equal_weight
2013-07-11,2.3569798711994006,-1.134803606619883,equal_weight
2013-07-12,2.3602414817218045,-0.9979930344141574,equal_weight
2013-07-15,2.359355953770869,-1.0351371338826576,equal_weight
2013-07-16,2.3590792852177094,-1.0467421930425602,equal_weight
2013-07-17,2.357046902983318,-1.131991910787189,equal_weight
2013-07-18,2.368266302780306,-0.6613862098651002,equal_weight
2013-07-19,2.374976308670357,-0.3799302423251327,equal_weight
2013-07-22,2.3707671466008615,-0.5564865378358319,equal_weight
2013-07-23,2.3662663878394437,-0.7452740639000033,equal_weight
2013-07-24,2.3621047682355085,-0.9198361568924396,equal_weight
2013-07-25,2.3593328813832013,-1.036104921586689,equal_weight
2013-07-26,2.3694348640632934,-0.6123700760610085,equal_weight
2013-07-29,2.370334030339654,-0.5746539073363754,equal_weight
2013-07-30,2.3622384249009465,-0.9142298330373722,equal_weight
2013-07-31,2.358902334906176,-1.0541644996627242,equal_weight
2013-08-01,2.3589161213812595,-1.0535862161638598,equal_weight
2013-08-02,2.3612646391132297,-0.9550759702166012,equal_weight
2013-08-05,2.3498289942045747,-1.4347522260871326,equal_weight
2013-08-06,2.3513440584639906,-1.371201778590303,equal_weight
2013-08-07,2.3497993334378444,-1.4359963680349752,equal_weight
2013-08-08,2.3416757222819102,-1.776747013455715,equal_weight
2013-08-09,2.329408715328074,-2.2912953413685933,equal_weight
2013-08-12,2.3228158669294796,-2.567837054636235,equal_weight
2013-08-13,2.3265553647289936,-2.410981160837944,equal_weight
2013-08-14,2.3228369671546742,-2.5669519906892257,equal_weight
2013-08-15,2.3114299586187803,-3.0454270735452593,equal_weight
2013-08-16,2.306481219509595,-3.2530054537883712,equal_weight
2013-08-19,2.3071966094537317,-3.2229979139747456,equal_weight
2013-08-20,2.30205795521005,-3.438542419554569,equal_weight
2013-08-21,2.28901869845626,-3.985483314357874,equal_weight
2013-08-22,2.2889423169925878,-3.988687189155038,equal_weight
2013-08-23,2.2871371090366654,-4.064407920279622,equal_weight
2013-08-26,2.2717120290287194,-4.711423867680631,equal_weight
2013-08-27,2.281471710136697,-4.302047104956753,equal_weight
2013-08-28,2.27607241153039,-4.528524523632127,equal_weight
2013-08-29,2.2743765906754394,-4.599656935037633,equal_weight
2013-08-30,2.277955056359459,-4.449555647809622,equal_weight
2013-09-03,2.2669620725775523,-4.91066416800855,equal_weight
2013-09-04,2.264997014392402,-4.993089930643702,equal_weight
2013-09-05,2.2575710549415784,-5.304577079297779,equal_weight
2013-09-06,2.257367993484402,-5.313094636485671,equal_weight
2013-09-09,2.2553677561320633,-5.3969960142991935,equal_weight
2013-09-10,2.2582303564347495,-5.2769222094360195,equal_weight
2013-09-11,2.2623015144534775,-5.106154591948808,equal_weight
2013-09-12,2.2616524074632185,-5.133381846138141,equal_weight
2013-09-13,2.266787184474017,-4.917999973848131,equal_weight
2013-09-16,2.281117633695322,-4.316899093021032,equal_weight
2013-09-17,2.273989228733562,-4.615905107084828,equal_weight
2013-09-18,2.2838008766079194,-4.204348561399351,equal_weight
2013-09-19,2.281729524505924,-4.291232897946284,equal_weight
2013-09-20,2.2843605778021607,-4.180871496887084,equal_weight
2013-09-23,2.2932731525367913,-3.8070272132438965,equal_weight
2013-09-24,2.287499493320844,-4.049207453842474,equal_weight
2013-09-25,2.2849447454995344,-4.156368167506452,equal_weight
2013-09-26,2.2819102682801238,-4.283651471837602,equal_weight
2013-09-27,2.285666653065631,-4.126087241406018,equal_weight
2013-09-30,2.2830451727596546,-4.236047096582817,equal_weight
2013-10-01,2.27389812654627,-4.619726453099949,equal_weight
2013-10-02,2.259990046148991,-5.203110773319953,equal_weight
2013-10-03,2.2576038362276907,-5.303202044945932,equal_weight
2013-10-04,2.2565298333295587,-5.3482518600709295,equal_weight
2013-10-07,2.2568674595260956,-5.334089889221694,equal_weight
2013-10-08,2.275746545764544,-4.542193194854938,equal_weight
2013-10-09,2.297441035835702,-3.6322023851125484,equal_weight
2013-10-10,2.312804111315515,-2.987787261726238,equal_weight
2013-10-11,2.3223402987687916,-2.5877850992417017,equal_weight
2013-10-14,2.322177735679781,-2.5946039235845486,equal_weight
2013-10-15,2.3129696285073393,-2.980844525440629,equal_weight
2013-10-16,2.3213062759236154,-2.6311579226216297,equal_weight
2013-10-17,2.330711217493569,-2.2366609620223965,equal_weight
2013-10-18,2.324688899339501,-2.489271378564628,equal_weight
2013-10-21,2.3250311942782673,-2.4749135740033346,equal_weight
2013-10-22,2.3332079047676033,-2.1319356392920596,equal_weight
2013-10-23,2.3410871201859647,-1.801436346837082,equal_weight
2013-10-24,2.3282504973206533,-2.3398776191254855,equal_weight
2013-10-25,2.3402321771989127,-1.8372975382510814,equal_weight
2013-10-28,2.347178183770948,-1.5459423543205064,equal_weight
2013-10-29,2.351322175124788,-1.3721196908111244,equal_weight
2013-10-30,2.3539637667872833,-1.2613162504869546,equal_weight
2013-10-31,2.3646459218389673,-0.8132456623610396,equal_weight
2013-11-01,2.364742128291347,-0.8092102143179458,equal_weight
2013-11-04,2.3488659252163018,-1.4751488394945778,equal_weight
2013-11-05,2.3503139937798703,-1.4144085740906975,equal_weight
2013-11-06,2.380416989576563,-0.15171701365974677,equal_weight
2013-11-07,2.385790446991353,0.0,equal_weight
2013-11-08,2.3925754212068,0.0,equal_weight
2013-11-11,2.382951663859835,-0.4022342310158411,equal_weight
2013-11-12,2.378909425371135,-0.5711834918362579,equal_weight
2013-11-13,2.379638896870611,-0.5406945261380303,equal_weight
2013-11-14,2.388797373380682,-0.1579071569753121,equal_weight
2013-11-15,2.3876499145530383,-0.20586630666284966,equal_weight
2013-11-18,2.395263863410787,0.0,equal_weight
2013-11-19,2.3995053406655833,0.0,equal_weight
2013-11-20,2.3972256073841782,-0.095008468736002,equal_weight
2013-11-21,2.403534033202476,0.0,equal_weight
2013-11-22,2.411953320861335,0.0,equal_weight
2013-11-25,2.4128456854781146,0.0,equal_weight
2013-11-26,2.411732958999121,-0.046116769327209095,equal_weight
2013-11-27,2.404749470976583,-0.3355463032824413,equal_weight
2013-11-29,2.3998946283965914,-0.5367544704358851,equal_weight
2013-12-02,2.3986198539566237,-0.5895872913510458,equal_weight
2013-12-03,2.398545562124685,-0.5926663043349989,equal_weight
2013-12-04,2.3974434290336815,-0.6383440324067458,equal_weight
2013-12-05,2.3956645679992827,-0.7120686408682353,equal_weight
2013-12-06,2.426494328682437,0.0,equal_weight
2013-12-09,2.4235483989822315,-0.12140682404995218,equal_weight
2013-12-10,2.4091452086637064,-0.7149870417439308,equal_weight
2013-12-11,2.4080615187917656,-0.7596477631447995,equal_weight
2013-12-12,2.406464361844648,-0.8254693448496608,equal_weight
2013-12-13,2.40286446239457,-0.9738273858112878,equal_weight
2013-12-16,2.401838798565358,-1.016096754302609,equal_weight
2013-12-17,2.39111767647223,-1.45793261463818,equal_weight
2013-12-18,2.4098423981444985,-0.68625466546961,equal_weight
2013-12-19,2.4062101560508284,-0.8359456023382839,equal_weight
2013-12-20,2.408459313621185,-0.7432539548132722,equal_weight
2013-12-23,2.3967293782106367,-1.2266647451000923,equal_weight
2013-12-24,2.4022841739057528,-0.9977420713705221,equal_weight
2013-12-26,2.4036818643761926,-0.9401408458527771,equal_weight
2013-12-27,2.3992265225717424,-1.12375313588724,equal_weight
2013-12-30,2.40123065834591,-1.0411592575303885,equal_weight
2013-12-31,2.3966514893482866,-1.2298746789305315,equal_weight
2014-01-02,2.3779939195155446,-1.9987851854254224,equal_weight
2014-01-03,2.3804382488859797,-1.8980501727142163,equal_weight
2014-01-06,2.3795956577932795,-1.9327747992150979,equal_weight
2014-01-07,2.389377900282424,-1.5296317803539794,equal_weight
2014-01-08,2.3818742394843,-1.8388705331269128,equal_weight
2014-01-09,2.3996846521945523,-1.1048728270649733,equal_weight
2014-01-10,2.400183565283026,-1.0843117615567555,equal_weight
2014-01-13,2.401443882501158,-1.0323719237737228,equal_weight
2014-01-14,2.396867109837382,-1.2209885881391047,equal_weight
2014-01-15,2.390229446980621,-1.4945380779648243,equal_weight
2014-01-16,2.381557006474831,-1.8519442504531636,equal_weight
2014-01-17,2.3806892429686943,-1.8877062753579366,equal_weight
2014-01-21,2.376661372077377,-2.0537017546675695,equal_weight
2014-01-22,2.3757730692354877,-2.0903102408852847,equal_weight
2014-01-23,2.3589104937757397,-2.785245945470427,equal_weight
2014-01-24,2.3479646120988775,-3.2363445343884467,equal_weight
2014-01-27,2.3552891140958874,-2.9344892236040643,equal_weight
2014-01-28,2.3520090092311565,-3.0696679802967197,equal_weight
2014-01-29,2.3418251522674085,-3.489362221629555,equal_weight
2014-01-30,2.3444381059375208,-3.3816779118322593,equal_weight
2014-01-31,2.3287994478575778,-4.0261738785067225,equal_weight
2014-02-03,2.309718484755704,-4.812533149011777,equal_weight
2014-02-04,2.3059011995673395,-4.9698500297166825,equal_weight
2014-02-05,2.304824470880599,-5.0142238687161385,equal_weight
2014-02-06,2.311011537716519,-4.75924421503281,equal_weight
2014-02-07,2.3154765175564287,-4.575234724998934,equal_weight
2014-02-10,2.3126137867056005,-4.693212781530498,equal_weight
2014-02-11,2.3227288126968983,-4.276355182823877,equal_weight
2014-02-12,2.323310799757588,-4.252370496199632,equal_weight
2014-02-13,2.321290006957669,-4.335650839204441,equal_weight
2014-02-14,2.3332513169572424,-3.842704704602584,equal_weight
2014-02-18,2.318744509685396,-4.44055515495676,equal_weight
2014-02-19,2.310752859416895,-4.769904792169399,equal_weight
2014-02-20,2.3140689714150775,-4.633242119646974,equal_weight
2014-02-21,2.30923025395251,-4.83265397919147,equal_weight
2014-02-24,2.306288982827828,-4.9538688153406785,equal_weight
2014-02-25,2.304794852578499,-5.01544448982989,equal_weight
2014-02-26,2.30330579874798,-5.076810956378674,equal_weight
2014-02-27,2.305750091898792,-4.976077436340365,equal_weight
2014-02-28,2.3290252792578925,-4.016866978521616,equal_weight
2014-03-03,2.3241260444169622,-4.218772863197251,equal_weight
2014-03-04,2.3399216504905307,-3.5678088000689723,equal_weight
2014-03-05,2.342923627877731,-3.444092154548095,equal_weight
2014-03-06,2.3555017837317807,-2.925724742542668,equal_weight
2014-03-07,2.3715935226205334,-2.26255653734474,equal_weight
2014-03-10,2.38099750249747,-1.8750023705875085,equal_weight
2014-03-11,2.3814922354350907,-1.8546135762774307,equal_weight
2014-03-12,2.3762580300454994,-2.070324172742477,equal_weight
2014-03-13,2.3819299973882386,-1.8365726541135774,equal_weight
2014-03-14,2.3764220927420276,-2.0635628671589856,equal_weight
2014-03-17,2.38506225773743,-1.7074868239030372,equal_weight
2014-03-18,2.377559333220781,-2.0166952332514865,equal_weight
2014-03-19,2.3648600907330204,-2.5400528334588612,equal_weight
2014-03-20,2.3656814789608087,-2.5062020134474894,equal_weight
2014-03-21,2.3681344525059522,-2.405110759445861,equal_weight
2014-03-24,2.3720719921789746,-2.2428379848311253,equal_weight
2014-03-25,2.378939368374639,-1.9598216136618718,equal_weight
2014-03-26,2.384016313601247,-1.750591978686189,equal_weight
2014-03-27,2.3868726133991105,-1.6328789568958446,equal_weight
2014-03-28,2.3886489451156843,-1.5596732751196107,equal_weight
2014-03-31,2.402926073694678,-0.9712882782856869,equal_weight
2014-04-01,2.40310491624749,-0.963917869432962,equal_weight
2014-04-02,2.403857151612415,-0.9329169577047436,equal_weight
2014-04-03,2.4115736530797713,-0.614906675292648,equal_weight
2014-04-04,2.39386279584075,-1.3448015293489601,equal_weight
2014-04-07,2.3838570600373528,-1.757155091651752,equal_weight
2014-04-08,2.3760224197563176,-2.080034077537918,equal_weight
2014-04-09,2.3872321639620835,-1.6180612604882016,equal_weight
2014-04-10,2.374207391134831,-2.1548345252468626,equal_weight
2014-04-11,2.377726873859883,-2.009790595679417,equal_weight
2014-04-14,2.3775401067222606,-2.017487590286615,equal_weight
2014-04-15,2.3809018563088418,-1.8789441143409413,equal_weight
2014-04-16,2.397298310777588,-1.203218056590416,equal_weight
2014-04-17,2.4014340908250853,-1.03277545556677,equal_weight
2014-04-21,2.395183492746292,-1.2903733409155183,equal_weight
2014-04-22,2.3967871751050676,-1.224282835785584,equal_weight
2014-04-23,2.4001258280952205,-1.0866912102586501,equal_weight
2014-04-24,2.394522036472598,-1.3176330903357125,equal_weight
2014-04-25,2.3963095338437905,-1.2439672527500445,equal_weight
2014-04-28,2.400097389754375,-1.0878632031419255,equal_weight
2014-04-29,2.395530706056559,-1.2760640838872739,equal_weight
2014-04-30,2.4018831500078086,-1.0142689551634887,equal_weight
2014-05-01,2.3984884565377342,-1.154170105145469,equal_weight
2014-05-02,2.404458154796503,-0.9081485839655512,equal_weight
2014-05-05,2.4077253148249564,-0.7735033062151064,equal_weight
2014-05-06,2.4013471426526842,-1.0363587391282958,equal_weight
2014-05-07,2.4296311003792592,0.0,equal_weight
2014-05-08,2.443809187304422,0.0,equal_weight
2014-05-09,2.4440017474962548,0.0,equal_weight
2014-05-12,2.445621446442054,0.0,equal_weight
2014-05-13,2.4414582335274977,-0.1702312890906721,equal_weight
2014-05-14,2.432402254119747,-0.5405248772878735,equal_weight
2014-05-15,2.4246821357293764,-0.8561959064899649,equal_weight
2014-05-16,2.4264235137350436,-0.7849920000881583,equal_weight
2014-05-19,2.4280401741137476,-0.7188877229500901,equal_weight
2014-05-20,2.4275540252499352,-0.7387660595798096,equal_weight
2014-05-21,2.4386366233363823,-0.28560524425533806,equal_weight
2014-05-22,2.44258144080865,-0.12430401433658478,equal_weight
2014-05-23,2.4444828717695595,-0.04655563820602504,equal_weight
2014-05-27,2.452847135485656,0.0,equal_weight
2014-05-28,2.456069139154386,0.0,equal_weight
2014-05-29,2.4529281801550376,-0.12788560994785314,equal_weight
2014-05-30,2.463765782333505,0.0,equal_weight
2014-06-02,2.4726463739927995,0.0,equal_weight
2014-06-03,2.4668354835095867,-0.2350069360637863,equal_weight
2014-06-04,2.473571569360846,0.0,equal_weight
2014-06-05,2.4757524125197015,0.0,equal_weight
2014-06-06,2.4792475239997853,0.0,equal_weight
2014-06-09,2.4834780919576156,0.0,equal_weight
2014-06-10,2.4781870823721013,-0.21304836964933793,equal_weight
2014-06-11,2.464736064903495,-0.7546685076391113,equal_weight
2014-06-12,2.4579269101018775,-1.0288466783130445,equal_weight
2014-06-13,2.454072138755969,-1.1840633221961383,equal_weight
2014-06-16,2.4461104292465263,-1.5046503865727257,equal_weight
2014-06-17,2.4446071541388257,-1.5651814261888553,equal_weight
2014-06-18,2.450550374682317,-1.3258710588963996,equal_weight
2014-06-19,2.4537553743874003,-1.1968181908456499,equal_weight
2014-06-20,2.4536313797577987,-1.2018109721390835,equal_weight
2014-06-23,2.446813263673061,-1.4763499788175483,equal_weight
2014-06-24,2.451621232643497,-1.2827517753139173,equal_weight
2014-06-25,2.4493210794127953,-1.3753699964349497,equal_weight
2014-06-26,2.449901676754299,-1.351991600491631,equal_weight
2014-06-27,2.4488187800249257,-1.3955956384285817,equal_weight
2014-06-30,2.4466762329860687,-1.4818676714211554,equal_weight
2014-07-01,2.4577768630647605,-1.0348884886919207,equal_weight
2014-07-02,2.453879296384201,-1.191828334192524,equal_weight
2014-07-03,2.460417408774144,-0.9285639868598095,equal_weight
2014-07-07,2.480080900730504,-0.1367916728604479,equal_weight
2014-07-08,2.496600243720354,0.0,equal_weight
2014-07-09,2.4947027138927007,-0.07600455188715438,equal_weight
2014-07-10,2.498135785619264,0.0,equal_weight
2014-07-11,2.5042041863041535,0.0,equal_weight
2014-07-14,2.505795126829999,0.0,equal_weight
2014-07-15,2.518017685796737,0.0,equal_weight
2014-07-16,2.5131569459208305,-0.19303835327783014,equal_weight
2014-07-17,2.5012318841844716,-0.6666276296210416,equal_weight
2014-07-18,2.5032530746049857,-0.5863585182516173,equal_weight
2014-07-21,2.5031316641243193,-0.5911801873507372,equal_weight
2014-07-22,2.4966857400728233,-0.8471721959793954,equal_weight
2014-07-23,2.4876145651755475,-1.2074228387148778,equal_weight
2014-07-24,2.485297930723852,-1.2994251492928766,equal_weight
2014-07-25,2.4827098018693987,-1.4022095288090286,equal_weight
2014-07-28,2.4843387041181546,-1.3375196635255548,equal_weight
2014-07-29,2.4621692333890697,-2.217953143168505,equal_weight
2014-07-30,2.447550440326086,-2.7985206723579625,equal_weight
2014-07-31,2.4340183771254185,-3.335930051052838,equal_weight
2014-08-01,2.4444220899122255,-2.9227592919477408,equal_weight
2014-08-04,2.4440641764419744,-2.9369733887060767,equal_weight
2014-08-05,2.431993791166396,-3.416334012091027,equal_weight
2014-08-06,2.4410129361933603,-3.058149672170052,equal_weight
2014-08-07,2.436311062669994,-3.2448788420995522,equal_weight
2014-08-08,2.4483167725213737,-2.768086724272112,equal_weight
2014-08-11,2.4404891461917284,-3.0789513529758006,equal_weight
2014-08-12,2.4478455346143275,-2.7868013627635024,equal_weight
2014-08-13,2.458566358354137,-2.3610369290869015,equal_weight
2014-08-14,2.4597547597765743,-2.313841016637963,equal_weight
2014-08-15,2.4614424711397196,-2.2468156191332023,equal_weight
2014-08-18,2.4656950515897123,-2.07792957540206,equal_weight
2014-08-19,2.463560764719235,-2.1626901742857085,equal_weight
2014-08-20,2.464572539152229,-2.122508787208821,equal_weight
2014-08-21,2.4816987405116566,-1.4423625969723353,equal_weight
2014-08-22,2.4661468801347923,-2.0599857560385737,equal_weight
2014-08-25,2.4733903880812695,-1.7723186762028997,equal_weight
2014-08-26,2.4613120997721585,-2.251993158921606,equal_weight
2014-08-27,2.458384687827941,-2.3682517523671565,equal_weight
2014-08-28,2.4638614223171347,-2.1507499246363193,equal_weight
2014-08-29,2.458272398838867,-2.3727111725573957,equal_weight
2014-09-02,2.460699463883317,-2.2763232457314486,equal_weight
2014-09-03,2.4637082940201243,-2.156831228110645,equal_weight
2014-09-04,2.4677308235019213,-1.9970813778817598,equal_weight
2014-09-05,2.472047612883379,-1.8256453547828233,equal_weight
2014-09-08,2.4651571794191405,-2.0992905123647265,equal_weight
2014-09-09,2.46760812806695,-2.001954077373236,equal_weight
2014-09-10,2.460428149169513,-2.2870981785420574,equal_weight
2014-09-11,2.4518792778748737,-2.626606170994239,equal_weight
2014-09-12,2.4402092239298736,-3.0900681240546457,equal_weight
2014-09-15,2.4622995585016407,-2.2127774403405853,equal_weight
2014-09-16,2.458881806530032,-2.348509289679346,equal_weight
2014-09-17,2.46040407318963,-2.288054326706501,equal_weight
2014-09-18,2.4663860267990527,-2.050488338065326,equal_weight
2014-09-19,2.461386715630011,-2.2490298811704834,equal_weight
2014-09-22,2.4851313589130055,-1.306040345515913,equal_weight
2014-09-23,2.4787552339962966,-1.55926036667281,equal_weight
2014-09-24,2.473635374546515,-1.7625893376590374,equal_weight
2014-09-25,2.474219945958232,-1.7393737973149692,equal_weight
2014-09-26,2.4828983564537115,-1.394721313560332,equal_weight
2014-09-29,2.4711093424859807,-1.8629076187729021,equal_weight
2014-09-30,2.4664263138780727,-2.0488883858788443,equal_weight
2014-10-01,2.4713865990274053,-1.8518967135283226,equal_weight
2014-10-02,2.4702045205231333,-1.8988415189973185,equal_weight
2014-10-03,2.4741263424137716,-1.743091147871656,equal_weight
2014-10-06,2.490728991924617,-1.0837371804831353,equal_weight
2014-10-07,2.48248625867962,-1.4110872738320124,equal_weight
2014-10-08,2.5014098678757613,-0.6595592244905468,equal_weight
2014-10-09,2.4876622665420136,-1.205528437149106,equal_weight
2014-10-10,2.494098071930903,-0.9499382788594413,equal_weight
2014-10-13,2.488010863612317,-1.1916843298471758,equal_weight
2014-10-14,2.4849622323277853,-1.3127570014859757,equal_weight
2014-10-15,2.465420014645133,-2.0888523320661823,equal_weight
2014-10-16,2.476530770296204,-1.6476022283142155,equal_weight
2014-10-17,2.500879988553464,-0.6806027352365795,equal_weight
2014-10-20,2.4982597954751875,-0.7846605062782896,equal_weight
2014-10-21,2.5259428559273753,0.0,equal_weight
2014-10-22,2.5272020620225217,0.0,equal_weight
2014-10-23,2.52369488617522,-0.1387770253912679,equal_weight
2014-10-24,2.531832138402852,0.0,equal_weight
2014-10-27,2.536533186484941,0.0,equal_weight
2014-10-28,2.532436889963948,-0.16149193485103241,equal_weight
2014-10-29,2.5473298059951355,0.0,equal_weight
2014-10-30,2.5484621443460664,0.0,equal_weight
2014-10-31,2.552067443391721,0.0,equal_weight
2014-11-03,2.555372615968239,0.0,equal_weight
2014-11-04,2.5704908127107244,0.0,equal_weight
2014-11-05,2.5937502942401003,0.0,equal_weight
2014-11-06,2.590312604280927,-0.13253742917378464,equal_weight
2014-11-07,2.57257364806238,-0.816448916641932,equal_weight
2014-11-10,2.5867056593286044,-0.271600351319079,equal_weight
2014-11-11,2.578248374262611,-0.5976643168740692,equal_weight
2014-11-12,2.5751769319524938,-0.7160813563607871,equal_weight
2014-11-13,2.5942054689118836,0.0,equal_weight
2014-11-14,2.5810336653190467,-0.5077394119580636,equal_weight
2014-11-17,2.592946854909853,-0.048516357594385884,equal_weight
2014-11-18,2.596843880646944,0.0,equal_weight
2014-11-19,2.603409351571476,0.0,equal_weight
2014-11-20,2.585157784714419,-0.7010640430418658,equal_weight
2014-11-21,2.585654743860713,-0.6819752606345264,equal_weight
2014-11-24,2.589248590810988,-0.5439313933454315,equal_weight
2014-11-25,2.5977531839437886,-0.21726001807104156,equal_weight
2014-11-26,2.6146093887449786,0.0,equal_weight
2014-11-28,2.649561245538259,0.0,equal_weight
2014-12-01,2.6541043870731467,0.0,equal_weight
2014-12-02,2.670664446003088,0.0,equal_weight
2014-12-03,2.6727387657937776,0.0,equal_weight
2014-12-04,2.68317581060827,0.0,equal_weight
2014-12-05,2.6947652943536227,0.0,equal_weight
2014-12-08,2.7207430606027154,0.0,equal_weight
2014-12-09,2.7029019068389974,-0.655745631480753,equal_weight
2014-12-10,2.693110681089406,-1.015618854769329,equal_weight
2014-12-11,2.692729152731951,-1.0296418017715525,equal_weight
2014-12-12,2.663315805110537,-2.1107195428978542,equal_weight
2014-12-15,2.657806577758618,-2.313209349145784,equal_weight
2014-12-16,2.6533665902035124,-2.4763996047564074,equal_weight
2014-12-17,2.6665680874539452,-1.9911829945738813,equal_weight
2014-12-18,2.6889131491705456,-1.1698977346695338,equal_weight
2014-12-19,2.6887980167762735,-1.1741293872625125,equal_weight
2014-12-22,2.708576894708994,-0.4471633529050112,equal_weight
2014-12-23,2.714577670858879,-0.2266068352103301,equal_weight
2014-12-24,2.7127625523557257,-0.29332090790012977,equal_weight
2014-12-26,2.711078844305224,-0.35520503341284204,equal_weight
2014-12-29,2.7102742869123078,-0.38477627093859157,equal_weight
2014-12-30,2.7139551985943915,-0.2494855948220298,equal_weight
2014-12-31,2.6894114823412263,-1.1515816658758005,equal_weight
2015-01-02,2.6908960775385036,-1.0970158665993268,equal_weight
2015-01-05,2.7022871178819217,-0.6783419937017254,equal_weight
2015-01-06,2.7061541068868364,-0.5362121079028781,equal_weight
2015-01-07,2.7286146028049134,0.0,equal_weight
2015-01-08,2.743502455535402,0.0,equal_weight
2015-01-09,2.728615655217307,-0.5426202658597501,equal_weight
2015-01-12,2.734149351014119,-0.3409183943834937,equal_weight
2015-01-13,2.7446581220129955,0.0,equal_weight
2015-01-14,2.731215029627553,-0.4897911429341484,equal_weight
2015-01-15,2.749973794597774,0.0,equal_weight
2015-01-16,2.7569857720342177,0.0,equal_weight
2015-01-20,2.758196706041322,0.0,equal_weight
2015-01-21,2.743564998206732,-0.5304809407734479,equal_weight
2015-01-22,2.7801656278115168,0.0,equal_weight
2015-01-23,2.7670252483570623,-0.4726473603947956,equal_weight
2015-01-26,2.7639436320641826,-0.5834902634957007,equal_weight
2015-01-27,2.739456306995472,-1.464276818935084,equal_weight
2015-01-28,2.7403243205743246,-1.433055169038766,equal_weight
2015-01-29,2.757876225919624,-0.8017292807636967,equal_weight
2015-01-30,2.7218152338032877,-2.0988099926320225,equal_weight
2015-02-02,2.7241038716047106,-2.0164897963628414,equal_weight
2015-02-03,2.7375165022231216,-1.5340498120598567,equal_weight
2015-02-04,2.751763511127942,-1.021598008386726,equal_weight
2015-02-05,2.7576765867379263,-0.8089101184699299,equal_weight
2015-02-06,2.7575203129546795,-0.8145311426881796,equal_weight
2015-02-09,2.745137621072131,-1.2599251781613696,equal_weight
2015-02-10,2.7728723191092572,-0.2623336044910607,equal_weight
2015-02-11,2.779516842879447,-0.023336197152423743,equal_weight
2015-02-12,2.7782734073063464,-0.06806143080978488,equal_weight
2015-02-13,2.753753484045883,-0.9500205132175754,equal_weight
2015-02-17,2.7518943954336303,-1.0168902203190333,equal_weight
2015-02-18,2.773204790842871,-0.2503749020926205,equal_weight
2015-02-19,2.759066361387986,-0.7589212028399794,equal_weight
2015-02-20,2.766693652832093,-0.48457454637437225,equal_weight
2015-02-23,2.780259262228635,0.0,equal_weight
2015-02-24,2.7697612162204126,-0.37759234006856657,equal_weight
2015-02-25,2.751203766685159,-1.0450642477200067,equal_weight
2015-02-26,2.7630403910716197,-0.6193260963444303,equal_weight
2015-02-27,2.771807307402799,-0.30399880114276856,equal_weight
2015-03-02,2.7825591734431163,0.0,equal_weight
2015-03-03,2.7713078112247227,-0.404353026012072,equal_weight
2015-03-04,2.759234100211714,-0.8382597377988632,equal_weight
2015-03-05,2.7711175311896827,-0.41119133647302686,equal_weight
2015-03-06,2.7496464853155307,-1.1828207802984325,equal_weight
2015-03-09,2.774553496475103,-0.2877091364101081,equal_weight
2015-03-10,2.758025445277563,-0.8816965475417105,equal_weight
2015-03-11,2.7513541560765167,-1.1214502701118456,equal_weight
2015-03-12,2.786728277224723,0.0,equal_weight
2015-03-13,2.778595174896109,-0.2918512865098477,equal_weight
2015-03-16,2.8094654972327073,0.0,equal_weight
2015-03-17,2.800695754042568,-0.3121498804230627,equal_weight
2015-03-18,2.8081135561689505,-0.04812093492831959,equal_weight
2015-03-19,2.80866085537898,-0.028640389231338048,equal_weight
2015-03-20,2.8215995835157437,0.0,equal_weight
2015-03-23,2.81442039320051,-0.2544368930721297,equal_weight
2015-03-24,2.802016960251221,-0.6940255938130968,equal_weight
2015-03-25,2.7945526554873346,-0.958567196650506,equal_weight
2015-03-26,2.790312589712779,-1.1088389006628896,equal_weight
2015-03-27,2.8018506076913257,-0.699921276562232,equal_weight
2015-03-30,2.814191740772828,-0.26254053857228676,equal_weight
2015-03-31,2.80111580552918,-0.7259633190419112,equal_weight
2015-04-01,2.8005653906434587,-0.7454705123707273,equal_weight
2015-04-02,2.798737904947702,-0.8102382315904544,equal_weight
2015-04-06,2.7906527275963433,-1.0967841114025156,equal_weight
2015-04-07,2.7881741564458613,-1.1846268784968417,equal_weight
2015-04-08,2.8034597659037033,-0.6428912776290541,equal_weight
2015-04-09,2.799328189613739,-0.7893180177697023,equal_weight
2015-04-10,2.811945407851746,-0.3421525761627908,equal_weight
2015-04-13,2.8085255951627754,-0.46335378093151913,equal_weight
2015-04-14,2.7888253011540507,-1.1615497306267653,equal_weight
2015-04-15,2.749931974637087,-2.5399638310605988,equal_weight
2015-04-16,2.7583364674008566,-2.242101128894436,equal_weight
2015-04-17,2.7479181888605995,-2.6113341909179244,equal_weight
2015-04-20,2.7630760555805733,-2.0741259063502326,equal_weight
2015-04-21,2.7803101000475183,-1.4633360349726954,equal_weight
2015-04-22,2.781960821168356,-1.4048330095795203,equal_weight
2015-04-23,2.7699342183847655,-1.8310665139311677,equal_weight
2015-04-24,2.7872004161085697,-1.2191371025194186,equal_weight
2015-04-27,2.769426268116707,-1.849068723423486,equal_weight
2015-04-28,2.769635749468421,-1.8416445179147312,equal_weight
2015-04-29,2.7344312187746,-3.0893244119539753,equal_weight
2015-04-30,2.709258570732759,-3.9814654580791586,equal_weight
2015-05-01,2.7294421828393975,-3.266140284920127,equal_weight
2015-05-04,2.7387462843883146,-2.936394646904261,equal_weight
2015-05-05,2.7246797980295994,-3.4349234403196705,equal_weight
2015-05-06,2.725576476690603,-3.4031443506769565,equal_weight
2015-05-07,2.7645235105614745,-2.0228268138299033,equal_weight
2015-05-08,2.763274193644594,-2.067103717051,equal_weight
2015-05-11,2.7654152815399256,-1.9912216568238938,equal_weight
2015-05-12,2.752089887630762,-2.4634854743766255,equal_weight
2015-05-13,2.757407991330432,-2.2750071470214794,equal_weight
2015-05-14,2.797298248523877,-0.8612609363085721,equal_weight
2015-05-15,2.799245193403558,-0.7922594773115077,equal_weight
2015-05-18,2.812183865068464,-0.33370144021453996,equal_weight
2015-05-19,2.8438933171343357,0.0,equal_weight
2015-05-20,2.839527463214109,-0.15351679663658802,equal_weight
2015-05-21,2.8201916199071255,-0.833424273843486,equal_weight
2015-05-22,2.8148894407286242,-1.0198651345662113,equal_weight
2015-05-26,2.8180028099709546,-0.9103895356197711,equal_weight
2015-05-27,2.8347450496652966,-0.32168110575460096,equal_weight
2015-05-28,2.844647529116226,0.0,equal_weight
2015-05-29,2.8343111621096635,-0.3633619596370097,equal_weight
2015-06-01,2.8401278669796364,-0.15888302822507638,equal_weight
2015-06-02,2.819764457972873,-0.8747330166097411,equal_weight
2015-06-03,2.8288663870252297,-0.5547661680215032,equal_weight
2015-06-04,2.821276421776448,-0.8215818339729064,equal_weight
2015-06-05,2.800579071963508,-1.5491710906767153,equal_weight
2015-06-08,2.7999480489919213,-1.5713539082359396,equal_weight
2015-06-09,2.797191802383826,-1.668246285231123,equal_weight
2015-06-10,2.82715450481591,-0.6149452303410907,equal_weight
2015-06-11,2.849538035667735,0.0,equal_weight
2015-06-12,2.841785388862121,-0.27206679498830155,equal_weight
2015-06-15,2.830891340587882,-0.6543760724177616,equal_weight
2015-06-16,2.8351948027192395,-0.5033529213844812,equal_weight
2015-06-17,2.8456901417747646,-0.13503570911516105,equal_weight
2015-06-18,2.8779289194764632,0.0,equal_weight
2015-06-19,2.871233284465457,-0.23265463457743385,equal_weight
2015-06-22,2.8706889428141,-0.2515689881486094,equal_weight
2015-06-23,2.854034637002643,-0.830259646515763,equal_weight
2015-06-24,2.8503288904869017,-0.9590239982223858,equal_weight
2015-06-25,2.856832670174444,-0.7330358008236226,equal_weight
2015-06-26,2.8722398771187443,-0.19767834845462184,equal_weight
2015-06-29,2.8639556307232126,-0.4855327961259204,equal_weight
2015-06-30,2.8649061203419643,-0.4525059339154147,equal_weight
2015-07-01,2.903092385488364,0.0,equal_weight
2015-07-02,2.9030463147662013,-0.0015869533602441699,equal_weight
2015-07-06,2.9210342176570583,0.0,equal_weight
2015-07-07,2.935138603728572,0.0,equal_weight
2015-07-08,2.933014441905725,-0.07237006866211981,equal_weight
2015-07-09,2.9328920023902296,-0.07654157577050569,equal_weight
2015-07-10,2.952589990706987,0.0,equal_weight
2015-07-13,2.9637872043887827,0.0,equal_weight
2015-07-14,2.9584559076167998,-0.1798812264284133,equal_weight
2015-07-15,2.9752630208043294,0.0,equal_weight
2015-07-16,2.981338288866807,0.0,equal_weight
2015-07-17,2.9860029136176522,0.0,equal_weight
2015-07-20,3.0055231282518493,0.0,equal_weight
2015-07-21,2.9923040728313457,-0.4398254432396387,equal_weight
2015-07-22,2.9958519915423776,-0.32177881509423134,equal_weight
2015-07-23,2.9925786569608532,-0.43068945866090447,equal_weight
2015-07-24,2.987971688118085,-0.5839728854115656,equal_weight
2015-07-27,2.9958272194243145,-0.32260303493902853,equal_weight
2015-07-28,3.0032204623715724,-0.07661447881175398,equal_weight
2015-07-29,3.0246275102637066,0.0,equal_weight
2015-07-30,3.0254543700722225,0.0,equal_weight
2015-07-31,3.0210109123695483,-0.1468691032536773,equal_weight
2015-08-03,3.0299561868278384,0.0,equal_weight
2015-08-04,3.0243109788769296,-0.1863131874794255,equal_weight
2015-08-05,3.037190260777612,0.0,equal_weight
2015-08-06,3.0331921977967675,-0.13163689586640492,equal_weight
2015-08-07,3.036846033791769,-0.011333731386142798,equal_weight
2015-08-10,3.0372165930933934,0.0,equal_weight
2015-08-11,3.0285929978034876,-0.2839308631961246,equal_weight
2015-08-12,3.012153980812401,-0.8251835689948583,equal_weight
2015-08-13,3.0359787987054694,-0.04075423500381481,equal_weight
2015-08-14,3.0597110411894928,0.0,equal_weight
2015-08-17,3.054354321440627,-0.17507273323376094,equal_weight
2015-08-18,3.0566453030242196,-0.10019698344068129,equal_weight
2015-08-19,3.0624446737748907,0.0,equal_weight
2015-08-20,3.0536848564205985,-0.2860400199000024,equal_weight
2015-08-21,3.014131443433651,-1.57760336880427,equal_weight
2015-08-24,2.961712022058863,-3.2892888671148035,equal_weight
2015-08-25,2.93486210523801,-4.166036684007002,equal_weight
2015-08-26,2.9915193632065993,-2.3159703479921467,equal_weight
2015-08-27,2.9890630176327804,-2.3961789994284888,equal_weight
2015-08-28,2.9531521009794517,-3.5688015437915,equal_weight
2015-08-31,2.9207965408682885,-4.625328715963417,equal_weight
2015-09-01,2.887410379905745,-5.715508768796507,equal_weight
2015-09-02,2.911101593318683,-4.941904151027687,equal_weight
2015-09-03,2.9139266610827295,-4.849655373825645,equal_weight
2015-09-04,2.8942727119827616,-5.491428571175905,equal_weight
2015-09-08,2.932038494832396,-4.258237873135229,equal_weight
2015-09-09,2.9246012028242916,-4.501092611762614,equal_weight
2015-09-10,2.9293455561697774,-4.346172152754358,equal_weight
2015-09-11,2.94966964383777,-3.6825164843912073,equal_weight
2015-09-14,2.949540221412871,-3.686742599102999,equal_weight
2015-09-15,2.961248130593686,-3.304436617183548,equal_weight
2015-09-16,2.9532393559994956,-3.5659523488071443,equal_weight
2015-09-17,2.962439287625983,-3.265540991003024,equal_weight
2015-09-18,2.966158727216271,-3.1440877082012375,equal_weight
2015-09-21,3.001577512389153,-1.987535053513645,equal_weight
2015-09-22,2.991346521457516,-2.3216142621684144,equal_weight
2015-09-23,3.0148193950702966,-1.5551392360629746,equal_weight
2015-09-24,3.0089514719788433,-1.7467483495827385,equal_weight
2015-09-25,3.0380497214999584,-0.7965842610590634,equal_weight
2015-09-28,3.0310649355188812,-1.0246630257430778,equal_weight
2015-09-29,3.0364464935754905,-0.8489355063957427,equal_weight
2015-09-30,3.050637341223882,-0.38555251796449364,equal_weight
2015-10-01,3.052824891186491,-0.3141210246434212,equal_weight
2015-10-02,3.031487012307596,-1.010880677531878,equal_weight
2015-10-05,3.0405591143908595,-0.7146434210370312,equal_weight
2015-10-06,2.992232200182842,-2.2926936180532542,equal_weight
2015-10-07,3.000633266371562,-2.0183681335584014,equal_weight
2015-10-08,2.9957618019074297,-2.1774392346904037,equal_weight
2015-10-09,2.9919192448483725,-2.302912752366093,equal_weight
2015-10-12,3.0309722888714563,-1.0276882770469897,equal_weight
2015-10-13,3.02517530390559,-1.2169810017616078,equal_weight
2015-10-14,2.9895032103555725,-2.38180509982594,equal_weight
2015-10-15,3.012325529114927,-1.636573064948954,equal_weight
2015-10-16,3.0371426409622972,-0.8262037524878862,equal_weight
2015-10-19,3.0591140596733597,-0.10875671093922845,equal_weight
2015-10-20,3.065599008538476,0.0,equal_weight
2015-10-21,3.0717846154017603,0.0,equal_weight
2015-10-22,3.1039411704176407,0.0,equal_weight
2015-10-23,3.1165734408496424,0.0,equal_weight
2015-10-26,3.1396448748799455,0.0,equal_weight
2015-10-27,3.1550828867388034,0.0,equal_weight
2015-10-28,3.163406865186373,0.0,equal_weight
2015-10-29,3.157474857259742,-0.1875196008427893,equal_weight
2015-10-30,3.1196396888223132,-1.3835455959118614,equal_weight
2015-11-02,3.1166126243835395,-1.4792356088560443,equal_weight
2015-11-03,3.0897016839427947,-2.329930495337529,equal_weight
2015-11-04,3.0927596031249878,-2.2332651180240415,equal_weight
2015-11-05,3.101177787174168,-1.9671537890697088,equal_weight
2015-11-06,3.0817710607210924,-2.5806293007608727,equal_weight
2015-11-09,3.0699343531842445,-2.9548052459139384,equal_weight
2015-11-10,3.0900002007276988,-2.3204939353999143,equal_weight
2015-11-11,3.120634625615864,-1.352094162822437,equal_weight
2015-11-12,3.116325025996432,-1.4883270219863798,equal_weight
2015-11-13,3.099340835639718,-2.025222561527207,equal_weight
2015-11-16,3.1160169217870104,-1.49806665468466,equal_weight
2015-11-17,3.122072711877884,-1.306634115370231,equal_weight
2015-11-18,3.1298971471093253,-1.0592920703885955,equal_weight
2015-11-19,3.152662458803573,-0.3396466796934394,equal_weight
2015-11-20,3.168032456482222,0.0,equal_weight
2015-11-23,3.1681988849063476,0.0,equal_weight
2015-11-24,3.143704207849608,-0.7731420263240141,equal_weight
2015-11-25,3.137812862426429,-0.9590945386882321,equal_weight
2015-11-27,3.164248574261259,-0.12468632142723646,equal_weight
2015-11-30,3.1490584628911775,-0.6041420602209358,equal_weight
2015-12-01,3.1670222324016017,-0.037139477270553556,equal_weight
2015-12-02,3.153166040080824,-0.4744918286898492,equal_weight
2015-12-03,3.1284423350525015,-1.2548628194792522,equal_weight
2015-12-04,3.1957423299919046,0.0,equal_weight
2015-12-07,3.2121427919846557,0.0,equal_weight
2015-12-08,3.204782959506613,-0.22912532084213844,equal_weight
2015-12-09,3.182719174626547,-0.9160121222359763,equal_weight
2015-12-10,3.1703393558969024,-1.3014189839899548,equal_weight
2015-12-11,3.16108219900131,-1.589611554964443,equal_weight
2015-12-14,3.1794252716140923,-1.0185574704899225,equal_weight
2015-12-15,3.195213125600321,-0.5270521107149873,equal_weight
2015-12-16,3.222357223786847,0.0,equal_weight
2015-12-17,3.2035447650579063,-0.5838104661416987,equal_weight
2015-12-18,3.1613986908503167,-1.8917372812221278,equal_weight
2015-12-21,3.1735433051228132,-1.5148512493803667,equal_weight
2015-12-22,3.1897988177046446,-1.0103909598185523,equal_weight
2015-12-23,3.1926028984843535,-0.9233714090682632,equal_weight
2015-12-24,3.1909393258371472,-0.9749973627311892,equal_weight
2015-12-28,3.2131252131843633,-0.28649867042470634,equal_weight
2015-12-29,3.2346736494480535,0.0,equal_weight
2015-12-30,3.2307984090889725,-0.1198031325275184,equal_weight
2015-12-31,3.1907404594941315,-1.3581954383997452,equal_weight
2016-01-04,3.1319116700411698,-3.1768886306171362,equal_weight
2016-01-05,3.1571453864366337,-2.3967877879936594,equal_weight
2016-01-06,3.1688454004072453,-2.0350816241397562,equal_weight
2016-01-07,3.144623261241665,-2.7839095366469,equal_weight
2016-01-08,3.1260305152437224,-3.358704647773947,equal_weight
2016-01-11,3.171614945128335,-1.9494610941811152,equal_weight
2016-01-12,3.2112173000507807,-0.7251535066381543,equal_weight
2016-01-13,3.177338769642373,-1.772508945854978,equal_weight
2016-01-14,3.1945592862981806,-1.240136332044428,equal_weight
2016-01-15,3.175182545755212,-1.8391686500736415,equal_weight
2016-01-19,3.2136166740917878,-0.6509768105928959,equal_weight
2016-01-20,3.1659313766009873,-2.1251687278806553,equal_weight
2016-01-21,3.1366585949701338,-3.030137352330564,equal_weight
2016-01-22,3.1550165304017814,-2.4626014145156305,equal_weight
2016-01-25,3.154274193606903,-2.4855507712461034,equal_weight
2016-01-26,3.151907519804397,-2.558716538769823,equal_weight
2016-01-27,3.1399248588988145,-2.9291607382218143,equal_weight
2016-01-28,3.152209723059611,-2.549373919143705,equal_weight
2016-01-29,3.1879944990509923,-1.443086859937981,equal_weight
2016-02-01,3.196493022660281,-1.1803548340738268,equal_weight
2016-02-02,3.1809765372288554,-1.660047288800237,equal_weight
2016-02-03,3.1588802740705133,-2.343153702398171,equal_weight
2016-02-04,3.1400854516709535,-2.92419600948739,equal_weight
2016-02-05,3.1255761090226644,-3.3727526251065565,equal_weight
2016-02-08,3.132096507411009,-3.1711743796641656,equal_weight
2016-02-09,3.1763592577772544,-1.8027905745839123,equal_weight
2016-02-10,3.195923613669188,-1.197958124321985,equal_weight
2016-02-11,3.1695161247472106,-2.014346167872638,equal_weight
2016-02-12,3.195875671239582,-1.1994402654837089,equal_weight
2016-02-16,3.2096191515279413,-0.7745602999049805,equal_weight
2016-02-17,3.1906555646707355,-1.3608199635480656,equal_weight
2016-02-18,3.1970401609173047,-1.1634400440109438,equal_weight
2016-02-19,3.2281710376867188,-0.2010283715157546,equal_weight
2016-02-22,3.216973859775546,-0.5471893486233892,equal_weight
2016-02-23,3.2313760644715956,-0.1019449049217247,equal_weight
2016-02-24,3.233172812069453,-0.04639841731348682,equal_weight
2016-02-25,3.2751432887407312,0.0,equal_weight
2016-02-26,3.224714232066328,-1.5397511567743605,equal_weight
2016-02-29,3.1997787149312016,-2.301107681872039,equal_weight
2016-03-01,3.2224850980283364,-1.6078133403635508,equal_weight
2016-03-02,3.1977970488776175,-2.3616139217179977,equal_weight
2016-03-03,3.17989897396851,-2.9080961159669405,equal_weight
2016-03-04,3.1734618249666844,-3.104641684643439,equal_weight
2016-03-07,3.1430612662988087,-4.032862406234051,equal_weight
2016-03-08,3.1965584496512247,-2.399432090793252,equal_weight
2016-03-09,3.2005033362447284,-2.278982808251462,equal_weight
2016-03-10,3.205955106021978,-2.1125238384716694,equal_weight
2016-03-11,3.2083822823341146,-2.0384148271047287,equal_weight
2016-03-14,3.2092036181306103,-2.013336968700208,equal_weight
2016-03-15,3.2367956081868257,-1.1708703153763378,equal_weight
2016-03-16,3.228093832084199,-1.4365617778702489,equal_weight
2016-03-17,3.2291863130174425,-1.4032050408688823,equal_weight
2016-03-18,3.2280638439503972,-1.437477406017118,equal_weight
2016-03-21,3.2231379132263176,-1.5878809239643799,equal_weight
2016-03-22,3.217030454035294,-1.774360068617975,equal_weight
2016-03-23,3.2580657595855014,-0.5214284582277351,equal_weight
2016-03-24,3.244653610468107,-0.9309418118419788,equal_weight
2016-03-28,3.2645109161409778,-0.3246383947934528,equal_weight
2016-03-29,3.2824266384300396,0.0,equal_weight
2016-03-30,3.2965888460790254,0.0,equal_weight
2016-03-31,3.280122861925337,-0.49948552647908206,equal_weight
2016-04-01,3.3153288736772972,0.0,equal_weight
2016-04-04,3.318426583699761,0.0,equal_weight
2016-04-05,3.2967973135407913,-0.6517929390155386,equal_weight
2016-04-06,3.294319717131278,-0.7264547206467298,equal_weight
2016-04-07,3.279302038531098,-1.179008912261148,equal_weight
2016-04-08,3.270059840851437,-1.4575203527449787,equal_weight
2016-04-11,3.2534667693565753,-1.9575486365216221,equal_weight
2016-04-12,3.246688209031941,-2.1618189481786843,equal_weight
2016-04-13,3.2352675798330623,-2.5059769071034688,equal_weight
2016-04-14,3.2299523692161776,-2.666149521528438,equal_weight
2016-04-15,3.241064321002447,-2.331293483403263,equal_weight
2016-04-18,3.2495137272098296,-2.0766726263716118,equal_weight
2016-04-19,3.2400285891264233,-2.3625050184455376,equal_weight
2016-04-20,3.2122446200932186,-3.199768351908472,equal_weight
2016-04-21,3.168706117206981,-4.5117908356994585,equal_weight
2016-04-22,3.1624093228408263,-4.701543244177753,equal_weight
2016-04-25,3.189682844177696,-3.8796621312780943,equal_weight
2016-04-26,3.1779483543889775,-4.233278204822066,equal_weight
2016-04-27,3.172265723875162,-4.404522930913912,equal_weight
2016-04-28,3.183360496101693,-4.0701845947569755,equal_weight
2016-04-29,3.1839917950515786,-4.0511605502599135,equal_weight
2016-05-02,3.222970527454122,-2.8765456712082527,equal_weight
2016-05-03,3.2461381174283903,-2.1783958285066296,equal_weight
2016-05-04,3.270423676348169,-1.4465562561300604,equal_weight
2016-05-05,3.274857160945398,-1.3129542467016697,equal_weight
2016-05-06,3.288570149966981,-0.899716566864428,equal_weight
2016-05-09,3.326321606614827,0.0,equal_weight
2016-05-10,3.3325490351147087,0.0,equal_weight
2016-05-11,3.3054491200220224,-0.8131887875358346,equal_weight
2016-05-12,3.336683393172299,0.0,equal_weight
2016-05-13,3.3216886380712998,-0.4493910070006102,equal_weight
2016-05-16,3.3237338526033158,-0.3880961734482047,equal_weight
2016-05-17,3.2731098385942237,-1.9052917848952355,equal_weight
2016-05-18,3.284756616026109,-1.556239265986259,equal_weight
2016-05-19,3.285357274411474,-1.5382376064163372,equal_weight
2016-05-20,3.2766751148924924,-1.7984408830217125,equal_weight
2016-05-23,3.2655182840871455,-2.13280976045781,equal_weight
2016-05-24,3.2964190484644127,-1.2067175684177145,equal_weight
2016-05-25,3.27190796270404,-1.9413118607778501,equal_weight
2016-05-26,3.2847305595482275,-1.5570201754946278,equal_weight
2016-05-27,3.2911412057230214,-1.3648938806261501,equal_weight
2016-05-31,3.2745746638711895,-1.8613911475149125,equal_weight
2016-06-01,3.278546758349673,-1.742347953707224,equal_weight
2016-06-02,3.2713581495234894,-1.9577896956745056,equal_weight
2016-06-03,3.2883215873715494,-1.4493975035123174,equal_weight
2016-06-06,3.2579941821991145,-2.3583061891398693,equal_weight
2016-06-07,3.248347759029137,-2.6474083313963503,equal_weight
2016-06-08,3.272249401546562,-1.9310789797313488,equal_weight
2016-06-09,3.3007360785336877,-1.0773366964384024,equal_weight
2016-06-10,3.339869881484714,0.0,equal_weight
2016-06-13,3.334914915394005,-0.14835805784464418,equal_weight
2016-06-14,3.3467450958831177,0.0,equal_weight
2016-06-15,3.3318429108202094,-0.4452739792235705,equal_weight
2016-06-16,3.3626780205035294,0.0,equal_weight
2016-06-17,3.330031475270059,-0.9708495738935508,equal_weight
2016-06-20,3.3269836880784722,-1.0614852866499658,equal_weight
2016-06-21,3.334394806610907,-0.8410919427958574,equal_weight
2016-06-22,3.339513408196382,-0.6888739322023607,equal_weight
2016-06-23,3.339121161355041,-0.7005386482099474,equal_weight
2016-06-24,3.338048169989176,-0.7324474827555827,equal_weight
2016-06-27,3.3792365949391523,0.0,equal_weight
2016-06-28,3.389911254823667,0.0,equal_weight
2016-06-29,3.405071918605582,0.0,equal_weight
2016-06-30,3.4512316982582885,0.0,equal_weight
2016-07-01,3.427120283798994,-0.6986321570777942,equal_weight
2016-07-05,3.4678752044451615,0.0,equal_weight
2016-07-06,3.468811310399012,0.0,equal_weight
2016-07-07,3.4606578972044115,-0.23504919884680398,equal_weight
2016-07-08,3.4675440602413197,-0.036532692161528324,equal_weight
2016-07-11,3.4707764118342834,0.0,equal_weight
2016-07-12,3.4278788121086183,-1.2359655199740693,equal_weight
2016-07-13,3.4529756327965386,-0.5128759944619143,equal_weight
2016-07-14,3.4548113561159695,-0.45998513945980646,equal_weight
2016-07-15,3.448186073156698,-0.6508727730360153,equal_weight
2016-07-18,3.4331069402146963,-1.085332708011555,equal_weight
2016-07-19,3.4561877376625625,-0.42032883829618006,equal_weight
2016-07-20,3.439824682167998,-0.8917811461651493,equal_weight
2016-07-21,3.4345588114676655,-1.0435013976448304,equal_weight
2016-07-22,3.4486602841999505,-0.6372098058210707,equal_weight
2016-07-25,3.4449371913550375,-0.7444795461655773,equal_weight
2016-07-26,3.4189993053668704,-1.4918018426905544,equal_weight
2016-07-27,3.395599172025438,-2.16600641725333,equal_weight
2016-07-28,3.399989863453022,-2.0395018284641075,equal_weight
2016-07-29,3.391208472578451,-2.292511237097561,equal_weight
2016-08-01,3.4091841924623987,-1.7745948474777617,equal_weight
2016-08-02,3.4227986199777924,-1.3823360010429164,equal_weight
2016-08-03,3.392910620109313,-2.2434689673316965,equal_weight
2016-08-04,3.3869115993585974,-2.4163127359553505,equal_weight
2016-08-05,3.3715894169109575,-2.8577754125886257,equal_weight
2016-08-08,3.364272844818083,-3.0685804666948813,equal_weight
2016-08-09,3.3735281880071164,-2.8019155453396616,equal_weight
2016-08-10,3.390570375960154,-2.3108960750295338,equal_weight
2016-08-11,3.3800386384622323,-2.6143364655430767,equal_weight
2016-08-12,3.3768834985215825,-2.7052423484426935,equal_weight
2016-08-15,3.3430912429872204,-3.6788647177529388,equal_weight
2016-08-16,3.3237413062547487,-4.236375039261819,equal_weight
2016-08-17,3.3441799523110203,-3.647496827845431,equal_weight
2016-08-18,3.3390181173418503,-3.7962196021379513,equal_weight
2016-08-19,3.3256851567645667,-4.180368823961123,equal_weight
2016-08-22,3.3377842857987883,-3.8317687530096345,equal_weight
2016-08-23,3.3124923308636025,-4.560480485893037,equal_weight
2016-08-24,3.329956915636488,-4.057290919623746,equal_weight
2016-08-25,3.333849774046277,-3.9451298943120716,equal_weight
2016-08-26,3.3193888452526905,-4.361778133140692,equal_weight
2016-08-29,3.334330710641842,-3.931273150503256,equal_weight
2016-08-30,3.3315781063434007,-4.010581177636774,equal_weight
2016-08-31,3.345453984515096,-3.610789415644189,equal_weight
2016-09-01,3.348634874968022,-3.5191416090588845,equal_weight
2016-09-02,3.3568244605442823,-3.2831832929790528,equal_weight
2016-09-06,3.3607460947728773,-3.1701931788586712,equal_weight
2016-09-07,3.3386745606949106,-3.806118155261917,equal_weight
2016-09-08,3.3172222483274063,-4.424202117523457,equal_weight
2016-09-09,3.2761945308469,-5.60629259562554,equal_weight
2016-09-12,3.2978822832669126,-4.981425135247974,equal_weight
2016-09-13,3.2906828465837137,-5.188855284267402,equal_weight
2016-09-14,3.299090729550281,-4.946607384405599,equal_weight
2016-09-15,3.306898706083786,-4.721643986968582,equal_weight
2016-09-16,3.294202259232082,-5.087453977160205,equal_weight
2016-09-19,3.3043002450319694,-4.796510839323487,equal_weight
2016-09-20,3.3175180520675163,-4.415679421013785,equal_weight
2016-09-21,3.3356228324671693,-3.8940445401865142,equal_weight
2016-09-22,3.3439167758400457,-3.6550794675705767,equal_weight
2016-09-23,3.333344548462749,-3.9596864523722686,equal_weight
2016-09-26,3.326595700525572,-4.154134239736662,equal_weight
2016-09-27,3.3378460773576744,-3.829988414792651,equal_weight
2016-09-28,3.331861779710279,-4.002407981405776,equal_weight
2016-09-29,3.3264845471375026,-4.157336790834176,equal_weight
2016-09-30,3.3318080136861954,-4.0039570879371045,equal_weight
2016-10-03,3.3180694512128985,-4.399792510422196,equal_weight
2016-10-04,3.3073859675152426,-4.707605012006233,equal_weight
2016-10-05,3.2848738039477063,-5.356225403996239,equal_weight
2016-10-06,3.309396483973888,-4.649678017579562,equal_weight
2016-10-07,3.310765594926448,-4.6102311967503145,equal_weight
2016-10-10,3.3070056608960856,-4.71856240522408,equal_weight
2016-10-11,3.304500332623234,-4.790745916219185,equal_weight
2016-10-12,3.3398616472920017,-3.77191581963916,equal_weight
2016-10-13,3.340919609491929,-3.741433815776285,equal_weight
2016-10-14,3.3583817370187963,-3.2383150476722133,equal_weight
2016-10-17,3.3663047807422637,-3.0100363346887926,equal_weight
2016-10-18,3.360759160421104,-3.1698167314395342,equal_weight
2016-10-19,3.3380997162614436,-3.8226805714264067,equal_weight
2016-10-20,3.317055703456155,-4.4290006078751665,equal_weight
2016-10-21,3.3134192348772267,-4.533774530117151,equal_weight
2016-10-24,3.33526504671136,-3.9043530623543266,equal_weight
2016-10-25,3.3428863053915583,-3.6847693791700054,equal_weight
2016-10-26,3.3405858391909926,-3.7510504047273407,equal_weight
2016-10-27,3.3330423023298477,-3.9683947670845265,equal_weight
2016-10-28,3.346327043998761,-3.585634828310691,equal_weight
2016-10-31,3.3653165029923926,-3.038510590376975,equal_weight
2016-11-01,3.348997738086717,-3.508686797926208,equal_weight
2016-11-02,3.3611070088613135,-3.159794523180204,equal_weight
2016-11-03,3.3743520724080174,-2.778177790349401,equal_weight
2016-11-04,3.3616005119596974,-3.145575713328286,equal_weight
2016-11-07,3.3808915349227444,-2.589762815174701,equal_weight
2016-11-08,3.4002848114801494,-2.0310037867544373,equal_weight
2016-11-09,3.3795623144728992,-2.6280603109544054,equal_weight
2016-11-10,3.3526526247459945,-3.4033822140061565,equal_weight
2016-11-11,3.3570332955720925,-3.277166338758142,equal_weight
2016-11-14,3.31105365572527,-4.601931589842778,equal_weight
2016-11-15,3.3204120065366545,-4.3322988131685,equal_weight
2016-11-16,3.3349152947335816,-3.914430115332612,equal_weight
2016-11-17,3.3359896916474168,-3.8834745945398597,equal_weight
2016-11-18,3.3439076024717327,-3.6553437706320357,equal_weight
2016-11-21,3.344935464551459,-3.6257290113458573,equal_weight
2016-11-22,3.3500354226873528,-3.478789032195817,equal_weight
2016-11-23,3.3333638439647113,-3.9591305104252017,equal_weight
2016-11-25,3.3563654924739343,-3.296407079702479,equal_weight
2016-11-28,3.387798946450359,-2.3907464940984613,equal_weight
2016-11-29,3.4084966212844647,-1.794405146279765,equal_weight
2016-11-30,3.3346676811465144,-3.9215643572913517,equal_weight
2016-12-01,3.3014823125158004,-4.877701102878362,equal_weight
2016-12-02,3.314784340500563,-4.494443110821988,equal_weight
2016-12-05,3.3107214359119865,-4.611503506148029,equal_weight
2016-12-06,3.3021788917929715,-4.857631262747031,equal_weight
2016-12-07,3.3312808053821605,-4.01914701207734,equal_weight
2016-12-08,3.3158147435748138,-4.4647551404088714,equal_weight
2016-12-09,3.327225905522881,-4.135976775165906,equal_weight
2016-12-12,3.3572613907399393,-3.27059446143787,equal_weight
2016-12-13,3.3723176545425675,-2.836793432040219,equal_weight
2016-12-14,3.3767685637573255,-2.7085538485400518,equal_weight
2016-12-15,3.3763641736915946,-2.720205133951359,equal_weight
2016-12-16,3.385865039569672,-2.44646621358523,equal_weight
2016-12-19,3.3944825343804967,-2.1981789778692695,equal_weight
2016-12-20,3.3891214920066535,-2.3526413153325487,equal_weight
2016-12-21,3.3851672799351062,-2.4665700621704256,equal_weight
2016-12-22,3.3950867880200866,-2.180769223742518,equal_weight
2016-12-23,3.391711776769899,-2.2780100381804558,equal_weight
2016-12-27,3.3830619067928414,-2.527230067092845,equal_weight
2016-12-28,3.3759348403182843,-2.732575085868927,equal_weight
2016-12-29,3.383324200221526,-2.5196728695796144,equal_weight
2016-12-30,3.3779472139478397,-2.6745945826393336,equal_weight
2017-01-03,3.374657724656929,-2.7693713386324426,equal_weight
2017-01-04,3.359438545279357,-3.207866291107031,equal_weight
2017-01-05,3.3659375043303483,-3.020618301613054,equal_weight
2017-01-06,3.386163278172944,-2.437873363805132,equal_weight
2017-01-09,3.382264273059684,-2.5502114879195403,equal_weight
2017-01-10,3.375186156205421,-2.754146170376437,equal_weight
2017-01-11,3.384041131084713,-2.499016659610498,equal_weight
2017-01-12,3.376713410674801,-2.7101429189951953,equal_weight
2017-01-13,3.379976254320992,-2.6161338772411558,equal_weight
2017-01-17,3.379207526899906,-2.638282449487539,equal_weight
2017-01-18,3.3855838494217383,-2.454567863319135,equal_weight
2017-01-19,3.382416325417275,-2.5458305558297423,equal_weight
2017-01-20,3.3886138781009447,-2.367266685724545,equal_weight
2017-01-23,3.3843649774800078,-2.489685998200264,equal_weight
2017-01-24,3.3945043166178377,-2.19755138810962,equal_weight
2017-01-25,3.3989741092899934,-2.0687677344892075,equal_weight
2017-01-26,3.4100192183271165,-1.750536084664045,equal_weight
2017-01-27,3.4145780050748478,-1.6191883339939817,equal_weight
2017-01-30,3.4194706188077353,-1.478222361187287,equal_weight
2017-01-31,3.4025652049640516,-1.9653010962519146,equal_weight
2017-02-01,3.374462037656019,-2.775009471940104,equal_weight
2017-02-02,3.3925992515704335,-2.2524401167787644,equal_weight
2017-02-03,3.404479467557445,-1.9101473679141723,equal_weight
2017-02-06,3.402386087163916,-1.9704618377944905,equal_weight
2017-02-07,3.4113178616444557,-1.7131195771382002,equal_weight
2017-02-08,3.414797250632916,-1.6128714316052117,equal_weight
2017-02-09,3.4130377691408977,-1.6635656072950922,equal_weight
2017-02-10,3.4197913034889753,-1.4689827950733036,equal_weight
2017-02-13,3.4328942234605644,-1.0914615025200858,equal_weight
2017-02-14,3.4182915552039765,-1.5121935383492158,equal_weight
2017-02-15,3.412943487727134,-1.6662820431174064,equal_weight
2017-02-16,3.444989614849478,-0.7429691205944611,equal_weight
2017-02-17,3.4428892434936014,-0.8034850140618444,equal_weight
2017-02-21,3.443870480856323,-0.7752136059879677,equal_weight
2017-02-22,3.457801571034086,-0.37383107583528474,equal_weight
2017-02-23,3.4740048700743333,0.0,equal_weight
2017-02-24,3.487692726483521,0.0,equal_weight
2017-02-27,3.470227581660984,-0.5007650097703986,equal_weight
2017-02-28,3.504345477155828,0.0,equal_weight
2017-03-01,3.536200458721441,0.0,equal_weight
2017-03-02,3.5240728566664776,-0.34295572879791125,equal_weight
2017-03-03,3.527155242207397,-0.25578913355251975,equal_weight
2017-03-06,3.5418891351519157,0.0,equal_weight
2017-03-07,3.5568816235350997,0.0,equal_weight
2017-03-08,3.5433806116461115,-0.3795743945948282,equal_weight
2017-03-09,3.5477418488439287,-0.2569603281339261,equal_weight
2017-03-10,3.5618737289547613,0.0,equal_weight
2017-03-13,3.569748360212174,0.0,equal_weight
2017-03-14,3.575180758088697,0.0,equal_weight
2017-03-15,3.576947869591257,0.0,equal_weight
2017-03-16,3.5732639356731153,-0.10299098707755583,equal_weight
2017-03-17,3.593483198328362,0.0,equal_weight
2017-03-20,3.5898949174060637,-0.09985523026704302,equal_weight
2017-03-21,3.5974182024250645,0.0,equal_weight
2017-03-22,3.600361890786791,0.0,equal_weight
2017-03-23,3.598552257075303,-0.05026255044301431,equal_weight
2017-03-24,3.5842271466998645,-0.44814228614670215,equal_weight
2017-03-27,3.5613904770078753,-1.0824304600779766,equal_weight
2017-03-28,3.5668409962104963,-0.9310423672151846,equal_weight
2017-03-29,3.539232628267318,-1.6978643917962999,equal_weight
2017-03-30,3.5602062086022572,-1.1153234980986415,equal_weight
2017-03-31,3.5464614504221,-1.4970839598824948,equal_weight
2017-04-03,3.5559916299405763,-1.2323833601215695,equal_weight
2017-04-04,3.5643304901402737,-1.0007716373934605,equal_weight
2017-04-05,3.5651987900422006,-0.9766546200417059,equal_weight
2017-04-06,3.5476601863456945,-1.4637890867570391,equal_weight
2017-04-07,3.5486244854848277,-1.4370056919655094,equal_weight
2017-04-10,3.5321915380196103,-1.8934305726773237,equal_weight
2017-04-11,3.540249507401618,-1.669620588391374,equal_weight
2017-04-12,3.5461522804833265,-1.5056711505080922,equal_weight
2017-04-13,3.5414142220169116,-1.6372706566171735,equal_weight
2017-04-17,3.5610202910893243,-1.0927123686688467,equal_weight
2017-04-18,3.5655520303278676,-0.9668433761617301,equal_weight
2017-04-19,3.5614190176906018,-1.0816377430236335,equal_weight
2017-04-20,3.570638778883917,-0.8255590078023567,equal_weight
2017-04-21,3.5770509846230087,-0.6474600851496093,equal_weight
2017-04-24,3.6056142721273012,0.0,equal_weight
2017-04-25,3.6015776761335228,-0.11195307343281335,equal_weight
2017-04-26,3.591756301068448,-0.3843442479685155,equal_weight
2017-04-27,3.5972284324477704,-0.2325772821667682,equal_weight
2017-04-28,3.6028514112910637,-0.07662663356964305,equal_weight
2017-05-01,3.596083621008281,-0.2643280839188966,equal_weight
2017-05-02,3.5860575715004326,-0.5423958069516455,equal_weight
2017-05-03,3.6058234706083785,0.0,equal_weight
2017-05-04,3.6204842554279515,0.0,equal_weight
2017-05-05,3.600732798159061,-0.5455473874600769,equal_weight
2017-05-08,3.601961752883295,-0.5116029027577462,equal_weight
2017-05-09,3.57680931098008,-1.2063288048385412,equal_weight
2017-05-10,3.5817087517160857,-1.071003240898849,equal_weight
2017-05-11,3.588919857132999,-0.8718280779050458,equal_weight
2017-05-12,3.593126992256814,-0.7556244204106832,equal_weight
2017-05-15,3.5900258613086784,-0.8412795629095471,equal_weight
2017-05-16,3.5950888210989587,-0.7014375022048269,equal_weight
2017-05-17,3.610851141610651,-0.2660725233884942,equal_weight
2017-05-18,3.619048472661141,-0.03965720233854997,equal_weight
2017-05-19,3.623336285993228,0.0,equal_weight
2017-05-22,3.631852513171462,0.0,equal_weight
2017-05-23,3.6483658511642654,0.0,equal_weight
2017-05-24,3.6587418288814177,0.0,equal_weight
2017-05-25,3.6968463847643456,0.0,equal_weight
2017-05-26,3.705417921338272,0.0,equal_weight
2017-05-30,3.721860802020171,0.0,equal_weight
2017-05-31,3.739155002229943,0.0,equal_weight
2017-06-01,3.7257433387975483,-0.3586816653601277,equal_weight
2017-06-02,3.727496517188211,-0.31179464437230964,equal_weight
2017-06-05,3.7330633350228406,-0.16291561070534977,equal_weight
2017-06-06,3.715936990462678,-0.620942746514086,equal_weight
2017-06-07,3.7370894013582974,-0.05524245104613357,equal_weight
2017-06-08,3.7290407904189475,-0.27049458513925817,equal_weight
2017-06-09,3.7615689954241125,0.0,equal_weight
2017-06-12,3.7624235610585113,0.0,equal_weight
2017-06-13,3.7594102156165095,-0.08009054252132719,equal_weight
2017-06-14,3.763781079794411,0.0,equal_weight
2017-06-15,3.7935655303447238,0.0,equal_weight
2017-06-16,3.807313094808086,0.0,equal_weight
2017-06-19,3.8016394122294628,-0.14902064624945366,equal_weight
2017-06-20,3.806219696568703,-0.0287183694157922,equal_weight
2017-06-21,3.79864365197251,-0.22770501452581415,equal_weight
2017-06-22,3.758532888928329,-1.2812239147412696,equal_weight
2017-06-23,3.7347567839172022,-1.9057090678942679,equal_weight
2017-06-26,3.7259717038036038,-2.1364513235174964,equal_weight
2017-06-27,3.717039129587454,-2.37106754744536,equal_weight
2017-06-28,3.7194717776495394,-2.307173457269196,equal_weight
2017-06-29,3.6855765602322212,-3.1974395471145556,equal_weight
2017-06-30,3.69674685155867,-2.904049141642484,equal_weight
2017-07-03,3.680684696703073,-3.325925526789286,equal_weight
2017-07-05,3.6990927674359058,-2.842433093295027,equal_weight
2017-07-06,3.725117276553801,-2.158893062048739,equal_weight
2017-07-07,3.7355039178934075,-1.8860854131645288,equal_weight
2017-07-10,3.7344509925948928,-1.913740750991899,equal_weight
2017-07-11,3.72248290038716,-2.2280855897195972,equal_weight
2017-07-12,3.7322325796611744,-1.972007903665618,equal_weight
2017-07-13,3.704849509024608,-2.6912308820413067,equal_weight
2017-07-14,3.7123556570416585,-2.494080087501027,equal_weight
2017-07-17,3.7140968022352214,-2.4483484875457373,equal_weight
2017-07-18,3.723566963528763,-2.1996124089065594,equal_weight
2017-07-19,3.708361679645363,-2.5989828705619167,equal_weight
2017-07-20,3.7126689481538184,-2.485851420607643,equal_weight
2017-07-21,3.7304144690131356,-2.019761019912303,equal_weight
2017-07-24,3.7186654713564207,-2.3283512872254053,equal_weight
2017-07-25,3.694451190275314,-2.9643452409174875,equal_weight
2017-07-26,3.695258812729473,-2.9431328416729907,equal_weight
2017-07-27,3.702731114482481,-2.746871027450315,equal_weight
2017-07-28,3.701517914984822,-2.778736005912763,equal_weight
2017-07-31,3.7237480976659185,-2.194854876950425,equal_weight
2017-08-01,3.744929459000587,-1.638521294520534,equal_weight
2017-08-02,3.777711166120532,-0.7775018221622298,equal_weight
2017-08-03,3.799239388772649,-0.21205784327132937,equal_weight
2017-08-04,3.782465080172779,-0.6526391188891645,equal_weight
2017-08-07,3.775649410576998,-0.8316543305636359,equal_weight
2017-08-08,3.758169726379057,-1.290762467001838,equal_weight
2017-08-09,3.766774846704169,-1.0647468987827091,equal_weight
2017-08-10,3.7825580802544803,-0.6501964492324874,equal_weight
2017-08-11,3.7699057704860595,-0.9825124278073583,equal_weight
2017-08-14,3.7939737456006988,-0.35036123573807254,equal_weight
2017-08-15,3.8161029319115247,0.0,equal_weight
2017-08-16,3.8231645866362216,0.0,equal_weight
2017-08-17,3.803940691539673,-0.5028267724529911,equal_weight
2017-08-18,3.8050697800555033,-0.4732939472176567,equal_weight
2017-08-21,3.814766907975817,-0.21965255405845818,equal_weight
2017-08-22,3.823864960928732,0.0,equal_weight
2017-08-23,3.7996286809430684,-0.6338163149929077,equal_weight
2017-08-24,3.7782300940008726,-1.1934225552979738,equal_weight
2017-08-25,3.780871385378381,-1.1243486888174226,equal_weight
2017-08-28,3.7808202859028475,-1.12568501936402,equal_weight
2017-08-29,3.7799333500069983,-1.1488797687840835,equal_weight
2017-08-30,3.7808384953396312,-1.1252088143471117,equal_weight
2017-08-31,3.7703753654305032,-1.3988358910362098,equal_weight
2017-09-01,3.7436788010602657,-2.096992458880942,equal_weight
2017-09-05,3.706509575058377,-3.0690253727436057,equal_weight
2017-09-06,3.694992753448618,-3.3702081218059954,equal_weight
2017-09-07,3.694473915386082,-3.3837765419211907,equal_weight
2017-09-08,3.7399002115886866,-2.195808434606761,equal_weight
2017-09-11,3.761820946792058,-1.622547207357583,equal_weight
2017-09-12,3.7414354073644733,-2.1556606837977443,equal_weight
2017-09-13,3.71280918344807,-2.9042808419073696,equal_weight
2017-09-14,3.7248925075704578,-2.5882831734266087,equal_weight
2017-09-15,3.726023979861051,-2.558693417978797,equal_weight
2017-09-18,3.7320432163967783,-2.4012810460140366,equal_weight
2017-09-19,3.7438575323236307,-2.09231835911039,equal_weight
2017-09-20,3.727213624020478,-2.5275823779294715,equal_weight
2017-09-21,3.7349937348708826,-2.324120411309316,equal_weight
2017-09-22,3.7186360152442957,-2.751900152323339,equal_weight
2017-09-25,3.703172331342514,-3.1562994723774107,equal_weight
2017-09-26,3.69398589413795,-3.3965390545391383,equal_weight
2017-09-27,3.6674053265237436,-4.09166212728882,equal_weight
2017-09-28,3.6835166704157816,-3.6703254938914687,equal_weight
2017-09-29,3.6906399099487324,-3.484041731108678,equal_weight
2017-10-02,3.696571528247498,-3.3289207119468367,equal_weight
2017-10-03,3.691491243961975,-3.4617780261415487,equal_weight
2017-10-04,3.711558896337057,-2.936977789205142,equal_weight
2017-10-05,3.707688742348842,-3.038188319068502,equal_weight
2017-10-06,3.7325300363181233,-2.3885499499549656,equal_weight
2017-10-09,3.736644181710344,-2.280958666417021,equal_weight
2017-10-10,3.7564751273341623,-1.7623486781866426,equal_weight
2017-10-11,3.7686628144903787,-1.4436217544917196,equal_weight
2017-10-12,3.7955257117847627,-0.7411153226782985,equal_weight
2017-10-13,3.784368359723076,-1.0328973854783596,equal_weight
2017-10-16,3.785058129893284,-1.014858825611431,equal_weight
2017-10-17,3.783711337706134,-1.050079530341097,equal_weight
2017-10-18,3.7942823813842304,-0.7736303412063217,equal_weight
2017-10-19,3.812931461573811,-0.28592796729582926,equal_weight
2017-10-20,3.812187162454006,-0.30539254377565106,equal_weight
2017-10-23,3.8365170850266788,0.0,equal_weight
2017-10-24,3.8435364880169747,0.0,equal_weight
2017-10-25,3.860728842264694,0.0,equal_weight
2017-10-26,3.8497034978554883,-0.285576761789319,equal_weight
2017-10-27,3.8597222994930984,-0.026071314840259152,equal_weight
2017-10-30,3.83846574540386,-0.576655283766947,equal_weight
2017-10-31,3.8440304376358267,-0.4325194881874106,equal_weight
2017-11-01,3.848779399003157,-0.3095126270128645,equal_weight
2017-11-02,3.868148466850016,0.0,equal_weight
2017-11-03,3.8719061162692627,0.0,equal_weight
2017-11-06,3.847721990578966,-0.6246051676893294,equal_weight
2017-11-07,3.895926198772013,0.0,equal_weight
2017-11-08,3.910019761504015,0.0,equal_weight
2017-11-09,3.8743044897277072,-0.9134294442176838,equal_weight
2017-11-10,3.8674565002159285,-1.0885689557669775,equal_weight
2017-11-13,3.9002744181685034,-0.249240257848804,equal_weight
2017-11-14,3.940722927903931,0.0,equal_weight
2017-11-15,3.923267418702732,-0.4429519537544224,equal_weight
2017-11-16,3.921644752435845,-0.48412882146560143,equal_weight
2017-11-17,3.875101751023013,-1.6652065644163883,equal_weight
2017-11-20,3.8927908123582844,-1.2163279789665804,equal_weight
2017-11-21,3.9148085419209786,-0.6576048724322825,equal_weight
2017-11-22,3.8885946443687125,-1.3228101667869807,equal_weight
2017-11-24,3.8999015687986596,-1.0358850356166571,equal_weight
2017-11-27,3.925159863522893,-0.39492917075791834,equal_weight
2017-11-28,3.939869961513798,-0.02164492164858922,equal_weight
2017-11-29,3.9194354749177025,-0.5401915682905267,equal_weight
2017-11-30,3.9380579569072096,-0.06762644939716234,equal_weight
2017-12-01,3.9121021162060945,-0.7262832790190576,equal_weight
2017-12-04,3.8942404468387335,-1.1795419753075964,equal_weight
2017-12-05,3.889224630800251,-1.3068235967320763,equal_weight
2017-12-06,3.9215729581292846,-0.4859506777055378,equal_weight
2017-12-07,3.9170001008180164,-0.6019917543031328,equal_weight
2017-12-08,3.9113469253121655,-0.7454470443419514,equal_weight
2017-12-11,3.9114012305621673,-0.7440689913553511,equal_weight
2017-12-12,3.90224342977492,-0.9764578437255977,equal_weight
2017-12-13,3.894155763137286,-1.1816909135353604,equal_weight
2017-12-14,3.8996134876835846,-1.0431953977087294,equal_weight
2017-12-15,3.9185476666302517,-0.5627206398262197,equal_weight
2017-12-18,3.8827755329994367,-1.4704762543485073,equal_weight
2017-12-19,3.8592187153346855,-2.0682553445237395,equal_weight
2017-12-20,3.8399655296681448,-2.5568252343328046,equal_weight
2017-12-21,3.81274147208618,-3.2476644047092273,equal_weight
2017-12-22,3.8074598091065366,-3.381692172615569,equal_weight
2017-12-26,3.7831141629976934,-3.999488616421698,equal_weight
2017-12-27,3.8021023431392957,-3.5176435212705415,equal_weight
2017-12-28,3.8162576580763155,-3.1584374772021473,equal_weight
2017-12-29,3.819357711815877,-3.079770344387245,equal_weight
2018-01-02,3.774743136075749,-4.211912252264504,equal_weight
2018-01-03,3.7870366300909106,-3.8999518774786357,equal_weight
2018-01-04,3.808509831772947,-3.3550467401499917,equal_weight
2018-01-05,3.8259536378619896,-2.9123917652081,equal_weight
2018-01-08,3.8350643739337,-2.681197229626864,equal_weight
2018-01-09,3.8535902967554176,-2.2110824014430097,equal_weight
2018-01-10,3.8362378890612416,-2.6514180457306358,equal_weight
2018-01-11,3.807272771283987,-3.3864384546042126,equal_weight
2018-01-12,3.8062522900975555,-3.412334240862258,equal_weight
2018-01-16,3.826053215728149,-2.909864871844081,equal_weight
2018-01-17,3.8578744552290245,-2.1023673622995287,equal_weight
2018-01-18,3.85495990754555,-2.1763270833151105,equal_weight
2018-01-19,3.85839786265797,-2.089085346828723,equal_weight
2018-01-22,3.844937155501983,-2.4306649859521134,equal_weight
2018-01-23,3.8412908560098415,-2.523193680784286,equal_weight
2018-01-24,3.848765412713231,-2.33351892211342,equal_weight
2018-01-25,3.883333351616889,-1.456321018680895,equal_weight
2018-01-26,3.8996617793700823,-1.041969945237664,equal_weight
2018-01-29,3.8726142791779354,-1.7283287856581842,equal_weight
2018-01-30,3.8886217591604626,-1.3221221003523076,equal_weight
2018-01-31,3.9059467641740673,-0.8824818279817848,equal_weight
2018-02-01,3.9022328421488734,-0.9767265159017491,equal_weight
2018-02-02,3.8781177232876436,-1.5886730876963018,equal_weight
2018-02-05,3.8080433562968015,-3.3668840472806827,equal_weight
2018-02-06,3.815006331041187,-3.1901912203102567,equal_weight
2018-02-07,3.811107164157664,-3.2891366918609943,equal_weight
2018-02-08,3.7419073924080877,-5.045153874890495,equal_weight
2018-02-09,3.7896961062745937,-3.8324648647568904,equal_weight
2018-02-12,3.81428710761941,-3.2084422730976447,equal_weight
2018-02-13,3.825015988743045,-2.9361856004027853,equal_weight
2018-02-14,3.8233477303024426,-2.9785194176013885,equal_weight
2018-02-15,3.8404887696345207,-2.543547468401308,equal_weight
2018-02-16,3.8486638437250145,-2.3360963422993763,equal_weight
2018-02-20,3.840925228704812,-2.5324718592230844,equal_weight
2018-02-21,3.845105564275609,-2.426391435725239,equal_weight
2018-02-22,3.8569316695394766,-2.1262915433900575,equal_weight
2018-02-23,3.8840260696619993,-1.438742567777762,equal_weight
2018-02-26,3.903758499630325,-0.9380113484219854,equal_weight
2018-02-27,3.8920864298206888,-1.2342024286673747,equal_weight
2018-02-28,3.877790748677322,-1.5969704132455353,equal_weight
2018-03-01,3.8357110419802796,-2.6647873459986537,equal_weight
2018-03-02,3.8093275686968546,-3.3342958033582337,equal_weight
2018-03-05,3.8118704930646476,-3.269766415874864,equal_weight
2018-03-06,3.8196966372810137,-3.071169753294256,equal_weight
2018-03-07,3.827361493659368,-2.876665939689904,equal_weight
2018-03-08,3.8481100365821534,-2.350149782568911,equal_weight
2018-03-09,3.8998216051507084,-1.037914197509393,equal_weight
2018-03-12,3.8729836642283026,-1.7189552504687011,equal_weight
2018-03-13,3.875044169025638,-1.6666677683231046,equal_weight
2018-03-14,3.8695677106661024,-1.805638674416421,equal_weight
2018-03-15,3.8885750693099785,-1.3233069045453072,equal_weight
2018-03-16,3.886388948349145,-1.3787820293086672,equal_weight
2018-03-19,3.8922496672672833,-1.2300601063173655,equal_weight
2018-03-20,3.9174021724139636,-0.5917887635498387,equal_weight
2018-03-21,3.893831811170399,-1.1899115363198987,equal_weight
2018-03-22,3.8396084780937283,-2.565885794563727,equal_weight
2018-03-23,3.799415571520929,-3.58582318443188,equal_weight
2018-03-26,3.8603016684722355,-2.040774266626033,equal_weight
2018-03-27,3.840021839727913,-2.555396307184199,equal_weight
2018-03-28,3.8296720322003885,-2.818033587624247,equal_weight
2018-03-29,3.846755045855578,-2.3845341011664245,equal_weight
2018-04-02,3.8322586267361243,-2.7523960235767975,equal_weight
2018-04-03,3.857994167981882,-2.0993295249522315,equal_weight
2018-04-04,3.8660653600331667,-1.8945145151444298,equal_weight
2018-04-05,3.862897363665342,-1.9749057638006606,equal_weight
2018-04-06,3.818960423163603,-3.089851962900969,equal_weight
2018-04-09,3.8394078951199475,-2.570975799048958,equal_weight
2018-04-10,3.8522087663910067,-2.246140191338064,equal_weight
2018-04-11,3.819189464226707,-3.084039804388572,equal_weight
2018-04-12,3.8602833493798134,-2.0412391329147184,equal_weight
2018-04-13,3.8454835163506753,-2.4168005032496276,equal_weight
2018-04-16,3.8599730412319544,-2.049113529403279,equal_weight
2018-04-17,3.868979455883873,-1.8205662598618333,equal_weight
2018-04-18,3.860317542182647,-2.0403714544846685,equal_weight
2018-04-19,3.869919056955208,-1.7967228918167932,equal_weight
2018-04-20,3.868156189239739,-1.841457519135714,equal_weight
2018-04-23,3.8629818033880903,-1.9727630167896915,equal_weight
2018-04-24,3.84039211261963,-2.5460002420841787,equal_weight
2018-04-25,3.8361730679643915,-2.653062949420537,equal_weight
2018-04-26,3.8408294256275353,-2.534902963338481,equal_weight
2018-04-27,3.836665590099378,-2.6405646808541627,equal_weight
2018-04-30,3.8305147288187826,-2.7966492722635627,equal_weight
2018-05-01,3.8311549688496016,-2.7804025063139504,equal_weight
2018-05-02,3.7996333978509167,-3.5802956115988605,equal_weight
2018-05-03,3.840229454911889,-2.5501278529494242,equal_weight
2018-05-04,3.8458661603678146,-2.407090507796006,equal_weight
2018-05-07,3.842898547501053,-2.482396813797594,equal_weight
2018-05-08,3.8488689518309345,-2.3308915078141146,equal_weight
2018-05-09,3.8445778236053787,-2.4397834117632855,equal_weight
2018-05-10,3.86077732310154,-2.0287040288040292,equal_weight
2018-05-11,3.8625726831384606,-1.9831448745633695,equal_weight
2018-05-14,3.8457505262032514,-2.4100248466642493,equal_weight
2018-05-15,3.8335027041264103,-2.7208262478517153,equal_weight
2018-05-16,3.822165609685546,-3.00851697486495,equal_weight
2018-05-17,3.819400159779254,-3.078693182552894,equal_weight
2018-05-18,3.831109684972872,-2.78155163244026,equal_weight
2018-05-21,3.8475757954976535,-2.3637067134740786,equal_weight
2018-05-22,3.8536874891564636,-2.2086160417718492,equal_weight
2018-05-23,3.863936200530823,-1.9485441828297034,equal_weight
2018-05-24,3.867296703777593,-1.8632678691113513,equal_weight
2018-05-25,3.8620909489728277,-1.9953693870309208,equal_weight
2018-05-29,3.8142634028122964,-3.2090438075761507,equal_weight
2018-05-30,3.840608731633148,-2.5405033061797644,equal_weight
2018-05-31,3.830647892025228,-2.793270115472246,equal_weight
2018-06-01,3.8500500204124477,-2.3009206470578247,equal_weight
2018-06-04,3.867287921843854,-1.8634907199410078,equal_weight
2018-06-05,3.8507054012028554,-2.2842896683669123,equal_weight
2018-06-06,3.8508424784504998,-2.2808111886525984,equal_weight
2018-06-07,3.8461688893747814,-2.3994084400001947,equal_weight
2018-06-08,3.848747176324456,-2.333981689709841,equal_weight
2018-06-11,3.8203701211406913,-3.05407939012996,equal_weight
2018-06-12,3.798909016972007,-3.5986775402998106,equal_weight
2018-06-13,3.796368347909724,-3.6631496970275235,equal_weight
2018-06-14,3.8015130197691156,-3.5325982232620734,equal_weight
2018-06-15,3.7967629475699276,-3.6531363145232754,equal_weight
2018-06-18,3.7850747693867914,-3.949736161733375,equal_weight
2018-06-19,3.7582339346247906,-4.6308506489241115,equal_weight
2018-06-20,3.727488613027281,-5.411045607057419,equal_weight
2018-06-21,3.7219549780934886,-5.551467429018286,equal_weight
2018-06-22,3.7098839586395673,-5.857782277201274,equal_weight
2018-06-25,3.7095792888860974,-5.865513593486227,equal_weight
2018-06-26,3.7075191988580363,-5.917790550424106,equal_weight
2018-06-27,3.6920470825381626,-6.310411818220341,equal_weight
2018-06-28,3.7085398007770727,-5.891891700448893,equal_weight
2018-06-29,3.717958970797077,-5.652870328169513,equal_weight
2018-07-02,3.7331602091635543,-5.267122874096087,equal_weight
2018-07-03,3.699935785928037,-6.110227650639954,equal_weight
2018-07-05,3.6961111068642722,-6.20728291521292,equal_weight
2018-07-06,3.678950958449328,-6.642739777542284,equal_weight
2018-07-09,3.7093709413204126,-5.870800632679208,equal_weight
2018-07-10,3.720405875950956,-5.590777529496638,equal_weight
2018-07-11,3.720656293465701,-5.584422920981236,equal_weight
2018-07-12,3.7451237665163597,-4.963534990053475,equal_weight
2018-07-13,3.7401933341430786,-5.088649910931798,equal_weight
2018-07-16,3.77518206388041,-4.200773996348239,equal_weight
2018-07-17,3.7762358533700873,-4.1740329767699365,equal_weight
2018-07-18,3.8110319296785127,-3.291045846108265,equal_weight
2018-07-19,3.786194450410498,-3.9213230749929107,equal_weight
2018-07-20,3.8036521336689413,-3.4783159522432494,equal_weight
2018-07-23,3.8235814502152903,-2.9725885283426456,equal_weight
2018-07-24,3.841521891883178,-2.5173309018586054,equal_weight
2018-07-25,3.864948463251999,-1.922856948794327,equal_weight
2018-07-26,3.868631665637323,-1.8293918041315638,equal_weight
2018-07-27,3.8848359824137013,-1.4181901776067263,equal_weight
2018-07-30,3.8763236155329586,-1.634200463954627,equal_weight
2018-07-31,3.887679373102878,-1.3460361403603405,equal_weight
2018-08-01,3.905482146364132,-0.8942719948733746,equal_weight
2018-08-02,3.8914408096124653,-1.2505857222923078,equal_weight
2018-08-03,3.903883815282403,-0.9348313315984069,equal_weight
2018-08-06,3.9076693798040036,-0.8387686397812399,equal_weight
2018-08-07,3.9211250822645884,-0.49731600008140475,equal_weight
2018-08-08,3.9309612057231047,-0.2477139945999407,equal_weight
2018-08-09,3.928323032330065,-0.3146604265441555,equal_weight
2018-08-10,3.9201360535185463,-0.5224136474962671,equal_weight
2018-08-13,3.928728815629678,-0.3043632473961555,equal_weight
2018-08-14,3.9354748961340102,-0.13317434049371357,equal_weight
2018-08-15,3.9569803107780426,0.0,equal_weight
2018-08-16,3.964433083612766,0.0,equal_weight
2018-08-17,3.9690896076197837,0.0,equal_weight
2018-08-20,3.9597527464756794,-0.23523936386267152,equal_weight
2018-08-21,3.9538635973684313,-0.38361467632581636,equal_weight
2018-08-22,3.9565048968147294,-0.3170679437645929,equal_weight
2018-08-23,3.9666900865850785,-0.060455199350972766,equal_weight
2018-08-24,3.9814284940118316,0.0,equal_weight
2018-08-27,3.979445217356629,-0.049813192882541824,equal_weight
2018-08-28,3.9787737454749577,-0.06667829249895618,equal_weight
2018-08-29,3.980993980802103,-0.01091350027715432,equal_weight
2018-08-30,3.9799641572024855,-0.03677918143070169,equal_weight
2018-08-31,3.9825255502714567,0.0,equal_weight
2018-09-04,3.9967663266588227,0.0,equal_weight
2018-09-05,3.9979006851415715,0.0,equal_weight
2018-09-06,4.030732986333306,0.0,equal_weight
2018-09-07,4.017378106873663,-0.3313263246393361,equal_weight
2018-09-10,4.01753992136333,-0.3273118069271552,equal_weight
2018-09-11,4.028814692568678,-0.047591685461001454,equal_weight
2018-09-12,4.007207958763081,-0.5836414282461733,equal_weight
2018-09-13,4.015950973881719,-0.36673261418473935,equal_weight
2018-09-14,4.0168471365441105,-0.34449937111382667,equal_weight
2018-09-17,4.020642365453929,-0.2503420820379465,equal_weight
2018-09-18,4.006732813137848,-0.5954294982285724,equal_weight
2018-09-19,3.9976718311885855,-0.8202268732962148,equal_weight
2018-09-20,4.015015820019372,-0.38993320488419636,equal_weight
2018-09-21,4.027444618328929,-0.08158238254745154,equal_weight
2018-09-24,4.017957865281189,-0.31694287603353244,equal_weight
2018-09-25,4.016847546033055,-0.3444892119456089,equal_weight
2018-09-26,4.004346093410553,-0.6546425429871161,equal_weight
2018-09-27,4.009444127691909,-0.528163455966435,equal_weight
2018-09-28,4.023762238446147,-0.1729399568464185,equal_weight
2018-10-01,4.0366823832699446,0.0,equal_weight
2018-10-02,4.044104393474874,0.0,equal_weight
2018-10-03,4.022871149884314,-0.5250419258419625,equal_weight
2018-10-04,4.039743583081937,-0.10783130128819707,equal_weight
2018-10-05,4.065170514064087,0.0,equal_weight
2018-10-08,4.078324335991653,0.0,equal_weight
2018-10-09,4.081872523915859,0.0,equal_weight
2018-10-10,4.047824303630345,-0.8341323764038178,equal_weight
2018-10-11,4.0141234722252515,-1.6597542253870778,equal_weight
2018-10-12,4.025595884203103,-1.3786966492223551,equal_weight
2018-10-15,3.992734890943545,-2.1837436727887183,equal_weight
2018-10-16,4.017104519764733,-1.586722852603728,equal_weight
2018-10-17,4.0290954410999325,-1.292962543702758,equal_weight
2018-10-18,4.026792120784087,-1.3493905752581248,equal_weight
2018-10-19,4.050003689210206,-0.7807405674462475,equal_weight
2018-10-22,4.060983129097162,-0.5117600977567416,equal_weight
2018-10-23,4.041771084051742,-0.9824275410160621,equal_weight
2018-10-24,4.035290962680291,-1.1411811849254216,equal_weight
2018-10-25,4.053128978700425,-0.7041754745407802,equal_weight
2018-10-26,4.0510547223232045,-0.7549917693923991,equal_weight
2018-10-29,4.061083970461684,-0.5092896295113003,equal_weight
2018-10-30,4.063515976543873,-0.4497089819545774,equal_weight
2018-10-31,4.071186739578165,-0.2617863315202862,equal_weight
2018-11-01,4.009356600387267,-1.7765357223606948,equal_weight
2018-11-02,4.009167594792342,-1.7811660873174096,equal_weight
2018-11-05,4.04169727288667,-0.9842358082914338,equal_weight
2018-11-06,4.057925343155476,-0.5866714509107251,equal_weight
2018-11-07,4.117227816956821,0.0,equal_weight
2018-11-08,4.138925810126771,0.0,equal_weight
2018-11-09,4.178462450216104,0.0,equal_weight
2018-11-12,4.1668971800933905,-0.276782913823137,equal_weight
2018-11-13,4.150593799005926,-0.666959474740203,equal_weight
2018-11-14,4.134909289024561,-1.042325058809379,equal_weight
2018-11-15,4.154306144693248,-0.5781146967494433,equal_weight
2018-11-16,4.175538672143572,-0.06997258219660907,equal_weight
2018-11-19,4.184005579454112,0.0,equal_weight
2018-11-20,4.144946824749669,-0.9335253971993862,equal_weight
2018-11-21,4.109746506160929,-1.774832080957034,equal_weight
2018-11-23,4.092239260103296,-2.19326474614282,equal_weight
2018-11-26,4.088093577818686,-2.2923487986347246,equal_weight
2018-11-27,4.120983478285409,-1.5062623596435398,equal_weight
2018-11-28,4.159557368124916,-0.5843254953877497,equal_weight
2018-11-29,4.162864905148818,-0.5052735686851606,equal_weight
2018-11-30,4.196227083874301,0.0,equal_weight
2018-12-03,4.181901762551051,-0.3413857505067064,equal_weight
2018-12-04,4.1768965005674685,-0.46066580574530835,equal_weight
2018-12-06,4.175497931493664,-0.49399500947640007,equal_weight
2018-12-07,4.162738283605462,-0.7980693036736097,equal_weight
2018-12-10,4.171626006737276,-0.5862665829397984,equal_weight
2018-12-11,4.170012558255726,-0.624716563107719,equal_weight
2018-12-12,4.159042029517634,-0.8861544814761202,equal_weight
2018-12-13,4.195649721027558,-0.013759094424647955,equal_weight
2018-12-14,4.163093166793936,-0.7896121067350048,equal_weight
2018-12-17,4.1199258168943445,-1.8183302632303833,equal_weight
2018-12-18,4.108242857302187,-2.0967460724475195,equal_weight
2018-12-19,4.104784018996284,-2.1791734110249594,equal_weight
2018-12-20,4.086847710736226,-2.6066123437029742,equal_weight
2018-12-21,4.0849832210552135,-2.651044869487329,equal_weight
2018-12-24,4.001380136718967,-4.643384241622961,equal_weight
2018-12-26,4.038122263411736,-3.767785138944124,equal_weight
2018-12-27,4.068418271840838,-3.0458030387492507,equal_weight
2018-12-28,4.067373327342337,-3.0707050394659596,equal_weight
2018-12-31,4.088123138900204,-2.5762177025530852,equal_weight
2019-01-02,4.030923751437477,-3.9393323843713968,equal_weight
2019-01-03,4.019168380723629,-4.219473818066022,equal_weight
2019-01-04,4.030844071090682,-3.941231241254073,equal_weight
2019-01-07,3.991253890848101,-4.884702112854955,equal_weight
2019-01-08,4.00381207063742,-4.58542899111235,equal_weight
2019-01-09,3.9785769237390705,-5.186806047071169,equal_weight
2019-01-10,4.000343784163123,-4.668081488343157,equal_weight
2019-01-11,3.9971368623442736,-4.744505422385547,equal_weight
2019-01-14,3.9857455019425583,-5.01597215128331,equal_weight
2019-01-15,4.017992910299614,-4.247486373166598,equal_weight
2019-01-16,4.011601201829391,-4.399806739592549,equal_weight
2019-01-17,4.016091704199317,-4.2927938854221415,equal_weight
2019-01-18,4.005673500066779,-4.541069393975395,equal_weight
2019-01-22,4.047177434346884,-3.5519919810870104,equal_weight
2019-01-23,4.085565541073476,-2.6371676410479994,equal_weight
2019-01-24,4.049285049161413,-3.5017655569111628,equal_weight
2019-01-25,4.012779093238849,-4.371736490153855,equal_weight
2019-01-28,4.015239161201047,-4.313110779175244,equal_weight
2019-01-29,4.018258695068885,-4.24115247454867,equal_weight
2019-01-30,4.030326562472404,-3.953563953662953,equal_weight
2019-01-31,4.074040874115758,-2.9118111893441823,equal_weight
2019-02-01,4.069113555504777,-3.0292337814130432,equal_weight
2019-02-04,4.075238379553002,-2.8832735193537684,equal_weight
2019-02-05,4.075791794807093,-2.870085118368104,equal_weight
2019-02-06,4.073916924069109,-2.914765034409561,equal_weight
2019-02-07,4.1174409086339,-1.87754794165379,equal_weight
2019-02-08,4.121988704114131,-1.7691697392989147,equal_weight
2019-02-11,4.107816529126415,-2.106905869981124,equal_weight
2019-02-12,4.091887306083399,-2.486514092430059,equal_weight
2019-02-13,4.084686771459746,-2.658109539476383,equal_weight
2019-02-14,4.070436054015323,-2.9977174100605963,equal_weight
2019-02-15,4.0879357164422485,-2.5806841543015047,equal_weight
2019-02-19,4.083206817979757,-2.693378209412678,equal_weight
2019-02-20,4.079172721921141,-2.7895144760632262,equal_weight
2019-02-21,4.105972711259673,-2.15084576717659,equal_weight
2019-02-22,4.100087435399432,-2.2910973727881423,equal_weight
2019-02-25,4.072609521568848,-2.945921653775685,equal_weight
2019-02-26,4.085700232405558,-2.633957821145738,equal_weight
2019-02-27,4.088100048351943,-2.5767679718259218,equal_weight
2019-02-28,4.124121265300946,-1.7183488198350916,equal_weight
2019-03-01,4.1060543301755805,-2.1489007123862702,equal_weight
2019-03-04,4.107945637313521,-2.1038291016240995,equal_weight
2019-03-05,4.1183673441817295,-1.8554701196171863,equal_weight
2019-03-06,4.147183082301511,-1.1687642396966957,equal_weight
2019-03-07,4.157073701225469,-0.9330615780850926,equal_weight
2019-03-08,4.167743960714586,-0.6787793556066735,equal_weight
2019-03-11,4.180348011913378,-0.3784130754492354,equal_weight
2019-03-12,4.1858766412399975,-0.2466606889336198,equal_weight
2019-03-13,4.194511555948537,-0.04088262840579171,equal_weight
2019-03-14,4.210750776617597,0.0,equal_weight
2019-03-15,4.213405798994017,0.0,equal_weight
2019-03-18,4.192918613226915,-0.486238134764827,equal_weight
2019-03-19,4.1801724284420425,-0.788753140272147,equal_weight
2019-03-20,4.187736919751716,-0.6092192508119987,equal_weight
2019-03-21,4.2040585502342145,-0.2218454429913641,equal_weight
2019-03-22,4.25129321739441,0.0,equal_weight
2019-03-25,4.259524933478119,0.0,equal_weight
2019-03-26,4.266811815533552,0.0,equal_weight
2019-03-27,4.263671407842634,-0.07360080141068925,equal_weight
2019-03-28,4.2605476288620325,-0.14681188068137452,equal_weight
2019-03-29,4.264492849252342,-0.05434892330540286,equal_weight
2019-04-01,4.2512237319864035,-0.36533327976639995,equal_weight
2019-04-02,4.257923711581812,-0.20830784988882245,equal_weight
2019-04-03,4.250135040049466,-0.39084862902492024,equal_weight
2019-04-04,4.226849045125517,-0.9365955691448269,equal_weight
2019-04-05,4.215905818692555,-1.1930687136393447,equal_weight
2019-04-08,4.2064788637692505,-1.414005453548628,equal_weight
2019-04-09,4.233223517857019,-0.787198946863632,equal_weight
2019-04-10,4.217897970589211,-1.1463792419030172,equal_weight
2019-04-11,4.229744165839063,-0.8687434856991638,equal_weight
2019-04-12,4.2292329854760995,-0.8807238678923079,equal_weight
2019-04-15,4.235624186744788,-0.7309351838584499,equal_weight
2019-04-16,4.178662194039603,-2.0659364721227202,equal_weight
2019-04-17,4.16036224131195,-2.494827023635471,equal_weight
2019-04-18,4.178634318341315,-2.0665897865760785,equal_weight
2019-04-22,4.172084389623956,-2.2200985186348277,equal_weight
2019-04-23,4.19409596603088,-1.7042197464145592,equal_weight
2019-04-24,4.223525142905961,-1.0144968772703766,equal_weight
2019-04-25,4.28692684450331,0.0,equal_weight
2019-04-26,4.289036179205594,0.0,equal_weight
2019-04-29,4.272374536348212,-0.3884705598465654,equal_weight
2019-04-30,4.334197043138574,0.0,equal_weight
2019-05-01,4.332499394030971,-0.039168710852466315,equal_weight
2019-05-02,4.353024922100893,0.0,equal_weight
2019-05-03,4.347195960044321,-0.13390601158697057,equal_weight
2019-05-06,4.343322820684958,-0.22288182561684966,equal_weight
2019-05-07,4.344169176543884,-0.20343888940416166,equal_weight
2019-05-08,4.337517985129902,-0.356233590399635,equal_weight
2019-05-09,4.348139285989231,-0.11223542706720879,equal_weight
2019-05-10,4.397186048476555,0.0,equal_weight
2019-05-13,4.448078300159323,0.0,equal_weight
2019-05-14,4.427602130686344,-0.4603374331842547,equal_weight
2019-05-15,4.423890678323196,-0.5437768897921691,equal_weight
2019-05-16,4.457422974389685,0.0,equal_weight
2019-05-17,4.4797432707520874,0.0,equal_weight
2019-05-20,4.473851886721437,-0.13151164418537808,equal_weight
2019-05-21,4.464140266488755,-0.3483013047913541,equal_weight
2019-05-22,4.500127147882958,0.0,equal_weight
2019-05-23,4.5321968822810845,0.0,equal_weight
2019-05-24,4.5395215163088745,0.0,equal_weight
2019-05-28,4.52480268451176,-0.32423751587550287,equal_weight
2019-05-29,4.508688986707552,-0.6792021910360324,equal_weight
2019-05-30,4.53141845896411,-0.17850025196826103,equal_weight
2019-05-31,4.540541574654137,0.0,equal_weight
2019-06-03,4.553434078584654,0.0,equal_weight
2019-06-04,4.539728155947149,-0.30100189002330024,equal_weight
2019-06-05,4.606218496936816,0.0,equal_weight
2019-06-06,4.635434880349947,0.0,equal_weight
2019-06-07,4.651356909955465,0.0,equal_weight
2019-06-10,4.657326985706283,0.0,equal_weight
2019-06-11,4.644714681767109,-0.2708056354617683,equal_weight
2019-06-12,4.6791809858159645,0.0,equal_weight
2019-06-13,4.643984222495778,-0.7521992294565849,equal_weight
2019-06-14,4.678732033932883,-0.009594668050716404,equal_weight
2019-06-17,4.652479098968618,-0.5706530037690061,equal_weight
2019-06-18,4.633411533908852,-0.9781509209807027,equal_weight
2019-06-19,4.65879152324011,-0.43574853457606366,equal_weight
2019-06-20,4.67702936718843,-0.04598280412868583,equal_weight
2019-06-21,4.671688760135679,-0.1601183135039319,equal_weight
2019-06-24,4.700388951204233,0.0,equal_weight
2019-06-25,4.691647814970131,-0.18596623225961562,equal_weight
2019-06-26,4.59940241953586,-2.14847181194443,equal_weight
2019-06-27,4.601775300566866,-2.097989159218472,equal_weight
2019-06-28,4.59053990658992,-2.337020313737437,equal_weight
2019-07-01,4.615858117441617,-1.7983795519934453,equal_weight
2019-07-02,4.691723561960692,-0.1843547275235835,equal_weight
2019-07-03,4.727423528556202,0.0,equal_weight
2019-07-05,4.708710559091498,-0.395838649777569,equal_weight
2019-07-08,4.735385139208411,0.0,equal_weight
2019-07-09,4.743816714779094,0.0,equal_weight
2019-07-10,4.75316786252575,0.0,equal_weight
2019-07-11,4.762269213973607,0.0,equal_weight
2019-07-12,4.7271262398789995,-0.7379459773397379,equal_weight
2019-07-15,4.748877054415617,-0.2812138280358867,equal_weight
2019-07-16,4.738402042975635,-0.5011722337733393,equal_weight
2019-07-17,4.760598273285878,-0.03508706905576142,equal_weight
2019-07-18,4.784278020565137,0.0,equal_weight
2019-07-19,4.7254554285629755,-1.229497778960864,equal_weight
2019-07-22,4.730333066754186,-1.127546383781819,equal_weight
2019-07-23,4.718152549811391,-1.3821410559651137,equal_weight
2019-07-24,4.683569744416937,-2.1049837763463253,equal_weight
2019-07-25,4.716677114676845,-1.4129802991738938,equal_weight
2019-07-26,4.730398126252016,-1.1261865234737378,equal_weight
2019-07-29,4.747086020050399,-0.7773795827681562,equal_weight
2019-07-30,4.705855086167287,-1.6391801241639747,equal_weight
2019-07-31,4.696513788292333,-1.8344300204869102,equal_weight
2019-08-01,4.789834960282063,0.0,equal_weight
2019-08-02,4.820849142727771,0.0,equal_weight
2019-08-05,4.782909449422225,-0.7869919215949261,equal_weight
2019-08-06,4.8507668941519935,0.0,equal_weight
2019-08-07,4.859958151892441,0.0,equal_weight
2019-08-08,4.910387121682879,0.0,equal_weight
2019-08-09,4.953819849711864,0.0,equal_weight
2019-08-12,4.960313563691241,0.0,equal_weight
2019-08-13,4.985460291474227,0.0,equal_weight
2019-08-14,4.95785737598898,-0.5536683449761104,equal_weight
2019-08-15,5.02231617273508,0.0,equal_weight
2019-08-16,5.023320183275006,0.0,equal_weight
2019-08-19,5.02826389640905,0.0,equal_weight
2019-08-20,5.0166319295527355,-0.23133167025345402,equal_weight
2019-08-21,5.0206218000574045,-0.15198280179969936,equal_weight
2019-08-22,5.0224321863718275,-0.11597859932107601,equal_weight
2019-08-23,4.998327279267189,-0.5953668653556732,equal_weight
2019-08-26,5.039731306077875,0.0,equal_weight
2019-08-27,5.076808217548311,0.0,equal_weight
2019-08-28,5.064183734600966,-0.24866968391099586,equal_weight
2019-08-29,5.068991349136142,-0.1539721036762698,equal_weight
2019-08-30,5.0632388619606825,-0.2672812327384144,equal_weight
2019-09-03,5.105985654221222,0.0,equal_weight
2019-09-04,5.093854178594682,-0.23759321800113087,equal_weight
2019-09-05,5.047956863276222,-1.1364855852469158,equal_weight
2019-09-06,5.068098674431981,-0.7420110896300347,equal_weight
2019-09-09,4.9572104090047215,-2.9137419352814775,equal_weight
2019-09-10,4.853563334075341,-4.943655098936639,equal_weight
2019-09-11,4.825048866366031,-5.502106877698221,equal_weight
2019-09-12,4.86319831174782,-4.754955436913233,equal_weight
2019-09-13,4.839499659855735,-5.219090150501637,equal_weight
2019-09-16,4.803994555341769,-5.914452552952043,equal_weight
2019-09-17,4.9018349160943355,-3.998263057361129,equal_weight
2019-09-18,4.929782200125801,-3.4509194899470574,equal_weight
2019-09-19,4.9621497979210005,-2.817004708607218,equal_weight
2019-09-20,4.976460836909302,-2.5367250533663066,equal_weight
2019-09-23,4.976083155821458,-2.5441218835460466,equal_weight
2019-09-24,5.039524032910827,-1.3016413639049151,equal_weight
2019-09-25,5.015683811757312,-1.7685486912650261,equal_weight
2019-09-26,5.061122668893972,-0.878635162050645,equal_weight
2019-09-27,5.02812481045176,-1.524893508172953,equal_weight
2019-09-30,5.030862601407868,-1.4712742632022047,equal_weight
2019-10-01,5.036121878033953,-1.3682720814053084,equal_weight
2019-10-02,5.019479119857711,-1.6942181240167442,equal_weight
2019-10-03,5.0466424371634835,-1.1622284329897759,equal_weight
2019-10-04,5.111789057982153,0.0,equal_weight
2019-10-07,5.101066776151857,-0.20975595253786006,equal_weight
2019-10-08,5.091039057762561,-0.4059244226283232,equal_weight
2019-10-09,5.1222494129772915,0.0,equal_weight
2019-10-10,5.125718093095157,0.0,equal_weight
2019-10-11,5.078992253395258,-0.9115959725300438,equal_weight
2019-10-14,5.077919086973655,-0.9325328715578896,equal_weight
2019-10-15,5.06554771130981,-1.1738917492634449,equal_weight
2019-10-16,5.061514926835789,-1.2525692028567903,equal_weight
2019-10-17,5.059414480945509,-1.2935477711692012,equal_weight
2019-10-18,5.07944172430478,-0.9028270371075675,equal_weight
2019-10-21,5.0652369401277735,-1.1799547276869937,equal_weight
2019-10-22,4.997106180471838,-2.509149162857238,equal_weight
2019-10-23,5.001908906864104,-2.4154505570221696,equal_weight
2019-10-24,5.022439892406857,-2.0149020842060383,equal_weight
2019-10-25,4.959894889608015,-3.2351214108033433,equal_weight
2019-10-28,4.930716472558955,-3.8043766160079873,equal_weight
2019-10-29,4.977244021606611,-2.8966491873315237,equal_weight
2019-10-30,5.016592119694457,-2.1289889810308438,equal_weight
2019-10-31,5.046666115769271,-1.5422615112676064,equal_weight
2019-11-01,4.97463300816615,-2.947588653627542,equal_weight
2019-11-04,4.878456802162503,-4.823934645678996,equal_weight
2019-11-05,4.826386110198492,-5.839805807890497,equal_weight
2019-11-06,4.884950426087918,-4.697247539453587,equal_weight
2019-11-07,4.822709973212387,-5.911525261035166,equal_weight
2019-11-08,4.797085802954249,-6.411439025170118,equal_weight
2019-11-11,4.802351785936068,-6.308702532718202,equal_weight
2019-11-12,4.797575772491882,-6.401879983320091,equal_weight
2019-11-13,4.857929875196413,-5.22440393784983,equal_weight
2019-11-14,4.878459352045303,-4.8238848988385925,equal_weight
2019-11-15,4.865208525115505,-5.082401397193193,equal_weight
2019-11-18,4.901097541805952,-4.382226006377355,equal_weight
2019-11-19,4.910156729895177,-4.205486124770741,equal_weight
2019-11-20,4.9170488184473,-4.071025188235689,equal_weight
2019-11-21,4.880185512360658,-4.790208440555011,equal_weight
2019-11-22,4.861110356495554,-5.16235446026686,equal_weight
2019-11-25,4.8333122955550225,-5.704679661061229,equal_weight
2019-11-26,4.8898647509175355,-4.601371708197133,equal_weight
2019-11-27,4.8869233179643405,-4.65875748126876,equal_weight
2019-11-29,4.885686776901128,-4.682881731583621,equal_weight
2019-12-02,4.867126518636347,-5.044982376365148,equal_weight
2019-12-03,4.861541577758915,-5.153941565614262,equal_weight
2019-12-04,4.868816530108575,-5.012011162546259,equal_weight
2019-12-05,4.9167637041654535,-4.076587614351745,equal_weight
2019-12-06,4.914218767994797,-4.126237948693879,equal_weight
2019-12-09,4.9168579060444815,-4.074749786415898,equal_weight
2019-12-10,4.915994031319432,-4.091603517139275,equal_weight
2019-12-11,4.908590932638488,-4.236033986128918,equal_weight
2019-12-12,4.878791005505564,-4.817414518411156,equal_weight
2019-12-13,4.894800896238819,-4.50507017089774,equal_weight
2019-12-16,4.903577311113846,-4.333847042437943,equal_weight
2019-12-17,4.8974716738993695,-4.4529647368484415,equal_weight
2019-12-18,4.874052095781298,-4.9098680954162806,equal_weight
2019-12-19,4.871827201209546,-4.953274590493528,equal_weight
2019-12-20,4.892503466322073,-4.5498917914983945,equal_weight
2019-12-23,4.839040883488848,-5.592917995090119,equal_weight
2019-12-24,4.845709527724896,-5.462816336845766,equal_weight
2019-12-26,4.857163094646951,-5.239363413488862,equal_weight
2019-12-27,4.881135660086034,-4.771671570049851,equal_weight
2019-12-30,4.88121585243217,-4.770107060557138,equal_weight
2019-12-31,4.87072894609347,-4.974700956441258,equal_weight
2020-01-02,4.888552962312389,-4.626963997537303,equal_weight
2020-01-03,4.886894172261719,-4.659326098233086,equal_weight
2020-01-06,4.867813832908179,-5.031573245013233,equal_weight
2020-01-07,4.833631240417735,-5.698457218528885,equal_weight
2020-01-08,4.857946219934885,-5.22408506080324,equal_weight
2020-01-09,4.887957746923641,-4.6385763292718485,equal_weight
2020-01-10,4.8837627416233165,-4.720418623836887,equal_weight
2020-01-13,4.898768036766502,-4.427673395350773,equal_weight
2020-01-14,4.863416268895232,-5.117367350991686,equal_weight
2020-01-15,4.875370326505678,-4.884150123798703,equal_weight
2020-01-16,4.8905525479405165,-4.587953158630242,equal_weight
2020-01-17,4.926083537894742,-3.8947626766548504,equal_weight
2020-01-21,4.9375461110493655,-3.6711340465500397,equal_weight
2020-01-22,4.952878267444704,-3.3720119310362673,equal_weight
2020-01-23,4.9653044138097515,-3.129584506442107,equal_weight
2020-01-24,4.963958314427247,-3.1558461805735405,equal_weight
2020-01-27,4.962002552246014,-3.1940020476288744,equal_weight
2020-01-28,4.983365564335797,-2.7772211848935524,equal_weight
2020-01-29,4.991941151743167,-2.609916092190101,equal_weight
2020-01-30,5.026186092820552,-1.9418157313154771,equal_weight
2020-01-31,4.999549540910392,-2.461480516353931,equal_weight
2020-02-03,5.000784499949189,-2.437387130483548,equal_weight
2020-02-04,4.994502613868951,-2.5599433453620146,equal_weight
2020-02-05,5.04302860501175,-1.6132273874913006,equal_weight
2020-02-06,5.034574082935843,-1.7781705607667786,equal_weight
2020-02-07,5.026986157581264,-1.9262068986371728,equal_weight
2020-02-10,5.011193612630143,-2.2343109469732725,equal_weight
2020-02-11,5.011094525323729,-2.2362440869667988,equal_weight
2020-02-12,5.007571673346008,-2.3049730321358153,equal_weight
2020-02-13,5.046010642758204,-1.555049436767253,equal_weight
2020-02-14,5.059351252909824,-1.2947813160996136,equal_weight
2020-02-18,5.049657133449457,-1.4839083668718,equal_weight
2020-02-19,5.0285967485180185,-1.894785136700572,equal_weight
2020-02-20,5.024141805855424,-1.9816986692375083,equal_weight
2020-02-21,5.029149902605516,-1.8839933983050727,equal_weight
2020-02-24,5.003707052508509,-2.3803697037300786,equal_weight
2020-02-25,4.959996585773713,-3.233137373369932,equal_weight
2020-02-26,4.992748467825796,-2.5941657901257686,equal_weight
2020-02-27,4.848395728399661,-5.4104100080938355,equal_weight
2020-02-28,4.746701044245972,-7.394418537370562,equal_weight
2020-03-02,4.924399697858603,-3.9276134890787295,equal_weight
2020-03-03,4.888787254413985,-4.622393084792186,equal_weight
2020-03-04,5.036188048509941,-1.7466829614727009,equal_weight
2020-03-05,4.981037572049313,-2.822639060871157,equal_weight
2020-03-06,4.971777731587956,-3.003293562214715,equal_weight
2020-03-09,4.8270047243501475,-5.8277369788909406,equal_weight
2020-03-10,4.928868831626515,-3.8404230957183927,equal_weight
2020-03-11,4.85160935879649,-5.347713809464438,equal_weight
2020-03-12,4.640328008980955,-9.469699177722447,equal_weight
2020-03-13,4.789563628441225,-6.558192599526014,equal_weight
2020-03-16,4.509569170713529,-12.02073370386174,equal_weight
2020-03-17,4.636625105078448,-9.54194083899319,equal_weight
2020-03-18,4.532856623827348,-11.566408032982768,equal_weight
2020-03-19,4.442840736752298,-13.322569519825178,equal_weight
2020-03-20,4.345261248525426,-15.22629279243981,equal_weight
2020-03-23,4.2618813150084645,-16.852990398562206,equal_weight
2020-03-24,4.313074324610693,-15.854242346631874,equal_weight
2020-03-25,4.32290881280541,-15.662376777435538,equal_weight
2020-03-26,4.422766256705115,-13.714211816232869,equal_weight
2020-03-27,4.426551647377784,-13.64036088249213,equal_weight
2020-03-30,4.491808850191001,-12.367227994026708,equal_weight
2020-03-31,4.453779702147708,-13.109156195160555,equal_weight
2020-04-01,4.448908298709633,-13.20419465317948,equal_weight
2020-04-02,4.489037201263544,-12.421301372178162,equal_weight
2020-04-03,4.482945125209324,-12.54015449565421,equal_weight
2020-04-06,4.516507469660391,-11.88537122740777,equal_weight
2020-04-07,4.469770545137946,-12.797183458856953,equal_weight
2020-04-08,4.466992094847496,-12.851389527938128,equal_weight
2020-04-09,4.451863416723505,-13.14654189194292,equal_weight
2020-04-13,4.454078925492532,-13.103318508822959,equal_weight
2020-04-14,4.501425656870937,-12.17960927397086,equal_weight
2020-04-15,4.515138767161887,-11.912073876161466,equal_weight
2020-04-16,4.562760834814625,-10.98299297885481,equal_weight
2020-04-17,4.538336401410702,-11.45950052297483,equal_weight
2020-04-20,4.532065716195216,-11.581838215013207,equal_weight
2020-04-21,4.50512086645228,-12.107517724762939,equal_weight
2020-04-22,4.5336623615602125,-11.550688523672449,equal_weight
2020-04-23,4.5015609150733065,-12.176970459273829,equal_weight
2020-04-24,4.503872434832358,-12.131873953436612,equal_weight
2020-04-27,4.480402257250675,-12.58976448029372,equal_weight
2020-04-28,4.447533689810322,-13.231012532632569,equal_weight
2020-04-29,4.398343823530044,-14.190680336965034,equal_weight
2020-04-30,4.413957969368031,-13.88605675926533,equal_weight
2020-05-01,4.441951468601396,-13.33991866261356,equal_weight
2020-05-04,4.4399484367841024,-13.37899673481563,equal_weight
2020-05-05,4.465072816491305,-12.888833615212004,equal_weight
2020-05-06,4.468152382396021,-12.828752942635324,equal_weight
2020-05-07,4.457901005600438,-13.02875178395656,equal_weight
2020-05-08,4.43423306775987,-13.490500506978442,equal_weight
2020-05-11,4.464521941724829,-12.899580885281692,equal_weight
2020-05-12,4.465966055902019,-12.871406995283042,equal_weight
2020-05-13,4.489807247798865,-12.406278178913633,equal_weight
2020-05-14,4.481717093989489,-12.564112723506993,equal_weight
2020-05-15,4.479458768787565,-12.608171432177794,equal_weight
2020-05-18,4.442628715226901,-13.326705945620464,equal_weight
2020-05-19,4.439446254123295,-13.388794048122499,equal_weight
2020-05-20,4.425988607393054,-13.651345489419464,equal_weight
2020-05-21,4.409527158392421,-13.972499495583179,equal_weight
2020-05-22,4.421535054091882,-13.738231916263189,equal_weight
2020-05-26,4.386411227041843,-14.423478869218986,equal_weight
2020-05-27,4.378834906096631,-14.571288811311156,equal_weight
2020-05-28,4.4266889269287075,-13.637682632373217,equal_weight
2020-05-29,4.458220469604116,-13.022519213263518,equal_weight
2020-06-01,4.428673322789424,-13.598968137649248,equal_weight
2020-06-02,4.420395114099604,-13.76047153169997,equal_weight
2020-06-03,4.380240051188296,-14.543875187187783,equal_weight
2020-06-04,4.337402231114895,-15.379617990349503,equal_weight
2020-06-05,4.296555639451602,-16.176512999427707,equal_weight
2020-06-08,4.2450421666855505,-17.18151311512749,equal_weight
2020-06-09,4.293382248843936,-16.238424141438035,equal_weight
2020-06-10,4.347031919226323,-15.19174796050139,equal_weight
2020-06-11,4.357367183520073,-14.990112519261023,equal_weight
2020-06-12,4.3283985435088885,-15.555275087413333,equal_weight
2020-06-15,4.329563369265652,-15.53254996411143,equal_weight
2020-06-16,4.337020858848203,-15.387058357918793,equal_weight
2020-06-17,4.363706959489775,-14.866426903810526,equal_weight
2020-06-18,4.362868913915505,-14.882776721710167,equal_weight
2020-06-19,4.3727808440609275,-14.689400301754985,equal_weight
2020-06-22,4.382360142908308,-14.502513339315826,equal_weight
2020-06-23,4.375731138315789,-14.631841649459298,equal_weight
2020-06-24,4.384495671567608,-14.460850325070517,equal_weight
2020-06-25,4.388049527630684,-14.391516506890722,equal_weight
2020-06-26,4.396424505532718,-14.228125197616103,equal_weight
2020-06-29,4.383460288011604,-14.481050100735093,equal_weight
2020-06-30,4.4118549964332745,-13.927084628854757,equal_weight
2020-07-01,4.441340635709549,-13.351835683424174,equal_weight
2020-07-02,4.444971000740531,-13.281009216477567,equal_weight
2020-07-06,4.446133770071414,-13.2583242129373,equal_weight
2020-07-07,4.4677321724305825,-12.836951012794595,equal_weight
2020-07-08,4.4640103524906785,-12.909561715769424,equal_weight
2020-07-09,4.4907410928914855,-12.388059363995218,equal_weight
2020-07-10,4.482724707262878,-12.544454731103027,equal_weight
2020-07-13,4.474441734362627,-12.706051072333901,equal_weight
2020-07-14,4.5010044645427145,-12.18782650949909,equal_weight
2020-07-15,4.46431897870073,-12.90354058459432,equal_weight
2020-07-16,4.476476022519659,-12.666363205773855,equal_weight
2020-07-17,4.515311298154495,-11.908707889396798,equal_weight
2020-07-20,4.53404958634136,-11.543133976697483,equal_weight
2020-07-21,4.507622400821109,-12.058714136204319,equal_weight
2020-07-22,4.533240761037446,-11.558913722856445,equal_weight
2020-07-23,4.5167801366740825,-11.880051640791045,equal_weight
2020-07-24,4.513064810828345,-11.952535647485496,equal_weight
2020-07-27,4.534196192868686,-11.540273762291164,equal_weight
2020-07-28,4.529343923157322,-11.634938931604722,equal_weight
2020-07-29,4.545292577775298,-11.32378926772718,equal_weight
2020-07-30,4.56275252134848,-10.983155170102844,equal_weight
2020-07-31,4.592782300287532,-10.397290352849131,equal_weight
2020-08-03,4.610387316664429,-10.053825962940277,equal_weight
2020-08-04,4.604569042413683,-10.167337360661977,equal_weight
2020-08-05,4.576302471165581,-10.718802945282778,equal_weight
2020-08-06,4.5868761992928615,-10.512515203053564,equal_weight
2020-08-07,4.56730917556416,-10.89425729993283,equal_weight
2020-08-10,4.520477851300035,-11.807911219511658,equal_weight
2020-08-11,4.486907527027139,-12.462850169785167,equal_weight
2020-08-12,4.546261001092782,-11.304895850260676,equal_weight
2020-08-13,4.565315286251795,-10.93315700678662,equal_weight
2020-08-14,4.545446658504656,-11.320783235663768,equal_weight
2020-08-17,4.579208769301681,-10.662102633573966,equal_weight
2020-08-18,4.610329538538305,-10.054953183069726,equal_weight
2020-08-19,4.593589677703881,-10.381538854196936,equal_weight
2020-08-20,4.61414052103366,-9.980602966648567,equal_weight
2020-08-21,4.628198574758227,-9.70633790818769,equal_weight
2020-08-24,4.588426632897491,-10.482267078274365,equal_weight
2020-08-25,4.592481691105918,-10.403155076116288,equal_weight
2020-08-26,4.632634846464967,-9.619788635945891,equal_weight
2020-08-27,4.604916692069168,-10.160554903079033,equal_weight
2020-08-28,4.593988363429748,-10.373760710361758,equal_weight
2020-08-31,4.625501455358832,-9.758957255377855,equal_weight
2020-09-01,4.6281419279112335,-9.707443057670451,equal_weight
2020-09-02,4.6880840323397885,-8.538004876719707,equal_weight
2020-09-03,4.5869805016542555,-10.510480320145465,equal_weight
2020-09-04,4.528614848113591,-11.649162793129852,equal_weight
2020-09-08,4.475071599202472,-12.693762748465808,equal_weight
2020-09-09,4.560766385567686,-11.021903609730632,equal_weight
2020-09-10,4.520745006735143,-11.802699160825336,equal_weight
2020-09-11,4.537259494723557,-11.480510392569421,equal_weight
2020-09-14,4.530002905081446,-11.622082549100742,equal_weight
2020-09-15,4.559593959015176,-11.044777020464814,equal_weight
2020-09-16,4.509431536077684,-12.023418881496273,equal_weight
2020-09-17,4.491466357816775,-12.373909835829267,equal_weight
2020-09-18,4.502051547194731,-12.16739849077081,equal_weight
2020-09-21,4.549176592533786,-11.248014231177272,equal_weight
2020-09-22,4.586908319749592,-10.511888550238346,equal_weight
2020-09-23,4.560990016605225,-11.01754068860471,equal_weight
2020-09-24,4.583069450379021,-10.586782824579,equal_weight
2020-09-25,4.604278058119186,-10.173014307564088,equal_weight
2020-09-28,4.620320548165475,-9.86003396500682,equal_weight
2020-09-29,4.632021025410426,-9.631763954201656,equal_weight
2020-09-30,4.653171587321827,-9.219127880050538,equal_weight
2020-10-01,4.637249005443516,-9.529768878816359,equal_weight
2020-10-02,4.597294423912337,-10.309261250529145,equal_weight
2020-10-05,4.625870938073455,-9.751748846567377,equal_weight
2020-10-06,4.591608086923704,-10.420198623310007,equal_weight
2020-10-07,4.606610887620169,-10.12750206013624,equal_weight
2020-10-08,4.594561684949013,-10.362575516231843,equal_weight
2020-10-09,4.64552037129586,-9.368398984840198,equal_weight
2020-10-12,4.693019639481815,-8.441713839007836,equal_weight
2020-10-13,4.720822316485603,-7.899298581304903,equal_weight
2020-10-14,4.7099003930385,-8.112379426734462,equal_weight
2020-10-15,4.695294279301796,-8.397336840923497,equal_weight
2020-10-16,4.712290479734642,-8.065750122259807,equal_weight
2020-10-19,4.653226272679528,-9.218060998167687,equal_weight
2020-10-20,4.6370042749069045,-9.53454343980794,equal_weight
2020-10-21,4.638080472098559,-9.513547412088341,equal_weight
2020-10-22,4.574515395624935,-10.753667826811341,equal_weight
2020-10-23,4.569712577426477,-10.847368223735787,equal_weight
2020-10-26,4.5725285613943,-10.792429892819456,equal_weight
2020-10-27,4.586874201625902,-10.512554176460288,equal_weight
2020-10-28,4.5254830015348055,-11.710263433506562,equal_weight
2020-10-29,4.4890577382336705,-12.420900706949345,equal_weight
2020-10-30,4.487965399787132,-12.44221164186029,equal_weight
2020-11-02,4.519102669700602,-11.834740272035749,equal_weight
2020-11-03,4.5454084274645785,-11.32152910266978,equal_weight
2020-11-04,4.6632918573965325,-9.02168686025785,equal_weight
2020-11-05,4.6466084640646015,-9.347170880816936,equal_weight
2020-11-06,4.706879475099661,-8.171315909076494,equal_weight
2020-11-09,4.39569734401401,-14.242311727298384,equal_weight
2020-11-10,4.41042845051978,-13.95491577148853,equal_weight
2020-11-11,4.495946562321388,-12.286503458357057,equal_weight
2020-11-12,4.5070419104390655,-12.070039190986904,equal_weight
2020-11-13,4.464587332677865,-12.898305142998412,equal_weight
2020-11-16,4.405644722938134,-14.048243720758514,equal_weight
2020-11-17,4.355467258541647,-15.027179032555726,equal_weight
2020-11-18,4.335101079364725,-15.424512221916187,equal_weight
2020-11-19,4.324851503393329,-15.624475930127224,equal_weight
2020-11-20,4.319940700427779,-15.720283051712103,equal_weight
2020-11-23,4.234339034166074,-17.390325467369305,equal_weight
2020-11-24,4.189262529199582,-18.269743807352036,equal_weight
2020-11-25,4.201367647988014,-18.033579457917003,equal_weight
2020-11-27,4.21009473536691,-17.86331868234582,equal_weight
2020-11-30,4.272267246691381,-16.65036646384157,equal_weight
2020-12-01,4.271506822883396,-16.66520192287726,equal_weight
2020-12-02,4.213772240053626,-17.79157254609869,equal_weight
2020-12-03,4.170451364336577,-18.636739504761646,equal_weight
2020-12-04,4.129538143252391,-19.434934417964143,equal_weight
2020-12-07,4.154140100888547,-18.954963471663035,equal_weight
2020-12-08,4.152024290042288,-18.996241801993175,equal_weight
2020-12-09,4.139832047638313,-19.234105886254827,equal_weight
2020-12-10,4.09839424466608,-20.04253510962655,equal_weight
2020-12-11,4.1310487099399165,-19.405464075270896,equal_weight
2020-12-14,4.14937904428251,-19.047849122406312,equal_weight
2020-12-15,4.165028929031375,-18.742528297799378,equal_weight
2020-12-16,4.170073411538511,-18.64411316033928,equal_weight
2020-12-17,4.205721237372678,-17.94864327325776,equal_weight
2020-12-18,4.216154676020855,-17.745092503225514,equal_weight
2020-12-21,4.209316275853084,-17.87850600829094,equal_weight
2020-12-22,4.2042179290217145,-17.977972009713007,equal_weight
2020-12-23,4.16647985571432,-18.71422149948171,equal_weight
2020-12-24,4.1963947881877095,-18.130597274932793,equal_weight
2020-12-28,4.216231387657567,-17.743595900499443,equal_weight
2020-12-29,4.217866290644089,-17.71169982356293,equal_weight
2020-12-30,4.207593707914376,-17.912112381240487,equal_weight
2020-12-31,4.245496758418945,-17.17264427518862,equal_weight
2021-01-04,4.207971261569358,-17.904746512729485,equal_weight
2021-01-05,4.190116977168839,-18.253073987558246,equal_weight
2021-01-06,4.2166024933956825,-17.73635582737455,equal_weight
2021-01-07,4.215828414328446,-17.751457693165396,equal_weight
2021-01-08,4.225678867329492,-17.559280659194,equal_weight
2021-01-11,4.2068917132142785,-17.925807919843027,equal_weight
2021-01-12,4.174707270160312,-18.55370907377739,equal_weight
2021-01-13,4.182690980757093,-18.397951178946293,equal_weight
2021-01-14,4.130446559467739,-19.417211706748883,equal_weight
2021-01-15,4.157734932411433,-18.884830244326,equal_weight
2021-01-19,4.150401930273283,-19.027893167509944,equal_weight
2021-01-20,4.184945111591745,-18.353974300122466,equal_weight
2021-01-21,4.1860182671722574,-18.333037612598467,equal_weight
2021-01-22,4.171248694985856,-18.6211840131252,equal_weight
2021-01-25,4.175604201189259,-18.536210432364484,equal_weight
2021-01-26,4.16448623873566,-18.753115893251536,equal_weight
2021-01-27,4.072047621105218,-20.556543548685124,equal_weight
2021-01-28,4.125550496801467,-19.512731253031912,equal_weight
2021-01-29,4.093713642700692,-20.133851133652403,equal_weight
2021-02-01,4.118538466131206,-19.649532195707774,equal_weight
2021-02-02,4.171753255992622,-18.611340299569335,equal_weight
2021-02-03,4.125335472836971,-19.51692625479734,equal_weight
2021-02-04,4.145715921922477,-19.11931466720417,equal_weight
2021-02-05,4.158597388051024,-18.86800419919581,equal_weight
2021-02-08,4.13915982539159,-19.247220580323322,equal_weight
2021-02-09,4.1384880415193726,-19.26032672194127,equal_weight
2021-02-10,4.135352292077768,-19.321503505070016,equal_weight
2021-02-11,4.150030206022686,-19.035145307480295,equal_weight
2021-02-12,4.153557683149467,-18.966326128143596,equal_weight
2021-02-16,4.147065752159818,-19.092980206103793,equal_weight
2021-02-17,4.155415331338784,-18.930084412240035,equal_weight
2021-02-18,4.18007236653329,-18.449038932432604,equal_weight
2021-02-19,4.129416883766328,-19.437300125243805,equal_weight
2021-02-22,4.093228347295493,-20.14331898569547,equal_weight
2021-02-23,4.073484972518253,-20.528501596573655,equal_weight
2021-02-24,4.044109382981341,-21.101603530846713,equal_weight
2021-02-25,4.055163238591672,-20.88594875995282,equal_weight
2021-02-26,4.03181526415234,-21.3414551693042,equal_weight
2021-03-01,4.067099092355071,-20.653086680013665,equal_weight
2021-03-02,4.057393416346078,-20.842439192826802,equal_weight
2021-03-03,3.98172927075226,-22.31860593121503,equal_weight
2021-03-04,3.9537063125019327,-22.8653187574252,equal_weight
2021-03-05,3.9988233654711007,-21.98510934774376,equal_weight
2021-03-08,3.9797199069426923,-22.35780753717682,equal_weight
2021-03-09,4.034530571850353,-21.288480978201672,equal_weight
2021-03-10,4.043866894680996,-21.106334347016087,equal_weight
2021-03-11,4.04137505828924,-21.154948733264,equal_weight
2021-03-12,4.034838145479605,-21.2824803823112,equal_weight
2021-03-15,4.049532171256504,-20.995807851555092,equal_weight
2021-03-16,4.085318258805892,-20.297640552858056,equal_weight
2021-03-17,4.061205598187379,-20.768065577812024,equal_weight
2021-03-18,4.09276025820806,-20.152451151743833,equal_weight
2021-03-19,4.076794265449014,-20.463939073417748,equal_weight
2021-03-22,4.132887028108605,-19.369599477661325,equal_weight
2021-03-23,4.173655239797463,-18.57423361967987,equal_weight
2021-03-24,4.200778186052735,-18.04507954287239,equal_weight
2021-03-25,4.189771143311054,-18.259821019905786,equal_weight
2021-03-26,4.246162231312964,-17.159661257357108,equal_weight
2021-03-29,4.2715453785477715,-16.664449722625985,equal_weight
2021-03-30,4.240193952619936,-17.276099160976266,equal_weight
2021-03-31,4.220748977680721,-17.655460151691106,equal_weight
2021-04-01,4.226267835286219,-17.547790211494185,equal_weight
2021-04-05,4.261185295579779,-16.86656936283696,equal_weight
2021-04-06,4.264234047587959,-16.807089852789623,equal_weight
2021-04-07,4.266444934919646,-16.76395663142374,equal_weight
2021-04-08,4.274738302901555,-16.60215748774705,equal_weight
2021-04-09,4.313569403391875,-15.844583626191344,equal_weight
2021-04-12,4.327718100392251,-15.568550166227258,equal_weight
2021-04-13,4.316239010931901,-15.79250102056341,equal_weight
2021-04-14,4.316705831390817,-15.783393604774298,equal_weight
2021-04-15,4.342815630708554,-15.274005479178609,equal_weight
2021-04-16,4.3771567501762405,-14.604028729697449,equal_weight
2021-04-19,4.385706116206989,-14.437235201932719,equal_weight
2021-04-20,4.403427851730656,-14.091493684319012,equal_weight
2021-04-21,4.41662679765597,-13.833989356426034,equal_weight
2021-04-22,4.387897940738202,-14.394473885539504,equal_weight
2021-04-23,4.394158163494045,-14.272340310455133,equal_weight
2021-04-26,4.340700960712934,-15.315261552127069,equal_weight
2021-04-27,4.350355371231531,-15.126909201427118,equal_weight
2021-04-28,4.356137632084205,-15.014100405710028,equal_weight
2021-04-29,4.409650137173814,-13.970100245777406,equal_weight
2021-04-30,4.417061739162935,-13.82550388182393,equal_weight
2021-05-03,4.454155401194553,-13.10182650905567,equal_weight
2021-05-04,4.494757158600639,-12.309708084502036,equal_weight
2021-05-05,4.518306368464916,-11.850275680367284,equal_weight
2021-05-06,4.55953800196483,-11.045868712386408,equal_weight
2021-05-07,4.5830418569130025,-10.587321158243036,equal_weight
2021-05-10,4.624391421364046,-9.78061342090677,equal_weight
2021-05-11,4.5823288331048895,-10.601231868804216,equal_weight
2021-05-12,4.541805238206029,-11.3918253849293,equal_weight
2021-05-13,4.618809893038034,-9.889506033115204,equal_weight
2021-05-14,4.610902423732877,-10.043776501399638,equal_weight
2021-05-17,4.592549056954023,-10.401840804693595,equal_weight
2021-05-18,4.560505278406742,-11.026997669844773,equal_weight
2021-05-19,4.564329530387174,-10.952388572914861,equal_weight
2021-05-20,4.5759065923656035,-10.726526327505281,equal_weight
2021-05-21,4.577382392668911,-10.697734258247804,equal_weight
2021-05-24,4.591210407464739,-10.427957135419774,equal_weight
2021-05-25,4.596090799467447,-10.332743315344828,equal_weight
2021-05-26,4.564206096475899,-10.954796702059566,equal_weight
2021-05-27,4.553110642372787,-11.17126303714846,equal_weight
2021-05-28,4.568583193491067,-10.869401896187103,equal_weight
2021-06-01,4.539324619374357,-11.440220922620181,equal_weight
2021-06-02,4.521370311184265,-11.790499807724652,equal_weight
2021-06-03,4.544818705625302,-11.333034258212194,equal_weight
2021-06-04,4.556195945539142,-11.111070433686498,equal_weight
2021-06-07,4.503001958889764,-12.148856470359782,equal_weight
2021-06-08,4.476215660007702,-12.671442738187233,equal_weight
2021-06-09,4.47577057891658,-12.680126030616467,equal_weight
2021-06-10,4.460979611256101,-12.968689845321846,equal_weight
2021-06-11,4.459219819398783,-13.003022436879874,equal_weight
2021-06-14,4.440577248259184,-13.366728961526874,equal_weight
2021-06-15,4.4819247797013855,-12.560060887098423,equal_weight
2021-06-16,4.439544767458078,-13.38687210600641,equal_weight
2021-06-17,4.38382213777251,-14.473990606741594,equal_weight
2021-06-18,4.3237327467862325,-15.646302269125522,equal_weight
2021-06-21,4.390951090478446,-14.334908578107598,equal_weight
2021-06-22,4.384870255293644,-14.453542398274056,equal_weight
2021-06-23,4.366342602659111,-14.815006924766305,equal_weight
2021-06-24,4.370894771897416,-14.7261965540899,equal_weight
2021-06-25,4.384288238668294,-14.464897229241735,equal_weight
2021-06-28,4.376532160899349,-14.616214130172999,equal_weight
2021-06-29,4.384766440406468,-14.455567770822665,equal_weight
2021-06-30,4.4157002709359,-13.852065393836643,equal_weight
2021-07-01,4.441888502111548,-13.341147104925533,equal_weight
2021-07-02,4.469098870435954,-12.810287470622573,equal_weight
2021-07-06,4.448088315910572,-13.220192076060899,equal_weight
2021-07-07,4.5073884954002255,-12.063277505016945,equal_weight
2021-07-08,4.477376094390583,-12.648803288225208,equal_weight
2021-07-09,4.507848288325224,-12.054307192630509,equal_weight
2021-07-12,4.5448737335299505,-11.331960693422861,equal_weight
2021-07-13,4.551451321716395,-11.203635489676177,equal_weight
2021-07-14,4.614014814539116,-9.983055432669142,equal_weight
2021-07-15,4.647305102054893,-9.333579848738339,equal_weight
2021-07-16,4.645480801832259,-9.369170963768457,equal_weight
2021-07-19,4.58440631760039,-10.560701264940164,equal_weight
2021-07-20,4.6046346237289955,-10.16605790451317,equal_weight
2021-07-21,4.609940541932092,-10.06254229739767,equal_weight
2021-07-22,4.609787972025148,-10.065518854129285,equal_weight
2021-07-23,4.652438356477026,-9.23343281901683,equal_weight
2021-07-26,4.667109241640262,-8.947211749172979,equal_weight
2021-07-27,4.691666463079043,-8.468113581993986,equal_weight
2021-07-28,4.641276783918441,-9.451189089569834,equal_weight
2021-07-29,4.674285519720086,-8.807206427977288,equal_weight
2021-07-30,4.6807738076139875,-8.68062342485345,equal_weight
2021-08-02,4.665000171752121,-8.988358567039967,equal_weight
2021-08-03,4.694229324954093,-8.418113526811432,equal_weight
2021-08-04,4.652675259075709,-9.228810976879187,equal_weight
2021-08-05,4.632582270299355,-9.620814368626807,equal_weight
2021-08-06,4.667567179640219,-8.938277625375301,equal_weight
2021-08-09,4.648998955810324,-9.300533674043066,equal_weight
2021-08-10,4.662237602252874,-9.042254810435956,equal_weight
2021-08-11,4.677919965194146,-8.736300353783388,equal_weight
2021-08-12,4.666086609159604,-8.967162758223523,equal_weight
2021-08-13,4.694089276169865,-8.420845803180999,equal_weight
2021-08-16,4.77023586988289,-6.935266761766257,equal_weight
2021-08-17,4.770175758412246,-6.936439504190872,equal_weight
2021-08-18,4.732151488454676,-7.67827253649892,equal_weight
2021-08-19,4.785687534940834,-6.6338130965957305,equal_weight
2021-08-20,4.776631244262637,-6.810496451273329,equal_weight
2021-08-23,4.7367856787435185,-7.587861979291621,equal_weight
2021-08-24,4.686596279202955,-8.567030139323162,equal_weight
2021-08-25,4.688919496972299,-8.521705411604053,equal_weight
2021-08-26,4.687297643213649,-8.553346905131276,equal_weight
2021-08-27,4.673850091211238,-8.815701403723885,equal_weight
2021-08-30,4.689045766185585,-8.519241967243818,equal_weight
2021-08-31,4.673960834783276,-8.813540856264456,equal_weight
2021-09-01,4.651260173180242,-9.256418540732003,equal_weight
2021-09-02,4.638526813208331,-9.504839537373721,equal_weight
2021-09-03,4.630194512921535,-9.66739822935524,equal_weight
2021-09-07,4.574350082221251,-10.756893002302503,equal_weight
2021-09-08,4.642722346631244,-9.422986939421351,equal_weight
2021-09-09,4.608209206067902,-10.096319727852187,equal_weight
2021-09-10,4.608815656507302,-10.084488206329056,equal_weight
2021-09-13,4.605377316119731,-10.151568375880371,equal_weight
2021-09-14,4.609282889378248,-10.075372744603307,equal_weight
2021-09-15,4.609556801005768,-10.070028876240954,equal_weight
2021-09-16,4.588257686569076,-10.485563130170839,equal_weight
2021-09-17,4.529475980840613,-11.632362557311549,equal_weight
2021-09-20,4.53490811215075,-11.526384600438455,equal_weight
2021-09-21,4.512483349600832,-11.963879642940412,equal_weight
2021-09-22,4.529215179590321,-11.637450649273596,equal_weight
2021-09-23,4.543486627645437,-11.35902238232811,equal_weight
2021-09-24,4.556972773427828,-11.095914939869312,equal_weight
2021-09-27,4.5118975541529265,-11.975308196701395,equal_weight
2021-09-28,4.494372311940978,-12.317216235607331,equal_weight
2021-09-29,4.543946260071975,-11.35005520118022,equal_weight
2021-09-30,4.479371708956322,-12.609869922607086,equal_weight
2021-10-01,4.488673820788044,-12.428390729589168,equal_weight
2021-10-04,4.501192135749717,-12.184165145303993,equal_weight
2021-10-05,4.53284994991843,-11.56653823735212,equal_weight
2021-10-06,4.562702786227765,-10.984125475527584,equal_weight
2021-10-07,4.5597059600767755,-11.042591940061152,equal_weight
2021-10-08,4.5490434275296625,-11.250612208703636,equal_weight
2021-10-11,4.543074656908249,-11.367059709580706,equal_weight
2021-10-12,4.517913035688816,-11.857949391034861,equal_weight
2021-10-13,4.530611209484237,-11.610214857750133,equal_weight
2021-10-14,4.586300404143498,-10.523748656374753,equal_weight
2021-10-15,4.603467321682947,-10.18883133888563,equal_weight
2021-10-18,4.621418319389939,-9.838617039523879,equal_weight
2021-10-19,4.63542458307826,-9.565362376783282,equal_weight
2021-10-20,4.671925274170183,-8.85325354775709,equal_weight
2021-10-21,4.678241410564924,-8.730029127685112,equal_weight
2021-10-22,4.725650496677325,-7.805103385548307,equal_weight
2021-10-25,4.709597360186978,-8.118291434496461,equal_weight
2021-10-26,4.732064832834613,-7.679963140985723,equal_weight
2021-10-27,4.73717568789269,-7.5802531107957645,equal_weight
2021-10-28,4.73553443730812,-7.612273025952265,equal_weight
2021-10-29,4.740255475551641,-7.520168111913373,equal_weight
2021-11-01,4.680582600633985,-8.684353770075914,equal_weight
2021-11-02,4.728338353689309,-7.752664742549098,equal_weight
2021-11-03,4.7177766049075816,-7.958718774196982,equal_weight
2021-11-04,4.717227828084261,-7.969425114525375,equal_weight
2021-11-05,4.766659315628659,-7.005043409433409,equal_weight
2021-11-08,4.745644521535516,-7.415030726555916,equal_weight
2021-11-09,4.755308564115461,-7.226490459525536,equal_weight
2021-11-10,4.802375740806387,-6.308235186097022,equal_weight
2021-11-11,4.788726737994221,-6.574519881514684,equal_weight
2021-11-12,4.795368046049139,-6.444951537444721,equal_weight
2021-11-15,4.812816978297147,-6.104532264845364,equal_weight
2021-11-16,4.81548728052971,-6.052436106140114,equal_weight
2021-11-17,4.840671280550802,-5.56110982631568,equal_weight
2021-11-18,4.878497466409546,-4.823141308115286,equal_weight
2021-11-19,4.886450630149199,-4.667979366018493,equal_weight
2021-11-22,4.931130572370617,-3.796297751658806,equal_weight
2021-11-23,4.984147822472742,-2.7619597498568016,equal_weight
2021-11-24,4.989520421427429,-2.657143237182713,equal_weight
2021-11-26,4.91200727138705,-4.169383056707643,equal_weight
2021-11-29,4.968531729273416,-3.0666213195276293,equal_weight
2021-11-30,4.877141762357203,-4.84959036418352,equal_weight
2021-12-01,4.909191851563294,-4.224310381476981,equal_weight
2021-12-02,4.974098696389991,-2.95801278867468,equal_weight
2021-12-03,5.013265718489414,-2.1938852774058604,equal_weight
2021-12-06,5.05342348176095,-1.410428939344044,equal_weight
2021-12-07,5.063109006810486,-1.221469560899413,equal_weight
2021-12-08,5.0405829132185,-1.6609415174693942,equal_weight
2021-12-09,5.085696991717145,-0.7807901381062021,equal_weight
2021-12-10,5.166647732012124,0.0,equal_weight
2021-12-13,5.162406495917769,-0.08208874137241029,equal_weight
2021-12-14,5.13164171219202,-0.6775383505093546,equal_weight
2021-12-15,5.185523726574242,0.0,equal_weight
2021-12-16,5.218532146625517,0.0,equal_weight
2021-12-17,5.087962450024758,-2.5020387521266785,equal_weight
2021-12-20,5.0690190035663125,-2.8650421010797955,equal_weight
2021-12-21,5.06440909958868,-2.9533792780504053,equal_weight
2021-12-22,5.098912254529655,-2.2922133798334965,equal_weight
2021-12-23,5.111853243670128,-2.0442319786105223,equal_weight
2021-12-27,5.191540624619751,-0.5172244080784094,equal_weight
2021-12-28,5.217146884754475,-0.026545048149950734,equal_weight
2021-12-29,5.250164656859747,0.0,equal_weight
2021-12-30,5.209746158601993,-0.7698520122591646,equal_weight
2021-12-31,5.244422755115615,-0.10936612695813253,equal_weight
2022-01-03,5.140600975020755,-2.0868618224352042,equal_weight
2022-01-04,5.1956137115648815,-1.0390330372513246,equal_weight
2022-01-05,5.209128420713844,-0.781618079202262,equal_weight
2022-01-06,5.223113361562419,-0.5152466077798845,equal_weight
2022-01-07,5.197053730350517,-1.0116049682334483,equal_weight
2022-01-10,5.18121994081633,-1.3131915006386552,equal_weight
2022-01-11,5.1568970736083655,-1.7764696794703383,equal_weight
2022-01-12,5.191270874288193,-1.1217511529777346,equal_weight
2022-01-13,5.1760933398164735,-1.4108379809858684,equal_weight
2022-01-14,5.1301915970516445,-2.28512947020334,equal_weight
2022-01-18,5.12346053181188,-2.4133362156997795,equal_weight
2022-01-19,5.115911549218693,-2.5571218507526527,equal_weight
2022-01-20,5.104821227340555,-2.7683594519133714,equal_weight
2022-01-21,5.114620295161579,-2.581716394762368,equal_weight
2022-01-24,5.08974009184836,-3.055610166469347,equal_weight
2022-01-25,5.06169113125515,-3.589859326761158,equal_weight
2022-01-26,5.051195128097952,-3.78977692636413,equal_weight
2022-01-27,5.059605892802857,-3.6295769087529517,equal_weight
2022-01-28,5.11925056174709,-2.493523606761694,equal_weight
2022-01-31,5.106609644858463,-2.7342954246914464,equal_weight
2022-02-01,5.080084247935012,-3.2395252347468984,equal_weight
2022-02-02,5.194017097758546,-1.069443775022183,equal_weight
2022-02-03,5.190553410722635,-1.135416697059688,equal_weight
2022-02-04,5.122811499076052,-2.4256983562848444,equal_weight
2022-02-07,5.082748766758433,-3.188774086972146,equal_weight
2022-02-08,5.088056961108896,-3.0876687941404746,equal_weight
2022-02-09,5.072999417270135,-3.374470157962217,equal_weight
2022-02-10,4.99727421678433,-4.816809692720703,equal_weight
2022-02-11,4.966489013098536,-5.403176134496412,equal_weight
2022-02-14,4.960436721922845,-5.518454255684158,equal_weight
2022-02-15,4.908859903411339,-6.500839035637984,equal_weight
2022-02-16,4.95601672224321,-5.602642085371734,equal_weight
2022-02-17,5.003445451635644,-4.699266048765638,equal_weight
2022-02-18,5.034763098437455,-4.102758151420116,equal_weight
2022-02-22,5.030526956155881,-4.183444045262319,equal_weight
2022-02-23,5.017732404676619,-4.427142144569451,equal_weight
2022-02-24,4.930809591782815,-6.082762845536093,equal_weight
2022-02-25,5.038367508345255,-4.034104877792021,equal_weight
2022-02-28,4.986337798253191,-5.025115893495746,equal_weight
2022-03-01,4.932188602387578,-6.056496800661448,equal_weight
2022-03-02,5.017245454119601,-4.436417102382084,equal_weight
2022-03-03,5.0883374959744705,-3.0823254404761746,equal_weight
2022-03-04,5.1591614305966225,-1.7333404228422,equal_weight
2022-03-07,5.131052118848448,-2.268739092890526,equal_weight
2022-03-08,5.060763354450763,-3.6075307116609556,equal_weight
2022-03-09,5.07873803173794,-3.265166643827544,equal_weight
2022-03-10,5.09231729413617,-3.006522138640677,equal_weight
2022-03-11,5.120534216237767,-2.469073811858591,equal_weight
2022-03-14,5.221921057902111,-0.5379564414371929,equal_weight
2022-03-15,5.250740284737354,0.0,equal_weight
2022-03-16,5.211980392050835,-0.7381795820140757,equal_weight
2022-03-17,5.195965152539427,-1.0431887548722596,equal_weight
2022-03-18,5.148790886197722,-1.9416195243168732,equal_weight
2022-03-21,5.184065219130438,-1.269822196323911,equal_weight
2022-03-22,5.1413173348445245,-2.0839528134898644,equal_weight
2022-03-23,5.126386126088119,-2.368316692613859,equal_weight
2022-03-24,5.149152187161081,-1.9347385714651555,equal_weight
2022-03-25,5.232048771751959,-0.3559786234281437,equal_weight
2022-03-28,5.229797989554313,-0.39884462089879724,equal_weight
2022-03-29,5.207831667661016,-0.8171917624846814,equal_weight
2022-03-30,5.24965263302909,-0.020714254548559463,equal_weight
2022-03-31,5.2207599345824445,-0.5709737775843826,equal_weight
2022-04-01,5.239643296754102,-0.21134139914533723,equal_weight
2022-04-04,5.163258865337046,-1.6660778224852457,equal_weight
2022-04-05,5.206865132971374,-0.83559935145745,equal_weight
2022-04-06,5.298589335247971,0.0,equal_weight
2022-04-07,5.3216765758821944,0.0,equal_weight
2022-04-08,5.3656353212315056,0.0,equal_weight
2022-04-11,5.327553183791792,-0.7097414408508973,equal_weight
2022-04-12,5.326201761223649,-0.7349280681044568,equal_weight
2022-04-13,5.295704353455774,-1.3033119768505186,equal_weight
2022-04-14,5.310487819217919,-1.0277907221046378,equal_weight
2022-04-18,5.339485480061519,-0.48735777973044625,equal_weight
2022-04-19,5.360854010766857,-0.08910986636995188,equal_weight
2022-04-20,5.454626979442904,0.0,equal_weight
2022-04-21,5.474120419534991,0.0,equal_weight
2022-04-22,5.397702840684009,-1.395979134442804,equal_weight
2022-04-25,5.366648684819113,-1.963269465763906,equal_weight
2022-04-26,5.370348520349604,-1.895681702855223,equal_weight
2022-04-27,5.400306664333977,-1.348413069935428,equal_weight
2022-04-28,5.426803280925691,-0.8643788404881114,equal_weight
2022-04-29,5.3390232757895255,-2.4679242214576846,equal_weight
2022-05-02,5.269420941841592,-3.7394039956247016,equal_weight
2022-05-03,5.293344980177831,-3.3023650468492316,equal_weight
2022-05-04,5.356696605857242,-2.145071804754406,equal_weight
2022-05-05,5.339961600774827,-2.4507831117745127,equal_weight
2022-05-06,5.397049446003961,-1.4079152014265905,equal_weight
2022-05-09,5.41211386734946,-1.13272174218626,equal_weight
2022-05-10,5.414881676175653,-1.0821600333806747,equal_weight
2022-05-11,5.478226358035817,0.0,equal_weight
2022-05-12,5.42985161868474,-0.8830365192945666,equal_weight
2022-05-13,5.397221572377656,-1.4786681010239389,equal_weight
2022-05-16,5.443022332753509,-0.6426172082259485,equal_weight
2022-05-17,5.426268196407121,-0.9484486078688681,equal_weight
2022-05-18,5.350270293420629,-2.3357206557829358,equal_weight
2022-05-19,5.281405803405619,-3.5927787894614704,equal_weight
2022-05-20,5.297432431664607,-3.3002273830107454,equal_weight
2022-05-23,5.364970266986017,-2.0673861145527384,equal_weight
2022-05-24,5.471444858989398,-0.12379004815075145,equal_weight
2022-05-25,5.43285477335297,-0.8282166839691296,equal_weight
2022-05-26,5.430446462911419,-0.8721781832601971,equal_weight
2022-05-27,5.453772267134598,-0.4463870111053092,equal_weight
2022-05-31,5.449865616912176,-0.5176993294926491,equal_weight
2022-06-01,5.448103043907127,-0.5498734838603969,equal_weight
2022-06-02,5.410505180949126,-1.2361880043046058,equal_weight
2022-06-03,5.418368645074075,-1.0926476755371506,equal_weight
2022-06-06,5.4277625707687,-0.921170173866459,equal_weight
2022-06-07,5.447312356178973,-0.564306763474598,equal_weight
2022-06-08,5.367242579820593,-2.0259071269011275,equal_weight
2022-06-09,5.33611129688581,-2.5941801572610057,equal_weight
2022-06-10,5.355075876746761,-2.24799913768462,equal_weight
2022-06-13,5.308299434033283,-3.1018602170988174,equal_weight
2022-06-14,5.258595173006042,-4.00916593575229,equal_weight
2022-06-15,5.215810232561591,-4.790165800456525,equal_weight
2022-06-16,5.214160734476801,-4.8202758758164155,equal_weight
2022-06-17,5.1494320221335945,-6.0018391795718,equal_weight
2022-06-21,5.216686785902055,-4.77416512280694,equal_weight
2022-06-22,5.208486627711107,-4.923851493084774,equal_weight
2022-06-23,5.174224806724278,-5.549269625662879,equal_weight
2022-06-24,5.236296601291799,-4.416205920172322,equal_weight
2022-06-27,5.277402788430108,-3.6658501580740244,equal_weight
2022-06-28,5.318995152475945,-2.9066196822316703,equal_weight
2022-06-29,5.336871389936823,-2.5803053554303346,equal_weight
2022-06-30,5.385459262983314,-1.6933782759163685,equal_weight
2022-07-01,5.418016650254522,-1.0990730182767194,equal_weight
2022-07-05,5.240316539713776,-4.3428256295590995,equal_weight
2022-07-06,5.284117685783541,-3.543275862771622,equal_weight
2022-07-07,5.242351706251919,-4.305675530144926,equal_weight
2022-07-08,5.243284689268478,-4.288644780490158,equal_weight
2022-07-11,5.309287694482687,-3.0838204285830617,equal_weight
2022-07-12,5.290895458911158,-3.4195538278528836,equal_weight
2022-07-13,5.2740244558640414,-3.727518521980011,equal_weight
2022-07-14,5.271630948601785,-3.7712098028038765,equal_weight
2022-07-15,5.285000070059837,-3.527168746733933,equal_weight
2022-07-18,5.243230223103156,-4.289639010406232,equal_weight
2022-07-19,5.271022419870194,-3.782317936930135,equal_weight
2022-07-20,5.189820752809782,-5.264579927461077,equal_weight
2022-07-21,5.184780159302591,-5.356591340968975,equal_weight
2022-07-22,5.247381107802362,-4.213868415547228,equal_weight
2022-07-25,5.298102074406868,-3.288003668645989,equal_weight
2022-07-26,5.35377130370445,-2.2718129226041994,equal_weight
2022-07-27,5.32417478020372,-2.812070326486693,equal_weight
2022-07-28,5.351018565792264,-2.3220616296177,equal_weight
2022-07-29,5.381374771861704,-1.7679369168826842,equal_weight
2022-08-01,5.355316222794136,-2.2436118409270955,equal_weight
2022-08-02,5.308286435441251,-3.102097494479894,equal_weight
2022-08-03,5.270505075640299,-3.7917615815713623,equal_weight
2022-08-04,5.246430238766811,-4.231225658081705,equal_weight
2022-08-05,5.230217173498796,-4.527180301216016,equal_weight
2022-08-08,5.211509050796273,-4.868679930472486,equal_weight
2022-08-09,5.30717735842598,-3.1223426786469277,equal_weight
2022-08-10,5.2570299632702415,-4.03773740457275,equal_weight
2022-08-11,5.270071282536006,-3.799680077010259,equal_weight
2022-08-12,5.2877463713547925,-3.477037534267202,equal_weight
2022-08-15,5.318395145251756,-2.9175722640524038,equal_weight
2022-08-16,5.333377756643651,-2.6440784284076257,equal_weight
2022-08-17,5.382875106843646,-1.7405496772199602,equal_weight
2022-08-18,5.399678512912357,-1.4338189039640792,equal_weight
2022-08-19,5.459539101204614,-0.3411187419043338,equal_weight
2022-08-22,5.4437180313079585,-0.6299178688963791,equal_weight
2022-08-23,5.420828118059201,-1.0477522509164117,equal_weight
2022-08-24,5.403860706163358,-1.3574768001941906,equal_weight
2022-08-25,5.399174157411422,-1.443025451265556,equal_weight
2022-08-26,5.373492026974241,-1.9118291982941682,equal_weight
2022-08-29,5.3778863675251944,-1.831614540049764,equal_weight
2022-08-30,5.345609408991136,-2.4208008281759064,equal_weight
2022-08-31,5.325698425177764,-2.784257584287575,equal_weight
2022-09-01,5.373951344114099,-1.9034447849852199,equal_weight
2022-09-02,5.339531335755408,-2.5317504830183246,equal_weight
2022-09-06,5.346132270857745,-2.411256464134748,equal_weight
2022-09-07,5.376507531939435,-1.8567839196197977,equal_weight
2022-09-08,5.341255772234803,-2.5002724759647266,equal_weight
2022-09-09,5.3209485605056495,-2.870962009436917,equal_weight
2022-09-12,5.317134024951611,-2.9405928589990804,equal_weight
2022-09-13,5.251686823567909,-4.1352715215136175,equal_weight
2022-09-14,5.250534585753093,-4.156304566508662,equal_weight
2022-09-15,5.196309567781397,-5.14613255877765,equal_weight
2022-09-16,5.250799223103232,-4.151473854288268,equal_weight
2022-09-19,5.279642864130698,-3.6249596297499576,equal_weight
2022-09-20,5.277858491599558,-3.6575317144817654,equal_weight
2022-09-21,5.272275967350074,-3.7594355768750143,equal_weight
2022-09-22,5.313151246230311,-3.0132948333426057,equal_weight
2022-09-23,5.281907867424099,-3.5836140710714837,equal_weight
2022-09-26,5.2538815410835,-4.095208965274577,equal_weight
2022-09-27,5.191367507851531,-5.236345332162173,equal_weight
2022-09-28,5.202428252818801,-5.034441572726511,equal_weight
2022-09-29,5.160011722664397,-5.80871644532619,equal_weight
2022-09-30,5.123982140294823,-6.466403441350432,equal_weight
2022-10-03,5.20130459641901,-5.054952890192299,equal_weight
2022-10-04,5.20941961121103,-4.906820734606631,equal_weight
2022-10-05,5.178143803268265,-5.477731936493857,equal_weight
2022-10-06,5.084068747075441,-7.19498584395295,equal_weight
2022-10-07,5.073400127641176,-7.389731711264824,equal_weight
2022-10-10,5.127861912496199,-6.3955817565968465,equal_weight
2022-10-11,5.159703236633035,-5.814347575024015,equal_weight
2022-10-12,5.106594646427363,-6.783796201909786,equal_weight
2022-10-13,5.209590987764715,-4.903692412728633,equal_weight
2022-10-14,5.184012847886877,-5.370597907429808,equal_weight
2022-10-17,5.19846736980997,-5.106743860911822,equal_weight
2022-10-18,5.2390326098342435,-4.366262592466796,equal_weight
2022-10-19,5.2752966335058025,-3.7042960853989615,equal_weight
2022-10-20,5.20474462474409,-4.992158326765129,equal_weight
2022-10-21,5.251903988514866,-4.131307374492965,equal_weight
2022-10-24,5.310267923715426,-3.065927242564892,equal_weight
2022-10-25,5.282297284831066,-3.576505613305836,equal_weight
2022-10-26,5.3037275995186715,-3.1853148649321428,equal_weight
2022-10-27,5.334274280230484,-2.627713212218319,equal_weight
2022-10-28,5.4170543784246545,-1.1166384083679093,equal_weight
2022-10-31,5.407822048607833,-1.2851661254323798,equal_weight
2022-11-01,5.402696135205892,-1.3787349754018852,equal_weight
2022-11-02,5.41825611747429,-1.0947017637115142,equal_weight
2022-11-03,5.425594934643785,-0.9607383841456096,equal_weight
2022-11-04,5.474135839997969,-0.07466865679706114,equal_weight
2022-11-07,5.484361994829123,0.0,equal_weight
2022-11-08,5.5160316382641446,0.0,equal_weight
2022-11-09,5.538789096742,0.0,equal_weight
2022-11-10,5.4692765305652,-1.2550137758032487,equal_weight
2022-11-11,5.300251330923521,-4.3066771753196065,equal_weight
2022-11-14,5.331620084218964,-3.7403304026306983,equal_weight
2022-11-15,5.301848849390926,-4.277834797689728,equal_weight
2022-11-16,5.393078171000016,-2.6307361265604623,equal_weight
2022-11-17,5.427746096510494,-2.004824489468704,equal_weight
2022-11-18,5.495964079939474,-0.7731837420514309,equal_weight
2022-11-21,5.547197909898939,0.0,equal_weight
2022-11-22,5.557507003834098,0.0,equal_weight
2022-11-23,5.528568725405833,-0.52070610812186,equal_weight
2022-11-25,5.550728489849784,-0.12197040830784767,equal_weight
2022-11-28,5.554954684363454,-0.04592561860708999,equal_weight
2022-11-29,5.5476596688484126,-0.1771897899344399,equal_weight
2022-11-30,5.5518737426384845,-0.10136309664975363,equal_weight
2022-12-01,5.520786136586662,-0.660743517229978,equal_weight
2022-12-02,5.528203819019787,-0.527272116690003,equal_weight
2022-12-05,5.5341760623307605,-0.41980948449081845,equal_weight
2022-12-06,5.559861420086559,0.0,equal_weight
2022-12-07,5.586990642913346,0.0,equal_weight
2022-12-08,5.568016049129336,-0.33962100523790006,equal_weight
2022-12-09,5.5350218347012365,-0.9301753221661047,equal_weight
2022-12-12,5.546814612590924,-0.7190996529299998,equal_weight
2022-12-13,5.50725599466553,-1.4271484121591071,equal_weight
2022-12-14,5.499573947174203,-1.5646472551376855,equal_weight
2022-12-15,5.486788829188954,-1.79348454523528,equal_weight
2022-12-16,5.47593105017033,-1.9878249283249771,equal_weight
2022-12-19,5.50588324508454,-1.4517188771684064,equal_weight
2022-12-20,5.508277996327408,-1.408855887127336,equal_weight
2022-12-21,5.533328106487106,-0.9604908949383373,equal_weight
2022-12-22,5.525351256189587,-1.1032663317942726,equal_weight
2022-12-23,5.567537867817636,-0.348179840257723,equal_weight
2022-12-27,5.605758643747304,0.0,equal_weight
2022-12-28,5.579623340165132,-0.46622241953501176,equal_weight
2022-12-29,5.550139278811408,-0.9921826548478729,equal_weight
2022-12-30,5.532052527454863,-1.3148285714129626,equal_weight
2023-01-03,5.520638709065465,-1.5184373800463669,equal_weight
2023-01-04,5.484582138454572,-2.161643284944015,equal_weight
2023-01-05,5.476329104658436,-2.308867493487865,equal_weight
2023-01-06,5.5551328859127524,-0.9031027029859695,equal_weight
2023-01-09,5.474624106912117,-2.339282605066406,equal_weight
2023-01-10,5.429036534523688,-3.1525101320716398,equal_weight
2023-01-11,5.415866993562005,-3.3874389222430246,equal_weight
2023-01-12,5.3760465070153085,-4.097788565838767,equal_weight
2023-01-13,5.377071019847105,-4.079512487667991,equal_weight
2023-01-17,5.351316063030807,-4.5389499778108355,equal_weight
2023-01-18,5.273722191395128,-5.923131434182083,equal_weight
2023-01-19,5.281698187319189,-5.780849248470121,equal_weight
2023-01-20,5.246254594597593,-6.41312036419378,equal_weight
2023-01-23,5.193628534505137,-7.351906056495294,equal_weight
2023-01-24,5.2555964226482,-6.246473374119976,equal_weight
2023-01-25,5.266251133270856,-6.05640613612819,equal_weight
2023-01-26,5.262582442018249,-6.121851180871585,equal_weight
2023-01-27,5.1728884834017075,-7.7218836531327,equal_weight
2023-01-30,5.211515942509157,-7.032816185867851,equal_weight
2023-01-31,5.211935399367625,-7.025333579406812,equal_weight
2023-02-01,5.14453383418701,-8.227696532649453,equal_weight
2023-02-02,5.016467727834713,-10.512242024010254,equal_weight
2023-02-03,5.063975910638752,-9.664753114422076,equal_weight
2023-02-06,5.11459530820573,-8.76176387096902,equal_weight
2023-02-07,5.114012319695234,-8.77216368565149,equal_weight
2023-02-08,5.121307797306159,-8.642021129138422,equal_weight
2023-02-09,5.128759379655591,-8.509093851619188,equal_weight
2023-02-10,5.2223512409806006,-6.8395274775941095,equal_weight
2023-02-13,5.242835826768744,-6.474107075290636,equal_weight
2023-02-14,5.175704034666947,-7.671657600885872,equal_weight
2023-02-15,5.108745997868553,-8.86610854060087,equal_weight
2023-02-16,5.114018042255977,-8.772061602042347,equal_weight
2023-02-17,5.176247708004449,-7.661959121660267,equal_weight
2023-02-21,5.183925172514499,-7.525002377748113,equal_weight
2023-02-22,5.159691611536005,-7.957299993799138,equal_weight
2023-02-23,5.173872766207265,-7.704325230301645,equal_weight
2023-02-24,5.185919157156551,-7.4894320871100035,equal_weight
2023-02-27,5.181450059724812,-7.5691554165602355,equal_weight
2023-02-28,5.153994024235994,-8.05893810671302,equal_weight
2023-03-01,5.158495528432382,-7.978636679511741,equal_weight
2023-03-02,5.1749765773465555,-7.6846345655863235,equal_weight
2023-03-03,5.174970396144986,-7.684744830796841,equal_weight
2023-03-06,5.211678779049019,-7.029911377612452,equal_weight
2023-03-07,5.165284361194718,-7.857532058464445,equal_weight
2023-03-08,5.152982872505315,-8.076975838890565,equal_weight
2023-03-09,5.1416860667224915,-8.278497283190067,equal_weight
2023-03-10,5.1501539509526,-8.127440401004215,equal_weight
2023-03-13,5.116267622862266,-8.731931786449977,equal_weight
2023-03-14,5.160004321365662,-7.951721626096752,equal_weight
2023-03-15,5.087700597521751,-9.241533200923623,equal_weight
2023-03-16,5.121337416841406,-8.641492752211589,equal_weight
2023-03-17,5.064253751683055,-9.65979676396248,equal_weight
2023-03-20,5.158918535957478,-7.971090733423458,equal_weight
2023-03-21,5.154338372065341,-8.052795355102916,equal_weight
2023-03-22,5.119165876441522,-8.680230424271496,equal_weight
2023-03-23,5.088540118782844,-9.226557150143611,equal_weight
2023-03-24,5.129367168400816,-8.49825163054171,equal_weight
2023-03-27,5.168181416928054,-7.805852064418184,equal_weight
2023-03-28,5.200830313821145,-7.223434965003683,equal_weight
2023-03-29,5.214124628388212,-6.986280363602937,equal_weight
2023-03-30,5.229899062579809,-6.7048834074711845,equal_weight
2023-03-31,5.231129723535315,-6.682929894419409,equal_weight
2023-04-03,5.2757442538664066,-5.887060268800504,equal_weight
2023-04-04,5.221514738728189,-6.854449672885988,equal_weight
2023-04-05,5.257979611486892,-6.203960148165266,equal_weight
2023-04-06,5.234865520294145,-6.616287768058937,equal_weight
2023-04-10,5.237504302398019,-6.569215065297862,equal_weight
2023-04-11,5.231464334921138,-6.676960829265388,equal_weight
2023-04-12,5.2763002844837885,-5.877141350546644,equal_weight
2023-04-13,5.29133096726402,-5.609012026124216,equal_weight
2023-04-14,5.311634738653864,-5.246817135473847,equal_weight
2023-04-17,5.319180438003532,-5.112210923733274,equal_weight
2023-04-18,5.340555452029361,-4.730906351341979,equal_weight
2023-04-19,5.305307179179675,-5.359693195188752,equal_weight
2023-04-20,5.350265206949634,-4.55769598790432,equal_weight
2023-04-21,5.330008595064074,-4.919049609651028,equal_weight
2023-04-24,5.352821902121929,-4.512087617391492,equal_weight
2023-04-25,5.378064222134284,-4.061794951999797,equal_weight
2023-04-26,5.319002384059398,-5.115387192200216,equal_weight
2023-04-27,5.349855544297375,-4.565003877492391,equal_weight
2023-04-28,5.3708422021239235,-4.190627113163492,equal_weight
2023-05-01,5.408477121729851,-3.519265358266943,equal_weight
2023-05-02,5.435153980258285,-3.0433822490611995,equal_weight
2023-05-03,5.399862781986443,-3.672934830872865,equal_weight
2023-05-04,5.396737638463011,-3.7286836370923004,equal_weight
2023-05-05,5.404168717180043,-3.5961221197440607,equal_weight
2023-05-08,5.397309972616329,-3.71847388334281,equal_weight
2023-05-09,5.399469020226452,-3.6799590676446337,equal_weight
2023-05-10,5.392358288459068,-3.806805980244332,equal_weight
2023-05-11,5.383860745933488,-3.9583919307928594,equal_weight
2023-05-12,5.428533532487196,-3.161483084145722,equal_weight
2023-05-15,5.389826136077099,-3.8519765368610237,equal_weight
2023-05-16,5.385488692175273,-3.9293513254931356,equal_weight
2023-05-17,5.355659872303365,-4.461461638611586,equal_weight
2023-05-18,5.348852753975091,-4.5828924521887355,equal_weight
2023-05-19,5.374601782042467,-4.1235607238044425,equal_weight
2023-05-22,5.293027498884007,-5.578747940069073,equal_weight
2023-05-23,5.2292829311126905,-6.715874452685133,equal_weight
2023-05-24,5.220346013632687,-6.87529832459891,equal_weight
2023-05-25,5.234021840633009,-6.6313379997002375,equal_weight
2023-05-26,5.210553323732084,-7.0499881484557765,equal_weight
2023-05-30,5.164980081789946,-7.862960037514366,equal_weight
2023-05-31,5.164277098243005,-7.87550041949684,equal_weight
2023-06-01,5.169244310542529,-7.7868913191913025,equal_weight
2023-06-02,5.200509446729479,-7.229158848461004,equal_weight
2023-06-05,5.190753321363756,-7.403196404940616,equal_weight
2023-06-06,5.124146877696281,-8.591375345569263,equal_weight
2023-06-07,5.103342304644361,-8.962503936257427,equal_weight
2023-06-08,5.125903649087888,-8.56003665435452,equal_weight
2023-06-09,5.15279970917891,-8.080243252599306,equal_weight
2023-06-12,5.124501068459376,-8.585057007845409,equal_weight
2023-06-13,5.08996904372867,-9.201066845679284,equal_weight
2023-06-14,5.121397074059381,-8.640428539109212,equal_weight
2023-06-15,5.148922638608261,-8.149405534050247,equal_weight
2023-06-16,5.166795078571029,-7.830582675297615,equal_weight
2023-06-20,5.158029183848242,-7.986955706672494,equal_weight
2023-06-21,5.210388223945246,-7.052933330318389,equal_weight
2023-06-22,5.244069616197256,-6.452097754038655,equal_weight
2023-06-23,5.241497514470468,-6.497980958975735,equal_weight
2023-06-26,5.21849401129827,-6.908335821432332,equal_weight
2023-06-27,5.209125852209837,-7.0754525255894425,equal_weight
2023-06-28,5.18263833780109,-7.54795796315928,equal_weight
2023-06-29,5.200080638818873,-7.23680826645875,equal_weight
2023-06-30,5.24719048369481,-6.396425226984093,equal_weight
2023-07-03,5.209601672295218,-7.066964466869474,equal_weight
2023-07-05,5.210354645514388,-7.053532329187084,equal_weight
2023-07-06,5.223870085780222,-6.812433110958905,equal_weight
2023-07-07,5.14924276334864,-8.14369489324811,equal_weight
2023-07-10,5.130907296722088,-8.470777591448176,equal_weight
2023-07-11,5.10878791624738,-8.8653607670792,equal_weight
2023-07-12,5.113034950415129,-8.789598779493701,equal_weight
2023-07-13,5.105564140593138,-8.922869052025383,equal_weight
2023-07-14,5.144892945346889,-8.221290420957871,equal_weight
2023-07-17,5.143555266354286,-8.245153007230554,equal_weight
2023-07-18,5.1075104771208135,-8.888148746508017,equal_weight
2023-07-19,5.084609848256704,-9.296668454891332,equal_weight
2023-07-20,5.162852389308547,-7.900915515383044,equal_weight
2023-07-21,5.183663736870752,-7.529666075569619,equal_weight
2023-07-24,5.182296142198837,-7.5540623216235,equal_weight
2023-07-25,5.191563138012755,-7.38875024875616,equal_weight
2023-07-26,5.1379263917610745,-8.345565367999786,equal_weight
2023-07-27,5.117052943063385,-8.7179226174681,equal_weight
2023-07-28,5.082183163779698,-9.33995759078221,equal_weight
2023-07-31,5.059059588158157,-9.752454401491907,equal_weight
2023-08-01,5.091982222560428,-9.165154153754829,equal_weight
2023-08-02,5.116641462322293,-8.725262939576883,equal_weight
2023-08-03,5.114011864952767,-8.772171797710815,equal_weight
2023-08-04,5.07474011013414,-9.472732726469857,equal_weight
2023-08-07,5.127471112230287,-8.532074994889438,equal_weight
2023-08-08,5.113023980334901,-8.789794472546586,equal_weight
2023-08-09,5.1283509274533285,-8.516380148233438,equal_weight
2023-08-10,5.124488234636158,-8.585285947834343,equal_weight
2023-08-11,5.12867943596222,-8.510519951072471,equal_weight
2023-08-14,5.147825574138915,-8.168975846278547,equal_weight
2023-08-15,5.139916242967707,-8.310068812884063,equal_weight
2023-08-16,5.152866005220717,-8.079060610854993,equal_weight
2023-08-17,5.12083888468193,-8.650385967049367,equal_weight
2023-08-18,5.134680452386739,-8.40346902708714,equal_weight
2023-08-21,5.128944688233023,-8.505788169209216,equal_weight
2023-08-22,5.14961769617169,-8.13700654209214,equal_weight
2023-08-23,5.172562589612196,-7.727697206841,equal_weight
2023-08-24,5.166069042991718,-7.843534277845132,equal_weight
2023-08-25,5.197057270657671,-7.290741522478861,equal_weight
2023-08-28,5.207803270577458,-7.099045793092207,equal_weight
2023-08-29,5.209331223595961,-7.071788946773882,equal_weight
2023-08-30,5.21382367621166,-6.991648988898424,equal_weight
2023-08-31,5.181901218517163,-7.561107285682267,equal_weight
2023-09-01,5.182573566847718,-7.5491133991580135,equal_weight
2023-09-05,5.139847584759557,-8.311293592838275,equal_weight
2023-09-06,5.144545770708281,-8.227483599449336,equal_weight
2023-09-07,5.177194838348373,-7.645063454113455,equal_weight
2023-09-08,5.1987334958286695,-7.260839679079522,equal_weight
2023-09-11,5.224422708361911,-6.802574987967724,equal_weight
2023-09-12,5.232019459871122,-6.667058067029929,equal_weight
2023-09-13,5.2469744209738,-6.4002795263705226,equal_weight
2023-09-14,5.260291828458325,-6.162712975063867,equal_weight
2023-09-15,5.2375861534862445,-6.567754940211734,equal_weight
2023-09-18,5.287345132996617,-5.680114521267299,equal_weight
2023-09-19,5.290459819216654,-5.62455226077806,equal_weight
2023-09-20,5.2925805063291245,-5.586721750275503,equal_weight
2023-09-21,5.261561156010877,-6.14006969637102,equal_weight
2023-09-22,5.266097002494939,-6.05915564401307,equal_weight
2023-09-25,5.272981164613253,-5.936350461774387,equal_weight
2023-09-26,5.235972023335362,-6.596549083047021,equal_weight
2023-09-27,5.231496418208756,-6.676388501955966,equal_weight
2023-09-28,5.240018613752132,-6.524362771185677,equal_weight
2023-09-29,5.189381738330198,-7.427663798574979,equal_weight
2023-10-02,5.19470154260699,-7.332764880964149,equal_weight
2023-10-03,5.208710330762778,-7.082864929038568,equal_weight
2023-10-04,5.25627102981013,-6.234439192757513,equal_weight
2023-10-05,5.251182034074419,-6.325220763266037,equal_weight
2023-10-06,5.263955838512145,-6.097351437283294,equal_weight
2023-10-09,5.290790664222306,-5.618650383321722,equal_weight
2023-10-10,5.270345372031426,-5.983369835053464,equal_weight
2023-10-11,5.2811280319773966,-5.791020134839419,equal_weight
2023-10-12,5.274856900740019,-5.902889582596904,equal_weight
2023-10-13,5.292528803697145,-5.587644063119579,equal_weight
2023-10-16,5.297178649446274,-5.504696400820286,equal_weight
2023-10-17,5.282289189574814,-5.770306478201482,equal_weight
2023-10-18,5.271271802195005,-5.96684343385685,equal_weight
2023-10-19,5.261480861840714,-6.141502047909242,equal_weight
2023-10-20,5.258491556001261,-6.194827673028458,equal_weight
2023-10-23,5.258891338517717,-6.18769603319409,equal_weight
2023-10-24,5.270222660284006,-5.985558865213669,equal_weight
2023-10-25,5.295531296959719,-5.5340831902139564,equal_weight
2023-10-26,5.277283072018376,-5.859609601553428,equal_weight
2023-10-27,5.267968676959775,-6.025767220005129,equal_weight
2023-10-30,5.315068784673395,-5.185557879808944,equal_weight
2023-10-31,5.342424670803852,-4.697561733899769,equal_weight
2023-11-01,5.398163329269417,-3.7032510257900553,equal_weight
2023-11-02,5.401305598108346,-3.647196724514823,equal_weight
2023-11-03,5.39115117567517,-3.8283394222030642,equal_weight
2023-11-06,5.4449604535637315,-2.868446545819947,equal_weight
2023-11-07,5.427049536635386,-3.1879557874160525,equal_weight
2023-11-08,5.480952503473678,-2.2263916127183925,equal_weight
2023-11-09,5.518615109767682,-1.5545359605666054,equal_weight
2023-11-10,5.583670927607084,-0.3940183219421467,equal_weight
2023-11-13,5.597724352605818,-0.14332210236072118,equal_weight
2023-11-14,5.515439573254843,-1.611183717179887,equal_weight
2023-11-15,5.451717440631204,-2.747910013712751,equal_weight
2023-11-16,5.480776698384214,-2.229527764319561,equal_weight
2023-11-17,5.461608594181244,-2.5714637166344367,equal_weight
2023-11-20,5.461849912039657,-2.5671588959357616,equal_weight
2023-11-21,5.4991958113520925,-1.9009529158746874,equal_weight
2023-11-22,5.507466920160439,-1.7534062708265186,equal_weight
2023-11-24,5.509063085361667,-1.7249326011117394,equal_weight
2023-11-27,5.509300183157786,-1.7207030612548468,equal_weight
2023-11-28,5.469680769188175,-2.4274658116241077,equal_weight
2023-11-29,5.421190143406021,-3.292480323731961,equal_weight
2023-11-30,5.491720791237296,-2.0342982949722033,equal_weight
2023-12-01,5.414448185535825,-3.4127487530143275,equal_weight
2023-12-04,5.3799491915611535,-4.028169361840428,equal_weight
2023-12-05,5.395648266278895,-3.7481167281928407,equal_weight
2023-12-06,5.35931220996395,-4.396308322304277,equal_weight
2023-12-07,5.3387352211564965,-4.76337708346839,equal_weight
2023-12-08,5.34675943660314,-4.620234719399729,equal_weight
2023-12-11,5.394629661733121,-3.7662874096386134,equal_weight
2023-12-12,5.437584755141526,-3.0000201452368924,equal_weight
2023-12-13,5.395291609132917,-3.7544790632244474,equal_weight
2023-12-14,5.247058407465093,-6.398781308258927,equal_weight
2023-12-15,5.246708469415262,-6.405023782686914,equal_weight
2023-12-18,5.298478492124927,-5.481508768935662,equal_weight
2023-12-19,5.255882341044973,-6.241372933395639,equal_weight
2023-12-20,5.248492498824047,-6.373198841190819,equal_weight
2023-12-21,5.2422298965285625,-6.484916142870755,equal_weight
2023-12-22,5.24748021263613,-6.391256810722656,equal_weight
2023-12-26,5.227804528730685,-6.742247375173593,equal_weight
2023-12-27,5.228332705628482,-6.732825333816416,equal_weight
2023-12-28,5.233493968460256,-6.640754605128674,equal_weight
2023-12-29,5.271127288098187,-5.969421391739138,equal_weight
2024-01-02,5.274461429680384,-5.909944311220938,equal_weight
2024-01-03,5.325287192818991,-5.003273753877224,equal_weight
2024-01-04,5.320993276012221,-5.079872071422709,equal_weight
2024-01-05,5.316350505997215,-5.162693511125327,equal_weight
2024-01-08,5.317703113835592,-5.138564612178065,equal_weight
2024-01-09,5.310224571595783,-5.271972821754667,equal_weight
2024-01-10,5.33944479459619,-4.7507191457156654,equal_weight
2024-01-11,5.3765207760557026,-4.0893281758981,equal_weight
2024-01-12,5.415649318419975,-3.3913219852834353,equal_weight
2024-01-16,5.439901264826336,-2.9586963952857093,equal_weight
2024-01-17,5.451320118745101,-2.7549977588575802,equal_weight
2024-01-18,5.483681539576804,-2.177708887032892,equal_weight
2024-01-19,5.521847776921559,-1.4968690619482805,equal_weight
2024-01-22,5.5154407260084275,-1.6111631534407533,equal_weight
2024-01-23,5.528964549033638,-1.3699143968554983,equal_weight
2024-01-24,5.534963575009318,-1.2628989800863355,equal_weight
2024-01-25,5.555250043572768,-0.9010127510729382,equal_weight
2024-01-26,5.560700100786047,-0.8037902775481776,equal_weight
2024-01-29,5.544013104595191,-1.1014662434848943,equal_weight
2024-01-30,5.616038850967496,0.0,equal_weight
2024-01-31,5.589232730248354,-0.4773136623605123,equal_weight
2024-02-01,5.615628018413372,-0.007315343875391456,equal_weight
2024-02-02,5.635009417095126,0.0,equal_weight
2024-02-05,5.629256128438103,-0.10209900696117602,equal_weight
2024-02-06,5.615827745007188,-0.34040177519040205,equal_weight
2024-02-07,5.673716400204178,0.0,equal_weight
2024-02-08,5.6481870560718805,-0.4499580580266338,equal_weight
2024-02-09,5.654804695592765,-0.3333212885073378,equal_weight
2024-02-12,5.614122554598106,-1.0503493901092287,equal_weight
2024-02-13,5.659244913690844,-0.2550618587988107,equal_weight
2024-02-14,5.650472129440267,-0.40968333847413163,equal_weight
2024-02-15,5.677353020968584,0.0,equal_weight
2024-02-16,5.67574812894646,-0.028268314762114333,equal_weight
2024-02-20,5.707119642433029,0.0,equal_weight
2024-02-21,5.767757208440403,0.0,equal_weight
2024-02-22,5.837406204312285,0.0,equal_weight
2024-02-23,5.850976774373171,0.0,equal_weight
2024-02-26,5.831137246605427,-0.339080610516862,equal_weight
2024-02-27,5.794978920750564,-0.9570684653521955,equal_weight
2024-02-28,5.842897812448145,-0.13807885822434418,equal_weight
2024-02-29,5.8409735127090485,-0.17096737946279417,equal_weight
2024-03-01,5.8316768217141375,-0.32985864417657274,equal_weight
2024-03-04,5.8486293236017595,-0.040120664667364636,equal_weight
2024-03-05,5.857799152411975,0.0,equal_weight
2024-03-06,5.867114216680047,0.0,equal_weight
2024-03-07,5.851851690156947,-0.26013685705503775,equal_weight
2024-03-08,5.83596508587304,-0.5309105917599366,equal_weight
2024-03-11,5.85843881959591,-0.1478648065086796,equal_weight
2024-03-12,5.899404044825937,0.0,equal_weight
2024-03-13,5.897730928729986,-0.02836076463381687,equal_weight
2024-03-14,5.925083988039859,0.0,equal_weight
2024-03-15,5.906285440801023,-0.31727056151071853,equal_weight
2024-03-18,5.912545023169594,-0.21162509924881334,equal_weight
2024-03-19,5.954330028684772,0.0,equal_weight
2024-03-20,5.944224922583054,-0.1697102117792726,equal_weight
2024-03-21,5.937449596382002,-0.2834984325935652,equal_weight
2024-03-22,5.940723368437236,-0.2285170654294677,equal_weight
2024-03-25,5.909197907127761,-0.7579714483340383,equal_weight
2024-03-26,5.919705734396546,-0.5814977356213835,equal_weight
2024-03-27,5.926053037956135,-0.47489794137062225,equal_weight
2024-03-28,5.9162620894906,-0.6393320325003837,equal_weight
2024-04-01,5.901920733767254,-0.880187941633026,equal_weight
2024-04-02,5.920354302756056,-0.5706053538355849,equal_weight
2024-04-03,5.900967481404798,-0.8961973391280131,equal_weight
2024-04-04,5.868572923964366,-1.440247757636437,equal_weight
2024-04-05,5.912222847423707,-0.7071690863323821,equal_weight
2024-04-08,5.8747158586835795,-1.3370802360241019,equal_weight
2024-04-09,5.807890564818054,-2.459377682480657,equal_weight
2024-04-10,5.8228071622783295,-2.2088608755785333,equal_weight
2024-04-11,5.7809114953046254,-2.9124776850579126,equal_weight
2024-04-12,5.805024584713305,-2.5075103874355853,equal_weight
2024-04-15,5.808537767033664,-2.4485082443995942,equal_weight
2024-04-16,5.823569962405715,-2.1960500282840356,equal_weight
2024-04-17,5.819243958068134,-2.2687031112797684,equal_weight
2024-04-18,5.833152647589968,-2.0351136149833082,equal_weight
2024-04-19,5.866544267340333,-1.4743180327851046,equal_weight
2024-04-22,5.893321919911379,-1.024600727193281,equal_weight
2024-04-23,5.887238991689055,-1.1267604696499456,equal_weight
2024-04-24,5.8867402508327125,-1.1351365733247576,equal_weight
2024-04-25,5.901578616708401,-0.885933626826918,equal_weight
2024-04-26,5.879501505198518,-1.2567076921462195,equal_weight
2024-04-29,5.86530040351061,-1.4952081047786114,equal_weight
2024-04-30,5.844034305761514,-1.8523615989021858,equal_weight
2024-05-01,5.850890531058121,-1.7372147181687114,equal_weight
2024-05-02,5.836571721701064,-1.9776919723362818,equal_weight
2024-05-03,5.850693709064813,-1.740520245278554,equal_weight
2024-05-06,5.872471690128582,-1.3747699264542002,equal_weight
2024-05-07,5.9158380125346985,-0.6464541932449053,equal_weight
2024-05-08,5.956149694070216,0.0,equal_weight
2024-05-09,5.977351605134952,0.0,equal_weight
2024-05-10,6.013059248892795,0.0,equal_weight
2024-05-13,5.91159957404101,-1.687322054417928,equal_weight
2024-05-14,5.854170877106804,-2.6423882621021577,equal_weight
2024-05-15,5.895188729984232,-1.9602421002298809,equal_weight
2024-05-16,5.9236710312194765,-1.4865680508599377,equal_weight
2024-05-17,5.966721152340943,-0.7706243134122603,equal_weight
2024-05-20,5.929488831883268,-1.3898152928547236,equal_weight
2024-05-21,5.950851962873635,-1.0345363889539994,equal_weight
2024-05-22,5.944563696630229,-1.1391132105538326,equal_weight
2024-05-23,5.944107263196299,-1.1467039129739565,equal_weight
2024-05-24,5.947107768385798,-1.0968041021571784,equal_weight
2024-05-28,5.885403673119334,-2.122972192515271,equal_weight
2024-05-29,5.872157039613496,-2.3432699304475335,equal_weight
2024-05-30,5.879240752711053,-2.2254644539945745,equal_weight
2024-05-31,5.939430698996564,-1.2244773724753966,equal_weight
2024-06-03,5.883826454776647,-2.149202074467249,equal_weight
2024-06-04,5.926477030287285,-1.439902968217932,equal_weight
2024-06-05,5.922601259640822,-1.504358854748189,equal_weight
2024-06-06,5.90940952492567,-1.7237436000021256,equal_weight
2024-06-07,5.92925067097245,-1.3937760206799488,equal_weight
2024-06-10,5.932418205151958,-1.3410984392958736,equal_weight
2024-06-11,5.91500636371049,-1.6306655418431126,equal_weight
2024-06-12,5.931756074481193,-1.3521099833927797,equal_weight
2024-06-13,5.95841760259973,-0.9087162462789067,equal_weight
2024-06-14,5.965982866639274,-0.7829023514476452,equal_weight
2024-06-17,6.019325375802307,0.0,equal_weight
2024-06-18,6.066158765053989,0.0,equal_weight
2024-06-20,6.075044577229051,0.0,equal_weight
2024-06-21,6.042864509993775,-0.5297091540018672,equal_weight
2024-06-24,6.080484092980442,0.0,equal_weight
2024-06-25,6.055747284137175,-0.40682301713155233,equal_weight
2024-06-26,6.00047183962486,-1.3158862375440061,equal_weight
2024-06-27,5.994852990103964,-1.4082941681458294,equal_weight
2024-06-28,5.993030126520118,-1.43827309015222,equal_weight
2024-07-01,5.998617148250201,-1.3463886012752169,equal_weight
2024-07-02,6.021636205848485,-0.9678158224259437,equal_weight
2024-07-03,6.0185707005585,-1.0182313032184087,equal_weight
2024-07-05,6.005672899911067,-1.2303492933357085,equal_weight
2024-07-08,5.989277683322063,-1.4999859922941172,equal_weight
2024-07-09,6.007239366683318,-1.204587088414244,equal_weight
2024-07-10,6.048397958155463,-0.5276904656657311,equal_weight
2024-07-11,6.019320650104957,-1.0058975887478283,equal_weight
2024-07-12,6.020162786502727,-0.9920477638836744,equal_weight
2024-07-15,6.022577402662957,-0.9523368441064606,equal_weight
2024-07-16,5.99737969180868,-1.3667398828935529,equal_weight
2024-07-17,6.010568818723377,-1.1498307238033578,equal_weight
2024-07-18,6.055951675688183,-0.40346158162933854,equal_weight
2024-07-19,6.021430298631575,-0.9712021846589702,equal_weight
2024-07-22,6.055509775676403,-0.41072909528487855,equal_weight
2024-07-23,6.069531316413255,-0.18013000938249535,equal_weight
2024-07-24,6.059706237269982,-0.3417138404234521,equal_weight
2024-07-25,5.989273856017335,-1.5000489363733993,equal_weight
2024-07-26,5.99635035223843,-1.3836684621729267,equal_weight
2024-07-29,6.022167405550477,-0.9590796807985802,equal_weight
2024-07-30,6.010342109109585,-1.1535592034823683,equal_weight
2024-07-31,6.017331340554373,-1.0386138909396325,equal_weight
2024-08-01,6.073091058937293,-0.12158627389032839,equal_weight
2024-08-02,6.032942207406988,-0.781876654004221,equal_weight
2024-08-05,5.95763987180428,-2.020303306409088,equal_weight
2024-08-06,6.037645490606874,-0.7045261811148062,equal_weight
2024-08-07,6.045166509919739,-0.5808350539305729,equal_weight
2024-08-08,6.075765621855895,-0.07760025439411677,equal_weight
2024-08-09,6.12088896343242,0.0,equal_weight
2024-08-12,6.149751165909624,0.0,equal_weight
2024-08-13,6.112330542260389,-0.6084900452016928,equal_weight
2024-08-14,6.16946959770822,0.0,equal_weight
2024-08-15,6.162047960884201,-0.12029618926684416,equal_weight
2024-08-16,6.188527367371839,0.0,equal_weight
2024-08-19,6.193742438030639,0.0,equal_weight
2024-08-20,6.208914575132417,0.0,equal_weight
2024-08-21,6.205637155717364,-0.05278570634842383,equal_weight
2024-08-22,6.251662327069776,0.0,equal_weight
2024-08-23,6.227782805913869,-0.38197074484506155,equal_weight
2024-08-26,6.237807817983452,-0.22161320240112747,equal_weight
2024-08-27,6.2546763825359815,0.0,equal_weight
2024-08-28,6.305676943043014,0.0,equal_weight
2024-08-29,6.296940515529445,-0.13854860616048237,equal_weight
2024-08-30,6.346369011372844,0.0,equal_weight
2024-09-03,6.380093265000408,0.0,equal_weight
2024-09-04,6.393685528101429,0.0,equal_weight
2024-09-05,6.344246870013722,-0.7732419411373148,equal_weight
2024-09-06,6.331803858091662,-0.9678560157171612,equal_weight
2024-09-09,6.39186482970441,-0.028476508408437073,equal_weight
2024-09-10,6.403331498646981,0.0,equal_weight
2024-09-11,6.345012620751612,-0.9107583748817594,equal_weight
2024-09-12,6.365984809295085,-0.5832384183106387,equal_weight
2024-09-13,6.354036372473218,-0.7698356111061733,equal_weight
2024-09-16,6.389457264080743,-0.2166721271445904,equal_weight
2024-09-17,6.352179317743483,-0.7988369946848262,equal_weight
2024-09-18,6.31982180626995,-1.3041600672193399,equal_weight
2024-09-19,6.312238894220205,-1.4225814241543455,equal_weight
2024-09-20,6.35312374786813,-0.7840879515524035,equal_weight
2024-09-23,6.385726113454292,-0.2749410240030392,equal_weight
2024-09-24,6.351885217550064,-0.8034299193753647,equal_weight
2024-09-25,6.376633626063131,-0.41693722384186227,equal_weight
2024-09-26,6.334381923466703,-1.0767765997254264,equal_weight
2024-09-27,6.322006821736136,-1.270036963228105,equal_weight
2024-09-30,6.368145462371855,-0.5494957786046362,equal_weight
2024-10-01,6.410257772296944,0.0,equal_weight
2024-10-02,6.403258966688914,-0.10918134428660187,equal_weight
2024-10-03,6.390701496900467,-0.30507783136261013,equal_weight
2024-10-04,6.360346685650009,-0.7786127862538517,equal_weight
2024-10-07,6.313835891845473,-1.5041810154370894,equal_weight
2024-10-08,6.361925154851434,-0.7539886719437061,equal_weight
2024-10-09,6.381682032212517,-0.44578145059817054,equal_weight
2024-10-10,6.350528748228714,-0.9317725774829144,equal_weight
2024-10-11,6.367028044846317,-0.6743836049378893,equal_weight
2024-10-14,6.407555241188066,-0.04215947634051975,equal_weight
2024-10-15,6.451300948651741,0.0,equal_weight
2024-10-16,6.463771040225556,0.0,equal_weight
2024-10-17,6.438948713853217,-0.3840223643112206,equal_weight
2024-10-18,6.444612209072848,-0.29640330750390076,equal_weight
2024-10-21,6.415821453113615,-0.7418206309217745,equal_weight
2024-10-22,6.425628171176186,-0.590102415633198,equal_weight
2024-10-23,6.474012160526505,0.0,equal_weight
2024-10-24,6.412277787903233,-0.953572083161669,equal_weight
2024-10-25,6.341199040965282,-2.051480847858367,equal_weight
2024-10-28,6.324633242359228,-2.3073623351848704,equal_weight
2024-10-29,6.275728959099206,-3.0627560855735703,equal_weight
2024-10-30,6.307797598870442,-2.567411946945519,equal_weight
2024-10-31,6.2920209320544584,-2.811104211105564,equal_weight
2024-11-01,6.235140329109809,-3.68970316233187,equal_weight
2024-11-04,6.2475291330714295,-3.498341088019463,equal_weight
2024-11-05,6.29050507017334,-2.834518777583539,equal_weight
2024-11-06,6.283358686544935,-2.944904477381527,equal_weight
2024-11-07,6.254957531723753,-3.383599279259575,equal_weight
2024-11-08,6.321954940259434,-2.34873238567882,equal_weight
2024-11-11,6.306594875915505,-2.5859896530899373,equal_weight
2024-11-12,6.311229966542046,-2.514394319136104,equal_weight
2024-11-13,6.336452672161471,-2.124795025930981,equal_weight
2024-11-14,6.327681375880703,-2.2602797309837275,equal_weight
2024-11-15,6.394758224032689,-1.2241857835399994,equal_weight
2024-11-18,6.423143683959659,-0.7857334108360536,equal_weight
2024-11-19,6.410303336931281,-0.984070187320174,equal_weight
2024-11-20,6.397224379022098,-1.1860926362264101,equal_weight
2024-11-21,6.407652899703457,-1.025009826636647,equal_weight
2024-11-22,6.38793015106996,-1.3296547383924606,equal_weight
2024-11-25,6.32827099498436,-2.2511722549852786,equal_weight
2024-11-26,6.390171590247314,-1.2950326351004682,equal_weight
2024-11-27,6.3837296664270395,-1.394536986660888,equal_weight
2024-11-29,6.392637382433594,-1.2569450917789604,equal_weight
2024-12-02,6.3316693917879,-2.1986793538402827,equal_weight
2024-12-03,6.317508384982694,-2.4174155324892643,equal_weight
2024-12-04,6.302252281522642,-2.653066981417207,equal_weight
2024-12-05,6.31535895623225,-2.45061640850166,equal_weight
2024-12-06,6.288043237415349,-2.8725451621028797,equal_weight
2024-12-09,6.18997705075211,-4.387311959440243,equal_weight
2024-12-10,6.2205642441305,-3.9148507928566056,equal_weight
2024-12-11,6.225747908922856,-3.834781978281898,equal_weight
2024-12-12,6.229232399906016,-3.780959234413639,equal_weight
2024-12-13,6.231021942007298,-3.7533173014529186,equal_weight
2024-12-16,6.215191741255737,-3.9978364706951597,equal_weight
2024-12-17,6.182758553556572,-4.498811552220605,equal_weight
2024-12-18,6.119875563904055,-5.470125601272413,equal_weight
2024-12-19,6.1308218849796745,-5.301044654184284,equal_weight
2024-12-20,6.158535338270962,-4.872972345944538,equal_weight
2024-12-23,6.149383343948075,-5.014337454565876,equal_weight
2024-12-24,6.188607836144566,-4.408461357581506,equal_weight
2024-12-26,6.1688189304373715,-4.7141281561064226,equal_weight
2024-12-27,6.151660532941238,-4.9791631463208645,equal_weight
2024-12-30,6.136887805925302,-5.207348182889204,equal_weight
2024-12-31,6.127008528611394,-5.3599471751207055,equal_weight
2025-01-02,6.10416085798138,-5.712860794426533,equal_weight
2025-01-03,6.111452610011539,-5.60022968022168,equal_weight
2025-01-06,6.037659877834178,-6.740059670460052,equal_weight
2025-01-07,6.0308267712587424,-6.845606376366775,equal_weight
2025-01-08,6.121452959159818,-5.445760567400837,equal_weight
2025-01-10,6.047584413506785,-6.58676160078514,equal_weight
2025-01-13,6.078344439240015,-6.1116308013593805,equal_weight
2025-01-14,6.149691580554206,-5.009576317291364,equal_weight
2025-01-15,6.19232985727156,-4.350969634756396,equal_weight
2025-01-16,6.232061008885244,-3.7372674879496026,equal_weight
2025-01-17,6.246285357301678,-3.5175529112121184,equal_weight
2025-01-21,6.278913661856684,-3.0135639821528226,equal_weight
2025-01-22,6.280223583108533,-2.993330451239251,equal_weight
2025-01-23,6.258830821318549,-3.323771007412757,equal_weight
2025-01-24,6.272756876385057,-3.108663980715798,equal_weight
2025-01-27,6.341686875316808,-2.0439455770026815,equal_weight
2025-01-28,6.313245814587782,-2.483256780377263,equal_weight
2025-01-29,6.315504400068761,-2.4483698289014866,equal_weight
2025-01-30,6.359784869187905,-1.7643972316744971,equal_weight
2025-01-31,6.356054610750646,-1.8220161910580401,equal_weight
2025-02-03,6.415263154781247,-0.9074589958830148,equal_weight
2025-02-04,6.386287133854226,-1.3550333934674752,equal_weight
2025-02-05,6.446619922870461,-0.42311069205369645,equal_weight
2025-02-06,6.479853147271057,0.0,equal_weight
2025-02-07,6.489544690167461,0.0,equal_weight
2025-02-10,6.492193222561112,0.0,equal_weight
2025-02-11,6.5215416764198615,0.0,equal_weight
2025-02-12,6.511558547093421,-0.15307928434370455,equal_weight
2025-02-13,6.518163408946309,-0.05180166962310828,equal_weight
2025-02-14,6.479865777900552,-0.6390497920146454,equal_weight
2025-02-18,6.460447865346934,-0.9368001326101494,equal_weight
2025-02-19,6.49782948599669,-0.36359792821547554,equal_weight
2025-02-20,6.472648010140204,-0.7497255818581072,equal_weight
2025-02-21,6.467838112545302,-0.8234795779767379,equal_weight
2025-02-24,6.487962049310093,-0.5149032050378977,equal_weight
2025-02-25,6.543560119817083,0.0,equal_weight
2025-02-26,6.573925979054266,0.0,equal_weight
2025-02-27,6.634949100493645,0.0,equal_weight
2025-02-28,6.759630987863909,0.0,equal_weight
2025-03-03,6.805322519553316,0.0,equal_weight
2025-03-04,6.661336655314448,-2.1157831069014255,equal_weight
2025-03-05,6.655751749880758,-2.197849833609,equal_weight
2025-03-06,6.552878114132401,-3.709514202972486,equal_weight
2025-03-07,6.476621976009547,-4.8300509285097775,equal_weight
2025-03-10,6.418429115314997,-5.685158978530136,equal_weight
2025-03-11,6.424138181447756,-5.60126778724046,equal_weight
2025-03-12,6.454681123857395,-5.152458163275064,equal_weight
2025-03-13,6.3966085447713095,-6.005798749547486,equal_weight
2025-03-14,6.456461318144988,-5.1262993106640735,equal_weight
2025-03-17,6.471738308892475,-4.90181339242003,equal_weight
2025-03-18,6.454484974275472,-5.155340459909208,equal_weight
2025-03-19,6.500034222086013,-4.486022471236851,equal_weight
2025-03-20,6.509678520466843,-4.344305479086663,equal_weight
2025-03-21,6.485252813834536,-4.703226111608139,equal_weight
2025-03-24,6.540445774761068,-3.892199730889967,equal_weight
2025-03-25,6.5674831214289,-3.4949026653923743,equal_weight
2025-03-26,6.605979733747101,-2.92921878769824,equal_weight
2025-03-27,6.603442825641336,-2.9664970812467994,equal_weight
2025-03-28,6.596229835369621,-3.0724875064028545,equal_weight
2025-03-31,6.702175479957714,-1.515681869584229,equal_weight
2025-04-01,6.718893304349148,-1.270023793227082,equal_weight
2025-04-02,6.693668725060807,-1.640683364700224,equal_weight
2025-04-03,6.742878226683918,-0.9175802129874233,equal_weight
2025-04-04,6.478040382463996,-4.809208324057545,equal_weight
2025-04-07,6.406490268053961,-5.8605929454983885,equal_weight
2025-04-08,6.457234290560293,-5.1149409597103235,equal_weight
2025-04-09,6.536727137727924,-3.946842799200967,equal_weight
2025-04-10,6.546344202046395,-3.80552599473154,equal_weight
2025-04-11,6.5888568067254605,-3.180829596332846,equal_weight
2025-04-14,6.643763993387142,-2.3740024914613245,equal_weight
2025-04-15,6.673780388029778,-1.932930160849633,equal_weight
2025-04-16,6.641091728032723,-2.4132697759543187,equal_weight
2025-04-17,6.620859688479087,-2.710567067824088,equal_weight
2025-04-21,6.5302039355714205,-4.042697215178482,equal_weight
2025-04-22,6.609805830965484,-2.8729966585134825,equal_weight
2025-04-23,6.598927586021659,-3.0328457312439605,equal_weight
2025-04-24,6.539040360783508,-3.912851418940333,equal_weight
2025-04-25,6.512391083355329,-4.304446047286159,equal_weight
2025-04-28,6.5432538897094155,-3.850936220743617,equal_weight
2025-04-29,6.565207320468391,-3.528344151140761,equal_weight
2025-04-30,6.604002027207253,-2.9582799605400223,equal_weight
2025-05-01,6.5673084776436,-3.497468947663318,equal_weight
2025-05-02,6.584660302553299,-3.2424946263164167,equal_weight
2025-05-05,6.600763672991188,-3.0058655702853487,equal_weight
2025-05-06,6.637686034861075,-2.4633143280216485,equal_weight
2025-05-07,6.659462022973945,-2.1433296682160097,equal_weight
2025-05-08,6.55540971292018,-3.672313926563764,equal_weight
2025-05-09,6.549281213940088,-3.7623684237971133,equal_weight
2025-05-12,6.399723810412009,-5.960021850190422,equal_weight
2025-05-13,6.331189567750922,-6.967090103960494,equal_weight
2025-05-14,6.323736513335883,-7.076608123034889,equal_weight
2025-05-15,6.451535033862182,-5.1986880074326836,equal_weight
2025-05-16,6.4992298856137305,-4.497841697584626,equal_weight
2025-05-19,6.555622331282784,-3.6691896313963634,equal_weight
2025-05-20,6.542138359897051,-3.867328240506962,equal_weight
2025-05-21,6.558745914868058,-3.623290504994947,equal_weight
2025-05-22,6.509836703304513,-4.3419810802471375,equal_weight
2025-05-23,6.549314044080526,-3.761886005214554,equal_weight
2025-05-27,6.532449574482814,-4.0096989420629665,equal_weight
2025-05-28,6.510890886492629,-4.326490511136161,equal_weight
2025-05-29,6.519815044916705,-4.195355529679601,equal_weight
2025-05-30,6.577733424062421,-3.344280816037415,equal_weight
2025-06-02,6.600224423729081,-3.013789504243769,equal_weight
2025-06-03,6.5429025162625605,-3.856099435945326,equal_weight
2025-06-04,6.497321998431723,-4.525876918200922,equal_weight
2025-06-05,6.493487649857755,-4.582220295946082,equal_weight
2025-06-06,6.489110984981624,-4.646532675903902,equal_weight
2025-06-09,6.430698217144427,-5.504872125200588,equal_weight
2025-06-10,6.403530343841982,-5.90408719876081,equal_weight
2025-06-11,6.403509798817549,-5.90438909517167,equal_weight
2025-06-12,6.450290834679953,-5.21697074390336,equal_weight
2025-06-13,6.457819181577525,-5.106346348425528,equal_weight
2025-06-16,6.419839140250119,-5.6644395353138925,equal_weight
2025-06-17,6.442900444523209,-5.325567950509058,equal_weight
2025-06-18,6.432176999320596,-5.483142336907387,equal_weight
2025-06-20,6.44398894583172,-5.309573097871545,equal_weight
2025-06-23,6.49731945985822,-4.525914220966454,equal_weight
2025-06-24,6.479126065602729,-4.793254882679642,equal_weight
2025-06-25,6.4259856414684595,-5.574120506337965,equal_weight
2025-06-26,6.414039087226635,-5.749667722616103,equal_weight
2025-06-27,6.446836112626038,-5.267735745032831,equal_weight
2025-06-30,6.493805390250206,-4.5775512976504285,equal_weight
2025-07-01,6.451533383219756,-5.198712262600925,equal_weight
2025-07-02,6.3532932680655545,-6.64228991629675,equal_weight
2025-07-03,6.38379555391349,-6.1940777153276505,equal_weight
2025-07-07,6.411332876290829,-5.789433816405632,equal_weight
2025-07-08,6.332012751787121,-6.954993924332953,equal_weight
2025-07-09,6.322180938463884,-7.099466332436877,equal_weight
2025-07-10,6.300754820347452,-7.4143098693136285,equal_weight
2025-07-11,6.311979666648237,-7.249367704287158,equal_weight
2025-07-14,6.359183471053269,-6.555737031098574,equal_weight
2025-07-15,6.34858813588448,-6.7114289198862975,equal_weight
2025-07-16,6.365646636662642,-6.460764815001507,equal_weight
2025-07-17,6.341403923625118,-6.816996469972569,equal_weight
2025-07-18,6.381639909584445,-6.225753573787718,equal_weight
2025-07-21,6.390582529236442,-6.094347316019588,equal_weight
2025-07-22,6.341409872504346,-6.816909054876364,equal_weight
2025-07-23,6.3102518502733105,-7.2747568959083075,equal_weight
2025-07-24,6.36065276212974,-6.534146708637745,equal_weight
2025-07-25,6.359602269037085,-6.549583054081132,equal_weight
2025-07-28,6.312404191549391,-7.243129573766016,equal_weight
2025-07-29,6.370147695855157,-6.3946245375997695,equal_weight
2025-07-30,6.3882155942616405,-6.12912795967021,equal_weight
2025-07-31,6.435661774900546,-5.431935717824487,equal_weight
2025-08-01,6.466916098529855,-4.972672787382804,equal_weight
2025-08-04,6.512704392240803,-4.299842167241186,equal_weight
2025-08-05,6.4959822023411,-4.545564392038848,equal_weight
2025-08-06,6.551972637907636,-3.7228196153488047,equal_weight
2025-08-07,6.518354694871177,-4.216814469227758,equal_weight
2025-08-08,6.55483643060132,-3.680737955215052,equal_weight
2025-08-11,6.564767022735249,-3.534814053660118,equal_weight
2025-08-12,6.518005960517887,-4.221938904583878,equal_weight
2025-08-13,6.45297073518781,-5.177591265558911,equal_weight
2025-08-14,6.474082480039589,-4.867367249120025,equal_weight
2025-08-15,6.432594614116227,-5.477005746107588,equal_weight
2025-08-18,6.414869317498136,-5.737468002924406,equal_weight
2025-08-19,6.46396121970529,-5.016092901801694,equal_weight
2025-08-20,6.535085919946059,-3.970959478126168,equal_weight
2025-08-21,6.514161215496201,-4.2784350516898995,equal_weight
2025-08-22,6.463940519577592,-5.0163970773589694,equal_weight
2025-08-25,6.457512739105612,-5.1108493307754905,equal_weight
2025-08-26,6.4958283745929055,-4.5478247955355595,equal_weight
2025-08-27,6.4808878863212716,-4.7673660182874,equal_weight
2025-08-28,6.469940680912122,-4.928228422349745,equal_weight
2025-08-29,6.449898505090391,-5.222735784258681,equal_weight
2025-09-02,6.438562115683162,-5.3893170061575235,equal_weight
2025-09-03,6.4534820294769295,-5.170078112616483,equal_weight
2025-09-04,6.461011322798967,-5.059439810017241,equal_weight
2025-09-05,6.374248972871985,-6.334358811691199,equal_weight
2025-09-08,6.380764440265152,-6.238618053270906,equal_weight
2025-09-09,6.413929409324867,-5.751279371460849,equal_weight
2025-09-10,6.442455628859977,-5.332104241213198,equal_weight
2025-09-11,6.453335462039755,-5.172231830338947,equal_weight
2025-09-12,6.477687665007844,-4.814391288643549,equal_weight
2025-09-15,6.457493828355063,-5.111127212543687,equal_weight
2025-09-16,6.386313325269679,-6.15708062446304,equal_weight
2025-09-17,6.442075979432213,-5.337682954443523,equal_weight
2025-09-18,6.392425951657356,-6.067259365145594,equal_weight
2025-09-19,6.434183021177317,-5.453665088019366,equal_weight
2025-09-22,6.4287606698083,-5.53334318341363,equal_weight
2025-09-23,6.461788594489321,-5.04801828387913,equal_weight
2025-09-24,6.480418844088227,-4.774258303431811,equal_weight
2025-09-25,6.5193296918827075,-4.202487491943008,equal_weight
2025-09-26,6.54891702714657,-3.767719923192947,equal_weight
2025-09-29,6.548786967999775,-3.769631061811596,equal_weight
2025-09-30,6.576613515454184,-3.3607371794943774,equal_weight
2025-10-01,6.487059306467039,-4.676680821104828,equal_weight
2025-10-02,6.444786093303345,-5.297859509436387,equal_weight
2025-10-03,6.446215339611344,-5.27685762004918,equal_weight
2025-10-06,6.425730127892283,-5.577875120104503,equal_weight
2025-10-07,6.472161606919689,-4.89559329005167,equal_weight
2025-10-08,6.423517577583048,-5.610387176702513,equal_weight
2025-10-09,6.392394029454786,-6.06772844214346,equal_weight
2025-10-10,6.445944926598682,-5.280831171807899,equal_weight
2025-10-13,6.410875675560672,-5.796152097998353,equal_weight
2025-10-14,6.473452529361844,-4.876623984211337,equal_weight
2025-10-15,6.447070485512699,-5.264291780606634,equal_weight
2025-10-16,6.363969533674121,-6.485408804815396,equal_weight
2025-10-17,6.429809781548565,-5.517927136088163,equal_weight
2025-10-20,6.441745647502556,-5.34253697758067,equal_weight
2025-10-21,6.441781022103119,-5.342017169732305,equal_weight
2025-10-22,6.443817876843645,-5.312086850711073,equal_weight
2025-10-23,6.426119726615429,-5.5721502081399805,equal_weight
2025-10-24,6.423425060858173,-5.611746652680472,equal_weight
2025-10-27,6.436226745656168,-5.42363382244776,equal_weight
2025-10-28,6.412928647853428,-5.765984941528446,equal_weight
2025-10-29,6.395806083355726,-6.017590423098262,equal_weight
2025-10-30,6.4843339240027005,-4.716728628633526,equal_weight
2025-10-31,6.443297281232118,-5.319736680826126,equal_weight
2025-11-03,6.452785648128123,-5.180311005279625,equal_weight
2025-11-04,6.539182602010879,-3.9107612721917873,equal_weight
2025-11-05,6.519825218018926,-4.195206042242505,equal_weight
2025-11-06,6.571162403699185,-3.4408378909498105,equal_weight
2025-11-07,6.6156445413795355,-2.7872004247967763,equal_weight
2025-11-10,6.633019489760256,-2.5318863183631968,equal_weight
2025-11-11,6.651462751659013,-2.2608740063711497,equal_weight
2025-11-12,6.6793108551436395,-1.8516633715391917,equal_weight
2025-11-13,6.673040536242399,-1.9438018246870636,equal_weight
2025-11-14,6.6674953770778504,-2.025284504583813,equal_weight
2025-11-17,6.687230776813062,-1.7352850272848608,equal_weight
2025-11-18,6.6725778959926245,-1.9506000366519727,equal_weight
2025-11-19,6.67331059911428,-1.93983341803029,equal_weight
2025-11-20,6.688706101855349,-1.7136060394331132,equal_weight
2025-11-21,6.6597233436912475,-2.139489722106891,equal_weight
2025-11-24,6.655013199452459,-2.208702374780658,equal_weight
2025-11-25,6.624728756284398,-2.6537135124754085,equal_weight
2025-11-26,6.646195117898202,-2.338278622326906,equal_weight
2025-11-28,6.653900492543935,-2.225052913720249,equal_weight
2025-12-01,6.572145080736773,-3.4263980604382627,equal_weight
2025-12-02,6.5391987785086965,-3.910523568574198,equal_weight
2025-12-03,6.520183066630683,-4.189947678502525,equal_weight
2025-12-04,6.532955608070956,-4.002263091863545,equal_weight
2025-12-05,6.504186360927993,-4.425009362305565,equal_weight
2025-12-08,6.496272339404645,-4.541301007567178,equal_weight
2025-12-09,6.474111959891536,-4.866934060952044,equal_weight
2025-12-10,6.426175082312479,-5.571336790452708,equal_weight
2025-12-11,6.475292782726748,-4.849582600652857,equal_weight
2025-12-12,6.494469713501498,-4.5677894788772155,equal_weight
2025-12-15,6.552775708573079,-3.711018989248638,equal_weight
2025-12-16,6.520904347013579,-4.179348909953006,equal_weight
2025-12-17,6.538298249990638,-3.9237562774644963,equal_weight
2025-12-18,6.533026203038028,-4.001225742540726,equal_weight
2025-12-19,6.531735863363505,-4.0201864849716,equal_weight
2025-12-22,6.559514907924535,-3.6119906282548353,equal_weight
2025-12-23,6.599151654754534,-3.029553179976463,equal_weight
2025-12-24,6.611648094881792,-2.8459257311472252,equal_weight
2025-12-26,6.595782796947241,-3.079056459176144,equal_weight
2025-12-29,6.616975721945545,-2.7676395507575946,equal_weight
2025-12-30,6.619881757532162,-2.72493715747254,equal_weight
2025-12-31,6.599854797642751,-3.0192209306790008,equal_weight
2026-01-02,6.613077862391412,-2.8249161830249725,equal_weight
2026-01-05,6.600464665792436,-3.0102592959007413,equal_weight
2026-01-06,6.55393704470645,-3.6939538739651945,equal_weight
2026-01-07,6.53347728075574,-3.9945974348239877,equal_weight
2026-01-08,6.535361343512431,-3.9669122993836403,equal_weight
2026-01-09,6.489212524192163,-4.645040620086616,equal_weight
2026-01-12,6.521375614724867,-4.172423922783997,equal_weight
2026-01-13,6.520751990760624,-4.18158769073843,equal_weight
2026-01-14,6.52736598542188,-4.084399135129912,equal_weight
2026-01-15,6.542541147443623,-3.8614095269498216,equal_weight
2026-01-16,6.565277199571826,-3.527317320990786,equal_weight
2026-01-20,6.536595346985173,-3.9487793825498496,equal_weight
2026-01-21,6.501041824018525,-4.471216384829956,equal_weight
2026-01-22,6.475474629244679,-4.846910478686439,equal_weight
2026-01-23,6.467983448837612,-4.956988735602885,equal_weight
2026-01-26,6.54885221041952,-3.7686723648570064,equal_weight
2026-01-27,6.584242637593526,-3.2486319542472053,equal_weight
2026-01-28,6.599631105219888,-3.02250795230391,equal_weight
2026-01-29,6.661803884157595,-2.1089174683985634,equal_weight
2026-01-30,6.678959648488855,-1.8568241358347115,equal_weight
2026-02-02,6.714284227594406,-1.3377513218122417,equal_weight
2026-02-03,6.737182935278578,-1.0012689931881535,equal_weight
2026-02-04,6.701235558925655,-1.5294934270726257,equal_weight
2026-02-05,6.794182510538007,-0.16369553365475076,equal_weight
2026-02-06,6.774567176431541,-0.4519307208939449,equal_weight
2026-02-09,6.745878113186347,-0.8734987386148307,equal_weight
2026-02-10,6.731985354160211,-1.0776442289456512,equal_weight
2026-02-11,6.7360835175610285,-1.0174242556961532,equal_weight
2026-02-12,6.749155147237961,-0.8253447526399005,equal_weight
2026-02-13,6.779759366138928,-0.37563470858197334,equal_weight
2026-02-17,6.83958219291381,0.0,equal_weight
2026-02-18,6.808972589000526,-0.44753616595173407,equal_weight
2026-02-19,6.807505641384183,-0.46898407863071867,equal_weight
2026-02-20,6.8440726584350315,0.0,equal_weight
2026-02-23,6.834474382981608,-0.14024216183026184,equal_weight
2026-02-24,6.819467907621052,-0.35950452372325303,equal_weight
2026-02-25,6.839525271907247,-0.06644269800643032,equal_weight
2026-02-26,6.852567536921711,0.0,equal_weight
2026-02-27,6.828923543256494,-0.3450384624131497,equal_weight
2026-03-02,6.868900530740637,0.0,equal_weight
2026-03-03,6.822934795376794,-0.6691862133995308,equal_weight
2026-03-04,6.812771689980213,-0.817144468888853,equal_weight
2026-03-05,6.729387951830386,-2.031075836458618,equal_weight
2026-03-06,6.660899900100799,-3.028150279785913,equal_weight
2026-03-09,6.666486913776269,-2.946812463777859,equal_weight
2026-03-10,6.71639685837133,-2.2202049904027854,equal_weight
2026-03-11,6.700630938229889,-2.449731099725283,equal_weight
2026-03-12,6.681323258125194,-2.7308194634057092,equal_weight
2026-03-13,6.660859421009243,-3.0287395894050384,equal_weight
2026-03-16,6.687374035340194,-2.642730005887417,equal_weight
2026-03-17,6.672555124216815,-2.8584692069001605,equal_weight
2026-03-18,6.6210039805073775,-3.608969865320355,equal_weight
2026-03-19,6.607639617505674,-3.8035332156250212,equal_weight
2026-03-20,6.581599922035264,-4.182628754334217,equal_weight
2026-03-23,6.614918730979405,-3.6975611835486366,equal_weight
2026-03-24,6.699099855528201,-2.4720211692180083,equal_weight
2026-03-25,6.707998691817029,-2.342468612021942,equal_weight
2026-03-26,6.671631673882344,-2.8719131391617747,equal_weight
2026-03-27,6.671032741894928,-2.8806326130387916,equal_weight
2026-03-30,6.665714776241338,-2.9580535282171305,equal_weight
2026-03-31,6.665423127906569,-2.9622994527790603,equal_weight
2026-04-01,6.706121267841102,-2.369800846162262,equal_weight
2026-04-02,6.687093691505161,-2.6468113553519967,equal_weight
2026-04-06,6.694696467230134,-2.53612732825117,equal_weight
2026-04-07,6.697523537874835,-2.494969785904355,equal_weight
2026-04-08,6.808306268027437,-0.8821537368611021,equal_weight
2026-04-09,6.868763661201021,-0.0019925974907186728,equal_weight
2026-04-10,6.861962393135895,-0.10100797898721092,equal_weight
2026-04-13,6.763163271750667,-1.5393622096689374,equal_weight
2026-04-14,6.753141433851676,-1.6852638405651765,equal_weight
2026-04-15,6.698961067220886,-2.4740417008401128,equal_weight
2026-04-16,6.672362072599988,-2.861279723895749,equal_weight
2026-04-17,6.670441361940266,-2.8892421416236824,equal_weight
2026-04-20,6.609022565886187,-3.7833997404884356,equal_weight
2026-04-21,6.570712513915887,-4.341131677336985,equal_weight
2026-04-22,6.5611892134518515,-4.479775415463861,equal_weight
2026-04-23,6.722355764754798,-2.1334530225034176,equal_weight
2026-04-24,6.6453095308550125,-3.2551206540985644,equal_weight
2026-04-27,6.637435327221207,-3.369756229305476,equal_weight
2026-04-28,6.68846639636828,-2.626827009138555,equal_weight
2026-04-29,6.6726823828369675,-2.8566165287374212,equal_weight
2026-04-30,6.73399771176875,-1.9639652425908816,equal_weight
2026-05-01,6.674777288793011,-2.826118111317233,equal_weight
2026-05-04,6.65266234965952,-3.148075592496624,equal_weight
2026-05-05,6.662569167704731,-3.003848463265757,equal_weight
2026-05-06,6.648738892501727,-3.2051947360951516,equal_weight
2026-05-07,6.574533798780015,-4.285499995861519,equal_weight
2026-05-08,6.539481818539364,-4.795799716810778,equal_weight
2026-05-11,6.597990831639548,-3.944003816748798,equal_weight
2026-05-12,6.645611965602209,-3.250717696946359,equal_weight
2026-05-13,6.632600422559901,-3.440144563503489,equal_weight
2026-05-14,6.655940893883624,-3.100345330434573,equal_weight
2026-05-15,6.601541871501062,-3.892306462192252,equal_weight
2026-05-18,6.63407782439663,-3.418635999940556,equal_weight
2026-05-19,6.656988449528687,-3.085094627059637,equal_weight
2026-05-20,6.672233231938622,-2.8631554340008636,equal_weight
2026-05-21,6.687458931016811,-2.641494063159222,equal_weight
2026-05-22,6.675914281838092,-2.8095653451213454,equal_weight
2026-05-26,6.693326942782147,-2.55606537280223,equal_weight
2026-05-27,6.636063776896968,-3.3897237673139458,equal_weight
1998-09-22,1.0095993309445705,0.0,ridge_0p1
1998-09-23,1.0070213089222217,-0.25535100344578066,ridge_0p1
1998-09-24,1.005371958758655,-0.4187178077822762,ridge_0p1
1998-09-25,1.001699470667714,-0.7824747931900355,ridge_0p1
1998-09-28,1.0030239175967062,-0.6512893923684038,ridge_0p1
1998-09-29,1.0091977985545255,-0.039771459601634085,ridge_0p1
1998-09-30,1.0084897756345548,-0.10990055916317854,ridge_0p1
1998-10-01,1.0076630255882073,-0.19178948489908532,ridge_0p1
1998-10-02,1.0134058607511514,0.0,ridge_0p1
1998-10-05,1.0187167885356518,0.0,ridge_0p1
1998-10-06,1.018215686110654,-0.04918957168833504,ridge_0p1
1998-10-07,1.0214145345902315,0.0,ridge_0p1
1998-10-08,1.021081820171464,-0.03257388724167143,ridge_0p1
1998-10-09,1.01971704051903,-0.1661905145967535,ridge_0p1
1998-10-12,1.0161642001979736,-0.5140258156169808,ridge_0p1
1998-10-13,1.016961464886868,-0.43597085733169116,ridge_0p1
1998-10-14,1.026023639004808,0.0,ridge_0p1
1998-10-15,1.0334042708532925,0.0,ridge_0p1
1998-10-16,1.0249790978338693,-0.8152833558996653,ridge_0p1
1998-10-19,1.0224323601386487,-1.0617249245142069,ridge_0p1
1998-10-20,1.015778728403736,-1.7055805696451043,ridge_0p1
1998-10-21,1.0156629361715963,-1.7167855003199173,ridge_0p1
1998-10-22,1.0176960829945398,-1.5200428623913242,ridge_0p1
1998-10-23,1.0139962597066305,-1.8780656993643507,ridge_0p1
1998-10-26,1.0104842044492426,-2.2179186839555554,ridge_0p1
1998-10-27,1.0090944267062316,-2.3524040719309136,ridge_0p1
1998-10-28,1.0148096658125219,-1.7993543829093017,ridge_0p1
1998-10-29,1.013123424951747,-1.9625277806138208,ridge_0p1
1998-10-30,1.0125287287715241,-2.020075073284844,ridge_0p1
1998-11-02,1.011850783692477,-2.085678157979598,ridge_0p1
1998-11-03,1.0143050036805787,-1.8481893012638029,ridge_0p1
1998-11-04,1.008369406224637,-2.4225625280205,ridge_0p1
1998-11-05,1.0093836608523283,-2.3244155920828624,ridge_0p1
1998-11-06,1.0071137717726693,-2.544067198301292,ridge_0p1
1998-11-09,1.005958823593392,-2.6558287046015816,ridge_0p1
1998-11-10,1.015590445748308,-1.7238002210185677,ridge_0p1
1998-11-11,1.011981540628529,-2.0730251295627444,ridge_0p1
1998-11-12,1.0159854392086094,-1.6855776713889714,ridge_0p1
1998-11-13,1.0186538920130925,-1.427358029788317,ridge_0p1
1998-11-16,1.0219533885371241,-1.1080738331682327,ridge_0p1
1998-11-17,1.023314375270926,-0.9763744806313923,ridge_0p1
1998-11-18,1.0232138967986837,-0.9860975362715019,ridge_0p1
1998-11-19,1.0215675879116777,-1.1454068146864782,ridge_0p1
1998-11-20,1.0247614971712147,-0.8363400390189346,ridge_0p1
1998-11-23,1.0288385952672063,-0.44180924299027646,ridge_0p1
1998-11-24,1.0305336910131788,-0.2777789797349439,ridge_0p1
1998-11-25,1.0324569127335035,-0.09167352472878587,ridge_0p1
1998-11-27,1.0328179406167575,-0.056737740792467406,ridge_0p1
1998-11-30,1.0290195929091845,-0.4242945445239399,ridge_0p1
1998-12-01,1.034890803517845,0.0,ridge_0p1
1998-12-02,1.0372730641044108,0.0,ridge_0p1
1998-12-03,1.035519364139249,-0.16906830282688023,ridge_0p1
1998-12-04,1.044370010011053,0.0,ridge_0p1
1998-12-07,1.0458624974244173,0.0,ridge_0p1
1998-12-08,1.044743458845749,-0.1069967210244327,ridge_0p1
1998-12-09,1.0465714655681193,0.0,ridge_0p1
1998-12-10,1.0479439196535052,0.0,ridge_0p1
1998-12-11,1.048472694028679,0.0,ridge_0p1
1998-12-14,1.0518890261607565,0.0,ridge_0p1
1998-12-15,1.0529386409657797,0.0,ridge_0p1
1998-12-16,1.0554221316013208,0.0,ridge_0p1
1998-12-17,1.0606726130679938,0.0,ridge_0p1
1998-12-18,1.0657308161794847,0.0,ridge_0p1
1998-12-21,1.0670698985622484,0.0,ridge_0p1
1998-12-22,1.068644292758384,0.0,ridge_0p1
1998-12-23,1.071808255344422,0.0,ridge_0p1
1998-12-24,1.070329552105963,-0.13796341193357264,ridge_0p1
1998-12-28,1.0712245814464987,-0.05445693247956296,ridge_0p1
1998-12-29,1.0762509484076315,0.0,ridge_0p1
1998-12-30,1.073875817168218,-0.22068563497460447,ridge_0p1
1998-12-31,1.0700144630773127,-0.5794638638456862,ridge_0p1
1999-01-04,1.0679001866859594,-0.7759121359221521,ridge_0p1
1999-01-05,1.0645273297112436,-1.0893015902781356,ridge_0p1
1999-01-06,1.0620509022354574,-1.3193991785265147,ridge_0p1
1999-01-07,1.0570367204372397,-1.7852925471350534,ridge_0p1
1999-01-08,1.0546855237433295,-2.0037543006311997,ridge_0p1
1999-01-11,1.0435406987318354,-3.039277198704682,ridge_0p1
1999-01-12,1.0482640484362522,-2.600406532768895,ridge_0p1
1999-01-13,1.051807360131902,-2.271179255348854,ridge_0p1
1999-01-14,1.0442749706179855,-2.9710522287535346,ridge_0p1
1999-01-15,1.0438106836261525,-3.0141915163444,ridge_0p1
1999-01-19,1.0383779786706704,-3.518972019768818,ridge_0p1
1999-01-20,1.036401709962901,-3.702597289571674,ridge_0p1
1999-01-21,1.0338320178878095,-3.9413605704676002,ridge_0p1
1999-01-22,1.0352775330198876,-3.807050339734075,ridge_0p1
1999-01-25,1.0405134616320901,-3.3205533364144113,ridge_0p1
1999-01-26,1.0475435672360753,-2.667350139298852,ridge_0p1
1999-01-27,1.046290668033239,-2.7837634353512386,ridge_0p1
1999-01-28,1.0513409540422596,-2.3145154391944978,ridge_0p1
1999-01-29,1.048521385959519,-2.5764959825717026,ridge_0p1
1999-02-01,1.0397865912992448,-3.3880905900559366,ridge_0p1
1999-02-02,1.0387574029147288,-3.4837177656731666,ridge_0p1
1999-02-03,1.040098045095184,-3.3591518191865566,ridge_0p1
1999-02-04,1.0364149539521847,-3.7013667225460845,ridge_0p1
1999-02-05,1.0393479079176025,-3.4288509148009516,ridge_0p1
1999-02-08,1.0409771912854102,-3.2774658340055884,ridge_0p1
1999-02-09,1.0408619369116454,-3.2881747094714253,ridge_0p1
1999-02-10,1.0446690658630822,-2.934434816645348,ridge_0p1
1999-02-11,1.0437603856825473,-3.0188649564635184,ridge_0p1
1999-02-12,1.034766767628577,-3.854508173993476,ridge_0p1
1999-02-16,1.0425376117899554,-3.132479155308221,ridge_0p1
1999-02-17,1.0502366057333943,-2.417126109178047,ridge_0p1
1999-02-18,1.056145890042142,-1.8680641717655044,ridge_0p1
1999-02-19,1.0492309198188312,-2.5105695496740577,ridge_0p1
1999-02-22,1.0508507815876214,-2.3600598780043835,ridge_0p1
1999-02-23,1.048910173065058,-2.5403717769564294,ridge_0p1
1999-02-24,1.048205673790365,-2.6058304207546623,ridge_0p1
1999-02-25,1.0433121802562488,-3.0605100232540816,ridge_0p1
1999-02-26,1.044397291353242,-2.9596867813699523,ridge_0p1
1999-03-01,1.039607304115543,-3.404749082572678,ridge_0p1
1999-03-02,1.0429498573561287,-3.094175303703428,ridge_0p1
1999-03-03,1.0453108515503964,-2.8748032141586055,ridge_0p1
1999-03-04,1.0510351474361064,-2.342929500673907,ridge_0p1
1999-03-05,1.057321510236529,-1.758831265060401,ridge_0p1
1999-03-08,1.0521091892088186,-2.2431347665274437,ridge_0p1
1999-03-09,1.0496452193160468,-2.472074856793316,ridge_0p1
1999-03-10,1.0455826471770857,-2.8495492873591544,ridge_0p1
1999-03-11,1.0474472730888453,-2.6762973227947073,ridge_0p1
1999-03-12,1.0517856037146829,-2.273200755748117,ridge_0p1
1999-03-15,1.0554846216474458,-1.9295060125996133,ridge_0p1
1999-03-16,1.0551900113854242,-1.9568797642750435,ridge_0p1
1999-03-17,1.0464893615211672,-2.7653018034964783,ridge_0p1
1999-03-18,1.0464750799317033,-2.766628779280811,ridge_0p1
1999-03-19,1.0422632725996122,-3.1579694176628426,ridge_0p1
1999-03-22,1.0397570091356658,-3.3908392207189553,ridge_0p1
1999-03-23,1.0369341469108728,-3.653125839743032,ridge_0p1
1999-03-24,1.0398415628053979,-3.382982905251153,ridge_0p1
1999-03-25,1.042193529144365,-3.164449640082201,ridge_0p1
1999-03-26,1.032759483155298,-4.041015277773397,ridge_0p1
1999-03-29,1.0297879398416128,-4.317116619944739,ridge_0p1
1999-03-30,1.0292945624913508,-4.362958842057707,ridge_0p1
1999-03-31,1.0286982828772768,-4.41836224169756,ridge_0p1
1999-04-01,1.033294493519821,-3.991304718603672,ridge_0p1
1999-04-05,1.037899451122984,-3.563434470500626,ridge_0p1
1999-04-06,1.0390376731918378,-3.4576764156029394,ridge_0p1
1999-04-07,1.0438732404014934,-3.0083790452442805,ridge_0p1
1999-04-08,1.045659211523731,-2.8424353009084413,ridge_0p1
1999-04-09,1.0367111876878665,-3.6738421255996134,ridge_0p1
1999-04-12,1.0418340392791827,-3.1978516887135267,ridge_0p1
1999-04-13,1.0336193682905794,-3.961118936074126,ridge_0p1
1999-04-14,1.0315815946529934,-4.150458944610335,ridge_0p1
1999-04-15,1.0264699053071147,-4.625412239977155,ridge_0p1
1999-04-16,1.0214720681846485,-5.0897869408645935,ridge_0p1
1999-04-19,1.019021789425124,-5.317454917664055,ridge_0p1
1999-04-20,1.0281004466295909,-4.473910276156479,ridge_0p1
1999-04-21,1.034576386185292,-3.872197491114804,ridge_0p1
1999-04-22,1.0372279146595909,-3.62583037030324,ridge_0p1
1999-04-23,1.0386921475826876,-3.4897809735279783,ridge_0p1
1999-04-26,1.037977272744331,-3.5562036642038053,ridge_0p1
1999-04-27,1.0393285940399637,-3.430645466310278,ridge_0p1
1999-04-28,1.029644892636153,-4.330407870063624,ridge_0p1
1999-04-29,1.023428677554212,-4.907988321085588,ridge_0p1
1999-04-30,1.021683757871219,-5.07011776548466,ridge_0p1
1999-05-03,1.0228118285677816,-4.965302926693427,ridge_0p1
1999-05-04,1.0118835760435285,-5.980702963313322,ridge_0p1
1999-05-05,1.0153622447097743,-5.657482001567116,ridge_0p1
1999-05-06,1.014294866508091,-5.756657589125247,ridge_0p1
1999-05-07,1.016842230484693,-5.5199689264698755,ridge_0p1
1999-05-10,1.01321623046302,-5.856879200698928,ridge_0p1
1999-05-11,1.0196142735494,-5.262404176463519,ridge_0p1
1999-05-12,1.023370539932384,-4.913390185949362,ridge_0p1
1999-05-13,1.0235653305721824,-4.89529118774763,ridge_0p1
1999-05-14,1.0173139101378998,-5.476142748764312,ridge_0p1
1999-05-17,1.0202512293601367,-5.203221342601305,ridge_0p1
1999-05-18,1.019992803157072,-5.227233047626701,ridge_0p1
1999-05-19,1.0186558244974862,-5.351458597584536,ridge_0p1
1999-05-20,1.0159002166796431,-5.607496264442813,ridge_0p1
1999-05-21,1.0102967627714685,-6.128141929514264,ridge_0p1
1999-05-24,1.0076919358973673,-6.370169764932687,ridge_0p1
1999-05-25,1.003589932701884,-6.751307937359141,ridge_0p1
1999-05-26,1.009994529164292,-6.1562240053185775,ridge_0p1
1999-05-27,1.0070648148567858,-6.428438799818026,ridge_0p1
1999-05-28,1.0134610663286856,-5.834130243680313,ridge_0p1
1999-06-01,1.0138416212051418,-5.798770936725073,ridge_0p1
1999-06-02,1.0144156769250607,-5.7454324731661455,ridge_0p1
1999-06-03,1.0160563602705235,-5.592988161930911,ridge_0p1
1999-06-04,1.0222070686007385,-5.021494279457183,ridge_0p1
1999-06-07,1.0217255263310463,-5.066236843485095,ridge_0p1
1999-06-08,1.021512940489634,-5.085989285211334,ridge_0p1
1999-06-09,1.0208125194576951,-5.151068998541685,ridge_0p1
1999-06-10,1.0172524393779117,-5.481854312603495,ridge_0p1
1999-06-11,1.0145217344696384,-5.735578122307306,ridge_0p1
1999-06-14,1.0152668469156183,-5.666345900297909,ridge_0p1
1999-06-15,1.0141867310028085,-5.766705013979323,ridge_0p1
1999-06-16,1.0238727706620252,-4.86672535091397,ridge_0p1
1999-06-17,1.027931401225058,-4.489617152399705,ridge_0p1
1999-06-18,1.0277647772258431,-4.505099043445782,ridge_0p1
1999-06-21,1.0293124413209667,-4.361297628226268,ridge_0p1
1999-06-22,1.0313855056489194,-4.168678580501394,ridge_0p1
1999-06-23,1.029997438354839,-4.297651037727491,ridge_0p1
1999-06-24,1.0303768849683077,-4.26239470517511,ridge_0p1
1999-06-25,1.0299178394114588,-4.305046984137384,ridge_0p1
1999-06-28,1.0347880614630507,-3.8525296545315224,ridge_0p1
1999-06-29,1.0324848908907245,-4.06652905455378,ridge_0p1
1999-06-30,1.027871846979276,-4.495150643066548,ridge_0p1
1999-07-01,1.0315294143172538,-4.155307287444954,ridge_0p1
1999-07-02,1.0344743083551542,-3.8816820662771923,ridge_0p1
1999-07-06,1.0327750805628577,-4.039566042575715,ridge_0p1
1999-07-07,1.040448607920196,-3.326579227679838,ridge_0p1
1999-07-08,1.0326033389800497,-4.05552343458192,ridge_0p1
1999-07-09,1.0336836911869356,-3.955142365605002,ridge_0p1
1999-07-12,1.0330882103451557,-4.010471547210914,ridge_0p1
1999-07-13,1.0331424450763096,-4.005432319953184,ridge_0p1
1999-07-14,1.0302375266441002,-4.275343202401871,ridge_0p1
1999-07-15,1.0292309169639484,-4.368872474700403,ridge_0p1
1999-07-16,1.0310203861794625,-4.20260370456258,ridge_0p1
1999-07-19,1.035407339866758,-3.7949893192943174,ridge_0p1
1999-07-20,1.0408486894245679,-3.289405601494988,ridge_0p1
1999-07-21,1.0408887494504464,-3.2856834188629724,ridge_0p1
1999-07-22,1.0439326482399245,-3.00285915803592,ridge_0p1
1999-07-23,1.0409172768307584,-3.283032793527485,ridge_0p1
1999-07-26,1.0470703397321486,-2.711320135759887,ridge_0p1
1999-07-27,1.045822138776242,-2.8272968935739717,ridge_0p1
1999-07-28,1.04347774169674,-3.045126859993119,ridge_0p1
1999-07-29,1.0379392745193976,-3.55973427432682,ridge_0p1
1999-07-30,1.037172408783795,-3.6309877061344475,ridge_0p1
1999-08-02,1.0419094786160992,-3.190842232691382,ridge_0p1
1999-08-03,1.0441527426748025,-2.9824090543492554,ridge_0p1
1999-08-04,1.0395682134594364,-3.40838119608341,ridge_0p1
1999-08-05,1.03751218085921,-3.599417738561572,ridge_0p1
1999-08-06,1.0321316834673893,-4.099347369265405,ridge_0p1
1999-08-09,1.025908551931607,-4.6775704635158455,ridge_0p1
1999-08-10,1.0241358281883521,-4.842283325871755,ridge_0p1
1999-08-11,1.025649386724304,-4.701650833218329,ridge_0p1
1999-08-12,1.027127806710757,-4.564283243564593,ridge_0p1
1999-08-13,1.0372604783638506,-3.6228047093913585,ridge_0p1
1999-08-16,1.037787254010904,-3.57385928009043,ridge_0p1
1999-08-17,1.0426527130898935,-3.1217845027173508,ridge_0p1
1999-08-18,1.0423837518600283,-3.146775071158958,ridge_0p1
1999-08-19,1.040541451795322,-3.317952626675358,ridge_0p1
1999-08-20,1.0439332323648312,-3.002804883992538,ridge_0p1
1999-08-23,1.0503964281575873,-2.4022761873796483,ridge_0p1
1999-08-24,1.0537398482024907,-2.0916218692719535,ridge_0p1
1999-08-25,1.0646135006486064,-1.081295006173355,ridge_0p1
1999-08-26,1.0595158385394292,-1.5549449589765896,ridge_0p1
1999-08-27,1.056614159291344,-1.8245548722016003,ridge_0p1
1999-08-30,1.0497096112993916,-2.466091867097464,ridge_0p1
1999-08-31,1.0460456276191337,-2.8065313980153217,ridge_0p1
1999-09-01,1.051321432983026,-2.3163292410092517,ridge_0p1
1999-09-02,1.047063389616679,-2.7119659066630275,ridge_0p1
1999-09-03,1.0568352630991453,-1.8040109824955408,ridge_0p1
1999-09-07,1.0466809633009648,-2.7474990986458114,ridge_0p1
1999-09-08,1.0396808472610704,-3.3979158114256225,ridge_0p1
1999-09-09,1.0344610269076098,-3.882916113742063,ridge_0p1
1999-09-10,1.0290279922320562,-4.387727253150764,ridge_0p1
1999-09-13,1.0287159569168511,-4.416720055960067,ridge_0p1
1999-09-14,1.024673891691357,-4.792289083933953,ridge_0p1
1999-09-15,1.0252822059670172,-4.73576748211234,ridge_0p1
1999-09-16,1.027709278498822,-4.510255715047629,ridge_0p1
1999-09-17,1.0294066461049547,-4.352544578193895,ridge_0p1
1999-09-20,1.0249444016125007,-4.7671546186362495,ridge_0p1
1999-09-21,1.019913126343935,-5.234636229315404,ridge_0p1
1999-09-22,1.02070063473034,-5.161464782863234,ridge_0p1
1999-09-23,1.0188368375065955,-5.334639749770542,ridge_0p1
1999-09-24,1.0193109305393477,-5.290589332583573,ridge_0p1
1999-09-27,1.0197816805563233,-5.246849532152076,ridge_0p1
1999-09-28,1.0221059910559487,-5.03088591297346,ridge_0p1
1999-09-29,1.0220008220489947,-5.040657705240836,ridge_0p1
1999-09-30,1.02653664609156,-4.619211011114688,ridge_0p1
1999-10-01,1.0286769175408255,-4.420347404775271,ridge_0p1
1999-10-04,1.0354698367512694,-3.7891824129586027,ridge_0p1
1999-10-05,1.0363271746599514,-3.7095227471575565,ridge_0p1
1999-10-06,1.0419272877738528,-3.189187492430301,ridge_0p1
1999-10-07,1.043196709420943,-3.071239011272786,ridge_0p1
1999-10-08,1.048770794966645,-2.553322111506129,ridge_0p1
1999-10-11,1.048411357656459,-2.586719276982985,ridge_0p1
1999-10-12,1.0497607518981045,-2.461340131566958,ridge_0p1
1999-10-13,1.0448639903581094,-2.9163233812672273,ridge_0p1
1999-10-14,1.0478880109767124,-2.6353461033305936,ridge_0p1
1999-10-15,1.0391164293404556,-3.4503587775804867,ridge_0p1
1999-10-18,1.0461124910436659,-2.8003187740328617,ridge_0p1
1999-10-19,1.0442289113025556,-2.975331836172046,ridge_0p1
1999-10-20,1.0525289216263993,-2.2041352731284602,ridge_0p1
1999-10-21,1.0531596360203068,-2.1455323613409516,ridge_0p1
1999-10-22,1.0602274132599112,-1.4888288991919518,ridge_0p1
1999-10-25,1.0566935115887137,-1.8171818429385755,ridge_0p1
1999-10-26,1.0542451817505363,-2.044668735451882,ridge_0p1
1999-10-27,1.0601740218960103,-1.4937897648692244,ridge_0p1
1999-10-28,1.0694955360900444,-0.6276800338788968,ridge_0p1
1999-10-29,1.0739879072755567,-0.2102707677445581,ridge_0p1
1999-11-01,1.0668534357320638,-0.8731711400089104,ridge_0p1
1999-11-02,1.0669979740188815,-0.8597413458673597,ridge_0p1
1999-11-03,1.064138883014386,-1.1253941667754952,ridge_0p1
1999-11-04,1.0618353947800787,-1.3394230824029796,ridge_0p1
1999-11-05,1.0580344998972702,-1.6925837359134,ridge_0p1
1999-11-08,1.0606476522544,-1.4497823371321883,ridge_0p1
1999-11-09,1.0623453770819464,-1.2920380090032935,ridge_0p1
1999-11-10,1.0668727095163504,-0.8713803137787357,ridge_0p1
1999-11-11,1.0689754498711597,-0.676003914071921,ridge_0p1
1999-11-12,1.0673277524776579,-0.8290999365134999,ridge_0p1
1999-11-15,1.0657902669118233,-0.9719556123304995,ridge_0p1
1999-11-16,1.0682677019835347,-0.7417644031727288,ridge_0p1
1999-11-17,1.0705090586973591,-0.5335084460336814,ridge_0p1
1999-11-18,1.069195710755385,-0.6555383447220176,ridge_0p1
1999-11-19,1.0661079277006458,-0.9424401178919073,ridge_0p1
1999-11-22,1.0631148600925384,-1.2205413927419584,ridge_0p1
1999-11-23,1.060708245238601,-1.4441523319470018,ridge_0p1
1999-11-24,1.0640560526279634,-1.133090363145417,ridge_0p1
1999-11-26,1.062134483454825,-1.3116332184136548,ridge_0p1
1999-11-29,1.0640718871898456,-1.1316190927223246,ridge_0p1
1999-11-30,1.0662235658311265,-0.931695585619785,ridge_0p1
1999-12-01,1.068112437370264,-0.7561908353631464,ridge_0p1
1999-12-02,1.0668280325886117,-0.8755314764610889,ridge_0p1
1999-12-03,1.0696018282261535,-0.6178038859167345,ridge_0p1
1999-12-06,1.0641519134856143,-1.1241834388084238,ridge_0p1
1999-12-07,1.0570293201630592,-1.78598014459469,ridge_0p1
1999-12-08,1.0542888355091473,-2.040612640665096,ridge_0p1
1999-12-09,1.0556790291875535,-1.9114426101565996,ridge_0p1
1999-12-10,1.0510328172658703,-2.3431460087512734,ridge_0p1
1999-12-13,1.0472915664564515,-2.6907648252507355,ridge_0p1
1999-12-14,1.0491337108631584,-2.5196017327180464,ridge_0p1
1999-12-15,1.055297858381941,-1.9468591462513118,ridge_0p1
1999-12-16,1.055396082986297,-1.937732594074859,ridge_0p1
1999-12-17,1.0611838856984661,-1.3999581353640433,ridge_0p1
1999-12-20,1.0599928524643152,-1.5106231467085784,ridge_0p1
1999-12-21,1.0576852034016129,-1.725038666259715,ridge_0p1
1999-12-22,1.0590296882540526,-1.6001156773946201,ridge_0p1
1999-12-23,1.0624364019241639,-1.283580423683428,ridge_0p1
1999-12-27,1.0631572421869235,-1.2166034548058424,ridge_0p1
1999-12-28,1.0650950279193083,-1.0365538357786308,ridge_0p1
1999-12-29,1.0628007135141886,-1.2497303638471347,ridge_0p1
1999-12-30,1.0625412226449902,-1.273840992467934,ridge_0p1
1999-12-31,1.0634548147278644,-1.1889544625906856,ridge_0p1
2000-01-03,1.0533723952338425,-2.1257638107208154,ridge_0p1
2000-01-04,1.049807475810796,-2.456998773005492,ridge_0p1
2000-01-05,1.0570400410392278,-1.7849840129597339,ridge_0p1
2000-01-06,1.0566879530707198,-1.817698313377203,ridge_0p1
2000-01-07,1.061579042763404,-1.3632420641241039,ridge_0p1
2000-01-10,1.0556136671596288,-1.9175157316736025,ridge_0p1
2000-01-11,1.0506917679443657,-2.374834651814417,ridge_0p1
2000-01-12,1.0555522526475096,-1.9232220692345647,ridge_0p1
2000-01-13,1.0553487368955687,-1.9421317623913525,ridge_0p1
2000-01-14,1.0564380420918964,-1.8409188252097919,ridge_0p1
2000-01-18,1.0536913698295092,-2.0961262437445782,ridge_0p1
2000-01-19,1.0553742307390233,-1.9397629985363873,ridge_0p1
2000-01-20,1.0522652844349325,-2.2286311578342377,ridge_0p1
2000-01-21,1.0542901373452749,-2.040491680388179,ridge_0p1
2000-01-24,1.0486198509396798,-2.5673470958453737,ridge_0p1
2000-01-25,1.0476444176766324,-2.657979607202565,ridge_0p1
2000-01-26,1.0521844057364198,-2.236146012862461,ridge_0p1
2000-01-27,1.053139423592085,-2.1474104017972007,ridge_0p1
2000-01-28,1.0476173558008324,-2.6604940649914366,ridge_0p1
2000-01-31,1.0573083058185615,-1.7600581553118833,ridge_0p1
2000-02-01,1.0561309271207129,-1.8694544535999946,ridge_0p1
2000-02-02,1.0541675138499407,-2.051885258764641,ridge_0p1
2000-02-03,1.0523482817451175,-2.2209194517207376,ridge_0p1
2000-02-04,1.0483700309544297,-2.5905591529980065,ridge_0p1
2000-02-07,1.0444966159447286,-2.9504580237429745,ridge_0p1
2000-02-08,1.0458615243123568,-2.8236373812480564,ridge_0p1
2000-02-09,1.0420501066588437,-3.177775759397905,ridge_0p1
2000-02-10,1.0417701829947474,-3.203784903873963,ridge_0p1
2000-02-11,1.0357429225036159,-3.7638086139621385,ridge_0p1
2000-02-14,1.0351790547962099,-3.8162004569835317,ridge_0p1
2000-02-15,1.0404455109565331,-3.3268669824704222,ridge_0p1
2000-02-16,1.04108217828602,-3.267710952881897,ridge_0p1
2000-02-17,1.040278008087609,-3.3424305338124127,ridge_0p1
2000-02-18,1.0334869697175963,-3.9734207670902966,ridge_0p1
2000-02-22,1.034494694533871,-3.879787881770591,ridge_0p1
2000-02-23,1.0302415876976247,-4.274965869073554,ridge_0p1
2000-02-24,1.022336919144009,-5.009429198960613,ridge_0p1
2000-02-25,1.0192834644010853,-5.293141352472908,ridge_0p1
2000-02-28,1.0272314355562884,-4.5546545556006235,ridge_0p1
2000-02-29,1.0286717167193913,-4.4208306397904735,ridge_0p1
2000-03-01,1.027495251006094,-4.530142107997593,ridge_0p1
2000-03-02,1.0307044274102592,-4.231961055621891,ridge_0p1
2000-03-03,1.0331602220249863,-4.00378057240276,ridge_0p1
2000-03-06,1.0261439474259673,-4.655698659852526,ridge_0p1
2000-03-07,1.019914334844713,-5.234523941304891,ridge_0p1
2000-03-08,1.0205586164264453,-5.174660432456379,ridge_0p1
2000-03-09,1.026468810063793,-4.625514004656028,ridge_0p1
2000-03-10,1.0219971050092318,-5.041003074484718,ridge_0p1
2000-03-13,1.0235960641639972,-4.89243557197695,ridge_0p1
2000-03-14,1.0255177563050693,-4.713881291126809,ridge_0p1
2000-03-15,1.0365276806990609,-3.6908927018687643,ridge_0p1
2000-03-16,1.0513585172199276,-2.31288355420578,ridge_0p1
2000-03-17,1.0460435758810274,-2.806722035534326,ridge_0p1
2000-03-20,1.0491626238971175,-2.516915274322651,ridge_0p1
2000-03-21,1.0522871690025206,-2.226597750326398,ridge_0p1
2000-03-22,1.0487092117086274,-2.5590441281146847,ridge_0p1
2000-03-23,1.0509571905594,-2.3501728742404304,ridge_0p1
2000-03-24,1.0503077369002625,-2.410516947348884,ridge_0p1
2000-03-27,1.05122923623701,-2.3248957139264226,ridge_0p1
2000-03-28,1.0510338317892793,-2.3430517441738075,ridge_0p1
2000-03-29,1.0534564566159985,-2.117953236218617,ridge_0p1
2000-03-30,1.051414778097088,-2.3076560673223945,ridge_0p1
2000-03-31,1.0443876877092095,-2.960579105232408,ridge_0p1
2000-04-03,1.046824848190629,-2.734130014987657,ridge_0p1
2000-04-04,1.0520746681057784,-2.2463422994073112,ridge_0p1
2000-04-05,1.0527766207116305,-2.1811202796831464,ridge_0p1
2000-04-06,1.0574242279518316,-1.7492872348828126,ridge_0p1
2000-04-07,1.0608673626062934,-1.429367920567115,ridge_0p1
2000-04-10,1.061282054143704,-1.3908368012195194,ridge_0p1
2000-04-11,1.057859455332043,-1.7088480249703442,ridge_0p1
2000-04-12,1.0516876883616264,-2.2822985737989465,ridge_0p1
2000-04-13,1.0518612189093994,-2.2661749598751,ridge_0p1
2000-04-14,1.054682609430402,-2.004025084404426,ridge_0p1
2000-04-17,1.0534395785551767,-2.119521463484464,ridge_0p1
2000-04-18,1.0648220138322224,-1.0619209759878734,ridge_0p1
2000-04-19,1.0648588081637895,-1.0585022257771026,ridge_0p1
2000-04-20,1.0629693296133031,-1.2340633765739462,ridge_0p1
2000-04-24,1.0556454656687881,-1.9145611689662334,ridge_0p1
2000-04-25,1.0620818385659392,-1.3165247252656331,ridge_0p1
2000-04-26,1.0652509823440706,-1.022063309661736,ridge_0p1
2000-04-27,1.0759849532669756,-0.024714973868256163,ridge_0p1
2000-04-28,1.0786695782364175,0.0,ridge_0p1
2000-05-01,1.0742625902440308,-0.4085577345744662,ridge_0p1
2000-05-02,1.0675745262854068,-1.0285867122674097,ridge_0p1
2000-05-03,1.066628172286955,-1.1163201588710536,ridge_0p1
2000-05-04,1.0656378582493082,-1.2081289998384537,ridge_0p1
2000-05-05,1.068721465957491,-0.9222576106383995,ridge_0p1
2000-05-08,1.0622545516160429,-1.5217845159972487,ridge_0p1
2000-05-09,1.0578810499191946,-1.9272378434192383,ridge_0p1
2000-05-10,1.0524956652103556,-2.4264996023022345,ridge_0p1
2000-05-11,1.0526177152867442,-2.4151847308299113,ridge_0p1
2000-05-12,1.0550714912196293,-2.187703027220822,ridge_0p1
2000-05-15,1.058158609368331,-1.9015061963294722,ridge_0p1
2000-05-16,1.0591350739939434,-1.8109812899713251,ridge_0p1
2000-05-17,1.0579959969683512,-1.9165814708399176,ridge_0p1
2000-05-18,1.0554829140347293,-2.149561336437944,ridge_0p1
2000-05-19,1.0516897759311474,-2.5012110149042144,ridge_0p1
2000-05-22,1.0507117823000476,-2.5918776704614066,ridge_0p1
2000-05-23,1.0417898626499174,-3.4190002509199346,ridge_0p1
2000-05-24,1.0437001418312633,-3.2419043895098976,ridge_0p1
2000-05-25,1.046175004890852,-3.012467765957838,ridge_0p1
2000-05-26,1.0449001923731414,-3.1306515493361498,ridge_0p1
2000-05-30,1.051907526342399,-2.481024072058613,ridge_0p1
2000-05-31,1.0526393253664432,-2.4131813295905413,ridge_0p1
2000-06-01,1.0553541719454107,-2.1614966029844473,ridge_0p1
2000-06-02,1.0610560846044417,-1.6328905521534431,ridge_0p1
2000-06-05,1.0649172903791617,-1.2749305380189035,ridge_0p1
2000-06-06,1.0687242615247456,-0.9219984425566263,ridge_0p1
2000-06-07,1.0698383224127916,-0.8187174276356846,ridge_0p1
2000-06-08,1.074887302545701,-0.35064265897813973,ridge_0p1
2000-06-09,1.0751116034978792,-0.32984843647444473,ridge_0p1
2000-06-12,1.0740753924049724,-0.425912246357818,ridge_0p1
2000-06-13,1.0772275415347314,-0.13368660160452128,ridge_0p1
2000-06-14,1.0793566772214505,0.0,ridge_0p1
2000-06-15,1.0829713438055606,0.0,ridge_0p1
2000-06-16,1.0892769509768279,0.0,ridge_0p1
2000-06-19,1.0878380383095736,-0.13209796332914747,ridge_0p1
2000-06-20,1.085158544960094,-0.3780862170121746,ridge_0p1
2000-06-21,1.0881555861650776,-0.10294579452403418,ridge_0p1
2000-06-22,1.0852416818773054,-0.3704539140301999,ridge_0p1
2000-06-23,1.0861987832933688,-0.28258815911771373,ridge_0p1
2000-06-26,1.0864530992703743,-0.2592409307771826,ridge_0p1
2000-06-27,1.0862469061378603,-0.2781702886717863,ridge_0p1
2000-06-28,1.0841459105135025,-0.47105012721732065,ridge_0p1
2000-06-29,1.0822881928977202,-0.6415960672664922,ridge_0p1
2000-06-30,1.0799659529515695,-0.8547870233468702,ridge_0p1
2000-07-03,1.083692533156523,-0.5126719899192667,ridge_0p1
2000-07-05,1.0776548502557912,-1.06695553510191,ridge_0p1
2000-07-06,1.0795293119003457,-0.8948724259464691,ridge_0p1
2000-07-07,1.084697906826054,-0.42037464821664816,ridge_0p1
2000-07-10,1.0852374788672394,-0.3708397672388064,ridge_0p1
2000-07-11,1.0887781648511488,-0.045790570087045346,ridge_0p1
2000-07-12,1.0866282326755254,-0.24316298062923014,ridge_0p1
2000-07-13,1.0852925680558858,-0.36578235841390194,ridge_0p1
2000-07-14,1.0850548437269782,-0.38760640680621794,ridge_0p1
2000-07-17,1.0862084043027063,-0.2817049118105208,ridge_0p1
2000-07-18,1.088755577449725,-0.04786418427703554,ridge_0p1
2000-07-19,1.093943697107091,0.0,ridge_0p1
2000-07-20,1.0890086515811295,-0.451124270747405,ridge_0p1
2000-07-21,1.090094133633775,-0.35189776983002297,ridge_0p1
2000-07-24,1.0907583359970692,-0.29118144914088706,ridge_0p1
2000-07-25,1.0910273213797488,-0.26659285437217184,ridge_0p1
2000-07-26,1.0891696243298852,-0.4364093682180159,ridge_0p1
2000-07-27,1.0904471849757906,-0.3196245054061575,ridge_0p1
2000-07-28,1.0945404667331016,0.0,ridge_0p1
2000-07-31,1.0932392868676895,-0.1188791008610024,ridge_0p1
2000-08-01,1.0931087839478257,-0.13080217943417516,ridge_0p1
2000-08-02,1.0963790368487805,0.0,ridge_0p1
2000-08-03,1.0970061259826267,0.0,ridge_0p1
2000-08-04,1.0927992370147779,-0.38348819283762214,ridge_0p1
2000-08-07,1.095830347560715,-0.10718066144421723,ridge_0p1
2000-08-08,1.094525555520354,-0.2261218423051936,ridge_0p1
2000-08-09,1.1002783238420561,0.0,ridge_0p1
2000-08-10,1.1012963116038328,0.0,ridge_0p1
2000-08-11,1.0979549775382629,-0.30340009590188455,ridge_0p1
2000-08-14,1.1045010594340885,0.0,ridge_0p1
2000-08-15,1.1104079763979051,0.0,ridge_0p1
2000-08-16,1.1142977747122818,0.0,ridge_0p1
2000-08-17,1.1174368394406724,0.0,ridge_0p1
2000-08-18,1.1210124823004501,0.0,ridge_0p1
2000-08-21,1.1188347581436728,-0.19426404176234868,ridge_0p1
2000-08-22,1.1149223077055392,-0.5432744675967549,ridge_0p1
2000-08-23,1.1246690209121257,0.0,ridge_0p1
2000-08-24,1.123374798704648,-0.11507582972526409,ridge_0p1
2000-08-25,1.1232986237614073,-0.12184892846136552,ridge_0p1
2000-08-28,1.1254200560303136,0.0,ridge_0p1
2000-08-29,1.123688584196528,-0.15385116201793725,ridge_0p1
2000-08-30,1.121904309180349,-0.31239418838560074,ridge_0p1
2000-08-31,1.1234469348874156,-0.17532308335234115,ridge_0p1
2000-09-01,1.1246825709084909,-0.06552976534148769,ridge_0p1
2000-09-05,1.1186535362947196,-0.6012439265976388,ridge_0p1
2000-09-06,1.1226382556930015,-0.24717884868022955,ridge_0p1
2000-09-07,1.1219451208188613,-0.308767841201385,ridge_0p1
2000-09-08,1.1270663612665857,0.0,ridge_0p1
2000-09-11,1.1329556008280066,0.0,ridge_0p1
2000-09-12,1.13457040666121,0.0,ridge_0p1
2000-09-13,1.1314743594913004,-0.27288277146417794,ridge_0p1
2000-09-14,1.1274663237521565,-0.6261473829516806,ridge_0p1
2000-09-15,1.1315500081109884,-0.26621517117741966,ridge_0p1
2000-09-18,1.1326727527071172,-0.16725748732306922,ridge_0p1
2000-09-19,1.1339748174831286,-0.05249468649848321,ridge_0p1
2000-09-20,1.1295879638571882,-0.43914796074083773,ridge_0p1
2000-09-21,1.131533343363294,-0.26768398682752714,ridge_0p1
2000-09-22,1.1378203149791832,0.0,ridge_0p1
2000-09-25,1.1344169277640495,-0.29911464669146737,ridge_0p1
2000-09-26,1.1367539331849155,-0.09372145849648739,ridge_0p1
2000-09-27,1.1409254590295819,0.0,ridge_0p1
2000-09-28,1.1413648181254394,0.0,ridge_0p1
2000-09-29,1.1408749086296814,-0.042923129220207024,ridge_0p1
2000-10-02,1.139796891443625,-0.13737296409658262,ridge_0p1
2000-10-03,1.1387332313091927,-0.2305649144301536,ridge_0p1
2000-10-04,1.140711554699328,-0.057235286714396594,ridge_0p1
2000-10-05,1.1397709376138598,-0.13964689346193104,ridge_0p1
2000-10-06,1.1397661576960005,-0.14006568312351364,ridge_0p1
2000-10-09,1.1407466573674863,-0.05415978731221349,ridge_0p1
2000-10-10,1.1388275676978867,-0.22229968781759535,ridge_0p1
2000-10-11,1.1416997162797264,0.0,ridge_0p1
2000-10-12,1.1430521063693553,0.0,ridge_0p1
2000-10-13,1.1491530582031515,0.0,ridge_0p1
2000-10-16,1.1459507711182657,-0.27866497522035516,ridge_0p1
2000-10-17,1.1485352595965277,-0.05376121154738733,ridge_0p1
2000-10-18,1.1429170630169116,-0.5426601044764778,ridge_0p1
2000-10-19,1.1439445561609476,-0.4532470244083986,ridge_0p1
2000-10-20,1.1468341935701725,-0.20178901465092158,ridge_0p1
2000-10-23,1.1470263695846286,-0.1850657406636702,ridge_0p1
2000-10-24,1.139311444696157,-0.8564232098362212,ridge_0p1
2000-10-25,1.131446730953158,-1.5408153964868387,ridge_0p1
2000-10-26,1.1314839022523306,-1.5375807273618425,ridge_0p1
2000-10-27,1.1278264437762833,-1.8558549946527725,ridge_0p1
2000-10-30,1.1250527337903418,-2.0972249293313205,ridge_0p1
2000-10-31,1.1213827755793084,-2.4165869311843835,ridge_0p1
2000-11-01,1.122049824380145,-2.358539937698634,ridge_0p1
2000-11-02,1.1136953112431351,-3.085554766347587,ridge_0p1
2000-11-03,1.1143867814795139,-3.0253826046461763,ridge_0p1
2000-11-06,1.1191426953714627,-2.6115200771091196,ridge_0p1
2000-11-07,1.1168919694044515,-2.807379623489359,ridge_0p1
2000-11-08,1.116318439558988,-2.8572885404407833,ridge_0p1
2000-11-09,1.122889259270453,-2.285491801567796,ridge_0p1
2000-11-10,1.1275642411157016,-1.8786720300955184,ridge_0p1
2000-11-13,1.1170337582616112,-2.7950410706614637,ridge_0p1
2000-11-14,1.1256683763005813,-2.043651342606312,ridge_0p1
2000-11-15,1.132896179957624,-1.4146834600907932,ridge_0p1
2000-11-16,1.1349776043552668,-1.2335566395350162,ridge_0p1
2000-11-17,1.1363203799800046,-1.1167074857036385,ridge_0p1
2000-11-20,1.135115122610696,-1.2215897170743895,ridge_0p1
2000-11-21,1.1403432251757835,-0.7666370432101832,ridge_0p1
2000-11-22,1.1376323210373336,-1.0025415747343613,ridge_0p1
2000-11-24,1.1403690090369571,-0.7643933158851257,ridge_0p1
2000-11-27,1.1388518363282867,-0.8964186103261218,ridge_0p1
2000-11-28,1.138935360517472,-0.8891502844413313,ridge_0p1
2000-11-29,1.1389913673632983,-0.8842765345586145,ridge_0p1
2000-11-30,1.1392259245208494,-0.8638652276507397,ridge_0p1
2000-12-01,1.1384772616929002,-0.9290143235527126,ridge_0p1
2000-12-04,1.1393202519511287,-0.8556567971369833,ridge_0p1
2000-12-05,1.1479285771968857,-0.10655508398337288,ridge_0p1
2000-12-06,1.1502084059815163,0.0,ridge_0p1
2000-12-07,1.1558353742902596,0.0,ridge_0p1
2000-12-08,1.1605995801735602,0.0,ridge_0p1
2000-12-11,1.164740373682127,0.0,ridge_0p1
2000-12-12,1.1641131761387393,-0.053848699466374494,ridge_0p1
2000-12-13,1.1685364861353156,0.0,ridge_0p1
2000-12-14,1.169334127937337,0.0,ridge_0p1
2000-12-15,1.173167355107768,0.0,ridge_0p1
2000-12-18,1.1787367289378587,0.0,ridge_0p1
2000-12-19,1.1803616910782193,0.0,ridge_0p1
2000-12-20,1.182107989716581,0.0,ridge_0p1
2000-12-21,1.1842838235652235,0.0,ridge_0p1
2000-12-22,1.1779991043888358,-0.5306767728590511,ridge_0p1
2000-12-26,1.1908390150286257,0.0,ridge_0p1
2000-12-27,1.1933730548562016,0.0,ridge_0p1
2000-12-28,1.1923974412380465,-0.08175260989722322,ridge_0p1
2000-12-29,1.1872243992531197,-0.515233319376629,ridge_0p1
2001-01-02,1.1829451240694757,-0.8738198624722915,ridge_0p1
2001-01-03,1.1672347554976317,-2.190287375117539,ridge_0p1
2001-01-04,1.1396874219239759,-4.498646312966626,ridge_0p1
2001-01-05,1.1400615591330994,-4.467295076435773,ridge_0p1
2001-01-08,1.1474519666456098,-3.8480077980414307,ridge_0p1
2001-01-09,1.1427992832117528,-4.2378844937589815,ridge_0p1
2001-01-10,1.1362826322706,-4.783954384865929,ridge_0p1
2001-01-11,1.1208568028647028,-6.076578626977369,ridge_0p1
2001-01-12,1.1173928499954606,-6.36684434524093,ridge_0p1
2001-01-16,1.1191580068814202,-6.218931093908775,ridge_0p1
2001-01-17,1.1131351707054844,-6.723621236813127,ridge_0p1
2001-01-18,1.112355271068918,-6.788973779623852,ridge_0p1
2001-01-19,1.1092479397199306,-7.049356007657459,ridge_0p1
2001-01-22,1.1177644383331793,-6.335706694176446,ridge_0p1
2001-01-23,1.1193412949375452,-6.2035722708333685,ridge_0p1
2001-01-24,1.1184959894467823,-6.2744055687131155,ridge_0p1
2001-01-25,1.133278554194494,-5.035684391998341,ridge_0p1
2001-01-26,1.1331751400801096,-5.044350090789152,ridge_0p1
2001-01-29,1.122441024967004,-5.943827003681146,ridge_0p1
2001-01-30,1.1224275866415263,-5.944953082858406,ridge_0p1
2001-01-31,1.1216443765349953,-6.010583030119565,ridge_0p1
2001-02-01,1.1232447099981782,-5.876481337721651,ridge_0p1
2001-02-02,1.1356582957193566,-4.8362713488448446,ridge_0p1
2001-02-05,1.144371514467629,-4.106137656550091,ridge_0p1
2001-02-06,1.1417434123427908,-4.3263623477431405,ridge_0p1
2001-02-07,1.1443893111194146,-4.104646366654341,ridge_0p1
2001-02-08,1.1439954271990074,-4.137652300448835,ridge_0p1
2001-02-09,1.1486969537004752,-3.7436827464744304,ridge_0p1
2001-02-12,1.1493150718490839,-3.6918868603436517,ridge_0p1
2001-02-13,1.1482366481858641,-3.7822545503825133,ridge_0p1
2001-02-14,1.1493510713244401,-3.6888702449433097,ridge_0p1
2001-02-15,1.1460503362997108,-3.965458945458855,ridge_0p1
2001-02-16,1.1481007508664136,-3.7936422148598936,ridge_0p1
2001-02-20,1.1470926046746341,-3.878120927336015,ridge_0p1
2001-02-21,1.1430030048287767,-4.220813418105407,ridge_0p1
2001-02-22,1.143135351174061,-4.209723311391023,ridge_0p1
2001-02-23,1.1458117015503713,-3.985455605209831,ridge_0p1
2001-02-26,1.1428512419325232,-4.233530555938869,ridge_0p1
2001-02-27,1.148098593685717,-3.7938229781750876,ridge_0p1
2001-02-28,1.1488546549780243,-3.7304679954870967,ridge_0p1
2001-03-01,1.1523057330458866,-3.4412811352828365,ridge_0p1
2001-03-02,1.155230045007515,-3.19623521693162,ridge_0p1
2001-03-05,1.151985761108285,-3.4680935336606544,ridge_0p1
2001-03-06,1.1508927660819908,-3.5596822470010947,ridge_0p1
2001-03-07,1.1499352780915582,-3.6399160001042263,ridge_0p1
2001-03-08,1.1527182540216006,-3.40671348906062,ridge_0p1
2001-03-09,1.151266909246159,-3.5283305114607533,ridge_0p1
2001-03-12,1.1454281877126908,-4.0175925665832946,ridge_0p1
2001-03-13,1.1488621244562607,-3.729842082390944,ridge_0p1
2001-03-14,1.1444441255250823,-4.100053133595772,ridge_0p1
2001-03-15,1.1489868936590604,-3.719386910616118,ridge_0p1
2001-03-16,1.1481015802521721,-3.79357271557339,ridge_0p1
2001-03-19,1.147682236849979,-3.828712054482253,ridge_0p1
2001-03-20,1.1434032373859055,-4.1872754933550365,ridge_0p1
2001-03-21,1.1428793096051229,-4.231178594623386,ridge_0p1
2001-03-22,1.139420498022233,-4.521013493175408,ridge_0p1
2001-03-23,1.1408129029195884,-4.4043354023060814,ridge_0p1
2001-03-26,1.1457058810209513,-3.994322952179785,ridge_0p1
2001-03-27,1.1487821133186784,-3.7365467031511224,ridge_0p1
2001-03-28,1.1527171977987563,-3.4068019964087703,ridge_0p1
2001-03-29,1.158532194693408,-2.919527973337044,ridge_0p1
2001-03-30,1.1625821223003634,-2.5801598612052112,ridge_0p1
2001-04-02,1.1696571070344293,-1.9873037794229442,ridge_0p1
2001-04-03,1.17377891045763,-1.6419127546777657,ridge_0p1
2001-04-04,1.181079285575692,-1.0301698392202296,ridge_0p1
2001-04-05,1.1794045910635467,-1.1705026970244559,ridge_0p1
2001-04-06,1.1762000263532402,-1.4390327008875436,ridge_0p1
2001-04-09,1.1782899074997084,-1.2639088250832597,ridge_0p1
2001-04-10,1.1708347330408624,-1.8886233205638314,ridge_0p1
2001-04-11,1.1618087908880659,-2.6449620124814333,ridge_0p1
2001-04-12,1.158682581766664,-2.906926124096021,ridge_0p1
2001-04-16,1.1631929241532808,-2.5289770520717347,ridge_0p1
2001-04-17,1.168005969130667,-2.125662685470242,ridge_0p1
2001-04-18,1.158693592329488,-2.9060034819449077,ridge_0p1
2001-04-19,1.1533055377460417,-3.3575014072182108,ridge_0p1
2001-04-20,1.1490525910284874,-3.7138817277095892,ridge_0p1
2001-04-23,1.1547297563677352,-3.238157450531909,ridge_0p1
2001-04-24,1.1565101475867723,-3.088967621601879,ridge_0p1
2001-04-25,1.160631823564885,-2.743587276257209,ridge_0p1
2001-04-26,1.1622841602294212,-2.605127918740091,ridge_0p1
2001-04-27,1.1661369274164484,-2.2822810795770088,ridge_0p1
2001-04-30,1.1612447196611249,-2.692228977714606,ridge_0p1
2001-05-01,1.1611861193806243,-2.6971394522943837,ridge_0p1
2001-05-02,1.145042161468212,-4.049940057831569,ridge_0p1
2001-05-03,1.1524539676534173,-3.4288596542608296,ridge_0p1
2001-05-04,1.1512135913114898,-3.5327983460957113,ridge_0p1
2001-05-07,1.1530101169072182,-3.382256519429039,ridge_0p1
2001-05-08,1.1544045314978515,-3.265410024114024,ridge_0p1
2001-05-09,1.1588830170550273,-2.890130429945925,ridge_0p1
2001-05-10,1.1596241402869853,-2.828027198358596,ridge_0p1
2001-05-11,1.1623107660493157,-2.6028984549704592,ridge_0p1
2001-05-14,1.169859401691295,-1.9703522774560889,ridge_0p1
2001-05-15,1.1704393513064646,-1.9217547653194167,ridge_0p1
2001-05-16,1.1750132553315857,-1.5384794762965504,ridge_0p1
2001-05-17,1.166684071327103,-2.2364325573208665,ridge_0p1
2001-05-18,1.1642107247974811,-2.443689334198551,ridge_0p1
2001-05-21,1.1549078759350768,-3.223231726625475,ridge_0p1
2001-05-22,1.1573228103329636,-3.0208696581960237,ridge_0p1
2001-05-23,1.1648689092755942,-2.388536046177292,ridge_0p1
2001-05-24,1.1635755990369359,-2.49691039176817,ridge_0p1
2001-05-25,1.1644027427173644,-2.4275989826440303,ridge_0p1
2001-05-29,1.1758795572997731,-1.4658867556328725,ridge_0p1
2001-05-30,1.190598907345794,-0.23246272396705292,ridge_0p1
2001-05-31,1.1912728133840331,-0.17599203062461655,ridge_0p1
2001-06-01,1.1875898910011644,-0.484606538710064,ridge_0p1
2001-06-04,1.1921773700513336,-0.10019371561996726,ridge_0p1
2001-06-05,1.1859771912830581,-0.6197444749609038,ridge_0p1
2001-06-06,1.1820423259759414,-0.9494708158653276,ridge_0p1
2001-06-07,1.1787869033060583,-1.2222625180607016,ridge_0p1
2001-06-08,1.1828812004003704,-0.8791764162209503,ridge_0p1
2001-06-11,1.1913065599339885,-0.1731642015716628,ridge_0p1
2001-06-12,1.1922151751456962,-0.09702579640068487,ridge_0p1
2001-06-13,1.19168132477904,-0.1417603716019289,ridge_0p1
2001-06-14,1.1903514392690144,-0.25319958204949033,ridge_0p1
2001-06-15,1.195292491844254,0.0,ridge_0p1
2001-06-18,1.2008073444910836,0.0,ridge_0p1
2001-06-19,1.2049503442556238,0.0,ridge_0p1
2001-06-20,1.2042388165540006,-0.059050375396407784,ridge_0p1
2001-06-21,1.2094159935321107,0.0,ridge_0p1
2001-06-22,1.2089198566420134,-0.04102284844508253,ridge_0p1
2001-06-25,1.2033703281217862,-0.49988303798331746,ridge_0p1
2001-06-26,1.2012164932559835,-0.6779718740266172,ridge_0p1
2001-06-27,1.1977715633212016,-0.962814306506854,ridge_0p1
2001-06-28,1.1962506675111937,-1.0885688705395413,ridge_0p1
2001-06-29,1.1932024167147706,-1.3406120726077275,ridge_0p1
2001-07-02,1.1954341935651043,-1.156078639755087,ridge_0p1
2001-07-03,1.1975116195977777,-0.9843076326092048,ridge_0p1
2001-07-05,1.202628033438424,-0.5612593292951495,ridge_0p1
2001-07-06,1.200401589329875,-0.7453518268688564,ridge_0p1
2001-07-09,1.200667290587939,-0.7233824416875034,ridge_0p1
2001-07-10,1.202017845623941,-0.6117124254792938,ridge_0p1
2001-07-11,1.2065379822578473,-0.23796702620560994,ridge_0p1
2001-07-12,1.2085525520059186,-0.07139326177343364,ridge_0p1
2001-07-13,1.2119260059906343,0.0,ridge_0p1
2001-07-16,1.2122106838403244,0.0,ridge_0p1
2001-07-17,1.209684651304593,-0.2083823026314935,ridge_0p1
2001-07-18,1.2206219833880838,0.0,ridge_0p1
2001-07-19,1.2130519733218494,-0.6201764485039285,ridge_0p1
2001-07-20,1.2086099211530255,-0.9840935521836514,ridge_0p1
2001-07-23,1.2077135689068084,-1.0575276094442865,ridge_0p1
2001-07-24,1.2109192301342229,-0.7949023846784198,ridge_0p1
2001-07-25,1.220727350144011,0.0,ridge_0p1
2001-07-26,1.2195583355316117,-0.09576377659281654,ridge_0p1
2001-07-27,1.2159358191430916,-0.3925144300530481,ridge_0p1
2001-07-30,1.2207242637987845,-0.00025282838351792236,ridge_0p1
2001-07-31,1.2284848438951101,0.0,ridge_0p1
2001-08-01,1.227012274438118,-0.1198687524970321,ridge_0p1
2001-08-02,1.2255379599493301,-0.23987955247672943,ridge_0p1
2001-08-03,1.2285141827503356,0.0,ridge_0p1
2001-08-06,1.223936287972311,-0.372636705567031,ridge_0p1
2001-08-07,1.2326153654818295,0.0,ridge_0p1
2001-08-08,1.2358478489028777,0.0,ridge_0p1
2001-08-09,1.2403557165946146,0.0,ridge_0p1
2001-08-10,1.245596312919462,0.0,ridge_0p1
2001-08-13,1.2426676898313258,-0.23511815648137313,ridge_0p1
2001-08-14,1.2485162885057286,0.0,ridge_0p1
2001-08-15,1.2574496608312078,0.0,ridge_0p1
2001-08-16,1.2608263685393704,0.0,ridge_0p1
2001-08-17,1.2639719967377199,0.0,ridge_0p1
2001-08-20,1.2717908344478233,0.0,ridge_0p1
2001-08-21,1.2702897853900397,-0.11802640946341203,ridge_0p1
2001-08-22,1.269427361938448,-0.1858381461289138,ridge_0p1
2001-08-23,1.2707926962085048,-0.07848289296343847,ridge_0p1
2001-08-24,1.2648195180562958,-0.548149601546255,ridge_0p1
2001-08-27,1.2602007994224045,-0.9113161308833329,ridge_0p1
2001-08-28,1.25769015761218,-1.1087260934511622,ridge_0p1
2001-08-29,1.2524942786788373,-1.5172743226573027,ridge_0p1
2001-08-30,1.2538791226150083,-1.4083850384557728,ridge_0p1
2001-08-31,1.254980428386129,-1.3217901565545476,ridge_0p1
2001-09-04,1.2563499988156945,-1.2141018172090123,ridge_0p1
2001-09-05,1.2568377323650528,-1.1757516784796307,ridge_0p1
2001-09-06,1.2493164134147068,-1.767147586251816,ridge_0p1
2001-09-07,1.233196271015741,-3.034662806705868,ridge_0p1
2001-09-10,1.2343585887778015,-2.943270595771663,ridge_0p1
2001-09-11,1.2340894938618499,-2.9644293357674933,ridge_0p1
2001-09-17,1.2116685665013223,-4.727370752959104,ridge_0p1
2001-09-18,1.2243828769404574,-3.727653653672469,ridge_0p1
2001-09-19,1.2245949066926372,-3.710981906523747,ridge_0p1
2001-09-20,1.2081313223043841,-5.0055017239590605,ridge_0p1
2001-09-21,1.201424057660609,-5.532889126203333,ridge_0p1
2001-09-24,1.2242699048570176,-3.7365365674645656,ridge_0p1
2001-09-25,1.2335750207532155,-3.0048819868402354,ridge_0p1
2001-09-26,1.2368555059966084,-2.7469397879709367,ridge_0p1
2001-09-27,1.2412007244337142,-2.405278382698084,ridge_0p1
2001-09-28,1.2451683590641351,-2.093306120990157,ridge_0p1
2001-10-01,1.2475665908299067,-1.904734879492509,ridge_0p1
2001-10-02,1.2518062766133782,-1.5713714309886329,ridge_0p1
2001-10-03,1.2572597728203756,-1.1425669405580097,ridge_0p1
2001-10-04,1.253468790081158,-1.4406491909198293,ridge_0p1
2001-10-05,1.253853163712617,-1.4104261683089092,ridge_0p1
2001-10-08,1.2508491200837752,-1.6466319615473846,ridge_0p1
2001-10-09,1.2501198469996717,-1.7039741804367181,ridge_0p1
2001-10-10,1.2456932061416004,-2.052037772198112,ridge_0p1
2001-10-11,1.2428373854658707,-2.2765889010769036,ridge_0p1
2001-10-12,1.2390360334788053,-2.5754864779505393,ridge_0p1
2001-10-15,1.2444147887954422,-2.152558810055194,ridge_0p1
2001-10-16,1.2447534360449881,-2.1259312200165414,ridge_0p1
2001-10-17,1.244715819506066,-2.128888981458388,ridge_0p1
2001-10-18,1.2445394024630323,-2.1427605268615424,ridge_0p1
2001-10-19,1.2458608101729225,-2.0388591875769357,ridge_0p1
2001-10-22,1.2468480766262622,-1.9612311353376377,ridge_0p1
2001-10-23,1.2452233545445925,-2.0889818658557657,ridge_0p1
2001-10-24,1.2428360245890477,-2.276695905844206,ridge_0p1
2001-10-25,1.2402516409036677,-2.479904139099176,ridge_0p1
2001-10-26,1.240877219236814,-2.4307153640111823,ridge_0p1
2001-10-29,1.2424794485105157,-2.3047332268307907,ridge_0p1
2001-10-30,1.2474308832441838,-1.9154054695020517,ridge_0p1
2001-10-31,1.2441055831568508,-2.1768714273674217,ridge_0p1
2001-11-01,1.246744452895546,-1.9693789948684204,ridge_0p1
2001-11-02,1.252477761742437,-1.5185730375051443,ridge_0p1
2001-11-05,1.2556756834689817,-1.2671227486741765,ridge_0p1
2001-11-06,1.2578304667938605,-1.097693683256018,ridge_0p1
2001-11-07,1.2520481227531541,-1.5523552426953025,ridge_0p1
2001-11-08,1.2525357018774557,-1.514017246297239,ridge_0p1
2001-11-09,1.2489262645006751,-1.7978247151840265,ridge_0p1
2001-11-12,1.2478282649232217,-1.8841596334514765,ridge_0p1
2001-11-13,1.241118895378528,-2.411712542543387,ridge_0p1
2001-11-14,1.2418691380087352,-2.3527215033028015,ridge_0p1
2001-11-15,1.248042597095876,-1.867306848634287,ridge_0p1
2001-11-16,1.2491754273465427,-1.7782332195450556,ridge_0p1
2001-11-19,1.2479255887607783,-1.8765071299956748,ridge_0p1
2001-11-20,1.2610017550311292,-0.8483375665604975,ridge_0p1
2001-11-21,1.2624699009733,-0.7328983054489591,ridge_0p1
2001-11-23,1.2607050323704547,-0.8716686562835418,ridge_0p1
2001-11-26,1.2577668912953432,-1.1026925790488806,ridge_0p1
2001-11-27,1.2539152327138685,-1.4055457273141836,ridge_0p1
2001-11-28,1.261941285291924,-0.7744629768601574,ridge_0p1
2001-11-29,1.264350385224914,-0.5850371791788933,ridge_0p1
2001-11-30,1.2636308618146714,-0.6416127882140854,ridge_0p1
2001-12-03,1.2668895055527907,-0.3853879712193864,ridge_0p1
2001-12-04,1.2638363954973897,-0.6254518223420935,ridge_0p1
2001-12-05,1.2527971294970903,-1.4934613803046837,ridge_0p1
2001-12-06,1.2484788149247377,-1.8330073540125058,ridge_0p1
2001-12-07,1.2520149365401774,-1.5549646507896142,ridge_0p1
2001-12-10,1.2536983087805835,-1.4226023004085375,ridge_0p1
2001-12-11,1.25259277633056,-1.5095295230365902,ridge_0p1
2001-12-12,1.2516162063565786,-1.5863165187854134,ridge_0p1
2001-12-13,1.2578114519467751,-1.099188807027185,ridge_0p1
2001-12-14,1.2615839814106597,-0.8025575244529182,ridge_0p1
2001-12-17,1.263335152519,-0.6648641977746728,ridge_0p1
2001-12-18,1.265456692319789,-0.4980490467824783,ridge_0p1
2001-12-19,1.2709307678523296,-0.06762641876304487,ridge_0p1
2001-12-20,1.2799695950432572,0.0,ridge_0p1
2001-12-21,1.2729659380805463,-0.5471736977060271,ridge_0p1
2001-12-24,1.2744382198471713,-0.43214895240530904,ridge_0p1
2001-12-26,1.2687509734425755,-0.8764756322436451,ridge_0p1
2001-12-27,1.2684560948156893,-0.8995135722094094,ridge_0p1
2001-12-28,1.2684263869406276,-0.9018345550809381,ridge_0p1
2001-12-31,1.271017070809041,-0.6994325700302118,ridge_0p1
2002-01-02,1.2710061661627419,-0.7002845157593307,ridge_0p1
2002-01-03,1.2708138350889833,-0.7153107378276902,ridge_0p1
2002-01-04,1.267840972235523,-0.9475711653388341,ridge_0p1
2002-01-07,1.2660563521724781,-1.0869979196895585,ridge_0p1
2002-01-08,1.2687840836018325,-0.8738888396053412,ridge_0p1
2002-01-09,1.27156579268743,-0.6565626549545733,ridge_0p1
2002-01-10,1.275648529435423,-0.33759126971201203,ridge_0p1
2002-01-11,1.279030581463656,-0.07336217854218008,ridge_0p1
2002-01-14,1.2838004872418098,0.0,ridge_0p1
2002-01-15,1.2862481321164394,0.0,ridge_0p1
2002-01-16,1.2892599935462026,0.0,ridge_0p1
2002-01-17,1.293902792912664,0.0,ridge_0p1
2002-01-18,1.292510916021536,-0.10757198289949033,ridge_0p1
2002-01-22,1.3014397955724168,0.0,ridge_0p1
2002-01-23,1.303302805474636,0.0,ridge_0p1
2002-01-24,1.2994781651982932,-0.2934575342182333,ridge_0p1
2002-01-25,1.303205202353921,-0.007488905901620324,ridge_0p1
2002-01-28,1.3044067469875913,0.0,ridge_0p1
2002-01-29,1.2944762777449919,-0.7613015852250826,ridge_0p1
2002-01-30,1.304134725265111,-0.02085405668964535,ridge_0p1
2002-01-31,1.310559083793982,0.0,ridge_0p1
2002-02-01,1.30836004766554,-0.1677937420475506,ridge_0p1
2002-02-04,1.3088480840126222,-0.13055495189171484,ridge_0p1
2002-02-05,1.3098279638861474,-0.05578687118157344,ridge_0p1
2002-02-06,1.3045944033714267,-0.45512487733768703,ridge_0p1
2002-02-07,1.3091027135610414,-0.11112587375492478,ridge_0p1
2002-02-08,1.3130112140659318,0.0,ridge_0p1
2002-02-11,1.3161287345713575,0.0,ridge_0p1
2002-02-12,1.3163283589986723,0.0,ridge_0p1
2002-02-13,1.3194090813880568,0.0,ridge_0p1
2002-02-14,1.3193097016466475,-0.007532140168742263,ridge_0p1
2002-02-15,1.3203964535371593,0.0,ridge_0p1
2002-02-19,1.3158137856318355,-0.34706757148941225,ridge_0p1
2002-02-20,1.3215995195530559,0.0,ridge_0p1
2002-02-21,1.3073448621959562,-1.0785912938225284,ridge_0p1
2002-02-22,1.309943811362826,-0.8819394996580909,ridge_0p1
2002-02-25,1.3098265717472743,-0.890810539168696,ridge_0p1
2002-02-26,1.3069033482076797,-1.1119988413998638,ridge_0p1
2002-02-27,1.3037965106941756,-1.3470804578455842,ridge_0p1
2002-02-28,1.2992787271244166,-1.6889225592475854,ridge_0p1
2002-03-01,1.3121627946454575,-0.7140381611813629,ridge_0p1
2002-03-04,1.3113106372786285,-0.7785174042668319,ridge_0p1
2002-03-05,1.313731017462209,-0.5953771906263894,ridge_0p1
2002-03-06,1.3176360391381714,-0.2999002614820001,ridge_0p1
2002-03-07,1.3151351462596046,-0.4891325396090829,ridge_0p1
2002-03-08,1.3171111304686884,-0.3396179415898537,ridge_0p1
2002-03-11,1.3108632734588739,-0.8123675845321809,ridge_0p1
2002-03-12,1.3118866596906145,-0.7349321574909529,ridge_0p1
2002-03-13,1.3210280089190622,-0.04324385909181272,ridge_0p1
2002-03-14,1.3293058458196407,0.0,ridge_0p1
2002-03-15,1.3330039852973183,0.0,ridge_0p1
2002-03-18,1.3251716957959228,-0.5875668480952556,ridge_0p1
2002-03-19,1.3282495011809439,-0.3566744112407094,ridge_0p1
2002-03-20,1.3265275129370564,-0.48585543867053493,ridge_0p1
2002-03-21,1.3281195210612118,-0.36642532880478695,ridge_0p1
2002-03-22,1.3296125628056017,-0.2544195313084696,ridge_0p1
2002-03-25,1.3255329563176814,-0.5604656146598552,ridge_0p1
2002-03-26,1.3318888482602909,-0.0836559417171423,ridge_0p1
2002-03-27,1.330806779437283,-0.1648311546154302,ridge_0p1
2002-03-28,1.3311831063364847,-0.1365996636857325,ridge_0p1
2002-04-01,1.325723786530583,-0.5461498125312381,ridge_0p1
2002-04-02,1.3253268387399644,-0.5759282524306686,ridge_0p1
2002-04-03,1.3294101748450333,-0.26960237868182135,ridge_0p1
2002-04-04,1.3346362227448068,0.0,ridge_0p1
2002-04-05,1.3403762328948283,0.0,ridge_0p1
2002-04-08,1.339495953366392,-0.06567406276185572,ridge_0p1
2002-04-09,1.3395328080550213,-0.06292448486537872,ridge_0p1
2002-04-10,1.344475650197073,0.0,ridge_0p1
2002-04-11,1.338680783249218,-0.4310131572115461,ridge_0p1
2002-04-12,1.3446060453178126,0.0,ridge_0p1
2002-04-15,1.339365860334158,-0.38971898139993355,ridge_0p1
2002-04-16,1.3402345982964026,-0.3251098741250069,ridge_0p1
2002-04-17,1.334887286748778,-0.7227959894184011,ridge_0p1
2002-04-18,1.3388087320992974,-0.43115329123371016,ridge_0p1
2002-04-19,1.3378176722313966,-0.5048596285919138,ridge_0p1
2002-04-22,1.3321458837153468,-0.9266774938172073,ridge_0p1
2002-04-23,1.3221131805906419,-1.6728219247187925,ridge_0p1
2002-04-24,1.3247423048420013,-1.4772907309899996,ridge_0p1
2002-04-25,1.3218001301677074,-1.6961038684542573,ridge_0p1
2002-04-26,1.315452281110629,-2.1682011849271987,ridge_0p1
2002-04-29,1.315356666259874,-2.175312178596167,ridge_0p1
2002-04-30,1.3181681409786237,-1.9662193570563646,ridge_0p1
2002-05-01,1.316939656845931,-2.057583228055637,ridge_0p1
2002-05-02,1.3166773532261593,-2.0770910698272194,ridge_0p1
2002-05-03,1.3091140251311781,-2.639585052456428,ridge_0p1
2002-05-06,1.3087745556620907,-2.664831813042512,ridge_0p1
2002-05-07,1.3125511597548667,-2.3839611367632463,ridge_0p1
2002-05-08,1.3286836254026124,-1.1841698890649233,ridge_0p1
2002-05-09,1.324073594008996,-1.527023575441644,ridge_0p1
2002-05-10,1.3119068045006212,-2.431882626963977,ridge_0p1
2002-05-13,1.3196444765003676,-1.8564224744017865,ridge_0p1
2002-05-14,1.3343687135488294,-0.7613629140395206,ridge_0p1
2002-05-15,1.3431628893925525,-0.1073292753878019,ridge_0p1
2002-05-16,1.3408972320807384,-0.27582898723302884,ridge_0p1
2002-05-17,1.351899350207188,0.0,ridge_0p1
2002-05-20,1.3422043223895972,-0.717141243991648,ridge_0p1
2002-05-21,1.3383889814898047,-0.9993620246442791,ridge_0p1
2002-05-22,1.33761510043801,-1.056606008945049,ridge_0p1
2002-05-23,1.3458101797441737,-0.45041596196352396,ridge_0p1
2002-05-24,1.3442175454898988,-0.5682231237193802,ridge_0p1
2002-05-28,1.3425414055357974,-0.6922072024042714,ridge_0p1
2002-05-29,1.3485487966070069,-0.2478404623589614,ridge_0p1
2002-05-30,1.350667328266302,-0.09113266758337124,ridge_0p1
2002-05-31,1.3548059409929254,0.0,ridge_0p1
2002-06-03,1.3537493909861962,-0.07798533906301364,ridge_0p1
2002-06-04,1.3525552229276936,-0.1661284466749735,ridge_0p1
2002-06-05,1.3624474733046046,0.0,ridge_0p1
2002-06-06,1.3620120217296847,-0.031960980768208636,ridge_0p1
2002-06-07,1.3623844006921444,-0.00462936103563516,ridge_0p1
2002-06-10,1.3695828953236537,0.0,ridge_0p1
2002-06-11,1.365421348739342,-0.30385503488112864,ridge_0p1
2002-06-12,1.3684557321133075,-0.08229974353468616,ridge_0p1
2002-06-13,1.3583297285639166,-0.8216491895569278,ridge_0p1
2002-06-14,1.3605657571516976,-0.65838571748702,ridge_0p1
2002-06-17,1.3727448930336956,0.0,ridge_0p1
2002-06-18,1.3749159097029855,0.0,ridge_0p1
2002-06-19,1.3721112445892671,-0.20398811984976284,ridge_0p1
2002-06-20,1.3679037754036354,-0.5100045937256548,ridge_0p1
2002-06-21,1.3644588918144873,-0.7605569049497052,ridge_0p1
2002-06-24,1.37115497101732,-0.2735395422457376,ridge_0p1
2002-06-25,1.368649316907584,-0.4557800772525211,ridge_0p1
2002-06-26,1.3694738106749011,-0.395813226807451,ridge_0p1
2002-06-27,1.3781456103517296,0.0,ridge_0p1
2002-06-28,1.3787955843754298,0.0,ridge_0p1
2002-07-01,1.3747183196945434,-0.2957120494937904,ridge_0p1
2002-07-02,1.3794016332374899,0.0,ridge_0p1
2002-07-03,1.3793872837553207,-0.0010402686080213108,ridge_0p1
2002-07-05,1.3916946846013558,0.0,ridge_0p1
2002-07-08,1.388454178187953,-0.23284607243657662,ridge_0p1
2002-07-09,1.3835708203975883,-0.5837389690177996,ridge_0p1
2002-07-10,1.3767019374880913,-1.0773014569326334,ridge_0p1
2002-07-11,1.3698823086502216,-1.5673248013720942,ridge_0p1
2002-07-12,1.3635969219814525,-2.0189602598038037,ridge_0p1
2002-07-15,1.3628964480804495,-2.069292700442804,ridge_0p1
2002-07-16,1.3505406335066745,-2.957117789558106,ridge_0p1
2002-07-17,1.3516318955816202,-2.8787053268951257,ridge_0p1
2002-07-18,1.3402736311430477,-3.694851609858485,ridge_0p1
2002-07-19,1.322302571826827,-4.986159215978159,ridge_0p1
2002-07-22,1.3172817356151223,-5.3469306026378005,ridge_0p1
2002-07-23,1.326348097454631,-4.695468616052311,ridge_0p1
2002-07-24,1.3606781965421573,-2.2286848115743885,ridge_0p1
2002-07-25,1.386043648518898,-0.4060542980428572,ridge_0p1
2002-07-26,1.398598364312439,0.0,ridge_0p1
2002-07-29,1.4225693618302968,0.0,ridge_0p1
2002-07-30,1.4075402708209812,-1.056475094471243,ridge_0p1
2002-07-31,1.4120519559647282,-0.739324643688144,ridge_0p1
2002-08-01,1.4039539172040245,-1.3085790489907212,ridge_0p1
2002-08-02,1.3915380003622408,-2.181360171298119,ridge_0p1
2002-08-05,1.385051163284745,-2.6373546030318162,ridge_0p1
2002-08-06,1.3968246189402171,-1.8097355096243661,ridge_0p1
2002-08-07,1.403963244744011,-1.307923366376107,ridge_0p1
2002-08-08,1.4142336940698197,-0.5859586171427456,ridge_0p1
2002-08-09,1.413233035947501,-0.6563002222108594,ridge_0p1
2002-08-12,1.4085556702048407,-0.9850972473796182,ridge_0p1
2002-08-13,1.4097040054723775,-0.9043746268629471,ridge_0p1
2002-08-14,1.4161962018997625,-0.44800345779516526,ridge_0p1
2002-08-15,1.4214574581294879,-0.07816165106904194,ridge_0p1
2002-08-16,1.4247381385975335,0.0,ridge_0p1
2002-08-19,1.4309646779100287,0.0,ridge_0p1
2002-08-20,1.4267587767003722,-0.29392068683339323,ridge_0p1
2002-08-21,1.4242810033488782,-0.4670747408602849,ridge_0p1
2002-08-22,1.4195252474667788,-0.7994208815802151,ridge_0p1
2002-08-23,1.4189997446478044,-0.8361445566706371,ridge_0p1
2002-08-26,1.4187996526977336,-0.850127567793113,ridge_0p1
2002-08-27,1.426634659983083,-0.3025943263162745,ridge_0p1
2002-08-28,1.429443860342289,-0.10627918293280025,ridge_0p1
2002-08-29,1.4244732681429773,-0.4536387143065146,ridge_0p1
2002-08-30,1.432829700065323,0.0,ridge_0p1
2002-09-03,1.431822138364811,-0.07031971074202836,ridge_0p1
2002-09-04,1.4320947605910619,-0.05129286992219262,ridge_0p1
2002-09-05,1.4350377036276998,0.0,ridge_0p1
2002-09-06,1.4318731028800078,-0.22052387471716006,ridge_0p1
2002-09-09,1.434117799110076,-0.06410316016772777,ridge_0p1
2002-09-10,1.433229749881134,-0.12598649791537575,ridge_0p1
2002-09-11,1.4312922548869151,-0.261000023296698,ridge_0p1
2002-09-12,1.4286462840981684,-0.44538338702698743,ridge_0p1
2002-09-13,1.4289983819964693,-0.4208475927819477,ridge_0p1
2002-09-16,1.4291236385045032,-0.41211914559778906,ridge_0p1
2002-09-17,1.4261870953950042,-0.6167509195278753,ridge_0p1
2002-09-18,1.4300527207122906,-0.34737644194346995,ridge_0p1
2002-09-19,1.4304048427529459,-0.322838965348593,ridge_0p1
2002-09-20,1.4339474238773142,-0.07597568674533317,ridge_0p1
2002-09-23,1.4388061045983673,0.0,ridge_0p1
2002-09-24,1.4338767600335212,-0.3425996420985511,ridge_0p1
2002-09-25,1.4389482194193057,0.0,ridge_0p1
2002-09-26,1.4447806729429982,0.0,ridge_0p1
2002-09-27,1.4373432294436441,-0.5147801073642655,ridge_0p1
2002-09-30,1.4343076536157506,-0.7248864497830021,ridge_0p1
2002-10-01,1.44438915856403,-0.02709853379825322,ridge_0p1
2002-10-02,1.437325562263468,-0.5160029351959916,ridge_0p1
2002-10-03,1.4303132585149998,-1.0013571401483734,ridge_0p1
2002-10-04,1.4288951388841151,-1.0995118052433805,ridge_0p1
2002-10-07,1.424107180904337,-1.4309086787927083,ridge_0p1
2002-10-08,1.4346916966637238,-0.6983050416035308,ridge_0p1
2002-10-09,1.4290010280471561,-1.0921827230495174,ridge_0p1
2002-10-10,1.4426663094635968,-0.14634494487626437,ridge_0p1
2002-10-11,1.4556388995776832,0.0,ridge_0p1
2002-10-14,1.4499757557444857,-0.38904867373635854,ridge_0p1
2002-10-15,1.4565804471013228,0.0,ridge_0p1
2002-10-16,1.4531887295056511,-0.23285480746507714,ridge_0p1
2002-10-17,1.4584025728737615,0.0,ridge_0p1
2002-10-18,1.458049899608923,-0.02418216145515517,ridge_0p1
2002-10-21,1.463315412439081,0.0,ridge_0p1
2002-10-22,1.45744377548747,-0.40125573076715826,ridge_0p1
2002-10-23,1.458806186280707,-0.30815134727912863,ridge_0p1
2002-10-24,1.4523625280728145,-0.7484978476383297,ridge_0p1
2002-10-25,1.4524395650766553,-0.7432332954313448,ridge_0p1
2002-10-28,1.4418514535188458,-1.4668033110140422,ridge_0p1
2002-10-29,1.4477889891641196,-1.0610441975104856,ridge_0p1
2002-10-30,1.447309172940305,-1.0938338626596322,ridge_0p1
2002-10-31,1.4473443781710331,-1.091428008772699,ridge_0p1
2002-11-01,1.4430118427165335,-1.3875046726054219,ridge_0p1
2002-11-04,1.4257467462106896,-2.567366263557036,ridge_0p1
2002-11-05,1.4314637086403255,-2.176680675129672,ridge_0p1
2002-11-06,1.429040495286425,-2.3422781487366318,ridge_0p1
2002-11-07,1.433252855801475,-2.0544139959202123,ridge_0p1
2002-11-08,1.4302852453190849,-2.257214462392687,ridge_0p1
2002-11-11,1.4315963083319263,-2.1676190818139984,ridge_0p1
2002-11-12,1.4306329760864216,-2.2334512487764857,ridge_0p1
2002-11-13,1.4272735955468125,-2.4630244843928284,ridge_0p1
2002-11-14,1.4241811298798637,-2.6743573003162435,ridge_0p1
2002-11-15,1.4254416149515363,-2.5882183133994263,ridge_0p1
2002-11-18,1.4163512008149741,-3.209438732407399,ridge_0p1
2002-11-19,1.4186841387590154,-3.050010496757727,ridge_0p1
2002-11-20,1.4162707734395832,-3.2149349757126466,ridge_0p1
2002-11-21,1.3963486698822352,-4.576371026204429,ridge_0p1
2002-11-22,1.3957479050567014,-4.617426072876308,ridge_0p1
2002-11-25,1.3810250657769836,-5.623554974039013,ridge_0p1
2002-11-26,1.3864962897608852,-5.2496626513454325,ridge_0p1
2002-11-27,1.386596969651032,-5.242782392360191,ridge_0p1
2002-11-29,1.3809197966925015,-5.630748849234147,ridge_0p1
2002-12-02,1.379574347964529,-5.722694079670143,ridge_0p1
2002-12-03,1.3912320252290322,-4.92603211838648,ridge_0p1
2002-12-04,1.4036843498725304,-4.075065570939107,ridge_0p1
2002-12-05,1.404330251129257,-4.030925992333156,ridge_0p1
2002-12-06,1.4105935041952145,-3.6029080125650204,ridge_0p1
2002-12-09,1.4209743095218401,-2.8935048833160337,ridge_0p1
2002-12-10,1.4217750509595801,-2.8387838415684152,ridge_0p1
2002-12-11,1.4235891563557945,-2.7148115673209516,ridge_0p1
2002-12-12,1.422123169774877,-2.8149941095436115,ridge_0p1
2002-12-13,1.4207802544498727,-2.906766212371803,ridge_0p1
2002-12-16,1.423144087034887,-2.7452266997745722,ridge_0p1
2002-12-17,1.419263948810733,-3.010387456722141,ridge_0p1
2002-12-18,1.4243185777445977,-2.664964392706193,ridge_0p1
2002-12-19,1.4257492036894015,-2.5671983244585306,ridge_0p1
2002-12-20,1.4308394164408051,-2.219343534702767,ridge_0p1
2002-12-23,1.4307008481234624,-2.22881301176594,ridge_0p1
2002-12-24,1.43091490768108,-2.2141846168349466,ridge_0p1
2002-12-26,1.430253371944174,-2.2593926240275675,ridge_0p1
2002-12-27,1.4273795636647202,-2.4557828386747027,ridge_0p1
2002-12-30,1.434123414410174,-1.9949217906650274,ridge_0p1
2002-12-31,1.4314519313459741,-2.17748551147946,ridge_0p1
2003-01-02,1.4360924977238145,-1.8603586406495176,ridge_0p1
2003-01-03,1.4364968954361657,-1.832722923229091,ridge_0p1
2003-01-06,1.4371541874092824,-1.7878049262252116,ridge_0p1
2003-01-07,1.4307102218749483,-2.228172428648567,ridge_0p1
2003-01-08,1.4276502512147156,-2.4372846018834826,ridge_0p1
2003-01-09,1.4292079293131048,-2.330836047788576,ridge_0p1
2003-01-10,1.4220209216812467,-2.821981536366369,ridge_0p1
2003-01-13,1.421776303655221,-2.838698234895376,ridge_0p1
2003-01-14,1.4210266519324597,-2.8899279093994923,ridge_0p1
2003-01-15,1.4187011789163728,-3.0488460070508205,ridge_0p1
2003-01-16,1.426685122986667,-2.50323950264133,ridge_0p1
2003-01-17,1.432071729938933,-2.135129735842156,ridge_0p1
2003-01-21,1.4321005587492277,-2.1331596335627867,ridge_0p1
2003-01-22,1.4349958381245023,-1.9353021278833649,ridge_0p1
2003-01-23,1.4372465209799643,-1.7814950377420424,ridge_0p1
2003-01-24,1.43590912441047,-1.8728900000396842,ridge_0p1
2003-01-27,1.43479698392518,-1.9488914195447515,ridge_0p1
2003-01-28,1.4390338204181832,-1.6593546281607807,ridge_0p1
2003-01-29,1.448174351388914,-1.034709326605776,ridge_0p1
2003-01-30,1.4462695944093333,-1.1648765457431653,ridge_0p1
2003-01-31,1.459249117389211,-0.2778823359136373,ridge_0p1
2003-02-03,1.4609829143099908,-0.15939817959016445,ridge_0p1
2003-02-04,1.4594421096352104,-0.2646936382235343,ridge_0p1
2003-02-05,1.4596654048835942,-0.24943409496405167,ridge_0p1
2003-02-06,1.4625798043073415,-0.05026996404783324,ridge_0p1
2003-02-07,1.4602846168106012,-0.20711841088505434,ridge_0p1
2003-02-10,1.4642134918338952,0.0,ridge_0p1
2003-02-11,1.4569443388827041,-0.49645444409111006,ridge_0p1
2003-02-12,1.4570799771116514,-0.48719088862575477,ridge_0p1
2003-02-13,1.4615856983897755,-0.1794679163096946,ridge_0p1
2003-02-14,1.4663687793864606,0.0,ridge_0p1
2003-02-18,1.471277497910377,0.0,ridge_0p1
2003-02-19,1.4700933404628553,-0.08048498323419695,ridge_0p1
2003-02-20,1.4666160833534356,-0.3168276931824199,ridge_0p1
2003-02-21,1.4733208426403543,0.0,ridge_0p1
2003-02-24,1.4673597487624386,-0.40460256214340795,ridge_0p1
2003-02-25,1.4707459204900022,-0.17476995341609847,ridge_0p1
2003-02-26,1.4690889502759306,-0.2872349485560588,ridge_0p1
2003-02-27,1.4728881060241215,-0.029371512552378576,ridge_0p1
2003-02-28,1.4725862482397418,-0.04985977116132023,ridge_0p1
2003-03-03,1.471305066760841,-0.13681852731417532,ridge_0p1
2003-03-04,1.4669424185735966,-0.43292838071352646,ridge_0p1
2003-03-05,1.4629437183117595,-0.704335676810075,ridge_0p1
2003-03-06,1.458076792605495,-1.03467280131192,ridge_0p1
2003-03-07,1.4587692306740634,-0.987674343913636,ridge_0p1
2003-03-10,1.4497753037975758,-1.5981270447910312,ridge_0p1
2003-03-11,1.450746613607408,-1.5322004806835432,ridge_0p1
2003-03-12,1.4522960366368123,-1.427035130098564,ridge_0p1
2003-03-13,1.4631288259395179,-0.6917717041572069,ridge_0p1
2003-03-14,1.467464659268523,-0.3974818791904422,ridge_0p1
2003-03-17,1.4777273283375731,0.0,ridge_0p1
2003-03-18,1.4771916071468474,-0.03625304753133163,ridge_0p1
2003-03-19,1.4870940600694467,0.0,ridge_0p1
2003-03-20,1.483411008036333,-0.24766772539873694,ridge_0p1
2003-03-21,1.485875758548733,-0.08192498063348541,ridge_0p1
2003-03-24,1.482419598057141,-0.3143353294066231,ridge_0p1
2003-03-25,1.4818695800959207,-0.3513214203331505,ridge_0p1
2003-03-26,1.4794241775450643,-0.5157631067414958,ridge_0p1
2003-03-27,1.4860977525674208,-0.06699693911623728,ridge_0p1
2003-03-28,1.491230596339358,0.0,ridge_0p1
2003-03-31,1.4867454115316276,-0.30077070700805786,ridge_0p1
2003-04-01,1.493043880636289,0.0,ridge_0p1
2003-04-02,1.4865579055519167,-0.4344128909063327,ridge_0p1
2003-04-03,1.478466830402678,-0.976330998885222,ridge_0p1
2003-04-04,1.480163916481068,-0.8626648099406053,ridge_0p1
2003-04-07,1.471597216376635,-1.4364389779698894,ridge_0p1
2003-04-08,1.4773753849386795,-1.0494330341404345,ridge_0p1
2003-04-09,1.4763722919280529,-1.1166174634553383,ridge_0p1
2003-04-10,1.4814584691099784,-0.7759592116859393,ridge_0p1
2003-04-11,1.4861618750677124,-0.46093793074880596,ridge_0p1
2003-04-14,1.488093171399608,-0.3315849789070624,ridge_0p1
2003-04-15,1.4873713086474813,-0.3799333738530253,ridge_0p1
2003-04-16,1.4778450046249274,-1.0179791905971403,ridge_0p1
2003-04-17,1.4812247821274749,-0.7916109273209737,ridge_0p1
2003-04-21,1.4763773932926885,-1.116275787989407,ridge_0p1
2003-04-22,1.48048873097232,-0.8409096227378288,ridge_0p1
2003-04-23,1.4747165472031287,-1.2275147214929616,ridge_0p1
2003-04-24,1.4771944138394748,-1.0615539839364585,ridge_0p1
2003-04-25,1.4802819920142094,-0.854756433323367,ridge_0p1
2003-04-28,1.4793546725146418,-0.9168657598873198,ridge_0p1
2003-04-29,1.4762400882430167,-1.1254721050871552,ridge_0p1
2003-04-30,1.4760892397115741,-1.1355755275919477,ridge_0p1
2003-05-01,1.4749716139636326,-1.210431046738858,ridge_0p1
2003-05-02,1.4744824122583047,-1.2431964404203466,ridge_0p1
2003-05-05,1.4705760031356294,-1.5048370508095377,ridge_0p1
2003-05-06,1.4728768991594814,-1.3507293213788851,ridge_0p1
2003-05-07,1.4736250144491092,-1.3006226031952894,ridge_0p1
2003-05-08,1.4736826575855357,-1.2967618234034806,ridge_0p1
2003-05-09,1.4729442539386621,-1.3462180822884418,ridge_0p1
2003-05-12,1.4738350194423566,-1.286557042499381,ridge_0p1
2003-05-13,1.4750064820874755,-1.2080956750665894,ridge_0p1
2003-05-14,1.4725743836326828,-1.3709909848652724,ridge_0p1
2003-05-15,1.4744005832434781,-1.2486771242694927,ridge_0p1
2003-05-16,1.4728903251963406,-1.3498300821111475,ridge_0p1
2003-05-19,1.4772770636563095,-1.0560183250113209,ridge_0p1
2003-05-20,1.4821970985136852,-0.7264878322250756,ridge_0p1
2003-05-21,1.489868480360219,-0.21267963502297205,ridge_0p1
2003-05-22,1.4926630613673026,-0.025506234205519007,ridge_0p1
2003-05-23,1.4945577632340723,0.0,ridge_0p1
2003-05-27,1.496425576854599,0.0,ridge_0p1
2003-05-28,1.489117892165281,-0.4883426748611419,ridge_0p1
2003-05-29,1.4776000593582137,-1.258032326335634,ridge_0p1
2003-05-30,1.4902928456227242,-0.40982534158267026,ridge_0p1
2003-06-02,1.485665516251632,-0.7190508348289715,ridge_0p1
2003-06-03,1.4909013691514528,-0.3691602033933372,ridge_0p1
2003-06-04,1.4848316557689958,-0.7747743198811885,ridge_0p1
2003-06-05,1.4804937161469558,-1.0646610799804113,ridge_0p1
2003-06-06,1.4811154087176848,-1.0231159085836716,ridge_0p1
2003-06-09,1.4839818568367598,-0.8315629063221031,ridge_0p1
2003-06-10,1.48667505707854,-0.6515873510097303,ridge_0p1
2003-06-11,1.4920778724577595,-0.29053930005514816,ridge_0p1
2003-06-12,1.486703684234829,-0.6496743152576312,ridge_0p1
2003-06-13,1.49174791286023,-0.3125891502202993,ridge_0p1
2003-06-16,1.4998565335594,0.0,ridge_0p1
2003-06-17,1.4964826192356566,-0.2249491366842049,ridge_0p1
2003-06-18,1.493180783677308,-0.44509256270327535,ridge_0p1
2003-06-19,1.4929154048615267,-0.462786176048513,ridge_0p1
2003-06-20,1.4940288891113764,-0.388546792151756,ridge_0p1
2003-06-23,1.4954049516060939,-0.29680051749628733,ridge_0p1
2003-06-24,1.4969506060713547,-0.19374703000087923,ridge_0p1
2003-06-25,1.4958301903415072,-0.2684485567654771,ridge_0p1
2003-06-26,1.4958642674202969,-0.2661765342068301,ridge_0p1
2003-06-27,1.4969641470203559,-0.19284421371823512,ridge_0p1
2003-06-30,1.5006232715036296,0.0,ridge_0p1
2003-07-01,1.5064452484554067,0.0,ridge_0p1
2003-07-02,1.5085545477950548,0.0,ridge_0p1
2003-07-03,1.5097774643206703,0.0,ridge_0p1
2003-07-07,1.5060039218538035,-0.24994030948558565,ridge_0p1
2003-07-08,1.4990461602876672,-0.7107871382774689,ridge_0p1
2003-07-09,1.4959459930953207,-0.916126485672053,ridge_0p1
2003-07-10,1.4954179202407516,-0.9511033525977153,ridge_0p1
2003-07-11,1.496918057149711,-0.8517418940774513,ridge_0p1
2003-07-14,1.4918462414161335,-1.1876732384931254,ridge_0p1
2003-07-15,1.4832891556009762,-1.7544511920246864,ridge_0p1
2003-07-16,1.4830625265249722,-1.7694619523095478,ridge_0p1
2003-07-17,1.4950490920626294,-0.9755326600180747,ridge_0p1
2003-07-18,1.501959421382446,-0.5178275025943591,ridge_0p1
2003-07-21,1.498609180427652,-0.7397304673668281,ridge_0p1
2003-07-22,1.4985137646918967,-0.7460503216506598,ridge_0p1
2003-07-23,1.4947595609721296,-0.9947097306355679,ridge_0p1
2003-07-24,1.5009776692329313,-0.5828537844614345,ridge_0p1
2003-07-25,1.5019620971937102,-0.5176502704308583,ridge_0p1
2003-07-28,1.4943210058027816,-1.0237574002234462,ridge_0p1
2003-07-29,1.4950033938251281,-0.9785594794389008,ridge_0p1
2003-07-30,1.4979478054052007,-0.7835365936391447,ridge_0p1
2003-07-31,1.494380720069949,-1.019802230102107,ridge_0p1
2003-08-01,1.4932941337253103,-1.0917721972209193,ridge_0p1
2003-08-04,1.492226838976382,-1.1624643869078577,ridge_0p1
2003-08-05,1.4938456858651803,-1.0552401815494439,ridge_0p1
2003-08-06,1.502447658006894,-0.48548918545915365,ridge_0p1
2003-08-07,1.510591895645937,0.0,ridge_0p1
2003-08-08,1.5104803898183987,-0.007381598422429025,ridge_0p1
2003-08-11,1.511303509709821,0.0,ridge_0p1
2003-08-12,1.5129215238905385,0.0,ridge_0p1
2003-08-13,1.510225218217621,-0.17821847533663338,ridge_0p1
2003-08-14,1.5091419201593017,-0.2498215321517394,ridge_0p1
2003-08-15,1.5080247171256347,-0.32366561566996577,ridge_0p1
2003-08-18,1.5031039768175962,-0.6489131734801479,ridge_0p1
2003-08-19,1.5026475968142,-0.6790786510802449,ridge_0p1
2003-08-20,1.5098867365687079,-0.20059119220053878,ridge_0p1
2003-08-21,1.5094119140465385,-0.23197567015735832,ridge_0p1
2003-08-22,1.5093021563216285,-0.23923035740827103,ridge_0p1
2003-08-25,1.5094500613825814,-0.22945423494472594,ridge_0p1
2003-08-26,1.5116940163334394,-0.08113491266503736,ridge_0p1
2003-08-27,1.5126100278650385,-0.020589040514074064,ridge_0p1
2003-08-28,1.5089449883861108,-0.26283818701989814,ridge_0p1
2003-08-29,1.508005077454656,-0.3249637445331355,ridge_0p1
2003-09-02,1.5127449774244068,-0.011669241487000104,ridge_0p1
2003-09-03,1.5197663675645348,0.0,ridge_0p1
2003-09-04,1.521501612314262,0.0,ridge_0p1
2003-09-05,1.5208446274832266,-0.043180028579536955,ridge_0p1
2003-09-08,1.5260085078982035,0.0,ridge_0p1
2003-09-09,1.5328378508334026,0.0,ridge_0p1
2003-09-10,1.5436215507908466,0.0,ridge_0p1
2003-09-11,1.543932288150348,0.0,ridge_0p1
2003-09-12,1.5456995720387658,0.0,ridge_0p1
2003-09-15,1.5433188159111506,-0.15402450584074412,ridge_0p1
2003-09-16,1.54506575274234,-0.041005335570476475,ridge_0p1
2003-09-17,1.5393744617685208,-0.409206962637787,ridge_0p1
2003-09-18,1.5449077951583816,-0.05122450020089708,ridge_0p1
2003-09-19,1.5443881009470057,-0.08484644205667413,ridge_0p1
2003-09-22,1.5421375849117895,-0.23044498370909938,ridge_0p1
2003-09-23,1.537857609207495,-0.5073406872285968,ridge_0p1
2003-09-24,1.5395767323635399,-0.39612094005758713,ridge_0p1
2003-09-25,1.5426794988352301,-0.19538552369218198,ridge_0p1
2003-09-26,1.5479747772706383,0.0,ridge_0p1
2003-09-29,1.5519414240585372,0.0,ridge_0p1
2003-09-30,1.557298885339284,0.0,ridge_0p1
2003-10-01,1.562405642213621,0.0,ridge_0p1
2003-10-02,1.5688333361679483,0.0,ridge_0p1
2003-10-03,1.569387007913502,0.0,ridge_0p1
2003-10-06,1.5715632061335592,0.0,ridge_0p1
2003-10-07,1.571454257833904,-0.006932479662924429,ridge_0p1
2003-10-08,1.5714407329875124,-0.007793077972861884,ridge_0p1
2003-10-09,1.568497881828728,-0.19504938095188384,ridge_0p1
2003-10-10,1.5701381774559922,-0.0906758743145275,ridge_0p1
2003-10-13,1.5673809861621806,-0.26611847077203654,ridge_0p1
2003-10-14,1.5672737366530862,-0.2729428548423507,ridge_0p1
2003-10-15,1.5654487762389222,-0.38906675027599036,ridge_0p1
2003-10-16,1.5682664732861502,-0.20977411755011,ridge_0p1
2003-10-17,1.566825954569246,-0.3014356371938698,ridge_0p1
2003-10-20,1.5697402332022086,-0.11599743008972041,ridge_0p1
2003-10-21,1.5724115124744469,0.0,ridge_0p1
2003-10-22,1.5697135118346364,-0.1715836228879275,ridge_0p1
2003-10-23,1.566341376387573,-0.3860399163143624,ridge_0p1
2003-10-24,1.56875186862355,-0.23274084562875386,ridge_0p1
2003-10-27,1.5632696859504627,-0.5813889335876232,ridge_0p1
2003-10-28,1.5539428222442453,-1.1745455997799303,ridge_0p1
2003-10-29,1.5543320560750427,-1.1497916579708334,ridge_0p1
2003-10-30,1.5590860391587456,-0.8474545759800223,ridge_0p1
2003-10-31,1.560198079311526,-0.7767326215833315,ridge_0p1
2003-11-03,1.5597437381288024,-0.805627168533618,ridge_0p1
2003-11-04,1.5565833852311615,-1.006614815378526,ridge_0p1
2003-11-05,1.556972160360209,-0.9818900454335644,ridge_0p1
2003-11-06,1.558778615669467,-0.8670056595761144,ridge_0p1
2003-11-07,1.5593220613588266,-0.8324443704321394,ridge_0p1
2003-11-10,1.5580731415547646,-0.911871402996689,ridge_0p1
2003-11-11,1.5567676263880863,-0.9948977072638199,ridge_0p1
2003-11-12,1.5598340931100574,-0.7998809004264307,ridge_0p1
2003-11-13,1.5677569164352994,-0.296016405516053,ridge_0p1
2003-11-14,1.5739790228947341,0.0,ridge_0p1
2003-11-17,1.5710851494955662,-0.18385717706997928,ridge_0p1
2003-11-18,1.5688618376936438,-0.32511139771603803,ridge_0p1
2003-11-19,1.5740423278258602,0.0,ridge_0p1
2003-11-20,1.5695854210371079,-0.2831503772143362,ridge_0p1
2003-11-21,1.572424969604644,-0.10275188872780339,ridge_0p1
2003-11-24,1.5776722298362906,0.0,ridge_0p1
2003-11-25,1.574147822498124,-0.22339287410365616,ridge_0p1
2003-11-26,1.5775236124305037,-0.009420043211538776,ridge_0p1
2003-11-28,1.5763150085438575,-0.0860268227307226,ridge_0p1
2003-12-01,1.5773292642061962,-0.021738712490992906,ridge_0p1
2003-12-02,1.5736535540851748,-0.25472184114775365,ridge_0p1
2003-12-03,1.576713925342751,-0.06074167215576187,ridge_0p1
2003-12-04,1.5740208925216406,-0.23143826997759076,ridge_0p1
2003-12-05,1.5762339298541603,-0.09116595671330163,ridge_0p1
2003-12-08,1.5771540188874142,-0.03284655323686492,ridge_0p1
2003-12-09,1.5732051908090383,-0.28314113304230837,ridge_0p1
2003-12-10,1.5728590784157126,-0.3050793016162512,ridge_0p1
2003-12-11,1.574156133482488,-0.2228660863332399,ridge_0p1
2003-12-12,1.5716824546613457,-0.37965903574067594,ridge_0p1
2003-12-15,1.5718809506718205,-0.3670774610180616,ridge_0p1
2003-12-16,1.572018422835243,-0.3583638536652445,ridge_0p1
2003-12-17,1.5732809641337506,-0.27833827708279024,ridge_0p1
2003-12-18,1.5680285235212037,-0.6112617141069698,ridge_0p1
2003-12-19,1.572733316381781,-0.31305066800992876,ridge_0p1
2003-12-22,1.569899845733638,-0.4926488503546267,ridge_0p1
2003-12-23,1.5761996051588552,-0.09334161111451689,ridge_0p1
2003-12-24,1.5718558349695886,-0.36866940779616275,ridge_0p1
2003-12-26,1.5709716383898327,-0.42471378526788284,ridge_0p1
2003-12-29,1.571776330303209,-0.3737087730632971,ridge_0p1
2003-12-30,1.571506085318937,-0.39083812218672076,ridge_0p1
2003-12-31,1.575934008766191,-0.1101763114813692,ridge_0p1
2004-01-02,1.5716264004434795,-0.38321200554050083,ridge_0p1
2004-01-05,1.5685015090512058,-0.5812817524230907,ridge_0p1
2004-01-06,1.575528647940424,-0.1358699136188135,ridge_0p1
2004-01-07,1.5783217003414538,0.0,ridge_0p1
2004-01-08,1.5731471541294746,-0.3278511732341838,ridge_0p1
2004-01-09,1.5688640826077132,-0.5992199012213151,ridge_0p1
2004-01-12,1.569589701889013,-0.5532457958698611,ridge_0p1
2004-01-13,1.5691185980539406,-0.583094199713674,ridge_0p1
2004-01-14,1.5757994919361966,-0.1598031887106166,ridge_0p1
2004-01-15,1.589984282667482,0.0,ridge_0p1
2004-01-16,1.5855770634787825,-0.2771863367923122,ridge_0p1
2004-01-20,1.575260469298938,-0.9260351519854049,ridge_0p1
2004-01-21,1.5791092769123167,-0.6839693872269237,ridge_0p1
2004-01-22,1.5766217990464253,-0.8404160825186691,ridge_0p1
2004-01-23,1.5746423315779485,-0.964912122514483,ridge_0p1
2004-01-26,1.580416571722775,-0.601748775066846,ridge_0p1
2004-01-27,1.5826362797303313,-0.4621431178441049,ridge_0p1
2004-01-28,1.5879077483231163,-0.13060093530495864,ridge_0p1
2004-01-29,1.6030033083026516,0.0,ridge_0p1
2004-01-30,1.6105853584710124,0.0,ridge_0p1
2004-02-02,1.6097166761919959,-0.0539358112531918,ridge_0p1
2004-02-03,1.611142501108439,0.0,ridge_0p1
2004-02-04,1.6068412812500006,-0.26696706563691386,ridge_0p1
2004-02-05,1.6209858180498145,0.0,ridge_0p1
2004-02-06,1.6338106638925536,0.0,ridge_0p1
2004-02-09,1.631879352222106,-0.11820902587612592,ridge_0p1
2004-02-10,1.63058715585971,-0.19729997508790564,ridge_0p1
2004-02-11,1.63928479236091,0.0,ridge_0p1
2004-02-12,1.6306012215039922,-0.5297170386368011,ridge_0p1
2004-02-13,1.624015433370806,-0.9314646888240241,ridge_0p1
2004-02-17,1.6271623500174894,-0.7394958093865811,ridge_0p1
2004-02-18,1.6285272994346007,-0.6562308743690681,ridge_0p1
2004-02-19,1.6246258942674978,-0.8942252232023828,ridge_0p1
2004-02-20,1.6197804909586675,-1.1898055477079228,ridge_0p1
2004-02-23,1.6175838659443897,-1.3238045346145366,ridge_0p1
2004-02-24,1.6122093230809806,-1.6516635429122184,ridge_0p1
2004-02-25,1.6183243918595638,-1.2786308150372627,ridge_0p1
2004-02-26,1.6189288755084206,-1.2417559747609608,ridge_0p1
2004-02-27,1.6200178182244807,-1.1753280592983972,ridge_0p1
2004-03-01,1.6204513527344866,-1.1488814947950177,ridge_0p1
2004-03-02,1.6194758570111114,-1.208388892650536,ridge_0p1
2004-03-03,1.6174449422139074,-1.3322791896061337,ridge_0p1
2004-03-04,1.6195982769401496,-1.2009210060692221,ridge_0p1
2004-03-05,1.6204026794350328,-1.1518506737735912,ridge_0p1
2004-03-08,1.6135266679937488,-1.5713025880063292,ridge_0p1
2004-03-09,1.6125789843660252,-1.629113386480141,ridge_0p1
2004-03-10,1.6110200005910469,-1.7242148467171425,ridge_0p1
2004-03-11,1.6121237764386793,-1.6568820774035986,ridge_0p1
2004-03-12,1.6129940532857825,-1.6037932638454655,ridge_0p1
2004-03-15,1.6035565214878607,-2.179503588366316,ridge_0p1
2004-03-16,1.6085847392262804,-1.8727711790954338,ridge_0p1
2004-03-17,1.6098536930858764,-1.7953621855203439,ridge_0p1
2004-03-18,1.6079146474611408,-1.9136482596529003,ridge_0p1
2004-03-19,1.6055354821654042,-2.058782607682208,ridge_0p1
2004-03-22,1.601935149823404,-2.2784108479231846,ridge_0p1
2004-03-23,1.60130922325788,-2.316593753568419,ridge_0p1
2004-03-24,1.6088055750376082,-1.8592997059043825,ridge_0p1
2004-03-25,1.617690218767408,-1.3173167770562433,ridge_0p1
2004-03-26,1.6157078540555718,-1.438245411365191,ridge_0p1
2004-03-29,1.623899560854895,-0.9385331687154275,ridge_0p1
2004-03-30,1.61990345422007,-1.1823045166500123,ridge_0p1
2004-03-31,1.6183756627866626,-1.2755031750239065,ridge_0p1
2004-04-01,1.6234747131800544,-0.9644498170501392,ridge_0p1
2004-04-02,1.6281580763614885,-0.6787542989035278,ridge_0p1
2004-04-05,1.63334390496468,-0.3624072780955778,ridge_0p1
2004-04-06,1.6347957853743802,-0.2738393601556366,ridge_0p1
2004-04-07,1.627052535719619,-0.7461947245709477,ridge_0p1
2004-04-08,1.6230653821155725,-0.9894199178153928,ridge_0p1
2004-04-12,1.6182829536453036,-1.2811586378080997,ridge_0p1
2004-04-13,1.609197551009703,-1.8353883041808183,ridge_0p1
2004-04-14,1.597979023606106,-2.5197433019137017,ridge_0p1
2004-04-15,1.5991315949920177,-2.4494338967827156,ridge_0p1
2004-04-16,1.6069828858527273,-1.9704877797140585,ridge_0p1
2004-04-19,1.6006167840938779,-2.358834074910321,ridge_0p1
2004-04-20,1.5957118967299257,-2.658043058413917,ridge_0p1
2004-04-21,1.598572874973553,-2.483517054332174,ridge_0p1
2004-04-22,1.603111543977665,-2.206648201204131,ridge_0p1
2004-04-23,1.6067344752456094,-1.9856413764701264,ridge_0p1
2004-04-26,1.6056169628378043,-2.053812106352615,ridge_0p1
2004-04-27,1.5989847183639838,-2.4583936961243724,ridge_0p1
2004-04-28,1.5997442320548154,-2.4120616802128625,ridge_0p1
2004-04-29,1.5989605185251978,-2.4598699398435064,ridge_0p1
2004-04-30,1.6010025536200212,-2.335301280124391,ridge_0p1
2004-05-03,1.5991019152733337,-2.451244425302368,ridge_0p1
2004-05-04,1.604465140683423,-2.1240758067022303,ridge_0p1
2004-05-05,1.6113949282035378,-1.7013434326566879,ridge_0p1
2004-05-06,1.6113380671629942,-1.7048120819608603,ridge_0p1
2004-05-07,1.6088036904308745,-1.8594146710857018,ridge_0p1
2004-05-10,1.6133766993718932,-1.5804510058135657,ridge_0p1
2004-05-11,1.6172505630221248,-1.3441367504575807,ridge_0p1
2004-05-12,1.6193741492498448,-1.2145932911626467,ridge_0p1
2004-05-13,1.6171887787454333,-1.3479057280616713,ridge_0p1
2004-05-14,1.621498647132767,-1.0849942188829287,ridge_0p1
2004-05-17,1.6158557229275028,-1.4292250829500142,ridge_0p1
2004-05-18,1.6244123889233886,-0.9072495216710941,ridge_0p1
2004-05-19,1.6231609549945805,-0.9835897606972788,ridge_0p1
2004-05-20,1.621112451099299,-1.1085530315595227,ridge_0p1
2004-05-21,1.6274641850998717,-0.7210832014133528,ridge_0p1
2004-05-24,1.6281153220264957,-0.6813624079515801,ridge_0p1
2004-05-25,1.632942028822516,-0.3869226121020142,ridge_0p1
2004-05-26,1.6342575267422228,-0.3066743278601902,ridge_0p1
2004-05-27,1.64418572664538,0.0,ridge_0p1
2004-05-28,1.6427059715987171,-0.08999926362832644,ridge_0p1
2004-06-01,1.6419718060092405,-0.1346514934572829,ridge_0p1
2004-06-02,1.6407773514091555,-0.2072986756294637,ridge_0p1
2004-06-03,1.6426714255692256,-0.09210036625509899,ridge_0p1
2004-06-04,1.6434972637542848,-0.041872574365420245,ridge_0p1
2004-06-07,1.651097359344616,0.0,ridge_0p1
2004-06-08,1.6534243212187392,0.0,ridge_0p1
2004-06-09,1.6535767719644836,0.0,ridge_0p1
2004-06-10,1.658949182906388,0.0,ridge_0p1
2004-06-14,1.6590683145195666,0.0,ridge_0p1
2004-06-15,1.6532740287458692,-0.3492493782798478,ridge_0p1
2004-06-16,1.6487233236036751,-0.6235421908402317,ridge_0p1
2004-06-17,1.6487815309017053,-0.6200337579733817,ridge_0p1
2004-06-18,1.646665281313627,-0.7475902648126476,ridge_0p1
2004-06-21,1.6443767664754585,-0.8855300240220965,ridge_0p1
2004-06-22,1.6441209779810313,-0.9009476226941149,ridge_0p1
2004-06-23,1.642043130575704,-1.0261894458995058,ridge_0p1
2004-06-24,1.6467205830702378,-0.7442569628547502,ridge_0p1
2004-06-25,1.6536584986487028,-0.3260755342934907,ridge_0p1
2004-06-28,1.6495144453666628,-0.5758574899714319,ridge_0p1
2004-06-29,1.6472062384483412,-0.7149841852449823,ridge_0p1
2004-06-30,1.6435678510238858,-0.9342872357953169,ridge_0p1
2004-07-01,1.6416905060918159,-1.0474438138361353,ridge_0p1
2004-07-02,1.6385578292758016,-1.23626526191023,ridge_0p1
2004-07-06,1.637599829409477,-1.2940085059912954,ridge_0p1
2004-07-07,1.6351359078800878,-1.4425208672862344,ridge_0p1
2004-07-08,1.6372097068538753,-1.31752306245575,ridge_0p1
2004-07-09,1.6380750557930184,-1.2653643338747855,ridge_0p1
2004-07-12,1.6384357537906475,-1.2436233365648919,ridge_0p1
2004-07-13,1.6450655831732848,-0.8440117398262004,ridge_0p1
2004-07-14,1.635916369728938,-1.3954786905404082,ridge_0p1
2004-07-15,1.6232859626349578,-2.1567738694937777,ridge_0p1
2004-07-16,1.6203515464861717,-2.333645196798695,ridge_0p1
2004-07-19,1.6193335651872807,-2.3950038093393577,ridge_0p1
2004-07-20,1.6275777905498747,-1.8980848283399854,ridge_0p1
2004-07-21,1.6280866591889789,-1.8674128762177777,ridge_0p1
2004-07-22,1.637743684475874,-1.2853376715755038,ridge_0p1
2004-07-23,1.6380818426603736,-1.2649552568466893,ridge_0p1
2004-07-26,1.6447184960002414,-0.8649323474953174,ridge_0p1
2004-07-27,1.6495961017313667,-0.5709356694538981,ridge_0p1
2004-07-28,1.6467240575455075,-0.7440475395754653,ridge_0p1
2004-07-29,1.6452814461301097,-0.8310006446870966,ridge_0p1
2004-07-30,1.6482866204324973,-0.6498643842879681,ridge_0p1
2004-08-02,1.6502430656169014,-0.5319400548747688,ridge_0p1
2004-08-03,1.6492347586362537,-0.5927155498814063,ridge_0p1
2004-08-04,1.6496428345997527,-0.5681188554639727,ridge_0p1
2004-08-05,1.6432450991027898,-0.9537410411794234,ridge_0p1
2004-08-06,1.6346644220178537,-1.4709395802535052,ridge_0p1
2004-08-09,1.6351630443311505,-1.44088522330309,ridge_0p1
2004-08-10,1.640085188464863,-1.14420400224452,ridge_0p1
2004-08-11,1.6445009587003174,-0.8780443633189194,ridge_0p1
2004-08-12,1.6425337908105122,-0.9966150015855435,ridge_0p1
2004-08-13,1.6406872026743828,-1.1079177201034351,ridge_0p1
2004-08-16,1.644108373711084,-0.9017073424619437,ridge_0p1
2004-08-17,1.6471017583092817,-0.7212817040478603,ridge_0p1
2004-08-18,1.6487047655817066,-0.6246607717814823,ridge_0p1
2004-08-19,1.647569969804792,-0.6930603528585988,ridge_0p1
2004-08-20,1.6481678781599378,-0.6570215502419097,ridge_0p1
2004-08-23,1.6438382828722986,-0.9179870119861988,ridge_0p1
2004-08-24,1.6426664764176164,-0.9886174040217188,ridge_0p1
2004-08-25,1.6462393809106468,-0.77326132363843,ridge_0p1
2004-08-26,1.64937533327413,-0.5842424426171666,ridge_0p1
2004-08-27,1.6526483125495637,-0.3869642927791128,ridge_0p1
2004-08-30,1.647862381195239,-0.6754353166929405,ridge_0p1
2004-08-31,1.65020945771741,-0.5339657640753614,ridge_0p1
2004-09-01,1.6509789200407363,-0.4875865814586877,ridge_0p1
2004-09-02,1.6580575259218604,-0.06092507396230351,ridge_0p1
2004-09-03,1.6636636507571432,0.0,ridge_0p1
2004-09-07,1.6680964735313124,0.0,ridge_0p1
2004-09-08,1.66336460286543,-0.28366888492157294,ridge_0p1
2004-09-09,1.6646740622455896,-0.20516866620295948,ridge_0p1
2004-09-10,1.6643592911286458,-0.22403874487877395,ridge_0p1
2004-09-13,1.6692927787281564,0.0,ridge_0p1
2004-09-14,1.671035059815391,0.0,ridge_0p1
2004-09-15,1.6692199306768654,-0.10862304341634488,ridge_0p1
2004-09-16,1.6666234200400687,-0.2640064162274136,ridge_0p1
2004-09-17,1.6698465137628933,-0.07112633846407812,ridge_0p1
2004-09-20,1.6679843055014294,-0.18256674484726787,ridge_0p1
2004-09-21,1.6643419799598145,-0.40053497479076716,ridge_0p1
2004-09-22,1.6589011690808242,-0.726130230679134,ridge_0p1
2004-09-23,1.6609594958808596,-0.6029534733786202,ridge_0p1
2004-09-24,1.6620709866258303,-0.5364383671609407,ridge_0p1
2004-09-27,1.6616774505388183,-0.5599888058366864,ridge_0p1
2004-09-28,1.6701083645540573,-0.05545636256345521,ridge_0p1
2004-09-29,1.6691408986254814,-0.11335257023983303,ridge_0p1
2004-09-30,1.6696334623906324,-0.08387600347017354,ridge_0p1
2004-10-01,1.668962058634092,-0.1240549184843509,ridge_0p1
2004-10-04,1.6689301015747597,-0.12596732954626155,ridge_0p1
2004-10-05,1.6700884729763428,-0.05664673721165192,ridge_0p1
2004-10-06,1.668728715103157,-0.13801893016468503,ridge_0p1
2004-10-07,1.667678193205569,-0.20088546856656952,ridge_0p1
2004-10-08,1.6690676842744097,-0.11773394755694166,ridge_0p1
2004-10-11,1.6700521318412118,-0.058821505174622146,ridge_0p1
2004-10-12,1.6706060651905392,-0.025672389237552107,ridge_0p1
2004-10-13,1.6681558285176485,-0.17230226743779609,ridge_0p1
2004-10-14,1.6685993913701895,-0.14575806958057047,ridge_0p1
2004-10-15,1.669996338547198,-0.06216035157918798,ridge_0p1
2004-10-18,1.6672814294028384,-0.2246290639148607,ridge_0p1
2004-10-19,1.6544323230011881,-0.9935600522969823,ridge_0p1
2004-10-20,1.656993142611539,-0.840312542898003,ridge_0p1
2004-10-21,1.6454148628456262,-1.5331932636168055,ridge_0p1
2004-10-22,1.653962264485177,-1.0216898340900116,ridge_0p1
2004-10-25,1.6471022765947536,-1.4322131112725622,ridge_0p1
2004-10-26,1.6637576602770303,-0.4355025046072103,ridge_0p1
2004-10-27,1.6692699095173977,-0.10563215221757183,ridge_0p1
2004-10-28,1.6763881751260075,0.0,ridge_0p1
2004-10-29,1.6769795970966632,0.0,ridge_0p1
2004-11-01,1.669812737445483,-0.42736713455477915,ridge_0p1
2004-11-02,1.6697000255993928,-0.4340882566414961,ridge_0p1
2004-11-03,1.6896448085135096,0.0,ridge_0p1
2004-11-04,1.6966530669545168,0.0,ridge_0p1
2004-11-05,1.6997569007796418,0.0,ridge_0p1
2004-11-08,1.701437920197931,0.0,ridge_0p1
2004-11-09,1.7077601622405816,0.0,ridge_0p1
2004-11-10,1.7152463747742932,0.0,ridge_0p1
2004-11-11,1.7128200143751917,-0.1414584187312884,ridge_0p1
2004-11-12,1.716416891187905,0.0,ridge_0p1
2004-11-15,1.7099225458444125,-0.37836643165389816,ridge_0p1
2004-11-16,1.708736598387893,-0.4474608027596694,ridge_0p1
2004-11-17,1.6983809671814167,-1.0507892400200003,ridge_0p1
2004-11-18,1.699776567639721,-0.9694802954699155,ridge_0p1
2004-11-19,1.710385885562875,-0.35137184072198124,ridge_0p1
2004-11-22,1.7178323857754134,0.0,ridge_0p1
2004-11-23,1.719783494318596,0.0,ridge_0p1
2004-11-24,1.7167576627941281,-0.1759425843115614,ridge_0p1
2004-11-26,1.7189785301203062,-0.046806135827504036,ridge_0p1
2004-11-29,1.7179883263640292,-0.10438336921462232,ridge_0p1
2004-11-30,1.718887942990633,-0.05207349244374937,ridge_0p1
2004-12-01,1.715482017779712,-0.25011732890179994,ridge_0p1
2004-12-02,1.7195612833595257,-0.012920868225807514,ridge_0p1
2004-12-03,1.7178900846641552,-0.11009581500786014,ridge_0p1
2004-12-06,1.7154254122119976,-0.253408764591323,ridge_0p1
2004-12-07,1.7143360302754,-0.3167528971636191,ridge_0p1
2004-12-08,1.72154699885678,0.0,ridge_0p1
2004-12-09,1.729732476360364,0.0,ridge_0p1
2004-12-10,1.7292704459541104,-0.026711090447117947,ridge_0p1
2004-12-13,1.7390287886072842,0.0,ridge_0p1
2004-12-14,1.7323249208924032,-0.38549492445434375,ridge_0p1
2004-12-15,1.7323434218459586,-0.3844310574455556,ridge_0p1
2004-12-16,1.739633982085179,0.0,ridge_0p1
2004-12-17,1.7399939616227982,0.0,ridge_0p1
2004-12-20,1.7461609238391465,0.0,ridge_0p1
2004-12-21,1.7513944184124481,0.0,ridge_0p1
2004-12-22,1.7487433548073636,-0.15136873665998474,ridge_0p1
2004-12-23,1.751283894007113,-0.006310651911034526,ridge_0p1
2004-12-27,1.7454846115848852,-0.3374343760282117,ridge_0p1
2004-12-28,1.749022920275444,-0.13540628610395622,ridge_0p1
2004-12-29,1.7455048936434772,-0.33627632399956253,ridge_0p1
2004-12-30,1.744020729114886,-0.421018202413026,ridge_0p1
2004-12-31,1.7430973741201021,-0.47373933621798203,ridge_0p1
2005-01-03,1.736688681179801,-0.8396587929049737,ridge_0p1
2005-01-04,1.7439065499722688,-0.4275375301793338,ridge_0p1
2005-01-05,1.7447410870817326,-0.3798876632681303,ridge_0p1
2005-01-06,1.747714697828061,-0.21010233592742011,ridge_0p1
2005-01-07,1.7498112351647295,-0.09039558600133502,ridge_0p1
2005-01-10,1.7495844169424017,-0.10334630800565847,ridge_0p1
2005-01-11,1.752917834576136,0.0,ridge_0p1
2005-01-12,1.754468236458285,0.0,ridge_0p1
2005-01-13,1.7503616709452436,-0.23406325789808724,ridge_0p1
2005-01-14,1.7498361041240684,-0.26401916192950736,ridge_0p1
2005-01-18,1.7519979391757259,-0.14080034230462557,ridge_0p1
2005-01-19,1.7512927813931123,-0.18099245111344864,ridge_0p1
2005-01-20,1.7491291028023108,-0.30431634754198855,ridge_0p1
2005-01-21,1.7471580631160182,-0.41666034131366825,ridge_0p1
2005-01-24,1.7571844185109577,0.0,ridge_0p1
2005-01-25,1.7580861010722928,0.0,ridge_0p1
2005-01-26,1.7571551552728573,-0.05295223020463924,ridge_0p1
2005-01-27,1.7576016735563689,-0.027554254346728868,ridge_0p1
2005-01-28,1.752785083607478,-0.3015220620640524,ridge_0p1
2005-01-31,1.7590659871980936,0.0,ridge_0p1
2005-02-01,1.7627702512809231,0.0,ridge_0p1
2005-02-02,1.7617295129430346,-0.059039930877680113,ridge_0p1
2005-02-03,1.7618187850195752,-0.053975625051339016,ridge_0p1
2005-02-04,1.7654841922513285,0.0,ridge_0p1
2005-02-07,1.772377526657529,0.0,ridge_0p1
2005-02-08,1.770160335145441,-0.12509702243118648,ridge_0p1
2005-02-09,1.7714475179342268,-0.05247238296098855,ridge_0p1
2005-02-10,1.768578171666533,-0.2143648818522914,ridge_0p1
2005-02-11,1.7698805018548394,-0.14088560507753423,ridge_0p1
2005-02-14,1.773238215761007,0.0,ridge_0p1
2005-02-15,1.772859534401605,-0.021355357449226453,ridge_0p1
2005-02-16,1.7735435758045084,0.0,ridge_0p1
2005-02-17,1.7761758073001055,0.0,ridge_0p1
2005-02-18,1.7700476446637645,-0.34502004875610615,ridge_0p1
2005-02-22,1.758624234748892,-0.9881664010440994,ridge_0p1
2005-02-23,1.7564063407983872,-1.1130354563138156,ridge_0p1
2005-02-24,1.752588521545345,-1.3279814789626365,ridge_0p1
2005-02-25,1.7521547295181972,-1.352404288088005,ridge_0p1
2005-02-28,1.7498199931743594,-1.4838516557552084,ridge_0p1
2005-03-01,1.753903449972791,-1.253950044571872,ridge_0p1
2005-03-02,1.7594541013783693,-0.9414443014598928,ridge_0p1
2005-03-03,1.7596821615197875,-0.9286043483155759,ridge_0p1
2005-03-04,1.7675614774348558,-0.4849930862612095,ridge_0p1
2005-03-07,1.7674585456927376,-0.4907882187979218,ridge_0p1
2005-03-08,1.7743567713689061,-0.10241305639470122,ridge_0p1
2005-03-09,1.7724260370396803,-0.21111481448028435,ridge_0p1
2005-03-10,1.7802713091544462,0.0,ridge_0p1
2005-03-11,1.7776377982112406,-0.14792750574946778,ridge_0p1
2005-03-14,1.7793533223475326,-0.051564433027317946,ridge_0p1
2005-03-15,1.7798701136108532,-0.022535640580734206,ridge_0p1
2005-03-16,1.7767588369430252,-0.19729982690611658,ridge_0p1
2005-03-17,1.77088303112272,-0.5273509708014879,ridge_0p1
2005-03-18,1.7740056863790203,-0.3519476353523787,ridge_0p1
2005-03-21,1.7680641101106833,-0.6856931851337178,ridge_0p1
2005-03-22,1.7643052709043698,-0.8968317451377383,ridge_0p1
2005-03-23,1.7726620921723149,-0.4274189525497296,ridge_0p1
2005-03-24,1.7715480198984281,-0.4899977442292869,ridge_0p1
2005-03-28,1.774804425010574,-0.30708151705645115,ridge_0p1
2005-03-29,1.776303969144515,-0.2228503031830309,ridge_0p1
2005-03-30,1.783236300124576,0.0,ridge_0p1
2005-03-31,1.7802560379288521,-0.16712659985194112,ridge_0p1
2005-04-01,1.7767734180534533,-0.3624243220413992,ridge_0p1
2005-04-04,1.778905223473509,-0.24287732650822846,ridge_0p1
2005-04-05,1.7871027782198026,0.0,ridge_0p1
2005-04-06,1.78298026808442,-0.2306812000756442,ridge_0p1
2005-04-07,1.7906246534015635,0.0,ridge_0p1
2005-04-08,1.7846912499129324,-0.3313594212700943,ridge_0p1
2005-04-11,1.7832089603784422,-0.4141400046645205,ridge_0p1
2005-04-12,1.7982381021888874,0.0,ridge_0p1
2005-04-13,1.7888627117351998,-0.5213653543585495,ridge_0p1
2005-04-14,1.7764735774367229,-1.2103249689611073,ridge_0p1
2005-04-15,1.7664082070681388,-1.7700600983820758,ridge_0p1
2005-04-18,1.7693257848443442,-1.607813632096322,ridge_0p1
2005-04-19,1.77062966800816,-1.5353047044838752,ridge_0p1
2005-04-20,1.7613876408875782,-2.0492537254356513,ridge_0p1
2005-04-21,1.7774929359030172,-1.1536384564768354,ridge_0p1
2005-04-22,1.7789845823060983,-1.0706880173072086,ridge_0p1
2005-04-25,1.7842776074617754,-0.7763429498084062,ridge_0p1
2005-04-26,1.774097676060522,-1.342448816927,ridge_0p1
2005-04-27,1.7778964163990296,-1.1312009107746657,ridge_0p1
2005-04-28,1.7773745449863947,-1.160222173976666,ridge_0p1
2005-04-29,1.7905901924331025,-0.42530017278999965,ridge_0p1
2005-05-02,1.7992475147111389,0.0,ridge_0p1
2005-05-03,1.8035397609806563,0.0,ridge_0p1
2005-05-04,1.8170347403862244,0.0,ridge_0p1
2005-05-05,1.8179072988380025,0.0,ridge_0p1
2005-05-06,1.8207241728269867,0.0,ridge_0p1
2005-05-09,1.818172078409773,-0.14016919505447367,ridge_0p1
2005-05-10,1.813668499476569,-0.3875201667401629,ridge_0p1
2005-05-11,1.8112062535629037,-0.5227545943603751,ridge_0p1
2005-05-12,1.801745284811828,-1.0423812842387137,ridge_0p1
2005-05-13,1.798374552754502,-1.2275126790777469,ridge_0p1
2005-05-16,1.8047726612395225,-0.8761080797151544,ridge_0p1
2005-05-17,1.808097336961122,-0.6935062462679054,ridge_0p1
2005-05-18,1.8139057439388373,-0.374489941415046,ridge_0p1
2005-05-19,1.8144501011009704,-0.3445921034966437,ridge_0p1
2005-05-20,1.8109892652365276,-0.5346722878591725,ridge_0p1
2005-05-23,1.8187550301464042,-0.10815161955723962,ridge_0p1
2005-05-24,1.8211989753183264,0.0,ridge_0p1
2005-05-25,1.8226846553183649,0.0,ridge_0p1
2005-05-26,1.8253881825411424,0.0,ridge_0p1
2005-05-27,1.8301250850959487,0.0,ridge_0p1
2005-05-31,1.8307558170698315,0.0,ridge_0p1
2005-06-01,1.8355389479986044,0.0,ridge_0p1
2005-06-02,1.832024364608756,-0.19147419310718838,ridge_0p1
2005-06-03,1.8404927347392925,0.0,ridge_0p1
2005-06-06,1.840541451192191,0.0,ridge_0p1
2005-06-07,1.8407398692543695,0.0,ridge_0p1
2005-06-08,1.8364897188285627,-0.23089359321197822,ridge_0p1
2005-06-09,1.8328646891408633,-0.4278268887985881,ridge_0p1
2005-06-10,1.8314453540943458,-0.5049336582136688,ridge_0p1
2005-06-13,1.8286845925822932,-0.6549147369182329,ridge_0p1
2005-06-14,1.8267766941925234,-0.7585631894582723,ridge_0p1
2005-06-15,1.8249634079223052,-0.8570717457461741,ridge_0p1
2005-06-16,1.822950493066519,-0.9664253208714668,ridge_0p1
2005-06-17,1.8314791930207508,-0.5030953253253534,ridge_0p1
2005-06-20,1.8319557503873025,-0.4772058786679745,ridge_0p1
2005-06-21,1.8257841309018463,-0.8124851643801945,ridge_0p1
2005-06-22,1.8264386584007588,-0.7769273156126966,ridge_0p1
2005-06-23,1.8173644922961085,-1.2698902951306046,ridge_0p1
2005-06-24,1.8166433437104024,-1.3090673998237379,ridge_0p1
2005-06-27,1.8242375694726556,-0.8965036319009356,ridge_0p1
2005-06-28,1.8273807040892507,-0.7257497590102302,ridge_0p1
2005-06-29,1.8242993002166061,-0.8931500486498933,ridge_0p1
2005-06-30,1.822043173486863,-1.0157163475293274,ridge_0p1
2005-07-01,1.819488452915825,-1.1545040498934123,ridge_0p1
2005-07-05,1.8167574281111332,-1.3028696527853767,ridge_0p1
2005-07-06,1.8019940821613265,-2.1049029110635664,ridge_0p1
2005-07-07,1.7987438437556416,-2.2814753024140932,ridge_0p1
2005-07-08,1.7998875749684948,-2.219340981755491,ridge_0p1
2005-07-11,1.7990571594940217,-2.2644541174213995,ridge_0p1
2005-07-12,1.7954245312149804,-2.461800213940335,ridge_0p1
2005-07-13,1.7971354333384464,-2.3688537769101514,ridge_0p1
2005-07-14,1.8025205617844127,-2.0763013888235315,ridge_0p1
2005-07-15,1.8055110335558007,-1.913841074830358,ridge_0p1
2005-07-18,1.7991633860688059,-2.2586832544896795,ridge_0p1
2005-07-19,1.7958630794013648,-2.4379756532998287,ridge_0p1
2005-07-20,1.7965001446227296,-2.4033664598985482,ridge_0p1
2005-07-21,1.7973637194562773,-2.3564519095065073,ridge_0p1
2005-07-22,1.8059582803872667,-1.8895439517584767,ridge_0p1
2005-07-25,1.8071886203096197,-1.822704527953778,ridge_0p1
2005-07-26,1.808740905332566,-1.738375120584823,ridge_0p1
2005-07-27,1.8132312823592593,-1.4944309815081658,ridge_0p1
2005-07-28,1.8181467156781719,-1.2273952421832157,ridge_0p1
2005-07-29,1.8170113354025275,-1.2890758899818833,ridge_0p1
2005-08-01,1.8139343744039698,-1.4562348161262895,ridge_0p1
2005-08-02,1.8216910963663104,-1.0348432826510767,ridge_0p1
2005-08-03,1.8255582409836246,-0.8247568558883089,ridge_0p1
2005-08-04,1.8283781175809053,-0.6715642921599541,ridge_0p1
2005-08-05,1.821436848704404,-1.0486555364167094,ridge_0p1
2005-08-08,1.8169915178389269,-1.290152498574526,ridge_0p1
2005-08-09,1.8187237698749825,-1.19604620658893,ridge_0p1
2005-08-10,1.8190783061991134,-1.1767856728191917,ridge_0p1
2005-08-11,1.818534932887269,-1.2063049612814125,ridge_0p1
2005-08-12,1.8187832916497726,-1.192812627755535,ridge_0p1
2005-08-15,1.8222355080981596,-1.0052675810029332,ridge_0p1
2005-08-16,1.8254894988917518,-0.8284913374965397,ridge_0p1
2005-08-17,1.8349087536930666,-0.31678107584343085,ridge_0p1
2005-08-18,1.8409826451555162,0.0,ridge_0p1
2005-08-19,1.8342036823862677,-0.3682252403132136,ridge_0p1
2005-08-22,1.8307679200217482,-0.5548517885623605,ridge_0p1
2005-08-23,1.8292261361582252,-0.6385996645991154,ridge_0p1
2005-08-24,1.8261899055248534,-0.8035241217286604,ridge_0p1
2005-08-25,1.8254200193343553,-0.8453434290710771,ridge_0p1
2005-08-26,1.8266440013665803,-0.7788581726540178,ridge_0p1
2005-08-29,1.8261192738853436,-0.8073607488525258,ridge_0p1
2005-08-30,1.8202964273906064,-1.123650883909466,ridge_0p1
2005-08-31,1.8146583866826818,-1.4299025871920001,ridge_0p1
2005-09-01,1.8036158978729588,-2.0297175196565154,ridge_0p1
2005-09-02,1.8076752220192753,-1.809219832891329,ridge_0p1
2005-09-06,1.8112436565968235,-1.6153866869386246,ridge_0p1
2005-09-07,1.8167976570919868,-1.3136999486209944,ridge_0p1
2005-09-08,1.8128407795765846,-1.5286328555560225,ridge_0p1
2005-09-09,1.808700741166025,-1.7535148456961247,ridge_0p1
2005-09-12,1.8069008415142398,-1.8512832660840917,ridge_0p1
2005-09-13,1.8064081187771521,-1.8780473824316468,ridge_0p1
2005-09-14,1.8009221646678943,-2.176037921543672,ridge_0p1
2005-09-15,1.8004411663732103,-2.2021651800460784,ridge_0p1
2005-09-16,1.8041542153452899,-2.0004767512143085,ridge_0p1
2005-09-19,1.7967322173918452,-2.4036309022311797,ridge_0p1
2005-09-20,1.7928578483830635,-2.614082044667365,ridge_0p1
2005-09-21,1.7791213942598292,-3.3602299868753738,ridge_0p1
2005-09-22,1.7860102084585168,-2.986037746833603,ridge_0p1
2005-09-23,1.7952120321210663,-2.4862055682542072,ridge_0p1
2005-09-26,1.7916337696217588,-2.6805725552936255,ridge_0p1
2005-09-27,1.7915791487789827,-2.6835394948744984,ridge_0p1
2005-09-28,1.7877873547837106,-2.8895052602362803,ridge_0p1
2005-09-29,1.7774689100746655,-3.4499909734611034,ridge_0p1
2005-09-30,1.7830304169288984,-3.147896498596392,ridge_0p1
2005-10-03,1.781705920653254,-3.219841569840265,ridge_0p1
2005-10-04,1.7840957141892533,-3.090030811314759,ridge_0p1
2005-10-05,1.7887400379353824,-2.8377566381523778,ridge_0p1
2005-10-06,1.7975085015894747,-2.361464062708152,ridge_0p1
2005-10-07,1.791928834856382,-2.664544960715287,ridge_0p1
2005-10-10,1.7953232352970765,-2.48016514325059,ridge_0p1
2005-10-11,1.794599784526135,-2.5194621335207112,ridge_0p1
2005-10-12,1.802087285043034,-2.1127499607252687,ridge_0p1
2005-10-13,1.8065763483713597,-1.8689093498352904,ridge_0p1
2005-10-14,1.8065258818891305,-1.8716506294645163,ridge_0p1
2005-10-17,1.806185028887376,-1.8901653614013747,ridge_0p1
2005-10-18,1.8095355302508984,-1.708170089890304,ridge_0p1
2005-10-19,1.8111147472708302,-1.6223888890686933,ridge_0p1
2005-10-20,1.807746625689335,-1.8053412699810423,ridge_0p1
2005-10-21,1.8063497981592984,-1.8812152894191025,ridge_0p1
2005-10-24,1.8077112966576359,-1.8072603012001642,ridge_0p1
2005-10-25,1.8052327522130727,-1.9418919041153448,ridge_0p1
2005-10-26,1.7983341066203091,-2.3166181738559777,ridge_0p1
2005-10-27,1.7984976319817974,-2.30773566961735,ridge_0p1
2005-10-28,1.7979160073330085,-2.3393288326664097,ridge_0p1
2005-10-31,1.7950553404892504,-2.49471687237911,ridge_0p1
2005-11-01,1.7828785257401096,-3.1561470483334353,ridge_0p1
2005-11-02,1.7823912094887435,-3.1826174907707117,ridge_0p1
2005-11-03,1.7937279836604294,-2.566817325488424,ridge_0p1
2005-11-04,1.7910926565770429,-2.709965175921525,ridge_0p1
2005-11-07,1.7871427510138098,-2.9245193746602838,ridge_0p1
2005-11-08,1.792222512571052,-2.6485927345798133,ridge_0p1
2005-11-09,1.793343770847742,-2.5876873110745713,ridge_0p1
2005-11-10,1.790484828549609,-2.7429816755084824,ridge_0p1
2005-11-11,1.7867113658985894,-2.947951703930507,ridge_0p1
2005-11-14,1.7845420928776379,-3.0657840488827914,ridge_0p1
2005-11-15,1.7959249422808248,-2.447481131517415,ridge_0p1
2005-11-16,1.7988396950933339,-2.2891552059483122,ridge_0p1
2005-11-17,1.7964926419904486,-2.416644354695119,ridge_0p1
2005-11-18,1.7931230396885838,-2.5996771665867335,ridge_0p1
2005-11-21,1.7968498023214055,-2.3972438279222685,ridge_0p1
2005-11-22,1.7954994069406058,-2.470595707927936,ridge_0p1
2005-11-23,1.7956332144667362,-2.4633274413594086,ridge_0p1
2005-11-25,1.8010347414887187,-2.16992288177833,ridge_0p1
2005-11-28,1.801757704544174,-2.130652383636611,ridge_0p1
2005-11-29,1.8076471797388851,-1.8107430563972016,ridge_0p1
2005-11-30,1.8053480276079157,-1.935630281000844,ridge_0p1
2005-12-01,1.809394339215363,-1.7158394199574212,ridge_0p1
2005-12-02,1.8162958729078127,-1.3409562720575363,ridge_0p1
2005-12-05,1.8192240494926346,-1.1819011830523585,ridge_0p1
2005-12-06,1.817902885836448,-1.2536652303486773,ridge_0p1
2005-12-07,1.8154261488748953,-1.3881986529243995,ridge_0p1
2005-12-08,1.8265289246421395,-0.7851090042272357,ridge_0p1
2005-12-09,1.8280437700191374,-0.7028243949190438,ridge_0p1
2005-12-12,1.8257633424648558,-0.826694522662097,ridge_0p1
2005-12-13,1.830119662909877,-0.59006434820148,ridge_0p1
2005-12-14,1.8311430048325577,-0.5344776252427574,ridge_0p1
2005-12-15,1.8355493303580808,-0.29513123394905305,ridge_0p1
2005-12-16,1.8370042209570128,-0.2161032972783583,ridge_0p1
2005-12-19,1.838892539376941,-0.11353207397556409,ridge_0p1
2005-12-20,1.845524313634035,0.0,ridge_0p1
2005-12-21,1.839021756341555,-0.3523420008309519,ridge_0p1
2005-12-22,1.839670021085016,-0.3172156825986816,ridge_0p1
2005-12-23,1.834804577254865,-0.5808504553408866,ridge_0p1
2005-12-27,1.8338498143913755,-0.632584418228066,ridge_0p1
2005-12-28,1.8333863773389718,-0.6576958214742912,ridge_0p1
2005-12-29,1.8336570829884413,-0.6430275969773414,ridge_0p1
2005-12-30,1.8358961688766104,-0.5217024065353848,ridge_0p1
2006-01-03,1.838936001557864,-0.3569886361018959,ridge_0p1
2006-01-04,1.8391613630499601,-0.344777391284834,ridge_0p1
2006-01-05,1.8451403167026519,-0.02080692887902469,ridge_0p1
2006-01-06,1.8470168537973268,0.0,ridge_0p1
2006-01-09,1.8402772170795763,-0.36489308172226176,ridge_0p1
2006-01-10,1.843172705135153,-0.2081274274390421,ridge_0p1
2006-01-11,1.8402865125951768,-0.3643898098879217,ridge_0p1
2006-01-12,1.8424355000608217,-0.24804071100305025,ridge_0p1
2006-01-13,1.8468166082330906,-0.010841566703878591,ridge_0p1
2006-01-17,1.852881188605953,0.0,ridge_0p1
2006-01-18,1.853512398047531,0.0,ridge_0p1
2006-01-19,1.8461889210736033,-0.3951134603492279,ridge_0p1
2006-01-20,1.8435748918686685,-0.5361445755275529,ridge_0p1
2006-01-23,1.8422179278534645,-0.6093549849444768,ridge_0p1
2006-01-24,1.838824301311836,-0.7924466408299913,ridge_0p1
2006-01-25,1.8341576013957954,-1.0442226700033808,ridge_0p1
2006-01-26,1.8378241446038974,-0.8464067173308054,ridge_0p1
2006-01-27,1.8353374920435825,-0.980565655945631,ridge_0p1
2006-01-30,1.8351857073167996,-0.9887546881281462,ridge_0p1
2006-01-31,1.8330435030491585,-1.1043300827086044,ridge_0p1
2006-02-01,1.8435917400389301,-0.5352355894166716,ridge_0p1
2006-02-02,1.8392534215603924,-0.7692949074502464,ridge_0p1
2006-02-03,1.8501501375628855,-0.18139940624013473,ridge_0p1
2006-02-06,1.8476248837236349,-0.3176409464591634,ridge_0p1
2006-02-07,1.851237648943214,-0.12272640348740538,ridge_0p1
2006-02-08,1.8558939180835778,0.0,ridge_0p1
2006-02-09,1.8543447970932705,-0.08347034144640109,ridge_0p1
2006-02-10,1.861186510883149,0.0,ridge_0p1
2006-02-13,1.8622001622957096,0.0,ridge_0p1
2006-02-14,1.8613623006599387,-0.04499310292928049,ridge_0p1
2006-02-15,1.8586843831517883,-0.18879705925850532,ridge_0p1
2006-02-16,1.8714212320781836,0.0,ridge_0p1
2006-02-17,1.8756886229337573,0.0,ridge_0p1
2006-02-21,1.8767181155735646,0.0,ridge_0p1
2006-02-22,1.8744957237777717,-0.11841905171324774,ridge_0p1
2006-02-23,1.8763761217642505,-0.018222971605386107,ridge_0p1
2006-02-24,1.877559827408691,0.0,ridge_0p1
2006-02-27,1.8790731269014098,0.0,ridge_0p1
2006-02-28,1.88106114287625,0.0,ridge_0p1
2006-03-01,1.8861567298548547,0.0,ridge_0p1
2006-03-02,1.8882065001916832,0.0,ridge_0p1
2006-03-03,1.884231598530065,-0.21051202086289633,ridge_0p1
2006-03-06,1.8728296567986746,-0.8143623799328981,ridge_0p1
2006-03-07,1.8744660535334812,-0.7276983029561257,ridge_0p1
2006-03-08,1.885909434260142,-0.12165332188550648,ridge_0p1
2006-03-09,1.8828398608344588,-0.28421887948588687,ridge_0p1
2006-03-10,1.8814908887315833,-0.35566085909661815,ridge_0p1
2006-03-13,1.8795418752329514,-0.4588812165328471,ridge_0p1
2006-03-14,1.87955301421974,-0.4582912923488336,ridge_0p1
2006-03-15,1.884084281515492,-0.21831397549859632,ridge_0p1
2006-03-16,1.8898163796065501,0.0,ridge_0p1
2006-03-17,1.8861674578287015,-0.1930834030874573,ridge_0p1
2006-03-20,1.880616345931138,-0.4868215650309593,ridge_0p1
2006-03-21,1.8807180531331744,-0.4814397087229194,ridge_0p1
2006-03-22,1.875552591891735,-0.7547710914530659,ridge_0p1
2006-03-23,1.873230616310687,-0.8776388793558909,ridge_0p1
2006-03-24,1.8740609728603745,-0.8337004015943505,ridge_0p1
2006-03-27,1.8694376229936525,-1.0783458558624837,ridge_0p1
2006-03-28,1.867765036161109,-1.1668511122774894,ridge_0p1
2006-03-29,1.8707542888242161,-1.0086742282497618,ridge_0p1
2006-03-30,1.8747284004062519,-0.7983833436473575,ridge_0p1
2006-03-31,1.870834957853988,-1.0044056109045907,ridge_0p1
2006-04-03,1.881731737378712,-0.42780041040396677,ridge_0p1
2006-04-04,1.884331633821621,-0.290226386230763,ridge_0p1
2006-04-05,1.8733102506329096,-0.8734250137612309,ridge_0p1
2006-04-06,1.8734866925813807,-0.8640885538609422,ridge_0p1
2006-04-07,1.8704880393378878,-1.0227628714217452,ridge_0p1
2006-04-10,1.873273165818048,-0.8753873639271936,ridge_0p1
2006-04-11,1.866273747531275,-1.2457629391579683,ridge_0p1
2006-04-12,1.8738407174707226,-0.8453552582263879,ridge_0p1
2006-04-13,1.870645804295501,-1.0144147081125654,ridge_0p1
2006-04-17,1.866858903173017,-1.2147993149637548,ridge_0p1
2006-04-18,1.872080302275201,-0.9385079694907539,ridge_0p1
2006-04-19,1.870126840710911,-1.0418757667736145,ridge_0p1
2006-04-20,1.8724893852247386,-0.9168612659299136,ridge_0p1
2006-04-21,1.874463140618401,-0.8124196167325848,ridge_0p1
2006-04-24,1.8796502240900508,-0.5379440895001641,ridge_0p1
2006-04-25,1.868102619662675,-1.1489878158636668,ridge_0p1
2006-04-26,1.8750051206543612,-0.783740638086361,ridge_0p1
2006-04-27,1.8857192394887465,-0.21680096341722965,ridge_0p1
2006-04-28,1.8837909501911525,-0.3188367653291335,ridge_0p1
2006-05-01,1.8788730809161758,-0.5790667711670805,ridge_0p1
2006-05-02,1.8715318626193829,-0.9675287601737304,ridge_0p1
2006-05-03,1.8614312124688956,-1.5020066205354898,ridge_0p1
2006-05-04,1.8621285196167268,-1.4651084776600265,ridge_0p1
2006-05-05,1.8651599342435166,-1.3047005851524518,ridge_0p1
2006-05-08,1.8640622531287134,-1.3627845940883732,ridge_0p1
2006-05-09,1.8615234907996214,-1.497123694780289,ridge_0p1
2006-05-10,1.8601546728287492,-1.5695549630052597,ridge_0p1
2006-05-11,1.8592608931204706,-1.616849489495964,ridge_0p1
2006-05-12,1.862988791341789,-1.4195870325955373,ridge_0p1
2006-05-15,1.8695988844810745,-1.0698126730007917,ridge_0p1
2006-05-16,1.866677373643193,-1.2244049852173755,ridge_0p1
2006-05-17,1.8677165520735168,-1.169416657169331,ridge_0p1
2006-05-18,1.8699383121770976,-1.0518517906798475,ridge_0p1
2006-05-19,1.8688384357642296,-1.1100519642383455,ridge_0p1
2006-05-22,1.8680596832146237,-1.151259806333993,ridge_0p1
2006-05-23,1.8722394850059303,-0.9300847844423532,ridge_0p1
2006-05-24,1.8705872804803638,-1.017511507133284,ridge_0p1
2006-05-25,1.8699992212105616,-1.048628777369065,ridge_0p1
2006-05-26,1.8691530160568484,-1.09340588708432,ridge_0p1
2006-05-30,1.8721040346891162,-0.9372521642087572,ridge_0p1
2006-05-31,1.8777672741039477,-0.6375807529571231,ridge_0p1
2006-06-01,1.879625235313054,-0.5392663754781202,ridge_0p1
2006-06-02,1.8802649959557969,-0.5054133170727337,ridge_0p1
2006-06-05,1.8785550570435887,-0.5958950660225448,ridge_0p1
2006-06-06,1.8811064857625885,-0.46088572085373203,ridge_0p1
2006-06-07,1.8813295604814224,-0.4490816788716101,ridge_0p1
2006-06-08,1.8802001897081169,-0.5088425522290829,ridge_0p1
2006-06-09,1.8794086222309307,-0.5507284987013472,ridge_0p1
2006-06-12,1.8748963985391525,-0.7894936898845129,ridge_0p1
2006-06-13,1.8805539309839696,-0.49012426405727894,ridge_0p1
2006-06-14,1.8895654324916746,-0.013278915220737986,ridge_0p1
2006-06-15,1.8956224252818985,0.0,ridge_0p1
2006-06-16,1.8901141136719206,-0.2905806312751724,ridge_0p1
2006-06-19,1.8886211747491384,-0.3693378195670505,ridge_0p1
2006-06-20,1.88491497414686,-0.5648514700097085,ridge_0p1
2006-06-21,1.8849403981374233,-0.5635102751481047,ridge_0p1
2006-06-22,1.8832295436156954,-0.6537631914942166,ridge_0p1
2006-06-23,1.8759983350285807,-1.0352320162281048,ridge_0p1
2006-06-26,1.8728180754199362,-1.2030006375647884,ridge_0p1
2006-06-27,1.869756536529445,-1.364506370439611,ridge_0p1
2006-06-28,1.8695269896209639,-1.3766156863782575,ridge_0p1
2006-06-29,1.8749653064788863,-1.0897274967582415,ridge_0p1
2006-06-30,1.8807272258076948,-0.7857682666941757,ridge_0p1
2006-07-03,1.8814611558686485,-0.7470511650622624,ridge_0p1
2006-07-05,1.8807902854014475,-0.78244167628716,ridge_0p1
2006-07-06,1.8859221995235687,-0.5117171873975535,ridge_0p1
2006-07-07,1.8841456282288649,-0.6054368686489342,ridge_0p1
2006-07-10,1.8879290155978845,-0.40585137532701543,ridge_0p1
2006-07-11,1.8898323600274491,-0.3054440154973581,ridge_0p1
2006-07-12,1.8825712726079342,-0.6884890419052381,ridge_0p1
2006-07-13,1.8841621314695227,-0.6045662711903987,ridge_0p1
2006-07-14,1.880310861926251,-0.8077327610940488,ridge_0p1
2006-07-17,1.8874219435463753,-0.43260100883770747,ridge_0p1
2006-07-18,1.8863724914816105,-0.4879628810527725,ridge_0p1
2006-07-19,1.8997577394336205,0.0,ridge_0p1
2006-07-20,1.8901139324133522,-0.507633516636885,ridge_0p1
2006-07-21,1.8879255588715183,-0.6228257591217812,ridge_0p1
2006-07-24,1.8946474597131349,-0.26899638908743917,ridge_0p1
2006-07-25,1.897482512769509,-0.11976404237677984,ridge_0p1
2006-07-26,1.8878090722062788,-0.6289574180602608,ridge_0p1
2006-07-27,1.8940637533015652,-0.29972169681765637,ridge_0p1
2006-07-28,1.905966465047715,0.0,ridge_0p1
2006-07-31,1.9063997094406304,0.0,ridge_0p1
2006-08-01,1.8972340326306114,-0.4807846310839192,ridge_0p1
2006-08-02,1.910818013700216,0.0,ridge_0p1
2006-08-03,1.9130425431246623,0.0,ridge_0p1
2006-08-04,1.9131162156926658,0.0,ridge_0p1
2006-08-07,1.9098977925926106,-0.16822935656786164,ridge_0p1
2006-08-08,1.9108320575576,-0.11939463563841457,ridge_0p1
2006-08-09,1.9147617907376433,0.0,ridge_0p1
2006-08-10,1.9149397750819732,0.0,ridge_0p1
2006-08-11,1.9135455047494776,-0.0728101400701231,ridge_0p1
2006-08-14,1.9194952616727718,0.0,ridge_0p1
2006-08-15,1.9221082108672582,0.0,ridge_0p1
2006-08-16,1.921682810314595,-0.02213197728713201,ridge_0p1
2006-08-17,1.9222933109310765,0.0,ridge_0p1
2006-08-18,1.9223084854555605,0.0,ridge_0p1
2006-08-21,1.924966479701462,0.0,ridge_0p1
2006-08-22,1.9214970348494853,-0.18023403984234188,ridge_0p1
2006-08-23,1.9259832934008336,0.0,ridge_0p1
2006-08-24,1.9252019230924822,-0.04056994217077614,ridge_0p1
2006-08-25,1.9220672325469323,-0.20332787243374506,ridge_0p1
2006-08-28,1.9202917797902181,-0.2955120966062763,ridge_0p1
2006-08-29,1.914337199451545,-0.6046830203144893,ridge_0p1
2006-08-30,1.9126026987311886,-0.6947409520888459,ridge_0p1
2006-08-31,1.9127893562164389,-0.6850494098054938,ridge_0p1
2006-09-01,1.9153110736839785,-0.5541179798091878,ridge_0p1
2006-09-05,1.922154142470739,-0.19881537618809952,ridge_0p1
2006-09-06,1.9231345699965727,-0.14791007866068462,ridge_0p1
2006-09-07,1.9178030044214494,-0.4247331224218387,ridge_0p1
2006-09-08,1.916656676967733,-0.4842521980879755,ridge_0p1
2006-09-11,1.9158964940048453,-0.5237220608584559,ridge_0p1
2006-09-12,1.9111998054417803,-0.7675813185767155,ridge_0p1
2006-09-13,1.9227366643183943,-0.16856995040214207,ridge_0p1
2006-09-14,1.9202046271930928,-0.30003719282201136,ridge_0p1
2006-09-15,1.9214285533804536,-0.23648907215272352,ridge_0p1
2006-09-18,1.92587105930035,-0.005827366253285948,ridge_0p1
2006-09-19,1.9220214967765497,-0.20570254362323181,ridge_0p1
2006-09-20,1.9185086573236467,-0.38809454385185793,ridge_0p1
2006-09-21,1.927333637123071,0.0,ridge_0p1
2006-09-22,1.9247460560063772,-0.13425704127471016,ridge_0p1
2006-09-25,1.9257979682841586,-0.07967841215102967,ridge_0p1
2006-09-26,1.9279660498246218,0.0,ridge_0p1
2006-09-27,1.9351908973831817,0.0,ridge_0p1
2006-09-28,1.9363356263481184,0.0,ridge_0p1
2006-09-29,1.9386227908435538,0.0,ridge_0p1
2006-10-02,1.9384646955109182,-0.008155033221646235,ridge_0p1
2006-10-03,1.9350317080729775,-0.18523886067663975,ridge_0p1
2006-10-04,1.9370397702888875,-0.08165696607628226,ridge_0p1
2006-10-05,1.939275231424203,0.0,ridge_0p1
2006-10-06,1.9422894089420084,0.0,ridge_0p1
2006-10-09,1.940987387986715,-0.06703537327130693,ridge_0p1
2006-10-10,1.938559696170398,-0.19202662355256583,ridge_0p1
2006-10-11,1.952630391927662,0.0,ridge_0p1
2006-10-12,1.9496368087499782,-0.15331028289119475,ridge_0p1
2006-10-13,1.9561058408561616,0.0,ridge_0p1
2006-10-16,1.9549870142621635,-0.057196628660360904,ridge_0p1
2006-10-17,1.960573854368615,0.0,ridge_0p1
2006-10-18,1.9688262044283003,0.0,ridge_0p1
2006-10-19,1.9650742804925418,-0.1905665379361321,ridge_0p1
2006-10-20,1.9693976779148388,0.0,ridge_0p1
2006-10-23,1.9729596477172306,0.0,ridge_0p1
2006-10-24,1.9694935587865232,-0.17567966657188183,ridge_0p1
2006-10-25,1.965756077214567,-0.36511494348089313,ridge_0p1
2006-10-26,1.956706753205242,-0.8237824088695223,ridge_0p1
2006-10-27,1.9544996233566974,-0.9356513896212726,ridge_0p1
2006-10-30,1.9509875447087959,-1.1136620576025047,ridge_0p1
2006-10-31,1.9559457059390433,-0.8623562979543475,ridge_0p1
2006-11-01,1.955763102191118,-0.8716116189203205,ridge_0p1
2006-11-02,1.95525455533068,-0.897387455796983,ridge_0p1
2006-11-03,1.9513657533689301,-1.0944924480987384,ridge_0p1
2006-11-06,1.9492820051069688,-1.2001077993489373,ridge_0p1
2006-11-07,1.9504899991103968,-1.138880292500244,ridge_0p1
2006-11-08,1.9454793208086052,-1.3928478943003753,ridge_0p1
2006-11-09,1.937583496306822,-1.793049921286527,ridge_0p1
2006-11-10,1.9367631771227596,-1.8346280237586887,ridge_0p1
2006-11-13,1.9363215338585573,-1.8570128335399394,ridge_0p1
2006-11-14,1.9359005262309206,-1.878351720431204,ridge_0p1
2006-11-15,1.929817317572686,-2.1866808170385776,ridge_0p1
2006-11-16,1.947954339828513,-1.267400877541991,ridge_0p1
2006-11-17,1.9425388590063772,-1.5418860059328132,ridge_0p1
2006-11-20,1.94887436482935,-1.2207691584441682,ridge_0p1
2006-11-21,1.9441889598328832,-1.4582501936943326,ridge_0p1
2006-11-22,1.939967183503799,-1.672232082982783,ridge_0p1
2006-11-24,1.9415415761672692,-1.5924335597189199,ridge_0p1
2006-11-27,1.9421322327621966,-1.5624959684655604,ridge_0p1
2006-11-28,1.9443704247678022,-1.4490525937774223,ridge_0p1
2006-11-29,1.949847196489418,-1.1714609193631764,ridge_0p1
2006-11-30,1.944179388791936,-1.4587353045255713,ridge_0p1
2006-12-01,1.948258799527933,-1.2519692543067062,ridge_0p1
2006-12-04,1.9538813893382898,-0.9669867501352569,ridge_0p1
2006-12-05,1.953524289669952,-0.9850864446095398,ridge_0p1
2006-12-06,1.948193488701265,-1.2552795514404358,ridge_0p1
2006-12-07,1.9551388904469418,-0.9032499621017598,ridge_0p1
2006-12-08,1.9557279161408623,-0.873395033512514,ridge_0p1
2006-12-11,1.962573275050699,-0.5264361427031239,ridge_0p1
2006-12-12,1.9681781394096847,-0.24235205788817327,ridge_0p1
2006-12-13,1.9690294291498258,-0.1992042043004849,ridge_0p1
2006-12-14,1.9700101752791488,-0.1494948181780864,ridge_0p1
2006-12-15,1.9768112694837152,0.0,ridge_0p1
2006-12-18,1.989318453091983,0.0,ridge_0p1
2006-12-19,1.990541945886673,0.0,ridge_0p1
2006-12-20,1.9970192709759003,0.0,ridge_0p1
2006-12-21,1.9977708173258597,0.0,ridge_0p1
2006-12-22,1.999035107523164,0.0,ridge_0p1
2006-12-26,2.0045641858316166,0.0,ridge_0p1
2006-12-27,2.002767085854802,-0.0896504082790961,ridge_0p1
2006-12-28,2.004526375875439,-0.0018861933404168418,ridge_0p1
2006-12-29,2.005175255698916,0.0,ridge_0p1
2007-01-03,2.0178360308086836,0.0,ridge_0p1
2007-01-04,2.0165548402712328,-0.06349329271008175,ridge_0p1
2007-01-05,2.006250737855958,-0.5741444188645195,ridge_0p1
2007-01-08,2.010140146827065,-0.3813929310467423,ridge_0p1
2007-01-09,2.009437370126232,-0.41622116734062464,ridge_0p1
2007-01-10,2.0117440836637805,-0.30190496412444423,ridge_0p1
2007-01-11,2.016100032468435,-0.08603267628009004,ridge_0p1
2007-01-12,2.0131992078872916,-0.22979185873361896,ridge_0p1
2007-01-16,2.0239304826855125,0.0,ridge_0p1
2007-01-17,2.02716080609101,0.0,ridge_0p1
2007-01-18,2.0380370638828174,0.0,ridge_0p1
2007-01-19,2.0362306346649186,-0.08863573925673718,ridge_0p1
2007-01-22,2.039035481718136,0.0,ridge_0p1
2007-01-23,2.037792978052571,-0.06093585308865057,ridge_0p1
2007-01-24,2.034966085293451,-0.19957457637060916,ridge_0p1
2007-01-25,2.0381623072226223,-0.042822918156293355,ridge_0p1
2007-01-26,2.037030236041995,-0.098342853477551,ridge_0p1
2007-01-29,2.0332699819483517,-0.28275622574877035,ridge_0p1
2007-01-30,2.0322044487463136,-0.33501295259789066,ridge_0p1
2007-01-31,2.018501787004734,-1.0070297892070146,ridge_0p1
2007-02-01,2.023364780090687,-0.7685350141256264,ridge_0p1
2007-02-02,2.018577857839572,-1.003299062816032,ridge_0p1
2007-02-05,2.0207562080960204,-0.8964666768188523,ridge_0p1
2007-02-06,2.0193434562875106,-0.9657519747539034,ridge_0p1
2007-02-07,2.0260999111865075,-0.6343965393249995,ridge_0p1
2007-02-08,2.028163891292697,-0.533173185210023,ridge_0p1
2007-02-09,2.0333993910665438,-0.2764096408387817,ridge_0p1
2007-02-12,2.042629258826509,0.0,ridge_0p1
2007-02-13,2.042644594854851,0.0,ridge_0p1
2007-02-14,2.042676929009581,0.0,ridge_0p1
2007-02-15,2.0428474846051237,0.0,ridge_0p1
2007-02-16,2.0388885525901537,-0.19379479108472264,ridge_0p1
2007-02-20,2.0389327325400903,-0.19163212596803314,ridge_0p1
2007-02-21,2.030636056285156,-0.5977650515759492,ridge_0p1
2007-02-22,2.028094859455636,-0.7221598900879034,ridge_0p1
2007-02-23,2.0218761474600027,-1.026573804611497,ridge_0p1
2007-02-26,2.028056120817226,-0.7240561960383918,ridge_0p1
2007-02-27,2.0188316052098343,-1.175608045939447,ridge_0p1
2007-02-28,2.025928319666175,-0.8282147867842093,ridge_0p1
2007-03-01,2.0279493927831593,-0.7292806699587762,ridge_0p1
2007-03-02,2.0339729600286875,-0.43441934081297484,ridge_0p1
2007-03-05,2.035851835841896,-0.34244596407448924,ridge_0p1
2007-03-06,2.03763183542943,-0.25531270518229787,ridge_0p1
2007-03-07,2.021723560834504,-1.034043115299088,ridge_0p1
2007-03-08,2.023042060453676,-0.9695008707552133,ridge_0p1
2007-03-09,2.027035317011782,-0.7740258493354024,ridge_0p1
2007-03-12,2.031696180860098,-0.545870596266318,ridge_0p1
2007-03-13,2.025095749934663,-0.8689701411504047,ridge_0p1
2007-03-14,2.0266217973883536,-0.7942681643659966,ridge_0p1
2007-03-15,2.030180052163372,-0.6200870371975031,ridge_0p1
2007-03-16,2.0294376286316376,-0.6564296196628794,ridge_0p1
2007-03-19,2.026886024546701,-0.7813339066527591,ridge_0p1
2007-03-20,2.0327412540570506,-0.4947129251808291,ridge_0p1
2007-03-21,2.03153306152227,-0.5538554967083442,ridge_0p1
2007-03-22,2.023815693205617,-0.931630557000962,ridge_0p1
2007-03-23,2.0199103823193103,-1.1228005251819884,ridge_0p1
2007-03-26,2.0164969238378294,-1.2898936883870116,ridge_0p1
2007-03-27,2.0110720317392796,-1.5554491025543293,ridge_0p1
2007-03-28,2.011054047484087,-1.5563294548727513,ridge_0p1
2007-03-29,2.01418002429146,-1.4033088877021593,ridge_0p1
2007-03-30,2.0143684561605024,-1.3940849064474459,ridge_0p1
2007-04-02,2.0158189776673088,-1.323080021465206,ridge_0p1
2007-04-03,2.019825487368952,-1.1269562417001389,ridge_0p1
2007-04-04,2.020251879473118,-1.1060838022557196,ridge_0p1
2007-04-05,2.0212237516441327,-1.058509415115283,ridge_0p1
2007-04-09,2.0216546882862065,-1.0374145147215241,ridge_0p1
2007-04-10,2.018169182804145,-1.2080344708527702,ridge_0p1
2007-04-11,2.0141162292520436,-1.406431736563718,ridge_0p1
2007-04-12,2.0067460370516006,-1.7672120814492098,ridge_0p1
2007-04-13,2.008522559388774,-1.680249038414361,ridge_0p1
2007-04-16,2.010094470666906,-1.6033019687002659,ridge_0p1
2007-04-17,2.023717922281104,-0.9364165689401682,ridge_0p1
2007-04-18,2.029766527377291,-0.6403296049465546,ridge_0p1
2007-04-19,2.033133657708284,-0.47550426402571677,ridge_0p1
2007-04-20,2.034588044160635,-0.4043101850104702,ridge_0p1
2007-04-23,2.0278140412560774,-0.7359063005113242,ridge_0p1
2007-04-24,2.030438429892581,-0.6074391165301063,ridge_0p1
2007-04-25,2.021063495949465,-1.0663541365580453,ridge_0p1
2007-04-26,2.020922077413051,-1.073276754985486,ridge_0p1
2007-04-27,2.0256753720500518,-0.8405968964634303,ridge_0p1
2007-04-30,2.0364269617127433,-0.31429281631474293,ridge_0p1
2007-05-01,2.034233366325605,-0.4216721191589001,ridge_0p1
2007-05-02,2.0268695482585954,-0.7821404420514932,ridge_0p1
2007-05-03,2.027377203746258,-0.7572900559365991,ridge_0p1
2007-05-04,2.031825515549945,-0.5395394976002943,ridge_0p1
2007-05-07,2.0385452376143975,-0.21060049872287934,ridge_0p1
2007-05-08,2.037947019984156,-0.23988401767128797,ridge_0p1
2007-05-09,2.0379806059209296,-0.23823994306333418,ridge_0p1
2007-05-10,2.0417991850982182,-0.051315603088597506,ridge_0p1
2007-05-11,2.040958366458738,-0.09247475206163314,ridge_0p1
2007-05-14,2.044515731542329,0.0,ridge_0p1
2007-05-15,2.0457106145407455,0.0,ridge_0p1
2007-05-16,2.0469710838158384,0.0,ridge_0p1
2007-05-17,2.03560479566253,-0.5552735084132343,ridge_0p1
2007-05-18,2.028123467343116,-0.920756361520636,ridge_0p1
2007-05-21,2.019543557980514,-1.339907830265763,ridge_0p1
2007-05-22,2.0235387938905656,-1.1447298943564777,ridge_0p1
2007-05-23,2.0156890481015677,-1.5282109240134734,ridge_0p1
2007-05-24,2.019220273343398,-1.3557011475076153,ridge_0p1
2007-05-25,2.0150049582431175,-1.5616305391638274,ridge_0p1
2007-05-29,2.0290632277950333,-0.8748465555958096,ridge_0p1
2007-05-30,2.0203120309909552,-1.3023658729554133,ridge_0p1
2007-05-31,2.016034323588846,-1.5113432950563332,ridge_0p1
2007-06-01,2.0152004484237116,-1.552080322155891,ridge_0p1
2007-06-04,1.99844015982181,-2.370865146935053,ridge_0p1
2007-06-05,1.991683308098373,-2.7009553849877244,ridge_0p1
2007-06-06,2.0006518687065364,-2.26281726574058,ridge_0p1
2007-06-07,2.0008834355946337,-2.2515046052966725,ridge_0p1
2007-06-08,2.0018949107511643,-2.202091344673307,ridge_0p1
2007-06-11,1.999175653466807,-2.3349343196355288,ridge_0p1
2007-06-12,1.9995443419307375,-2.3169229042889428,ridge_0p1
2007-06-13,1.9986738393440482,-2.3594492786755628,ridge_0p1
2007-06-14,1.9800850790797526,-3.2675598236297954,ridge_0p1
2007-06-15,1.9774168755295576,-3.39790868743598,ridge_0p1
2007-06-18,1.9743878432349837,-3.545884998314164,ridge_0p1
2007-06-19,1.97766692828051,-3.3856929432601435,ridge_0p1
2007-06-20,1.9759293122946615,-3.470580121178124,ridge_0p1
2007-06-21,1.9650610716640449,-4.001522679016157,ridge_0p1
2007-06-22,1.9641897020178554,-4.044091411573191,ridge_0p1
2007-06-25,1.9720286093680726,-3.661139868574137,ridge_0p1
2007-06-26,1.9858036096849048,-2.988194343073425,ridge_0p1
2007-06-27,1.9819026942563978,-3.1787644717552133,ridge_0p1
2007-06-28,1.9867053377050785,-2.944142522932769,ridge_0p1
2007-06-29,1.9831882845084936,-3.1159599572088137,ridge_0p1
2007-07-02,1.9841760623435885,-3.0677043739763654,ridge_0p1
2007-07-03,1.9851875877220568,-3.018288659877333,ridge_0p1
2007-07-05,1.9860604924023002,-2.975644936810362,ridge_0p1
2007-07-06,1.9790488529216934,-3.318182236728451,ridge_0p1
2007-07-09,1.9658862031288211,-3.9612128050125484,ridge_0p1
2007-07-10,1.9622351645986726,-4.139575780386995,ridge_0p1
2007-07-11,1.9682800666267155,-3.844266184866274,ridge_0p1
2007-07-12,1.9689156828175967,-3.8132146377336973,ridge_0p1
2007-07-13,1.9688473589148627,-3.816552442711707,ridge_0p1
2007-07-16,1.9692318946625023,-3.797766845265804,ridge_0p1
2007-07-17,1.9657311293420667,-3.9687885733260653,ridge_0p1
2007-07-18,1.963725283087458,-4.066779515673402,ridge_0p1
2007-07-19,1.9551702853151494,-4.484713986753519,ridge_0p1
2007-07-20,1.9567635043377216,-4.40688098582992,ridge_0p1
2007-07-23,1.9575656532647834,-4.367693870124967,ridge_0p1
2007-07-24,1.9658135540357644,-3.96476190708005,ridge_0p1
2007-07-25,1.959659467242046,-4.265405469774953,ridge_0p1
2007-07-26,1.9567908083353067,-4.405547112684327,ridge_0p1
2007-07-27,1.9530985474122435,-4.585923911958901,ridge_0p1
2007-07-30,1.9487809623295274,-4.796849465175201,ridge_0p1
2007-07-31,1.9459782361850124,-4.933770116701464,ridge_0p1
2007-08-01,1.949578215115784,-4.757901539014431,ridge_0p1
2007-08-02,1.9389674801558703,-5.2762642576579255,ridge_0p1
2007-08-03,1.9318791604819843,-5.622547589646787,ridge_0p1
2007-08-06,1.9337583123352402,-5.530746006902742,ridge_0p1
2007-08-07,1.9141684484165313,-6.487763136924462,ridge_0p1
2007-08-08,1.875346785201336,-8.38430498463959,ridge_0p1
2007-08-09,1.8481219112139708,-9.714312731334973,ridge_0p1
2007-08-10,1.8932808321108674,-7.508178934236387,ridge_0p1
2007-08-13,1.9160845665516613,-6.3941556526624925,ridge_0p1
2007-08-14,1.9237000924543908,-6.022116889489881,ridge_0p1
2007-08-15,1.936731926406276,-5.3854770241337,ridge_0p1
2007-08-16,1.9243949415739636,-5.988171655721475,ridge_0p1
2007-08-17,1.926773475256597,-5.871973937959895,ridge_0p1
2007-08-20,1.9342363292990472,-5.5073936025827,ridge_0p1
2007-08-21,1.9485237769670902,-4.809413656456185,ridge_0p1
2007-08-22,1.9580167752324982,-4.345655358136124,ridge_0p1
2007-08-23,1.9662537166426781,-3.943258789112536,ridge_0p1
2007-08-24,1.9702346598071203,-3.7487790919679576,ridge_0p1
2007-08-27,1.9711364686946788,-3.7047233212397557,ridge_0p1
2007-08-28,1.9738821625742948,-3.570588848050338,ridge_0p1
2007-08-29,1.9738458921902808,-3.572360753100723,ridge_0p1
2007-08-30,1.9768298130672393,-3.4265882553575766,ridge_0p1
2007-08-31,1.9794180503244159,-3.3001459583637205,ridge_0p1
2007-09-04,1.9772573069961719,-3.40570403611713,ridge_0p1
2007-09-05,1.9812932841756483,-3.20853578047412,ridge_0p1
2007-09-06,1.9856213675134298,-2.9970973594821926,ridge_0p1
2007-09-07,1.9878501502302994,-2.888215376024228,ridge_0p1
2007-09-10,1.989127726165346,-2.825802382252729,ridge_0p1
2007-09-11,1.9886159814982887,-2.85080247488243,ridge_0p1
2007-09-12,1.9919139041431755,-2.689690152829549,ridge_0p1
2007-09-13,1.9898912703265388,-2.7885012123813113,ridge_0p1
2007-09-14,1.9876260141272337,-2.8991650227895405,ridge_0p1
2007-09-17,1.9831121113094479,-3.119681221258319,ridge_0p1
2007-09-18,1.982184302728006,-3.1650071464156104,ridge_0p1
2007-09-19,1.9930363343525344,-2.63485644178042,ridge_0p1
2007-09-20,2.00103541183006,-2.2440801606316674,ridge_0p1
2007-09-21,1.9912580516318414,-2.7217302982189717,ridge_0p1
2007-09-24,1.986662833391163,-2.9462189720947385,ridge_0p1
2007-09-25,1.9924811355043173,-2.6619793871217934,ridge_0p1
2007-09-26,1.9905586226981309,-2.7558992681297134,ridge_0p1
2007-09-27,1.9955326965954772,-2.51290248440994,ridge_0p1
2007-09-28,2.002355854163566,-2.17957302890196,ridge_0p1
2007-10-01,1.9928161247069143,-2.6456142706213437,ridge_0p1
2007-10-02,1.983499163692347,-3.100772679464092,ridge_0p1
2007-10-03,1.9830455129239122,-3.1229347301164667,ridge_0p1
2007-10-04,1.9895768317269684,-2.803862377082489,ridge_0p1
2007-10-05,1.991317213624173,-2.718840077013629,ridge_0p1
2007-10-08,1.9989859048105167,-2.344204047859366,ridge_0p1
2007-10-09,1.9925744476228544,-2.657420841118141,ridge_0p1
2007-10-10,1.9974230855794162,-2.4205519378445617,ridge_0p1
2007-10-11,1.9983195105951068,-2.3767591836245328,ridge_0p1
2007-10-12,2.007745532564212,-1.9162728561120779,ridge_0p1
2007-10-15,2.015091352439225,-1.5574099521320717,ridge_0p1
2007-10-16,2.0235362796327996,-1.1448527225579097,ridge_0p1
2007-10-17,2.0320193709560193,-0.7304310734056463,ridge_0p1
2007-10-18,2.037042221008595,-0.48505144433865777,ridge_0p1
2007-10-19,2.0439270315780975,-0.14871007518417745,ridge_0p1
2007-10-22,2.0390079342983656,-0.3890211044226599,ridge_0p1
2007-10-23,2.037855434009073,-0.44532381912169017,ridge_0p1
2007-10-24,2.0399069283835276,-0.34510284430311344,ridge_0p1
2007-10-25,2.037413713750308,-0.4669030325388901,ridge_0p1
2007-10-26,2.0309779264008254,-0.7813084191301556,ridge_0p1
2007-10-29,2.0300412712723945,-0.8270665217158024,ridge_0p1
2007-10-30,2.0254367349851585,-1.052010407032078,ridge_0p1
2007-10-31,2.0364554943603603,-0.5137146068461051,ridge_0p1
2007-11-01,2.0395393998573015,-0.36305759359742673,ridge_0p1
2007-11-02,2.0497098520870054,0.0,ridge_0p1
2007-11-05,2.048071305370189,-0.07994042255045075,ridge_0p1
2007-11-06,2.052350595749208,0.0,ridge_0p1
2007-11-07,2.0471166041854705,-0.25502424266974355,ridge_0p1
2007-11-08,2.0491122199846408,-0.15778862399408178,ridge_0p1
2007-11-09,2.047558188090644,-0.23350823531271825,ridge_0p1
2007-11-12,2.0487000027152122,-0.17787375322504406,ridge_0p1
2007-11-13,2.0491466535801464,-0.15611086018624265,ridge_0p1
2007-11-14,2.043123502822064,-0.44958658361075043,ridge_0p1
2007-11-15,2.0426264655011424,-0.47380453749987783,ridge_0p1
2007-11-16,2.044706937454327,-0.37243433508447055,ridge_0p1
2007-11-19,2.0371642026596106,-0.7399512111162188,ridge_0p1
2007-11-20,2.033101909372211,-0.9378849021636104,ridge_0p1
2007-11-21,2.0368403538128512,-0.755730622656825,ridge_0p1
2007-11-23,2.0380775323813074,-0.6954495687755635,ridge_0p1
2007-11-26,2.0417115019040466,-0.518385789796183,ridge_0p1
2007-11-27,2.0455404461185,-0.3318219433274705,ridge_0p1
2007-11-28,2.050839498220915,-0.07362765072510546,ridge_0p1
2007-11-29,2.0580733551615302,0.0,ridge_0p1
2007-11-30,2.0484173608976453,-0.4691763896397694,ridge_0p1
2007-12-03,2.04789692719722,-0.49446381193305466,ridge_0p1
2007-12-04,2.053778774915288,-0.208669930810379,ridge_0p1
2007-12-05,2.058894271183901,0.0,ridge_0p1
2007-12-06,2.052220655194051,-0.32413592495997845,ridge_0p1
2007-12-07,2.058109036365869,-0.038138666420239886,ridge_0p1
2007-12-10,2.0483223952005223,-0.5134734760954829,ridge_0p1
2007-12-11,2.067560377647535,0.0,ridge_0p1
2007-12-12,2.072307578699734,0.0,ridge_0p1
2007-12-13,2.08092527997417,0.0,ridge_0p1
2007-12-14,2.0889983938361265,0.0,ridge_0p1
2007-12-17,2.079433211638216,-0.45788365496755024,ridge_0p1
2007-12-18,2.0767632201575146,-0.5856956958278925,ridge_0p1
2007-12-19,2.075668999283322,-0.6380758641143291,ridge_0p1
2007-12-20,2.082146587657703,-0.32799480356904276,ridge_0p1
2007-12-21,2.0835923507068785,-0.25878637078895483,ridge_0p1
2007-12-24,2.0787331410740464,-0.4913959145382396,ridge_0p1
2007-12-26,2.0809359407412624,-0.3859482668178926,ridge_0p1
2007-12-27,2.079223261861051,-0.46793391531169126,ridge_0p1
2007-12-28,2.084402441891963,-0.2200074426923715,ridge_0p1
2007-12-31,2.0772850207374045,-0.5607171902708874,ridge_0p1
2008-01-02,2.0713975621191074,-0.8425488391447633,ridge_0p1
2008-01-03,2.0794489495111717,-0.4571302856494208,ridge_0p1
2008-01-04,2.0843908072519994,-0.22056439094076952,ridge_0p1
2008-01-07,2.0812954652202458,-0.3687378907810235,ridge_0p1
2008-01-08,2.0897335403853736,0.0,ridge_0p1
2008-01-09,2.0979243716376446,0.0,ridge_0p1
2008-01-10,2.0982941060224536,0.0,ridge_0p1
2008-01-11,2.087087506829329,-0.5340814312426279,ridge_0p1
2008-01-14,2.086093177736316,-0.5814689299807441,ridge_0p1
2008-01-15,2.0766788589871847,-1.030134287335105,ridge_0p1
2008-01-16,2.0792198100688384,-0.9090382467771718,ridge_0p1
2008-01-17,2.0661858264597726,-1.5302087286298338,ridge_0p1
2008-01-18,2.075454878501279,-1.0884664573770797,ridge_0p1
2008-01-22,2.0466608253241048,-2.460726575466843,ridge_0p1
2008-01-23,2.0262365094384065,-3.434103750147788,ridge_0p1
2008-01-24,2.0339442037786353,-3.0667722917928075,ridge_0p1
2008-01-25,2.0352810009291225,-3.0030635320603016,ridge_0p1
2008-01-28,2.014022797275976,-4.016181931055551,ridge_0p1
2008-01-29,2.0088088836864566,-4.264665381233234,ridge_0p1
2008-01-30,2.011786100058221,-4.122777913541298,ridge_0p1
2008-01-31,2.002167178020302,-4.5811942056288135,ridge_0p1
2008-02-01,1.9995338507090477,-4.706692690502612,ridge_0p1
2008-02-04,2.0157567046390135,-3.933547787535796,ridge_0p1
2008-02-05,2.004197339361429,-4.4844412606865225,ridge_0p1
2008-02-06,2.0100487822363453,-4.205574591894889,ridge_0p1
2008-02-07,2.000166187020066,-4.676556957422884,ridge_0p1
2008-02-08,2.0098627539519907,-4.214440283497445,ridge_0p1
2008-02-11,2.012520649172702,-4.0877709470549135,ridge_0p1
2008-02-12,2.0259754817604527,-3.4465437449609393,ridge_0p1
2008-02-13,2.034553248826887,-3.0377465681583837,ridge_0p1
2008-02-14,2.03614362958185,-2.961952581490912,ridge_0p1
2008-02-15,2.044889131741852,-2.545161525608841,ridge_0p1
2008-02-19,2.0551598349626397,-2.0556828013771455,ridge_0p1
2008-02-20,2.0481515255638123,-2.3896831390186835,ridge_0p1
2008-02-21,2.045272003836164,-2.526914698664373,ridge_0p1
2008-02-22,2.0523025958962764,-2.1918524192663935,ridge_0p1
2008-02-25,2.055616341366623,-2.0339267280663043,ridge_0p1
2008-02-26,2.0536190463048456,-2.1291133397069117,ridge_0p1
2008-02-27,2.050628224118004,-2.271649230088424,ridge_0p1
2008-02-28,2.060002625139207,-1.824886262290104,ridge_0p1
2008-02-29,2.0537723111704853,-2.121809079298431,ridge_0p1
2008-03-03,2.0614542179553053,-1.7557065981080422,ridge_0p1
2008-03-04,2.0686319976744887,-1.4136296843626273,ridge_0p1
2008-03-05,2.0687993126819104,-1.4056558256484775,ridge_0p1
2008-03-06,2.0702317261995486,-1.3373902038975927,ridge_0p1
2008-03-07,2.0667224917068645,-1.5046324642943643,ridge_0p1
2008-03-10,2.06771858480164,-1.4571608971810313,ridge_0p1
2008-03-11,2.0585773715449944,-1.8928106581182047,ridge_0p1
2008-03-12,2.05911433028881,-1.8672204063858833,ridge_0p1
2008-03-13,2.05440920891167,-2.091455958667887,ridge_0p1
2008-03-14,2.0478554342046222,-2.403794190388464,ridge_0p1
2008-03-17,2.04825443136587,-2.384778878850269,ridge_0p1
2008-03-18,2.051433728843373,-2.23326067802333,ridge_0p1
2008-03-19,2.0446270090024417,-2.557653708599683,ridge_0p1
2008-03-20,2.034144871873412,-3.0572088995971747,ridge_0p1
2008-03-24,2.0266609591518168,-3.4138754269498195,ridge_0p1
2008-03-25,2.036273382341674,-2.9557688554130657,ridge_0p1
2008-03-26,2.048480199307964,-2.374019284118245,ridge_0p1
2008-03-27,2.059899085300165,-1.829820739241872,ridge_0p1
2008-03-28,2.0653291351489664,-1.571036718774177,ridge_0p1
2008-03-31,2.058196739369237,-1.910950735558492,ridge_0p1
2008-04-01,2.06123691701686,-1.7660626743998153,ridge_0p1
2008-04-02,2.059736369967911,-1.8375753877340362,ridge_0p1
2008-04-03,2.049084785628953,-2.345206053444149,ridge_0p1
2008-04-04,2.0623889916001503,-1.7111573787130019,ridge_0p1
2008-04-07,2.0640773937560932,-1.6306919114986163,ridge_0p1
2008-04-08,2.0700202326596764,-1.347469512573407,ridge_0p1
2008-04-09,2.0839429638529507,-0.6839433103449477,ridge_0p1
2008-04-10,2.0839750677155444,-0.6824133121191678,ridge_0p1
2008-04-11,2.0819195128487222,-0.7803764556519321,ridge_0p1
2008-04-14,2.089375510750702,-0.4250402861140201,ridge_0p1
2008-04-15,2.088377204405035,-0.472617331810421,ridge_0p1
2008-04-16,2.091539445523658,-0.3219119988665309,ridge_0p1
2008-04-17,2.0880292127191384,-0.48920183657062966,ridge_0p1
2008-04-18,2.0918279026678155,-0.3081647770957874,ridge_0p1
2008-04-21,2.0983146486260504,0.0,ridge_0p1
2008-04-22,2.0962776348733505,-0.0970785651252859,ridge_0p1
2008-04-23,2.110246544382083,0.0,ridge_0p1
2008-04-24,2.0947427065246327,-0.7346931996512374,ridge_0p1
2008-04-25,2.0871910350301497,-1.092550508532375,ridge_0p1
2008-04-28,2.0807856319715,-1.3960886460880118,ridge_0p1
2008-04-29,2.0824798283480614,-1.315804359824324,ridge_0p1
2008-04-30,2.0847252113956167,-1.209400534473537,ridge_0p1
2008-05-01,2.0871076683346184,-1.0965010751499693,ridge_0p1
2008-05-02,2.085089994656746,-1.1921142480867508,ridge_0p1
2008-05-05,2.0842682671619444,-1.2310541291631671,ridge_0p1
2008-05-06,2.0828517749759037,-1.2981786170487952,ridge_0p1
2008-05-07,2.0790447892105175,-1.478583403187228,ridge_0p1
2008-05-08,2.08730915409968,-1.0869531023977808,ridge_0p1
2008-05-09,2.0883029722975417,-1.0398582167074122,ridge_0p1
2008-05-12,2.0915230075883757,-0.8872677386229211,ridge_0p1
2008-05-13,2.095053952220492,-0.7199439421918252,ridge_0p1
2008-05-14,2.0949450514821493,-0.7251045116348886,ridge_0p1
2008-05-15,2.089779539765551,-0.9698868917008552,ridge_0p1
2008-05-16,2.0975521019199848,-0.601562054248761,ridge_0p1
2008-05-19,2.1007954495951546,-0.4478668529082186,ridge_0p1
2008-05-20,2.1055657733958473,-0.22181156977590932,ridge_0p1
2008-05-21,2.1140332435881324,0.0,ridge_0p1
2008-05-22,2.119722687459027,0.0,ridge_0p1
2008-05-23,2.1133793467350386,-0.29925332976420416,ridge_0p1
2008-05-27,2.1152678704929224,-0.21016036637531155,ridge_0p1
2008-05-28,2.1051479136404883,-0.6875792717966234,ridge_0p1
2008-05-29,2.1097091354892443,-0.4723991505599323,ridge_0p1
2008-05-30,2.1086782510178805,-0.5210321381418859,ridge_0p1
2008-06-02,2.1078201774009844,-0.561512603910963,ridge_0p1
2008-06-03,2.098828017163245,-0.985726596191161,ridge_0p1
2008-06-04,2.098196161549198,-1.015535005460233,ridge_0p1
2008-06-05,2.1024389060429938,-0.8153793662864284,ridge_0p1
2008-06-06,2.0898836369199834,-1.4076865202972577,ridge_0p1
2008-06-09,2.1029263270018,-0.7923848037575731,ridge_0p1
2008-06-10,2.1105555392422763,-0.43246922208204364,ridge_0p1
2008-06-11,2.1119970384844913,-0.3644650793352855,ridge_0p1
2008-06-12,2.114872614111183,-0.2288069744471155,ridge_0p1
2008-06-13,2.1127092119699165,-0.3308675955871254,ridge_0p1
2008-06-16,2.101717868992738,-0.8493949974122228,ridge_0p1
2008-06-17,2.100134591743215,-0.9240876569233114,ridge_0p1
2008-06-18,2.097605976575133,-1.0433775613547747,ridge_0p1
2008-06-19,2.0922683205700796,-1.2951867266117523,ridge_0p1
2008-06-20,2.0886511625405477,-1.465829709815747,ridge_0p1
2008-06-23,2.1090521216205924,-0.5033944252031186,ridge_0p1
2008-06-24,2.1090810053571274,-0.5020318065593776,ridge_0p1
2008-06-25,2.112409808961751,-0.34499222660310247,ridge_0p1
2008-06-26,2.10662890004724,-0.6177122832743187,ridge_0p1
2008-06-27,2.0994696185157284,-0.9554584221380558,ridge_0p1
2008-06-30,2.1128608203388426,-0.323715321857021,ridge_0p1
2008-07-01,2.115892301470725,-0.18070222161435945,ridge_0p1
2008-07-02,2.1185654791116235,-0.05459244052299361,ridge_0p1
2008-07-03,2.1252849149121547,0.0,ridge_0p1
2008-07-07,2.1233083531434116,-0.0930022019576926,ridge_0p1
2008-07-08,2.1270183539009677,0.0,ridge_0p1
2008-07-09,2.127927416458914,0.0,ridge_0p1
2008-07-10,2.137331833598041,0.0,ridge_0p1
2008-07-11,2.131721501296036,-0.26249233805498706,ridge_0p1
2008-07-14,2.1379369534684094,0.0,ridge_0p1
2008-07-15,2.1256184636007305,-0.5761858340908699,ridge_0p1
2008-07-16,2.1164207464187896,-1.0064004466882714,ridge_0p1
2008-07-17,2.098736404487716,-1.8335689888842488,ridge_0p1
2008-07-18,2.1072184526003612,-1.4368291271738887,ridge_0p1
2008-07-21,2.10581157853223,-1.5026343449493051,ridge_0p1
2008-07-22,2.0947324756017904,-2.020849015052928,ridge_0p1
2008-07-23,2.0735273357021704,-3.0126995869427464,ridge_0p1
2008-07-24,2.0870016371204576,-2.3824517493520325,ridge_0p1
2008-07-25,2.0859547912608654,-2.431416984640844,ridge_0p1
2008-07-28,2.097367860114195,-1.8975813710688905,ridge_0p1
2008-07-29,2.076806567280257,-2.859316599069006,ridge_0p1
2008-07-30,2.103472304899254,-1.612051679692561,ridge_0p1
2008-07-31,2.089650260164835,-2.2585648854255624,ridge_0p1
2008-08-01,2.071961424836288,-3.0859436020827635,ridge_0p1
2008-08-04,2.0598322045879933,-3.653276526873517,ridge_0p1
2008-08-05,2.049146087101509,-4.1531096706501796,ridge_0p1
2008-08-06,2.060525653328918,-3.6208411110489447,ridge_0p1
2008-08-07,2.067226318100279,-3.3074237878444213,ridge_0p1
2008-08-08,2.0559742536452887,-3.8337285713758384,ridge_0p1
2008-08-11,2.03829015225228,-4.660885862628961,ridge_0p1
2008-08-12,2.0514203653461354,-4.0467324343646744,ridge_0p1
2008-08-13,2.0835559740073335,-2.543619416505838,ridge_0p1
2008-08-14,2.059247912916392,-3.6806062229458703,ridge_0p1
2008-08-15,2.0500563029757175,-4.11053517504909,ridge_0p1
2008-08-18,2.0630085350821568,-3.5047066408901872,ridge_0p1
2008-08-19,2.0874876486671683,-2.35971901413633,ridge_0p1
2008-08-20,2.1033172153909097,-1.6193058462895982,ridge_0p1
2008-08-21,2.11438593760226,-1.1015767246055796,ridge_0p1
2008-08-22,2.099702756710892,-1.788368768100923,ridge_0p1
2008-08-25,2.0955474387694797,-1.9827298756476708,ridge_0p1
2008-08-26,2.1011176495113006,-1.7221884816283395,ridge_0p1
2008-08-27,2.102244431201161,-1.6694843226945477,ridge_0p1
2008-08-28,2.092065394340007,-2.145599244822638,ridge_0p1
2008-08-29,2.0786285860101437,-2.774093378293907,ridge_0p1
2008-09-02,2.042462580092286,-4.46572445558947,ridge_0p1
2008-09-03,2.024539342250698,-5.304067130405543,ridge_0p1
2008-09-04,2.0157663941464574,-5.714413566955412,ridge_0p1
2008-09-05,2.0054464111416044,-6.197121113036729,ridge_0p1
2008-09-08,1.9906441050357548,-6.889485126944416,ridge_0p1
2008-09-09,1.983062091739041,-7.244126702525655,ridge_0p1
2008-09-10,1.9946941852207802,-6.700046416955563,ridge_0p1
2008-09-11,1.996025238621338,-6.637787639941662,ridge_0p1
2008-09-12,1.997111370377573,-6.586984843606958,ridge_0p1
2008-09-15,1.986723280298379,-7.072878034345875,ridge_0p1
2008-09-16,1.9727522769936827,-7.726358637786069,ridge_0p1
2008-09-17,1.9479017693589598,-8.888717873609531,ridge_0p1
2008-09-18,1.9247109936799194,-9.973444700629274,ridge_0p1
2008-09-19,1.9265983147888628,-9.885167022193453,ridge_0p1
2008-09-22,1.9452210193263784,-9.01410744734006,ridge_0p1
2008-09-23,1.9419480882367615,-9.167195735762556,ridge_0p1
2008-09-24,1.9466211021785753,-8.94861988233373,ridge_0p1
2008-09-25,1.9576429120888894,-8.433085039623178,ridge_0p1
2008-09-26,1.9533225429060133,-8.635166264509964,ridge_0p1
2008-09-29,1.944772752482642,-9.035074709401236,ridge_0p1
2008-09-30,1.9529684800317615,-8.651727224068539,ridge_0p1
2008-10-01,1.9348933845199223,-9.49717289927966,ridge_0p1
2008-10-02,1.9203118542183089,-10.179210331578947,ridge_0p1
2008-10-03,1.926055476705185,-9.910557765489092,ridge_0p1
2008-10-06,1.9021571686449343,-11.028378757426205,ridge_0p1
2008-10-07,1.8845957283459298,-11.849798690811719,ridge_0p1
2008-10-08,1.8874291703241257,-11.717267094236849,ridge_0p1
2008-10-09,1.8753531508445855,-12.282111602862278,ridge_0p1
2008-10-10,1.831382175929156,-14.3388127999717,ridge_0p1
2008-10-13,1.8931164125275484,-11.451251663136496,ridge_0p1
2008-10-14,1.8800540245388309,-12.062232635588755,ridge_0p1
2008-10-15,1.8425577970919804,-13.816083579884364,ridge_0p1
2008-10-16,1.8649586343513216,-12.768305383104527,ridge_0p1
2008-10-17,1.8678953396534486,-12.630943741201905,ridge_0p1
2008-10-20,1.9008816871493648,-11.088038210596718,ridge_0p1
2008-10-21,1.8884053194601904,-11.671608632022556,ridge_0p1
2008-10-22,1.8755422452099604,-12.273266890904422,ridge_0p1
2008-10-23,1.8827550940225117,-11.935892638551016,ridge_0p1
2008-10-24,1.873079058669189,-12.388480135933722,ridge_0p1
2008-10-27,1.8551744246544426,-13.225952634161475,ridge_0p1
2008-10-28,1.8789768514081828,-12.112616400596444,ridge_0p1
2008-10-29,1.8680723518941806,-12.622664159315978,ridge_0p1
2008-10-30,1.884114343833539,-11.872315000827783,ridge_0p1
2008-10-31,1.8819409265716975,-11.973974559044198,ridge_0p1
2008-11-03,1.8814163022767205,-11.998513369420516,ridge_0p1
2008-11-04,1.8872262879016413,-11.726756729661092,ridge_0p1
2008-11-05,1.8875527729026147,-11.71148569931365,ridge_0p1
2008-11-06,1.8817593718428678,-11.982466611559362,ridge_0p1
2008-11-07,1.8915500338248188,-11.524517560907166,ridge_0p1
2008-11-10,1.902082291574972,-11.031881062292626,ridge_0p1
2008-11-11,1.8976981109869802,-11.23694700592952,ridge_0p1
2008-11-12,1.8956748523479068,-11.331583035106663,ridge_0p1
2008-11-13,1.902513995600867,-11.011688510534047,ridge_0p1
2008-11-14,1.9021593089408277,-11.028278647088996,ridge_0p1
2008-11-17,1.9040204694571392,-10.941224605888578,ridge_0p1
2008-11-18,1.9086856873434837,-10.723013405657621,ridge_0p1
2008-11-19,1.910068787844872,-10.658320174215763,ridge_0p1
2008-11-20,1.908359197370801,-10.738284668552122,ridge_0p1
2008-11-21,1.9207135745780968,-10.160420237739364,ridge_0p1
2008-11-24,1.908281183754869,-10.741933682420623,ridge_0p1
2008-11-25,1.8982395626477662,-11.211621111267023,ridge_0p1
2008-11-26,1.8861391849294205,-11.777604953714537,ridge_0p1
2008-11-28,1.8878805110341197,-11.69615605495845,ridge_0p1
2008-12-01,1.8936036359604762,-11.428462243077252,ridge_0p1
2008-12-02,1.8900178754524968,-11.59618283475149,ridge_0p1
2008-12-03,1.8941847126717848,-11.401282923763556,ridge_0p1
2008-12-04,1.8907079827507747,-11.5639037117793,ridge_0p1
2008-12-05,1.8923112818939807,-11.488910894960968,ridge_0p1
2008-12-08,1.8783024886240285,-12.144159088656558,ridge_0p1
2008-12-09,1.8803421042582038,-12.048757976342817,ridge_0p1
2008-12-10,1.8708164971074603,-12.494309335342901,ridge_0p1
2008-12-11,1.8876366106284665,-11.707564268154712,ridge_0p1
2008-12-12,1.8852486523972705,-11.819258779413422,ridge_0p1
2008-12-15,1.891685537438537,-11.518179506199877,ridge_0p1
2008-12-16,1.890126606569359,-11.591097038526964,ridge_0p1
2008-12-17,1.8790185429161668,-12.110666319331598,ridge_0p1
2008-12-18,1.8916916354954587,-11.517894275294838,ridge_0p1
2008-12-19,1.8845879534409615,-11.8501623547147,ridge_0p1
2008-12-22,1.8969032504389458,-11.274125864115437,ridge_0p1
2008-12-23,1.8941099040272165,-11.404782028096216,ridge_0p1
2008-12-24,1.8948065263549028,-11.372198170721182,ridge_0p1
2008-12-26,1.8935486556954795,-11.431033893513787,ridge_0p1
2008-12-29,1.8973315274655569,-11.254093607040861,ridge_0p1
2008-12-30,1.8983087191060575,-11.20838638265732,ridge_0p1
2008-12-31,1.898246298457464,-11.211306050072778,ridge_0p1
2009-01-02,1.8955470406553323,-11.3375613074017,ridge_0p1
2009-01-05,1.8877759149035642,-11.701048441068618,ridge_0p1
2009-01-06,1.8688425786203113,-12.586637525093614,ridge_0p1
2009-01-07,1.8768500262971348,-12.21209665456734,ridge_0p1
2009-01-08,1.876511690886191,-12.227921976749789,ridge_0p1
2009-01-09,1.8834295812762203,-11.904344128543997,ridge_0p1
2009-01-12,1.8935372816310743,-11.4315659047308,ridge_0p1
2009-01-13,1.8898958565225097,-11.601890155998218,ridge_0p1
2009-01-14,1.8938561304452712,-11.416652049872745,ridge_0p1
2009-01-15,1.8988481805673867,-11.18315357771169,ridge_0p1
2009-01-16,1.9033807085963905,-10.971148821366993,ridge_0p1
2009-01-20,1.9100921969846385,-10.657225233612932,ridge_0p1
2009-01-21,1.9085085587828594,-10.731298428297642,ridge_0p1
2009-01-22,1.9141848335588012,-10.465795988352767,ridge_0p1
2009-01-23,1.9068218623221362,-10.810192076587267,ridge_0p1
2009-01-26,1.9083069103005263,-10.740730347326222,ridge_0p1
2009-01-27,1.9139761201793062,-10.475558361333714,ridge_0p1
2009-01-28,1.908377945884156,-10.737407724387571,ridge_0p1
2009-01-29,1.9153028876327802,-10.413500055483226,ridge_0p1
2009-01-30,1.9122698495110626,-10.555367574859654,ridge_0p1
2009-02-02,1.91398796349431,-10.475004401359145,ridge_0p1
2009-02-03,1.9205276800378646,-10.169115280871043,ridge_0p1
2009-02-04,1.914742674932991,-10.439703480185736,ridge_0p1
2009-02-05,1.910847034637041,-10.621918408910835,ridge_0p1
2009-02-06,1.909825520464014,-10.669698778269698,ridge_0p1
2009-02-09,1.9054400031433298,-10.874827246327168,ridge_0p1
2009-02-10,1.902631070673705,-11.006212433578256,ridge_0p1
2009-02-11,1.9049698339830528,-10.896818968745093,ridge_0p1
2009-02-12,1.9089880690024565,-10.708869786572773,ridge_0p1
2009-02-13,1.9036035780895357,-10.960724309419456,ridge_0p1
2009-02-17,1.9016259617424682,-11.053225463106852,ridge_0p1
2009-02-18,1.9011317210515282,-11.076343108841835,ridge_0p1
2009-02-19,1.9022168943491464,-11.025585143511861,ridge_0p1
2009-02-20,1.8961183240602604,-11.310840060827932,ridge_0p1
2009-02-23,1.891313548496113,-11.535578940819335,ridge_0p1
2009-02-24,1.890599797999205,-11.568963952278633,ridge_0p1
2009-02-25,1.885175181035678,-11.82269533358652,ridge_0p1
2009-02-26,1.8776281871598217,-12.175698908533505,ridge_0p1
2009-02-27,1.8741422357610014,-12.338751022543004,ridge_0p1
2009-03-02,1.8684806365353477,-12.603567027358709,ridge_0p1
2009-03-03,1.8573340655120945,-13.124937454357033,ridge_0p1
2009-03-04,1.8575561788272386,-13.114548311927754,ridge_0p1
2009-03-05,1.8475927225516113,-13.580579653940116,ridge_0p1
2009-03-06,1.8600882360522895,-12.996113705100687,ridge_0p1
2009-03-09,1.8491354965079891,-13.508417846087228,ridge_0p1
2009-03-10,1.8443221524711804,-13.733557508367733,ridge_0p1
2009-03-11,1.8391068257934668,-13.977499532441573,ridge_0p1
2009-03-12,1.8417632821350987,-13.853246273367581,ridge_0p1
2009-03-13,1.8533467541036914,-13.311440213567693,ridge_0p1
2009-03-16,1.8592881730086508,-13.033535905149229,ridge_0p1
2009-03-17,1.8701492661117387,-12.525518440674055,ridge_0p1
2009-03-18,1.8638017684446506,-12.822416703122364,ridge_0p1
2009-03-19,1.8554388528854613,-13.213584251146738,ridge_0p1
2009-03-20,1.8663134353303599,-12.704935835333696,ridge_0p1
2009-03-23,1.8616542112169532,-12.922866682445344,ridge_0p1
2009-03-24,1.8566764600225916,-13.155696335643785,ridge_0p1
2009-03-25,1.8583394328704734,-13.07791233714074,ridge_0p1
2009-03-26,1.8572899800258065,-13.12699951171642,ridge_0p1
2009-03-27,1.85989287331418,-13.00525161432633,ridge_0p1
2009-03-30,1.8774185963225871,-12.185502323778962,ridge_0p1
2009-03-31,1.8778088373918138,-12.167249163011363,ridge_0p1
2009-04-01,1.8676380365422025,-12.642978853408026,ridge_0p1
2009-04-02,1.8524799739720916,-13.35198304296188,ridge_0p1
2009-04-03,1.8378475518841815,-14.036400890933109,ridge_0p1
2009-04-06,1.8419319048506746,-13.845359103668663,ridge_0p1
2009-04-07,1.847079789232615,-13.604571629857098,ridge_0p1
2009-04-08,1.8464228610571691,-13.635298830412768,ridge_0p1
2009-04-09,1.812528865069941,-15.220658769687,ridge_0p1
2009-04-13,1.8034047720344952,-15.647429681740487,ridge_0p1
2009-04-14,1.8074976494725914,-15.45598917029527,ridge_0p1
2009-04-15,1.8047795476242585,-15.583125840248202,ridge_0p1
2009-04-16,1.7999807027742498,-15.807587316636617,ridge_0p1
2009-04-17,1.789844532292933,-16.281697203968548,ridge_0p1
2009-04-20,1.8136551225526627,-15.167979130051478,ridge_0p1
2009-04-21,1.7963164201715929,-15.978980705796776,ridge_0p1
2009-04-22,1.781998769000803,-16.64867543872901,ridge_0p1
2009-04-23,1.7766659863413268,-16.89811135641708,ridge_0p1
2009-04-24,1.7561847248789004,-17.85610319191996,ridge_0p1
2009-04-27,1.7766701503539146,-16.897916588625584,ridge_0p1
2009-04-28,1.7822979619521233,-16.634680968460145,ridge_0p1
2009-04-29,1.775930062288858,-16.932533515184424,ridge_0p1
2009-04-30,1.762372198864531,-17.566689887397935,ridge_0p1
2009-05-01,1.7655303162103375,-17.41897190438243,ridge_0p1
2009-05-04,1.7525336229643476,-18.026880066730488,ridge_0p1
2009-05-05,1.7531693693724952,-17.997143623515164,ridge_0p1
2009-05-06,1.7418507503552654,-18.52656143440371,ridge_0p1
2009-05-07,1.756995161988529,-17.81819575464433,ridge_0p1
2009-05-08,1.7421046592575196,-18.514685083146386,ridge_0p1
2009-05-11,1.7541074149307776,-17.95326742048866,ridge_0p1
2009-05-12,1.769890767387257,-17.21501588173894,ridge_0p1
2009-05-13,1.7843781226476438,-16.537383398850068,ridge_0p1
2009-05-14,1.7795826996967092,-16.76168481911201,ridge_0p1
2009-05-15,1.7769722615190184,-16.883785621638292,ridge_0p1
2009-05-18,1.7639898863300056,-17.49102407027221,ridge_0p1
2009-05-19,1.7642896678159052,-17.477002071849224,ridge_0p1
2009-05-20,1.7609664192213332,-17.63244391447142,ridge_0p1
2009-05-21,1.7621077483793934,-17.579059311328248,ridge_0p1
2009-05-22,1.7655399808351944,-17.418519850600344,ridge_0p1
2009-05-26,1.7750147376223098,-16.97534696976565,ridge_0p1
2009-05-27,1.7649279792519772,-17.447145651853468,ridge_0p1
2009-05-28,1.7630514476238903,-17.53491866242063,ridge_0p1
2009-05-29,1.764866163359306,-17.4500370323767,ridge_0p1
2009-06-01,1.7666187915936293,-17.368059487085652,ridge_0p1
2009-06-02,1.775752928998841,-16.94081875903738,ridge_0p1
2009-06-03,1.7845042799267479,-16.53148251019666,ridge_0p1
2009-06-04,1.7715537176881844,-17.13723293784859,ridge_0p1
2009-06-05,1.7722803428351446,-17.103245726683113,ridge_0p1
2009-06-08,1.7745668870489422,-16.996294761169928,ridge_0p1
2009-06-09,1.7713664332633785,-17.145992991530346,ridge_0p1
2009-06-10,1.7683388107602367,-17.287607200416634,ridge_0p1
2009-06-11,1.772089802485343,-17.11215807320916,ridge_0p1
2009-06-12,1.7807836302164328,-16.70551241806083,ridge_0p1
2009-06-15,1.7804120210106895,-16.72289409085247,ridge_0p1
2009-06-16,1.7827344668964171,-16.614263858236868,ridge_0p1
2009-06-17,1.8034655752332147,-15.644585669029032,ridge_0p1
2009-06-18,1.8171581790936036,-15.004126939028827,ridge_0p1
2009-06-19,1.8156169836609852,-15.076214912910292,ridge_0p1
2009-06-22,1.8286937993568904,-14.464559097957908,ridge_0p1
2009-06-23,1.8250520760260325,-14.63489729829398,ridge_0p1
2009-06-24,1.823544965602117,-14.705390977795174,ridge_0p1
2009-06-25,1.8334988150258646,-14.23980898728795,ridge_0p1
2009-06-26,1.829817869981603,-14.411981746558988,ridge_0p1
2009-06-29,1.834377106442835,-14.198727728294536,ridge_0p1
2009-06-30,1.8308264397405885,-14.364806840051603,ridge_0p1
2009-07-01,1.8365071836692395,-14.099095359671644,ridge_0p1
2009-07-02,1.8271191871791883,-14.53821010881432,ridge_0p1
2009-07-06,1.8388870735966383,-13.98777823577153,ridge_0p1
2009-07-07,1.8341832622139873,-14.2077946106707,ridge_0p1
2009-07-08,1.8430376134881739,-13.793640617035763,ridge_0p1
2009-07-09,1.8415047579886448,-13.86533849835272,ridge_0p1
2009-07-10,1.839843307946972,-13.9430512690206,ridge_0p1
2009-07-13,1.843322124595129,-13.780332876295631,ridge_0p1
2009-07-14,1.8416689610863557,-13.857658052142908,ridge_0p1
2009-07-15,1.8441559908732512,-13.741329561592197,ridge_0p1
2009-07-16,1.843485580230793,-13.772687391923466,ridge_0p1
2009-07-17,1.848047635487765,-13.559301527126522,ridge_0p1
2009-07-20,1.843991529575587,-13.74902208486316,ridge_0p1
2009-07-21,1.8520163792922315,-13.373667250211675,ridge_0p1
2009-07-22,1.8503827622928912,-13.450078156374746,ridge_0p1
2009-07-23,1.8458673391714548,-13.661282846677281,ridge_0p1
2009-07-24,1.8478637818471872,-13.567901109087044,ridge_0p1
2009-07-27,1.8404982356408517,-13.912417639117846,ridge_0p1
2009-07-28,1.8451307200631168,-13.69573751603237,ridge_0p1
2009-07-29,1.86369854410682,-12.827244924911751,ridge_0p1
2009-07-30,1.8522138362498908,-13.36443138582667,ridge_0p1
2009-07-31,1.8395568060625476,-13.956452126513597,ridge_0p1
2009-08-03,1.8324762528115468,-14.287638377797284,ridge_0p1
2009-08-04,1.8277582421311223,-14.508318911560004,ridge_0p1
2009-08-05,1.8147691671068105,-15.11587073871934,ridge_0p1
2009-08-06,1.8121373989897958,-15.238969229193767,ridge_0p1
2009-08-07,1.7959364661090051,-15.996752701456952,ridge_0p1
2009-08-10,1.7999170167114902,-15.810566172615337,ridge_0p1
2009-08-11,1.8122956301901931,-15.231568112891402,ridge_0p1
2009-08-12,1.810948215140779,-15.294592190716916,ridge_0p1
2009-08-13,1.8084570069082178,-15.411116124152823,ridge_0p1
2009-08-14,1.8124856987337734,-15.22267783465977,ridge_0p1
2009-08-17,1.8238672121585202,-14.690318196725528,ridge_0p1
2009-08-18,1.8188674604514081,-14.924176903316521,ridge_0p1
2009-08-19,1.8291123322035299,-14.444982615781466,ridge_0p1
2009-08-20,1.8232049684833622,-14.721294024805198,ridge_0p1
2009-08-21,1.82244477769738,-14.756851237320234,ridge_0p1
2009-08-24,1.8238118603900697,-14.692907223888408,ridge_0p1
2009-08-25,1.8201333503385384,-14.864966088653508,ridge_0p1
2009-08-26,1.8250867150066832,-14.633277092394337,ridge_0p1
2009-08-27,1.8238743074486081,-14.689986321172487,ridge_0p1
2009-08-28,1.8149477221353008,-15.107518994379976,ridge_0p1
2009-08-31,1.819729284795813,-14.883865876230018,ridge_0p1
2009-09-01,1.8314035067510712,-14.337815070741167,ridge_0p1
2009-09-02,1.8411906364355233,-13.880031239998436,ridge_0p1
2009-09-03,1.8387916364702106,-13.992242218035965,ridge_0p1
2009-09-04,1.8415065209960713,-13.86525603533043,ridge_0p1
2009-09-08,1.8359632446175747,-14.124537599714436,ridge_0p1
2009-09-09,1.8322278953393794,-14.299255066108163,ridge_0p1
2009-09-10,1.8254030898545153,-14.618478954997505,ridge_0p1
2009-09-11,1.822962237916112,-14.732647519905061,ridge_0p1
2009-09-14,1.8193454779945386,-14.901818080136309,ridge_0p1
2009-09-15,1.8055434872643215,-15.54739327859227,ridge_0p1
2009-09-16,1.7964613850085611,-15.972200111227174,ridge_0p1
2009-09-17,1.8019451376398843,-15.715702714406065,ridge_0p1
2009-09-18,1.8087638312390009,-15.396764703252153,ridge_0p1
2009-09-21,1.8145356026377069,-15.126795498157385,ridge_0p1
2009-09-22,1.7965027878280857,-15.970263533094819,ridge_0p1
2009-09-23,1.809180631790025,-15.37726924758177,ridge_0p1
2009-09-24,1.8237868473600958,-14.694077184954535,ridge_0p1
2009-09-25,1.8226855693881492,-14.745588431353074,ridge_0p1
2009-09-28,1.8267586736114885,-14.555072793521406,ridge_0p1
2009-09-29,1.8273832344390404,-14.525859545369324,ridge_0p1
2009-09-30,1.8290170715989675,-14.449438341400867,ridge_0p1
2009-10-01,1.8365604951347674,-14.096601765768357,ridge_0p1
2009-10-02,1.833929566065284,-14.21966101057982,ridge_0p1
2009-10-05,1.8322071719703548,-14.300224382298287,ridge_0p1
2009-10-06,1.838604782906828,-14.00098211857792,ridge_0p1
2009-10-07,1.8390635203126116,-13.97952510577689,ridge_0p1
2009-10-08,1.830431086788282,-14.38329910436581,ridge_0p1
2009-10-09,1.8356512073316436,-14.139132851713088,ridge_0p1
2009-10-12,1.836084324076174,-14.118874221362566,ridge_0p1
2009-10-13,1.8331504522939959,-14.256103328021597,ridge_0p1
2009-10-14,1.8320400747341699,-14.30804019912646,ridge_0p1
2009-10-15,1.8372564649959788,-14.064048426902009,ridge_0p1
2009-10-16,1.8417311173398694,-13.854750751559841,ridge_0p1
2009-10-19,1.8483698164008422,-13.544231816462027,ridge_0p1
2009-10-20,1.8439247637797962,-13.752144992471948,ridge_0p1
2009-10-21,1.842729397438429,-13.808057134288298,ridge_0p1
2009-10-22,1.83555701801104,-14.143538469027984,ridge_0p1
2009-10-23,1.8360156098323885,-14.122088265802645,ridge_0p1
2009-10-26,1.8316702035123422,-14.3253405793471,ridge_0p1
2009-10-27,1.8376258909102778,-14.04676887552423,ridge_0p1
2009-10-28,1.8403208818170362,-13.920713198232804,ridge_0p1
2009-10-29,1.84609476726738,-13.650645110351324,ridge_0p1
2009-10-30,1.8477343292314463,-13.573956134027377,ridge_0p1
2009-11-02,1.8529434771556996,-13.33030311536364,ridge_0p1
2009-11-03,1.848036568566893,-13.559819171992249,ridge_0p1
2009-11-04,1.861586397757027,-12.926038593563504,ridge_0p1
2009-11-05,1.8695228240659525,-12.554819681048324,ridge_0p1
2009-11-06,1.8734439952187083,-12.371410570391706,ridge_0p1
2009-11-09,1.879289498946297,-12.097992604623098,ridge_0p1
2009-11-10,1.887610450037836,-11.708787905296491,ridge_0p1
2009-11-11,1.8836352387468969,-11.894724692837865,ridge_0p1
2009-11-12,1.883916780281185,-11.881555851079872,ridge_0p1
2009-11-13,1.8905574126203197,-11.57094648870547,ridge_0p1
2009-11-16,1.8904024116443883,-11.57819651428177,ridge_0p1
2009-11-17,1.893865629097034,-11.416207759326792,ridge_0p1
2009-11-18,1.890815561339678,-11.558871823971351,ridge_0p1
2009-11-19,1.8896622823440568,-11.612815369581996,ridge_0p1
2009-11-20,1.891329321841047,-11.534841157373087,ridge_0p1
2009-11-23,1.8965556704550328,-11.290383592546071,ridge_0p1
2009-11-24,1.899862385272772,-11.135715101860466,ridge_0p1
2009-11-25,1.9032384480449946,-10.977802925510016,ridge_0p1
2009-11-27,1.8983762914105196,-11.205225751360292,ridge_0p1
2009-11-30,1.8966322938271765,-11.286799606029563,ridge_0p1
2009-12-01,1.9012776197258716,-11.069518834903036,ridge_0p1
2009-12-02,1.8992414164470666,-11.164760337488122,ridge_0p1
2009-12-03,1.901624945019707,-11.05327301936242,ridge_0p1
2009-12-04,1.897452770970875,-11.248422555557259,ridge_0p1
2009-12-07,1.900877258717123,-11.08824534637004,ridge_0p1
2009-12-08,1.8956675003843857,-11.331926916319313,ridge_0p1
2009-12-09,1.8994363379738415,-11.155643065509702,ridge_0p1
2009-12-10,1.909486817632627,-10.685541286199484,ridge_0p1
2009-12-11,1.9050676478636142,-10.892243816030579,ridge_0p1
2009-12-14,1.9064086777085543,-10.829518400168114,ridge_0p1
2009-12-15,1.9044840890669963,-10.919539232561505,ridge_0p1
2009-12-16,1.9008239250960646,-11.090739976577535,ridge_0p1
2009-12-17,1.8967944615905803,-11.279214360676992,ridge_0p1
2009-12-18,1.8963840592470238,-11.29841054618147,ridge_0p1
2009-12-21,1.8926056862104867,-11.475140408603623,ridge_0p1
2009-12-22,1.8939084606842216,-11.41420435192424,ridge_0p1
2009-12-23,1.8941901101542988,-11.401030461570727,ridge_0p1
2009-12-24,1.8937158672242134,-11.423212730758603,ridge_0p1
2009-12-28,1.898827104872241,-11.184139373626367,ridge_0p1
2009-12-29,1.9045947564815802,-10.914362867823325,ridge_0p1
2009-12-30,1.9087701040075398,-10.719064895206031,ridge_0p1
2009-12-31,1.9077304166760924,-10.76769529704088,ridge_0p1
2010-01-04,1.9121711917900983,-10.559982197419227,ridge_0p1
2010-01-05,1.9101870666907819,-10.652787791901218,ridge_0p1
2010-01-06,1.9072358310674866,-10.790829075976848,ridge_0p1
2010-01-07,1.8958817773734227,-11.321904310709286,ridge_0p1
2010-01-08,1.8959111333038041,-11.32053121454133,ridge_0p1
2010-01-11,1.9021187873238643,-11.030174007796322,ridge_0p1
2010-01-12,1.9132664335346559,-10.508753289907213,ridge_0p1
2010-01-13,1.9183967220329374,-10.268788847084965,ridge_0p1
2010-01-14,1.917349147871646,-10.317788148004093,ridge_0p1
2010-01-15,1.9167340097108065,-10.346560659739835,ridge_0p1
2010-01-19,1.9258918885887961,-9.918209446523162,ridge_0p1
2010-01-20,1.9142869053894112,-10.461021674009952,ridge_0p1
2010-01-21,1.900457893029755,-11.107860783892065,ridge_0p1
2010-01-22,1.8995651262819933,-11.149619112935094,ridge_0p1
2010-01-25,1.904714905089758,-10.908743029128686,ridge_0p1
2010-01-26,1.903248067750735,-10.977352972777554,ridge_0p1
2010-01-27,1.8984551370254352,-11.201537821518027,ridge_0p1
2010-01-28,1.8974070405207228,-11.2505615545618,ridge_0p1
2010-01-29,1.9005401134193227,-11.104015002124079,ridge_0p1
2010-02-01,1.904970189650411,-10.896802332737298,ridge_0p1
2010-02-02,1.91150653171457,-10.591071050364587,ridge_0p1
2010-02-03,1.9165677168746202,-10.354338851510958,ridge_0p1
2010-02-04,1.9088902009111057,-10.713447474946225,ridge_0p1
2010-02-05,1.9057184580465996,-10.861802778846119,ridge_0p1
2010-02-08,1.901430526589562,-11.062366759466846,ridge_0p1
2010-02-09,1.9101344545884003,-10.655248673747908,ridge_0p1
2010-02-10,1.9055407381415341,-10.870115461068908,ridge_0p1
2010-02-11,1.9101654298259687,-10.653799836001864,ridge_0p1
2010-02-12,1.9041385926537229,-10.935699503925578,ridge_0p1
2010-02-16,1.9130291067715748,-10.519854027124753,ridge_0p1
2010-02-17,1.9225708891556965,-10.073546086722573,ridge_0p1
2010-02-18,1.9336311131369481,-9.556214461797508,ridge_0p1
2010-02-19,1.9351206314775597,-9.486543635527578,ridge_0p1
2010-02-22,1.929975033045255,-9.727224186184468,ridge_0p1
2010-02-23,1.9302577657463054,-9.71399962871603,ridge_0p1
2010-02-24,1.93905652796499,-9.302445761123701,ridge_0p1
2010-02-25,1.9405376981936409,-9.233165409977339,ridge_0p1
2010-02-26,1.9422659194309448,-9.152329479128197,ridge_0p1
2010-03-01,1.9431435340422392,-9.111279877086819,ridge_0p1
2010-03-02,1.941458913705856,-9.190076416603588,ridge_0p1
2010-03-03,1.9366106271563714,-9.416850482210105,ridge_0p1
2010-03-04,1.9420064648499435,-9.164465224318452,ridge_0p1
2010-03-05,1.9460580107999563,-8.974957954544205,ridge_0p1
2010-03-08,1.9475986335285336,-8.902896768358248,ridge_0p1
2010-03-09,1.947036833761373,-8.929174426651642,ridge_0p1
2010-03-10,1.9435451532405936,-9.0924945149786,ridge_0p1
2010-03-11,1.9425331948002797,-9.139827923883493,ridge_0p1
2010-03-12,1.9346196140465663,-9.50997825693588,ridge_0p1
2010-03-15,1.9379845052999023,-9.352588617925385,ridge_0p1
2010-03-16,1.9319827434955603,-9.633315408984643,ridge_0p1
2010-03-17,1.927093108263406,-9.862023520522811,ridge_0p1
2010-03-18,1.9316142491594055,-9.650551386666628,ridge_0p1
2010-03-19,1.9323966267971084,-9.613956404928103,ridge_0p1
2010-03-22,1.9281693442803902,-9.811683588129661,ridge_0p1
2010-03-23,1.9285535273162848,-9.793713786201153,ridge_0p1
2010-03-24,1.926444035200821,-9.892383305526387,ridge_0p1
2010-03-25,1.920794639637971,-10.15662849543646,ridge_0p1
2010-03-26,1.921144856419159,-10.14024743328118,ridge_0p1
2010-03-29,1.9305555000842924,-9.700073383720632,ridge_0p1
2010-03-30,1.9340433876593925,-9.536930706877822,ridge_0p1
2010-03-31,1.9342571199075373,-9.526933581013186,ridge_0p1
2010-04-01,1.9387227712147659,-9.318056920736373,ridge_0p1
2010-04-05,1.9345965994069096,-9.511054745165303,ridge_0p1
2010-04-06,1.9312397612053718,-9.668067710215189,ridge_0p1
2010-04-07,1.9315384787448262,-9.654095476891388,ridge_0p1
2010-04-08,1.9276310749445418,-9.836860632521693,ridge_0p1
2010-04-09,1.9276245299171268,-9.83716677005322,ridge_0p1
2010-04-12,1.9249023021314782,-9.964496426862436,ridge_0p1
2010-04-13,1.9261087062276523,-9.908068004395766,ridge_0p1
2010-04-14,1.9141738679858624,-10.466308892763776,ridge_0p1
2010-04-15,1.9143502872929459,-10.4580570447943,ridge_0p1
2010-04-16,1.9146286881535164,-10.445035105109923,ridge_0p1
2010-04-19,1.9254869048000873,-9.937152184196119,ridge_0p1
2010-04-20,1.928033979112082,-9.81801516718248,ridge_0p1
2010-04-21,1.9182476570658042,-10.27576122140551,ridge_0p1
2010-04-22,1.8968908803657218,-11.274704462712737,ridge_0p1
2010-04-23,1.8938450992304698,-11.41716802462044,ridge_0p1
2010-04-26,1.8850162032650735,-11.830131370011564,ridge_0p1
2010-04-27,1.8817170573166155,-11.9844458339206,ridge_0p1
2010-04-28,1.8865944360853342,-11.756311006988218,ridge_0p1
2010-04-29,1.8828165639810854,-11.933017438771431,ridge_0p1
2010-04-30,1.8892411247139762,-11.632514623547241,ridge_0p1
2010-05-03,1.8813748103289063,-12.000454116445214,ridge_0p1
2010-05-04,1.886687380764826,-11.751963606596405,ridge_0p1
2010-05-05,1.9025622945539427,-11.009429372209256,ridge_0p1
2010-05-06,1.8865067064477967,-11.760414478673631,ridge_0p1
2010-05-07,1.894131390114268,-11.403777036484254,ridge_0p1
2010-05-10,1.8957150603500268,-11.329702343440118,ridge_0p1
2010-05-11,1.892819332164379,-11.465147319071889,ridge_0p1
2010-05-12,1.8948366016298779,-11.37079142788312,ridge_0p1
2010-05-13,1.8967665984232192,-11.28051763425183,ridge_0p1
2010-05-14,1.8973517889806608,-11.253145893635608,ridge_0p1
2010-05-17,1.9059104621393985,-10.852821967111359,ridge_0p1
2010-05-18,1.9061279631489567,-10.842648560958978,ridge_0p1
2010-05-19,1.9107043686599698,-10.628591476460358,ridge_0p1
2010-05-20,1.8992135195728257,-11.166065187670704,ridge_0p1
2010-05-21,1.9012407172323482,-11.071244914498768,ridge_0p1
2010-05-24,1.8996596937487964,-11.145195808185637,ridge_0p1
2010-05-25,1.8907741213245484,-11.56081014189333,ridge_0p1
2010-05-26,1.8790856979991655,-12.107525203178016,ridge_0p1
2010-05-27,1.8882924823069496,-11.676886484255656,ridge_0p1
2010-05-28,1.8877174048053151,-11.703785196151784,ridge_0p1
2010-06-01,1.8970849586479168,-11.265626632710312,ridge_0p1
2010-06-02,1.9075184701641243,-10.77760889676721,ridge_0p1
2010-06-03,1.9102522042919514,-10.649741041571936,ridge_0p1
2010-06-04,1.9002616631129063,-11.11703925459161,ridge_0p1
2010-06-07,1.9116001534024865,-10.586691983537355,ridge_0p1
2010-06-08,1.9195327259967974,-10.215653324916406,ridge_0p1
2010-06-09,1.912172909903213,-10.559901834286356,ridge_0p1
2010-06-10,1.9161530659910735,-10.37373375849706,ridge_0p1
2010-06-11,1.9144785788678227,-10.452056326453718,ridge_0p1
2010-06-14,1.9156054573930663,-10.399347638135502,ridge_0p1
2010-06-15,1.9207384824844433,-10.159255193732509,ridge_0p1
2010-06-16,1.9279837660940893,-9.820363834102297,ridge_0p1
2010-06-17,1.9438230111803683,-9.079497969906313,ridge_0p1
2010-06-18,1.9468950483967717,-8.935806304377092,ridge_0p1
2010-06-21,1.9429592895413967,-9.119897741170401,ridge_0p1
2010-06-22,1.9459246114490365,-8.981197584328582,ridge_0p1
2010-06-23,1.9416827056389694,-9.17960875838989,ridge_0p1
2010-06-24,1.9416245329473723,-9.18232973159271,ridge_0p1
2010-06-25,1.9326191306250469,-9.603548996628364,ridge_0p1
2010-06-28,1.9428061950719604,-9.127058591689774,ridge_0p1
2010-06-29,1.9442264740649806,-9.060626371098978,ridge_0p1
2010-06-30,1.9381753878051753,-9.343660267397391,ridge_0p1
2010-07-01,1.9403208499572613,-9.243308283275253,ridge_0p1
2010-07-02,1.9440865975542445,-9.067168963971472,ridge_0p1
2010-07-06,1.9544829965643051,-8.580887130768,ridge_0p1
2010-07-07,1.9606578100827756,-8.292066007747845,ridge_0p1
2010-07-08,1.9601848755889169,-8.314187076055845,ridge_0p1
2010-07-09,1.956109375180619,-8.504814793196246,ridge_0p1
2010-07-12,1.968183456197825,-7.940060954332184,ridge_0p1
2010-07-13,1.9714146550225755,-7.788924653539575,ridge_0p1
2010-07-14,1.97247944480618,-7.739120107999675,ridge_0p1
2010-07-15,1.972059660001476,-7.758755149342833,ridge_0p1
2010-07-16,1.9670896058346206,-7.9912247812836785,ridge_0p1
2010-07-19,1.9669938187123652,-7.9957051342753775,ridge_0p1
2010-07-20,1.9613097899266676,-8.261570260769224,ridge_0p1
2010-07-21,1.9590220492957062,-8.368577187575465,ridge_0p1
2010-07-22,1.9577952478967318,-8.425959674789796,ridge_0p1
2010-07-23,1.9575873931255163,-8.435681887172075,ridge_0p1
2010-07-26,1.961793564783224,-8.238942144642058,ridge_0p1
2010-07-27,1.96617239104914,-8.0341266444089,ridge_0p1
2010-07-28,1.965032405320061,-8.087448409918851,ridge_0p1
2010-07-29,1.9612206988012029,-8.265737414778151,ridge_0p1
2010-07-30,1.9657270234174173,-8.054958298541647,ridge_0p1
2010-08-02,1.961980842948934,-8.230182383723662,ridge_0p1
2010-08-03,1.968618076216187,-7.919732009755187,ridge_0p1
2010-08-04,1.9683011913692214,-7.934554001884164,ridge_0p1
2010-08-05,1.9646357327883726,-8.106002396323586,ridge_0p1
2010-08-06,1.9695744625050382,-7.8749979362223055,ridge_0p1
2010-08-09,1.9676187108646175,-7.966476388720533,ridge_0p1
2010-08-10,1.9734642747353421,-7.693055609813026,ridge_0p1
2010-08-11,1.9745498741404295,-7.6422777137050035,ridge_0p1
2010-08-12,1.9793286459440025,-7.418755135276278,ridge_0p1
2010-08-13,1.982593880903046,-7.266026826158178,ridge_0p1
2010-08-16,1.983527936472484,-7.222337251125444,ridge_0p1
2010-08-17,1.9828784206645835,-7.252717745126769,ridge_0p1
2010-08-18,1.9830367804225149,-7.245310615666078,ridge_0p1
2010-08-19,1.9822203487515642,-7.283498442936953,ridge_0p1
2010-08-20,1.9816828530019404,-7.308639303557363,ridge_0p1
2010-08-23,1.9816292182257715,-7.311148020013281,ridge_0p1
2010-08-24,1.9770497466710368,-7.525348515837315,ridge_0p1
2010-08-25,1.9752660508878357,-7.608779216649497,ridge_0p1
2010-08-26,1.976184776579726,-7.565806682291088,ridge_0p1
2010-08-27,1.9759988801993145,-7.574501811495438,ridge_0p1
2010-08-30,1.973103986240411,-7.709907766952028,ridge_0p1
2010-08-31,1.9731733818962203,-7.706661850102292,ridge_0p1
2010-09-01,1.978486451898943,-7.458147973483853,ridge_0p1
2010-09-02,1.977509866655197,-7.503826834226757,ridge_0p1
2010-09-03,1.9796026001524218,-7.405941183584441,ridge_0p1
2010-09-07,1.9812604931535807,-7.3283947901574,ridge_0p1
2010-09-08,1.9791025556691446,-7.4293302962739505,ridge_0p1
2010-09-09,1.98073643364748,-7.352907183062651,ridge_0p1
2010-09-10,1.9811144598967645,-7.335225359065401,ridge_0p1
2010-09-13,1.971178823164889,-7.799955467956432,ridge_0p1
2010-09-14,1.979244035797294,-7.422712695697841,ridge_0p1
2010-09-15,1.9974455064684309,-6.571355940691193,ridge_0p1
2010-09-16,2.002419594491069,-6.338697628921586,ridge_0p1
2010-09-17,2.003009939921118,-6.311084773963859,ridge_0p1
2010-09-20,2.0023565817522204,-6.3416449908045625,ridge_0p1
2010-09-21,2.0030142569150287,-6.310882850614163,ridge_0p1
2010-09-22,2.011529521267482,-5.912589330375462,ridge_0p1
2010-09-23,2.0096232292059453,-6.001754357363009,ridge_0p1
2010-09-24,2.0064790023619103,-6.148822625158923,ridge_0p1
2010-09-27,2.0052986306363234,-6.204033407856335,ridge_0p1
2010-09-28,2.001371655484468,-6.387713995138611,ridge_0p1
2010-09-29,1.9977090920726228,-6.559026970757609,ridge_0p1
2010-09-30,1.9905410302270206,-6.89430635465027,ridge_0p1
2010-10-01,1.9982693763159125,-6.532820199674827,ridge_0p1
2010-10-04,2.0037989835995567,-6.27417799440898,ridge_0p1
2010-10-05,2.0051318687403605,-6.211833539459477,ridge_0p1
2010-10-06,2.0034696490418282,-6.289582310106601,ridge_0p1
2010-10-07,2.0003780619526768,-6.434188402635943,ridge_0p1
2010-10-08,1.991763433773574,-6.837129572866774,ridge_0p1
2010-10-11,1.9929397943120064,-6.782106409694255,ridge_0p1
2010-10-12,1.9951922303953855,-6.676750820057942,ridge_0p1
2010-10-13,1.9987669013658025,-6.509548931123954,ridge_0p1
2010-10-14,2.0120794323440787,-5.886867754455993,ridge_0p1
2010-10-15,2.0194102775304126,-5.54397433215742,ridge_0p1
2010-10-18,2.023757207353767,-5.34065075817165,ridge_0p1
2010-10-19,2.0280469144045785,-5.140003725814013,ridge_0p1
2010-10-20,2.030273272571831,-5.035867906296943,ridge_0p1
2010-10-21,2.0381197821297152,-4.668854765654295,ridge_0p1
2010-10-22,2.0350582419930263,-4.812055440104601,ridge_0p1
2010-10-25,2.0363007514184472,-4.75393822465513,ridge_0p1
2010-10-26,2.0341068630865733,-4.856555298012455,ridge_0p1
2010-10-27,2.034324928994757,-4.846355469255581,ridge_0p1
2010-10-28,2.044463808689552,-4.372118860998886,ridge_0p1
2010-10-29,2.04484784263343,-4.354156032709922,ridge_0p1
2010-11-01,2.0357962820120425,-4.777534308982423,ridge_0p1
2010-11-02,2.0361233645074113,-4.76223533139386,ridge_0p1
2010-11-03,2.0331810823488876,-4.899857825534781,ridge_0p1
2010-11-04,2.0282763889687825,-5.129270267849706,ridge_0p1
2010-11-05,2.0245910454370146,-5.3016487622570825,ridge_0p1
2010-11-08,2.0170383477027407,-5.65491912984305,ridge_0p1
2010-11-09,2.0111356535656766,-5.9310121234876,ridge_0p1
2010-11-10,2.0043753387494254,-6.247219521712499,ridge_0p1
2010-11-11,2.0053534106351933,-6.2014711246804355,ridge_0p1
2010-11-12,2.0078733401153976,-6.083603781767632,ridge_0p1
2010-11-15,2.0110730980292684,-5.933938100154346,ridge_0p1
2010-11-16,2.0058071195695537,-6.180249313923847,ridge_0p1
2010-11-17,2.0089401689293065,-6.033703862493667,ridge_0p1
2010-11-18,2.0107440700881307,-5.949328074147909,ridge_0p1
2010-11-19,2.004743741300499,-6.229987837191775,ridge_0p1
2010-11-22,2.0080461345418126,-6.07552148419872,ridge_0p1
2010-11-23,2.0017726200069768,-6.368959254880324,ridge_0p1
2010-11-24,1.9945664024390677,-6.706023336972089,ridge_0p1
2010-11-26,1.9953795010527422,-6.6679914103357385,ridge_0p1
2010-11-29,1.9884951662347268,-6.989999728066854,ridge_0p1
2010-11-30,1.9865429545734672,-7.081312601353062,ridge_0p1
2010-12-01,1.9830019260670484,-7.246940895521147,ridge_0p1
2010-12-02,1.973515090988601,-7.690678727128231,ridge_0p1
2010-12-03,1.9652269467705472,-8.0783489156531,ridge_0p1
2010-12-06,1.9566508015176305,-8.479490083029596,ridge_0p1
2010-12-07,1.9507056516674144,-8.757568902920488,ridge_0p1
2010-12-08,1.9532811029834707,-8.637104578101262,ridge_0p1
2010-12-09,1.9556249524594236,-8.527473212585534,ridge_0p1
2010-12-10,1.9592784249129869,-8.356585458031486,ridge_0p1
2010-12-13,1.9651530310992202,-8.08180625199817,ridge_0p1
2010-12-14,1.9754262342734856,-7.601286788709083,ridge_0p1
2010-12-15,1.9727961000967638,-7.724308853155604,ridge_0p1
2010-12-16,1.9750023812392676,-7.621112117680107,ridge_0p1
2010-12-17,1.9683926490275445,-7.930276155515736,ridge_0p1
2010-12-20,1.9663450435100038,-8.026050987145773,ridge_0p1
2010-12-21,1.9548193496795037,-8.565154528613729,ridge_0p1
2010-12-22,1.9544512590598355,-8.582371622834906,ridge_0p1
2010-12-23,1.9614446023523167,-8.255264535736961,ridge_0p1
2010-12-27,1.95999212584759,-8.323202764802605,ridge_0p1
2010-12-28,1.9645640450560486,-8.109355522907025,ridge_0p1
2010-12-29,1.9635188699491435,-8.158242610302635,ridge_0p1
2010-12-30,1.9633544246425225,-8.165934385607532,ridge_0p1
2010-12-31,1.9636305696361238,-8.153017961989272,ridge_0p1
2011-01-03,1.9570783304198787,-8.459492818771896,ridge_0p1
2011-01-04,1.9638122178071094,-8.144521538804717,ridge_0p1
2011-01-05,1.9488217292528651,-8.845687610607023,ridge_0p1
2011-01-06,1.9482222174409938,-8.87372921449523,ridge_0p1
2011-01-07,1.9560576256360078,-8.50723532971054,ridge_0p1
2011-01-10,1.9544880677242662,-8.580649932007168,ridge_0p1
2011-01-11,1.9481037326249073,-8.87927123087201,ridge_0p1
2011-01-12,1.9427038561994046,-9.13184539666968,ridge_0p1
2011-01-13,1.9444118831114154,-9.051954036485277,ridge_0p1
2011-01-14,1.9354688586419582,-9.470255635835468,ridge_0p1
2011-01-18,1.9379384073919983,-9.354744804422332,ridge_0p1
2011-01-19,1.9493881822094081,-8.819192303735413,ridge_0p1
2011-01-20,1.9461763357483042,-8.969423415831269,ridge_0p1
2011-01-21,1.9442223407914154,-9.060819701101464,ridge_0p1
2011-01-24,1.950901295885269,-8.748417827743216,ridge_0p1
2011-01-25,1.9549456444296427,-8.559247209881327,ridge_0p1
2011-01-26,1.952093379737426,-8.692659221287435,ridge_0p1
2011-01-27,1.9526579939860267,-8.666249918258895,ridge_0p1
2011-01-28,1.9478654889664215,-8.89041485501394,ridge_0p1
2011-01-31,1.9503512107595502,-8.774147544647459,ridge_0p1
2011-02-01,1.9509154032374743,-8.747757969547564,ridge_0p1
2011-02-02,1.9507783045060492,-8.754170634392644,ridge_0p1
2011-02-03,1.9581771299219513,-8.408097500481993,ridge_0p1
2011-02-04,1.9599424719338534,-8.325525280144142,ridge_0p1
2011-02-07,1.957237823035517,-8.45203270095226,ridge_0p1
2011-02-08,1.9577014358820906,-8.430347643971437,ridge_0p1
2011-02-09,1.9656791919291345,-8.057195571638276,ridge_0p1
2011-02-10,1.9577409704135074,-8.428498453266698,ridge_0p1
2011-02-11,1.963500229637619,-8.159114493427833,ridge_0p1
2011-02-14,1.9589112848613226,-8.373758090323967,ridge_0p1
2011-02-15,1.9643034052679695,-8.121546705049065,ridge_0p1
2011-02-16,1.9616347366689397,-8.246371181032808,ridge_0p1
2011-02-17,1.9623819736131818,-8.211419872341041,ridge_0p1
2011-02-18,1.9594371365118575,-8.349161871540167,ridge_0p1
2011-02-22,1.969923270988319,-7.8586827458835495,ridge_0p1
2011-02-23,1.9674125971463396,-7.976117164981189,ridge_0p1
2011-02-24,1.9678659437936423,-7.954912299862638,ridge_0p1
2011-02-25,1.9649340524473253,-8.092048773487859,ridge_0p1
2011-02-28,1.9738767577520082,-7.673762102771253,ridge_0p1
2011-03-01,1.98070691184163,-7.354288037900392,ridge_0p1
2011-03-02,1.9826301183416009,-7.264331853886141,ridge_0p1
2011-03-03,1.9884077386785963,-6.9940890701771785,ridge_0p1
2011-03-04,1.9841092003730196,-7.195149176210858,ridge_0p1
2011-03-07,1.993442184550709,-6.758607576490228,ridge_0p1
2011-03-08,2.001384188076474,-6.38712779487739,ridge_0p1
2011-03-09,2.0046393323893192,-6.23487146629087,ridge_0p1
2011-03-10,1.9999642226315753,-6.453545349548251,ridge_0p1
2011-03-11,1.998216610559837,-6.535288268529249,ridge_0p1
2011-03-14,1.9896074784849003,-6.937972363631761,ridge_0p1
2011-03-15,1.972550445424642,-7.735799120524023,ridge_0p1
2011-03-16,1.960926341217093,-8.279505715271407,ridge_0p1
2011-03-17,1.9631723703223045,-8.174449806042293,ridge_0p1
2011-03-18,1.9680378210250098,-7.946872903233626,ridge_0p1
2011-03-21,1.9766340987793307,-7.544790056946926,ridge_0p1
2011-03-22,1.9757439023748162,-7.586428160590275,ridge_0p1
2011-03-23,1.9819374223297117,-7.296732061514588,ridge_0p1
2011-03-24,1.9892636806679722,-6.954053184741582,ridge_0p1
2011-03-25,1.9904976845787052,-6.89633380678093,ridge_0p1
2011-03-28,1.9879612178555195,-7.01497466375619,ridge_0p1
2011-03-29,1.992002183181933,-6.825962292747878,ridge_0p1
2011-03-30,1.9899082668728667,-6.9239032683070185,ridge_0p1
2011-03-31,1.9948380515367519,-6.693317204677429,ridge_0p1
2011-04-01,1.9989918658163237,-6.4990264295059275,ridge_0p1
2011-04-04,2.0029076669727863,-6.315868495399868,ridge_0p1
2011-04-05,1.9989453400021484,-6.501202630918213,ridge_0p1
2011-04-06,2.0039296475764243,-6.268066309185727,ridge_0p1
2011-04-07,2.0013611539448903,-6.388205194823449,ridge_0p1
2011-04-08,2.002017696490864,-6.357496031725418,ridge_0p1
2011-04-11,2.0051998551996086,-6.208653536459963,ridge_0p1
2011-04-12,2.0049198992955155,-6.221748211849665,ridge_0p1
2011-04-13,2.0073326487005274,-6.108894116638963,ridge_0p1
2011-04-14,2.0084677834532876,-6.055799251006066,ridge_0p1
2011-04-15,2.010001056283356,-5.984081849443723,ridge_0p1
2011-04-18,1.9992876713711367,-6.485190401538254,ridge_0p1
2011-04-19,2.0039306600245745,-6.268018952871102,ridge_0p1
2011-04-20,2.016200381412388,-5.6941142187811655,ridge_0p1
2011-04-21,2.0197179160907175,-5.529584826432943,ridge_0p1
2011-04-25,2.021659856768294,-5.438752368795397,ridge_0p1
2011-04-26,2.0240349002116513,-5.327661934650263,ridge_0p1
2011-04-27,2.0189648090783834,-5.564810702065637,ridge_0p1
2011-04-28,2.025657932757356,-5.2517461063995015,ridge_0p1
2011-04-29,2.03171045361539,-4.968645108111646,ridge_0p1
2011-05-02,2.02669191288933,-5.203382653478384,ridge_0p1
2011-05-03,2.0330468980987577,-4.9061341682450905,ridge_0p1
2011-05-04,2.031867082968925,-4.961318916697022,ridge_0p1
2011-05-05,2.0343737583547146,-4.844071521645321,ridge_0p1
2011-05-06,2.040130331542995,-4.574813198618477,ridge_0p1
2011-05-09,2.0396819774268535,-4.595784542764703,ridge_0p1
2011-05-10,2.045644224597788,-4.316906011699418,ridge_0p1
2011-05-11,2.0437480228008655,-4.4055990760036075,ridge_0p1
2011-05-12,2.0472189836057373,-4.243248132995636,ridge_0p1
2011-05-13,2.0427751871505544,-4.4511025530230235,ridge_0p1
2011-05-16,2.038437531641387,-4.653992329642975,ridge_0p1
2011-05-17,2.0326510184261823,-4.924651069406883,ridge_0p1
2011-05-18,2.0380699889184695,-4.671183796506451,ridge_0p1
2011-05-19,2.038425090833789,-4.654574236774412,ridge_0p1
2011-05-20,2.0350886821554317,-4.8106316299985075,ridge_0p1
2011-05-23,2.0281099418027724,-5.137055678253888,ridge_0p1
2011-05-24,2.0278747887387065,-5.148054742734454,ridge_0p1
2011-05-25,2.0348593336385523,-4.821359192217178,ridge_0p1
2011-05-26,2.0348329891151677,-4.822591432641376,ridge_0p1
2011-05-27,2.038088924401226,-4.670298107023152,ridge_0p1
2011-05-31,2.0429003936124355,-4.4452461379553165,ridge_0p1
2011-06-01,2.0363120092341243,-4.753411650863571,ridge_0p1
2011-06-02,2.035060511308537,-4.8119492949955545,ridge_0p1
2011-06-03,2.027937980567215,-5.145099004100251,ridge_0p1
2011-06-06,2.0301990308108118,-5.039340495182176,ridge_0p1
2011-06-07,2.033828973610015,-4.86955331818828,ridge_0p1
2011-06-08,2.039006603988446,-4.627374503231585,ridge_0p1
2011-06-09,2.0446163430747766,-4.364984207894307,ridge_0p1
2011-06-10,2.0383647879767537,-4.657394846471885,ridge_0p1
2011-06-13,2.0388941665325793,-4.632633659994112,ridge_0p1
2011-06-14,2.0436917973064452,-4.408228970880956,ridge_0p1
2011-06-15,2.037167541796362,-4.713394915999158,ridge_0p1
2011-06-16,2.044977231112043,-4.348104007723719,ridge_0p1
2011-06-17,2.045056278519448,-4.344406639226639,ridge_0p1
2011-06-20,2.050488799064605,-4.0903055752853685,ridge_0p1
2011-06-21,2.0578288481006646,-3.74698165153019,ridge_0p1
2011-06-22,2.05838389681401,-3.721019767460376,ridge_0p1
2011-06-23,2.054225410170191,-3.9155290880964477,ridge_0p1
2011-06-24,2.0571479194544726,-3.7788314516417953,ridge_0p1
2011-06-27,2.061527953543751,-3.5739594566013277,ridge_0p1
2011-06-28,2.0670158814905992,-3.317266763304394,ridge_0p1
2011-06-29,2.075900117887285,-2.901714921035481,ridge_0p1
2011-06-30,2.0877875256321277,-2.3456925497696957,ridge_0p1
2011-07-01,2.093843546384491,-2.06242784720031,ridge_0p1
2011-07-05,2.096987928126225,-1.9153523342094858,ridge_0p1
2011-07-06,2.106098083900034,-1.4892333245245082,ridge_0p1
2011-07-07,2.1038379264728433,-1.5949500727908128,ridge_0p1
2011-07-08,2.104064590582041,-1.5843480712289693,ridge_0p1
2011-07-11,2.1043423376883164,-1.571356710289884,ridge_0p1
2011-07-12,2.1004740552864605,-1.7522919991243113,ridge_0p1
2011-07-13,2.090008963068906,-2.241786892815012,ridge_0p1
2011-07-14,2.0910259789659786,-2.1942169261037536,ridge_0p1
2011-07-15,2.08714374532819,-2.375804770941292,ridge_0p1
2011-07-18,2.084993905970045,-2.4763614947799995,ridge_0p1
2011-07-19,2.0812175741899948,-2.6529958793404917,ridge_0p1
2011-07-20,2.0822724966415986,-2.6036528690196126,ridge_0p1
2011-07-21,2.096545438996631,-1.9360493490993003,ridge_0p1
2011-07-22,2.088339422237185,-2.319878102614825,ridge_0p1
2011-07-25,2.087277665215987,-2.369540793531677,ridge_0p1
2011-07-26,2.088186897871965,-2.327012287043073,ridge_0p1
2011-07-27,2.08941716622597,-2.269467636252087,ridge_0p1
2011-07-28,2.093580376588843,-2.0747373680784165,ridge_0p1
2011-07-29,2.0851609728828215,-2.468547096300877,ridge_0p1
2011-08-01,2.0818318911101543,-2.6242617803689194,ridge_0p1
2011-08-02,2.0775064029270056,-2.82658244170233,ridge_0p1
2011-08-03,2.081630719216196,-2.633671407422322,ridge_0p1
2011-08-04,2.0795395739632947,-2.7314827694229105,ridge_0p1
2011-08-05,2.090567454931653,-2.2156639586545457,ridge_0p1
2011-08-08,2.063351559659328,-3.4886619873462643,ridge_0p1
2011-08-09,2.108202376877766,-1.3908069900005593,ridge_0p1
2011-08-10,2.08850555094484,-2.312107587802159,ridge_0p1
2011-08-11,2.1136246893015995,-1.1371834013799043,ridge_0p1
2011-08-12,2.120494677423793,-0.8158461369180969,ridge_0p1
2011-08-15,2.125047742953001,-0.6028807582234008,ridge_0p1
2011-08-16,2.126300549450529,-0.5442819068636418,ridge_0p1
2011-08-17,2.1362028929388055,-0.08110905828119241,ridge_0p1
2011-08-18,2.1239228511258585,-0.6554965205973651,ridge_0p1
2011-08-19,2.118504853340584,-0.9089182960376974,ridge_0p1
2011-08-22,2.119326389606335,-0.8704917061226891,ridge_0p1
2011-08-23,2.13157342792532,-0.29764795134701316,ridge_0p1
2011-08-24,2.132448653484031,-0.25671009500418673,ridge_0p1
2011-08-25,2.124567090332639,-0.6253628346748141,ridge_0p1
2011-08-26,2.1277351617765077,-0.4771792580389844,ridge_0p1
2011-08-29,2.1309827077131978,-0.32527833638543724,ridge_0p1
2011-08-30,2.1299009267920326,-0.37587762648191303,ridge_0p1
2011-08-31,2.1322384639540384,-0.26654151354306155,ridge_0p1
2011-09-01,2.1357475790754665,-0.10240593808863441,ridge_0p1
2011-09-02,2.136716736126364,-0.05707452411380931,ridge_0p1
2011-09-06,2.134873435847956,-0.14329316940254744,ridge_0p1
2011-09-07,2.1365729171429857,-0.06380152245419879,ridge_0p1
2011-09-08,2.138488359367048,0.0,ridge_0p1
2011-09-09,2.1373236899767623,-0.05446227402566839,ridge_0p1
2011-09-12,2.139908302801228,0.0,ridge_0p1
2011-09-13,2.1397408060450234,-0.007827286617145823,ridge_0p1
2011-09-14,2.142512680153623,0.0,ridge_0p1
2011-09-15,2.142545859729062,0.0,ridge_0p1
2011-09-16,2.1502889077016283,0.0,ridge_0p1
2011-09-19,2.14999860994021,-0.01350040733496538,ridge_0p1
2011-09-20,2.1564578509112935,0.0,ridge_0p1
2011-09-21,2.15037794171541,-0.2819396258227025,ridge_0p1
2011-09-22,2.1563084232928666,-0.006929308558645264,ridge_0p1
2011-09-23,2.1569184091347733,0.0,ridge_0p1
2011-09-26,2.159094553150643,0.0,ridge_0p1
2011-09-27,2.162268023022272,0.0,ridge_0p1
2011-09-28,2.1661782333290724,0.0,ridge_0p1
2011-09-29,2.168708683945262,0.0,ridge_0p1
2011-09-30,2.174662434226436,0.0,ridge_0p1
2011-10-03,2.1780779928392033,0.0,ridge_0p1
2011-10-04,2.169571405959006,-0.39055474175692106,ridge_0p1
2011-10-05,2.164797799237526,-0.6097207558837692,ridge_0p1
2011-10-06,2.1650693671246692,-0.5972525206765833,ridge_0p1
2011-10-07,2.1704696579232103,-0.3493141632671892,ridge_0p1
2011-10-10,2.175558890039923,-0.11565714393892979,ridge_0p1
2011-10-11,2.172190710090353,-0.2702971504329077,ridge_0p1
2011-10-12,2.168860462153676,-0.42319562090208374,ridge_0p1
2011-10-13,2.172332786608055,-0.2637741279254757,ridge_0p1
2011-10-14,2.1737875964705835,-0.19698084194988974,ridge_0p1
2011-10-17,2.182296121486765,0.0,ridge_0p1
2011-10-18,2.1725737132805265,-0.4455127840127804,ridge_0p1
2011-10-19,2.1774027756672507,-0.22422923137399575,ridge_0p1
2011-10-20,2.178861987597321,-0.1573633319342682,ridge_0p1
2011-10-21,2.179299158922435,-0.1373307011281466,ridge_0p1
2011-10-24,2.1714160374412335,-0.4985613060668914,ridge_0p1
2011-10-25,2.175709128458801,-0.30183772784587726,ridge_0p1
2011-10-26,2.171296123347634,-0.504056165010125,ridge_0p1
2011-10-27,2.1644669341693263,-0.8169921186173434,ridge_0p1
2011-10-28,2.165093897096392,-0.7882626111553326,ridge_0p1
2011-10-31,2.178807462987691,-0.15986182923229952,ridge_0p1
2011-11-01,2.1823955382208355,0.0,ridge_0p1
2011-11-02,2.180840860391832,-0.07123721625049706,ridge_0p1
2011-11-03,2.1802215944700265,-0.09961272889063011,ridge_0p1
2011-11-04,2.175775318487167,-0.30334646574037283,ridge_0p1
2011-11-07,2.1839050938528994,0.0,ridge_0p1
2011-11-08,2.18460292432629,0.0,ridge_0p1
2011-11-09,2.18845705750596,0.0,ridge_0p1
2011-11-10,2.1874565309632663,-0.04571835390885237,ridge_0p1
2011-11-11,2.1915738326180842,0.0,ridge_0p1
2011-11-14,2.1896562684080316,-0.0874971302135763,ridge_0p1
2011-11-15,2.189572930499649,-0.09129978140161032,ridge_0p1
2011-11-16,2.180800077447927,-0.49159900569204495,ridge_0p1
2011-11-17,2.188287936783045,-0.14993315699129983,ridge_0p1
2011-11-18,2.1893077209654606,-0.10340110923465762,ridge_0p1
2011-11-21,2.193035222130956,0.0,ridge_0p1
2011-11-22,2.1993394754377356,0.0,ridge_0p1
2011-11-23,2.2039452578697287,0.0,ridge_0p1
2011-11-25,2.2056014637692636,0.0,ridge_0p1
2011-11-28,2.205164926025563,-0.019792231319737397,ridge_0p1
2011-11-29,2.206529893857135,0.0,ridge_0p1
2011-11-30,2.2029325547679623,-0.1630315138348104,ridge_0p1
2011-12-01,2.2084869608969937,0.0,ridge_0p1
2011-12-02,2.202804668697975,-0.257293445676976,ridge_0p1
2011-12-05,2.201720068481643,-0.30640400125352407,ridge_0p1
2011-12-06,2.201507305765862,-0.3160378691254295,ridge_0p1
2011-12-07,2.198709663853035,-0.4427147280954613,ridge_0p1
2011-12-08,2.2068439381144502,-0.07439585615104383,ridge_0p1
2011-12-09,2.2056146698936994,-0.13005695999798172,ridge_0p1
2011-12-12,2.2071163659519777,-0.06206035939009258,ridge_0p1
2011-12-13,2.2161311053149513,0.0,ridge_0p1
2011-12-14,2.220626280160116,0.0,ridge_0p1
2011-12-15,2.229171584357299,0.0,ridge_0p1
2011-12-16,2.226090508669961,-0.13821617451786894,ridge_0p1
2011-12-19,2.231747507552676,0.0,ridge_0p1
2011-12-20,2.2322837240568294,0.0,ridge_0p1
2011-12-21,2.2389172520344314,0.0,ridge_0p1
2011-12-22,2.2285679766027253,-0.4622446596586838,ridge_0p1
2011-12-23,2.2372075328771155,-0.07636365996832595,ridge_0p1
2011-12-27,2.2472811926996115,0.0,ridge_0p1
2011-12-28,2.247148298160928,-0.005913569655413564,ridge_0p1
2011-12-29,2.2469400487493454,-0.015180296590133757,ridge_0p1
2011-12-30,2.240911621742229,-0.2834345331627519,ridge_0p1
2012-01-03,2.2247717624262666,-1.001629451021424,ridge_0p1
2012-01-04,2.2245508131606737,-1.011461298780869,ridge_0p1
2012-01-05,2.2223544902263206,-1.1091937472829994,ridge_0p1
2012-01-06,2.2214312934040694,-1.1502743572774365,ridge_0p1
2012-01-09,2.221435020955516,-1.150108487894519,ridge_0p1
2012-01-10,2.217775570990539,-1.312947476485049,ridge_0p1
2012-01-11,2.2047738501865943,-1.8915008344796425,ridge_0p1
2012-01-12,2.205355470729475,-1.8656197589484558,ridge_0p1
2012-01-13,2.2101064029891955,-1.6542117573528303,ridge_0p1
2012-01-17,2.215871477903602,-1.3976762186256542,ridge_0p1
2012-01-18,2.2121713541786736,-1.5623251169009755,ridge_0p1
2012-01-19,2.203435795284629,-1.951041888189875,ridge_0p1
2012-01-20,2.2031916770095172,-1.96190471549893,ridge_0p1
2012-01-23,2.207602021866729,-1.7656522451120926,ridge_0p1
2012-01-24,2.199014827317706,-2.1477670679886818,ridge_0p1
2012-01-25,2.2067221305244233,-1.804805838581569,ridge_0p1
2012-01-26,2.211849071584811,-1.5766661168127638,ridge_0p1
2012-01-27,2.194394373579807,-2.353369008364836,ridge_0p1
2012-01-30,2.2001568645575107,-2.0969484502066815,ridge_0p1
2012-01-31,2.2096256896861273,-1.6756026409071367,ridge_0p1
2012-02-01,2.205538074380022,-1.8574942225830005,ridge_0p1
2012-02-02,2.2095782801446457,-1.6777122808416367,ridge_0p1
2012-02-03,2.1948875536264976,-2.3314233769817894,ridge_0p1
2012-02-06,2.1897964856142127,-2.557966812170198,ridge_0p1
2012-02-07,2.2004210141728504,-2.0851942640283894,ridge_0p1
2012-02-08,2.1948704044658256,-2.3321864840076367,ridge_0p1
2012-02-09,2.2013242128606194,-2.045003535306811,ridge_0p1
2012-02-10,2.2065408276247993,-1.8128734938537727,ridge_0p1
2012-02-13,2.2002306246709997,-2.0936662568733055,ridge_0p1
2012-02-14,2.209931456656451,-1.6619965567501116,ridge_0p1
2012-02-15,2.203472482568399,-1.9494093695763048,ridge_0p1
2012-02-16,2.1980167110847155,-2.1921814579739185,ridge_0p1
2012-02-17,2.202772188989287,-1.9805711832998063,ridge_0p1
2012-02-21,2.203193932660679,-1.961804343050244,ridge_0p1
2012-02-22,2.2133545217405506,-1.5096762732351054,ridge_0p1
2012-02-23,2.208391388637509,-1.7305268334215418,ridge_0p1
2012-02-24,2.216657038999609,-1.3627201526665411,ridge_0p1
2012-02-27,2.213959879578042,-1.4827389304825411,ridge_0p1
2012-02-28,2.2120003908510735,-1.5699326796819735,ridge_0p1
2012-02-29,2.2232455743801594,-1.0695420936878253,ridge_0p1
2012-03-01,2.2220103303411975,-1.1245082475885737,ridge_0p1
2012-03-02,2.2337107087384016,-0.6038623028259305,ridge_0p1
2012-03-05,2.251949878980542,0.0,ridge_0p1
2012-03-06,2.260237947228418,0.0,ridge_0p1
2012-03-07,2.256435010382566,-0.16825382701476377,ridge_0p1
2012-03-08,2.249074976473214,-0.4938847597392271,ridge_0p1
2012-03-09,2.24905236934079,-0.49488497002470044,ridge_0p1
2012-03-12,2.267628931345519,0.0,ridge_0p1
2012-03-13,2.2555511720502444,-0.5326162110706689,ridge_0p1
2012-03-14,2.243808837716647,-1.0504405416426832,ridge_0p1
2012-03-15,2.2325559837203666,-1.5466793151356462,ridge_0p1
2012-03-16,2.226886543719654,-1.7966955290912634,ridge_0p1
2012-03-19,2.220710865510705,-2.069036304232319,ridge_0p1
2012-03-20,2.227661798714252,-1.7625076166034037,ridge_0p1
2012-03-21,2.2309327173064095,-1.6182636202888623,ridge_0p1
2012-03-22,2.2451364617759495,-0.9918937467526256,ridge_0p1
2012-03-23,2.240011416888068,-1.217902721018116,ridge_0p1
2012-03-26,2.2489407783649984,-0.8241274717478597,ridge_0p1
2012-03-27,2.2556690529640853,-0.5274177893971999,ridge_0p1
2012-03-28,2.2538251936644365,-0.6087300038499777,ridge_0p1
2012-03-29,2.2584182527526537,-0.4061810318939707,ridge_0p1
2012-03-30,2.265795138137486,-0.08086831062544819,ridge_0p1
2012-04-02,2.2701507964752086,0.0,ridge_0p1
2012-04-03,2.272674238088985,0.0,ridge_0p1
2012-04-04,2.277375126558865,0.0,ridge_0p1
2012-04-05,2.2764005215711407,-0.04279510109503892,ridge_0p1
2012-04-09,2.2790304973880606,0.0,ridge_0p1
2012-04-10,2.277715316030102,-0.057707931485173614,ridge_0p1
2012-04-11,2.274856082233168,-0.18316627002915586,ridge_0p1
2012-04-12,2.2696990503266172,-0.4094480996256089,ridge_0p1
2012-04-13,2.2772136106387535,-0.07972191470844159,ridge_0p1
2012-04-16,2.288468048046423,0.0,ridge_0p1
2012-04-17,2.2909701484524585,0.0,ridge_0p1
2012-04-18,2.2869067279642854,-0.1773668020475072,ridge_0p1
2012-04-19,2.2794888552312007,-0.5011542044322748,ridge_0p1
2012-04-20,2.2974832583107245,0.0,ridge_0p1
2012-04-23,2.29371120679556,-0.16418189344884482,ridge_0p1
2012-04-24,2.2977806721269634,0.0,ridge_0p1
2012-04-25,2.3011187614608737,0.0,ridge_0p1
2012-04-26,2.309324289139783,0.0,ridge_0p1
2012-04-27,2.3097899156437856,0.0,ridge_0p1
2012-04-30,2.316259943874538,0.0,ridge_0p1
2012-05-01,2.3149630000985915,-0.055993014919442086,ridge_0p1
2012-05-02,2.312912564829164,-0.14451655368933336,ridge_0p1
2012-05-03,2.3207805532495955,0.0,ridge_0p1
2012-05-04,2.322096789692186,0.0,ridge_0p1
2012-05-07,2.3134322559037743,-0.3731340496603619,ridge_0p1
2012-05-08,2.3151671929598234,-0.29841980588936057,ridge_0p1
2012-05-09,2.3148967579586093,-0.3100659613129775,ridge_0p1
2012-05-10,2.321678600789478,-0.018009107310434924,ridge_0p1
2012-05-11,2.316041185656164,-0.2607817237809784,ridge_0p1
2012-05-14,2.3111331374887305,-0.4721444968238786,ridge_0p1
2012-05-15,2.3100359760099436,-0.5193932369994436,ridge_0p1
2012-05-16,2.311862913401451,-0.4407170422939921,ridge_0p1
2012-05-17,2.3057593893920965,-0.7035624170625199,ridge_0p1
2012-05-18,2.310483696411201,-0.5001123696710463,ridge_0p1
2012-05-21,2.314510230348842,-0.32671159001729233,ridge_0p1
2012-05-22,2.3205655655777435,-0.06594144228783128,ridge_0p1
2012-05-23,2.317751661677419,-0.18712088290441242,ridge_0p1
2012-05-24,2.324367989256815,0.0,ridge_0p1
2012-05-25,2.3193271008554577,-0.21687135705948934,ridge_0p1
2012-05-29,2.327777263470435,0.0,ridge_0p1
2012-05-30,2.330723143367909,0.0,ridge_0p1
2012-05-31,2.333863723607179,0.0,ridge_0p1
2012-06-01,2.3130441880557715,-0.892063034392998,ridge_0p1
2012-06-04,2.3138836857531544,-0.856092738060299,ridge_0p1
2012-06-05,2.3074343706489238,-1.1324291427524558,ridge_0p1
2012-06-06,2.319841979607016,-0.6007953188668202,ridge_0p1
2012-06-07,2.330700373647443,-0.13554133121563838,ridge_0p1
2012-06-08,2.332313202001752,-0.06643582441183682,ridge_0p1
2012-06-11,2.328610622760234,-0.22508173008602972,ridge_0p1
2012-06-12,2.334760817484165,0.0,ridge_0p1
2012-06-13,2.3352247428431268,0.0,ridge_0p1
2012-06-14,2.3392668281895737,0.0,ridge_0p1
2012-06-15,2.3415258233611014,0.0,ridge_0p1
2012-06-18,2.338977465589044,-0.10883321237087351,ridge_0p1
2012-06-19,2.3426995870071186,0.0,ridge_0p1
2012-06-20,2.3389845706026464,-0.15857843767403956,ridge_0p1
2012-06-21,2.339503838747262,-0.13641306284342125,ridge_0p1
2012-06-22,2.3361298425933663,-0.28043477918333615,ridge_0p1
2012-06-25,2.331745156499895,-0.4675986015440503,ridge_0p1
2012-06-26,2.3285283181616565,-0.6049119112009671,ridge_0p1
2012-06-27,2.318553967904781,-1.0306750057178515,ridge_0p1
2012-06-28,2.316360686981847,-1.1242969508916234,ridge_0p1
2012-06-29,2.330092115387011,-0.538159979624786,ridge_0p1
2012-07-02,2.33973978676441,-0.1263414335804791,ridge_0p1
2012-07-03,2.3414353559008467,-0.05396471290144422,ridge_0p1
2012-07-05,2.3430798051974677,0.0,ridge_0p1
2012-07-06,2.3451248811252605,0.0,ridge_0p1
2012-07-09,2.3511725898935913,0.0,ridge_0p1
2012-07-10,2.364573355433595,0.0,ridge_0p1
2012-07-11,2.3562289393231786,-0.35289309554477066,ridge_0p1
2012-07-12,2.367225728304107,0.0,ridge_0p1
2012-07-13,2.377582590969081,0.0,ridge_0p1
2012-07-16,2.3657925148092125,-0.49588503064631473,ridge_0p1
2012-07-17,2.3719019129998333,-0.23892663038604933,ridge_0p1
2012-07-18,2.3719956863811547,-0.2349825662901317,ridge_0p1
2012-07-19,2.379817692937441,0.0,ridge_0p1
2012-07-20,2.365939357595545,-0.583168004132506,ridge_0p1
2012-07-23,2.359906529309063,-0.8366676022061759,ridge_0p1
2012-07-24,2.364252897295406,-0.6540331088480511,ridge_0p1
2012-07-25,2.3736472579735137,-0.25928183416061845,ridge_0p1
2012-07-26,2.3749603294839443,-0.20410653588767147,ridge_0p1
2012-07-27,2.3787034036319508,-0.046822464964313415,ridge_0p1
2012-07-30,2.3772215648038593,-0.10908937021881782,ridge_0p1
2012-07-31,2.3714589394553567,-0.351235033964592,ridge_0p1
2012-08-01,2.361930655684295,-0.751613760424974,ridge_0p1
2012-08-02,2.3798489515921526,0.0,ridge_0p1
2012-08-03,2.3860817212058913,0.0,ridge_0p1
2012-08-06,2.375683064170251,-0.43580473138133957,ridge_0p1
2012-08-07,2.359433804703737,-1.1168065311982223,ridge_0p1
2012-08-08,2.366065228554003,-0.8388854612143004,ridge_0p1
2012-08-09,2.3584974926765394,-1.1560470994854022,ridge_0p1
2012-08-10,2.3565300566064695,-1.2385017804204423,ridge_0p1
2012-08-13,2.361504326987865,-1.030031536623377,ridge_0p1
2012-08-14,2.3716503196591083,-0.6048158962254524,ridge_0p1
2012-08-15,2.373241964736683,-0.5381105079133364,ridge_0p1
2012-08-16,2.363356991606607,-0.9523868942677982,ridge_0p1
2012-08-17,2.369461745032275,-0.6965384305956279,ridge_0p1
2012-08-20,2.3708379498288985,-0.6388620826150437,ridge_0p1
2012-08-21,2.3640886765437084,-0.9217221885874038,ridge_0p1
2012-08-22,2.367102899504834,-0.7953969695331908,ridge_0p1
2012-08-23,2.371854895957068,-0.5962421623025294,ridge_0p1
2012-08-24,2.3819627142298962,-0.17262639998404383,ridge_0p1
2012-08-27,2.387615318620395,0.0,ridge_0p1
2012-08-28,2.388350772949422,0.0,ridge_0p1
2012-08-29,2.3896801044707088,0.0,ridge_0p1
2012-08-30,2.3965651927593266,0.0,ridge_0p1
2012-08-31,2.390928367897016,-0.2352043198883491,ridge_0p1
2012-09-04,2.4059863433085056,0.0,ridge_0p1
2012-09-05,2.399592749117183,-0.26573692777202007,ridge_0p1
2012-09-06,2.396211388723039,-0.4062763952360937,ridge_0p1
2012-09-07,2.372619298395629,-1.386834343664356,ridge_0p1
2012-09-10,2.3700840072768865,-1.492208637487491,ridge_0p1
2012-09-11,2.3588372665940565,-1.9596568719344343,ridge_0p1
2012-09-12,2.3443849590259864,-2.560338068993784,ridge_0p1
2012-09-13,2.3494114407388524,-2.3514224312618626,ridge_0p1
2012-09-14,2.3196293704689057,-3.5892544893188827,ridge_0p1
2012-09-17,2.3310592107768935,-3.114196085941978,ridge_0p1
2012-09-18,2.3336269219853367,-3.0074743160705686,ridge_0p1
2012-09-19,2.3316039584981194,-3.091554738756408,ridge_0p1
2012-09-20,2.344551762045249,-2.55340523582428,ridge_0p1
2012-09-21,2.348178375887799,-2.4026723003429007,ridge_0p1
2012-09-24,2.367392265187667,-1.6040855023211509,ridge_0p1
2012-09-25,2.377121174398751,-1.1997228907817403,ridge_0p1
2012-09-26,2.3850245554396663,-0.8712346986980202,ridge_0p1
2012-09-27,2.3699495137229243,-1.497798592490207,ridge_0p1
2012-09-28,2.3779276734372994,-1.166202374724301,ridge_0p1
2012-10-01,2.3683153881207883,-1.5657177478370587,ridge_0p1
2012-10-02,2.376860443309687,-1.2105596559109033,ridge_0p1
2012-10-03,2.3937142383696868,-0.5100654445919783,ridge_0p1
2012-10-04,2.381934302135953,-0.9996748834192659,ridge_0p1
2012-10-05,2.3887144355956518,-0.7178722257044523,ridge_0p1
2012-10-08,2.388508464679869,-0.7264329939879244,ridge_0p1
2012-10-09,2.3848983684308287,-0.876479408801567,ridge_0p1
2012-10-10,2.397429719718186,-0.35563890934448006,ridge_0p1
2012-10-11,2.3766856249127173,-1.2178256321894398,ridge_0p1
2012-10-12,2.3774228835574975,-1.1871829543192658,ridge_0p1
2012-10-15,2.3850648769167124,-0.8695588173216251,ridge_0p1
2012-10-16,2.379780799831554,-1.0891808904000655,ridge_0p1
2012-10-17,2.3793439814347805,-1.1073363715393691,ridge_0p1
2012-10-18,2.385409499799811,-0.8552352579191735,ridge_0p1
2012-10-19,2.3911461019584443,-0.6168048871654896,ridge_0p1
2012-10-22,2.3892255555059725,-0.6966285510783488,ridge_0p1
2012-10-23,2.385418960848198,-0.8548420284059111,ridge_0p1
2012-10-24,2.397085889834938,-0.36992950929757296,ridge_0p1
2012-10-25,2.399398770660628,-0.27379925352439827,ridge_0p1
2012-10-26,2.393942242705608,-0.5005889013624087,ridge_0p1
2012-10-31,2.410425991585191,0.0,ridge_0p1
2012-11-01,2.3907085513147677,-0.8180064577488322,ridge_0p1
2012-11-02,2.4092432586018684,-0.04906738424873547,ridge_0p1
2012-11-05,2.3996838079630787,-0.44565498628098554,ridge_0p1
2012-11-06,2.391145446552492,-0.7998812284636503,ridge_0p1
2012-11-07,2.402212252881559,-0.340758800822194,ridge_0p1
2012-11-08,2.4070942795824646,-0.1382208793946571,ridge_0p1
2012-11-09,2.401608856289246,-0.3657915790289956,ridge_0p1
2012-11-12,2.3913783767004517,-0.7902177852062042,ridge_0p1
2012-11-13,2.396377209247382,-0.5828340047300151,ridge_0p1
2012-11-14,2.3910532586764295,-0.8037057755098775,ridge_0p1
2012-11-15,2.3894557807849326,-0.8699794506641267,ridge_0p1
2012-11-16,2.4097158799236658,-0.029460006820547502,ridge_0p1
2012-11-19,2.4030105737336593,-0.30763930846327003,ridge_0p1
2012-11-20,2.411892786092441,0.0,ridge_0p1
2012-11-21,2.4048009608057996,-0.2940356771882424,ridge_0p1
2012-11-23,2.403552075958333,-0.3458159575832953,ridge_0p1
2012-11-26,2.410909638961285,-0.04076247239616082,ridge_0p1
2012-11-27,2.41099290552168,-0.03731013981839171,ridge_0p1
2012-11-28,2.404808806500629,-0.2937103851655354,ridge_0p1
2012-11-29,2.4065923243120664,-0.21976357369358768,ridge_0p1
2012-11-30,2.418421167997365,0.0,ridge_0p1
2012-12-03,2.419506684403246,0.0,ridge_0p1
2012-12-04,2.41379406434574,-0.23610681029859748,ridge_0p1
2012-12-05,2.4106895141580145,-0.36442016474139693,ridge_0p1
2012-12-06,2.4130674073856584,-0.2661400796739488,ridge_0p1
2012-12-07,2.414207484871438,-0.21901983433101346,ridge_0p1
2012-12-10,2.4126469595295643,-0.28351750040208623,ridge_0p1
2012-12-11,2.402050883760319,-0.7214611455901743,ridge_0p1
2012-12-12,2.399815200638673,-0.8138635818412565,ridge_0p1
2012-12-13,2.394971630284725,-1.014051925406123,ridge_0p1
2012-12-14,2.3863405488786094,-1.3707809008519645,ridge_0p1
2012-12-17,2.402986352511202,-0.6827975305271239,ridge_0p1
2012-12-18,2.3963927137581837,-0.9553174948455645,ridge_0p1
2012-12-19,2.3933624253628665,-1.0805615545066205,ridge_0p1
2012-12-20,2.406083611329005,-0.5547855337937002,ridge_0p1
2012-12-21,2.406580648118678,-0.5342426358188046,ridge_0p1
2012-12-24,2.40919770083276,-0.42607791236701775,ridge_0p1
2012-12-26,2.3941994422151023,-1.0459670291998124,ridge_0p1
2012-12-27,2.3947661637123923,-1.0225440107414108,ridge_0p1
2012-12-28,2.395048298032651,-1.0108831907041038,ridge_0p1
2012-12-31,2.3919938678995285,-1.1371250462365645,ridge_0p1
2013-01-02,2.4040212248152395,-0.6400254931234306,ridge_0p1
2013-01-03,2.4074960812414528,-0.49640710807771216,ridge_0p1
2013-01-04,2.4067491841497426,-0.5272769170567404,ridge_0p1
2013-01-07,2.403048720814537,-0.680219802441584,ridge_0p1
2013-01-08,2.4126691716848474,-0.28259945560286104,ridge_0p1
2013-01-09,2.4257976925719142,0.0,ridge_0p1
2013-01-10,2.4307449341194776,0.0,ridge_0p1
2013-01-11,2.4331197339760786,0.0,ridge_0p1
2013-01-14,2.4328876966383794,-0.009536618130989716,ridge_0p1
2013-01-15,2.432996089088612,-0.005081742823409563,ridge_0p1
2013-01-16,2.4323081031323217,-0.03335762035970857,ridge_0p1
2013-01-17,2.4352511720728383,0.0,ridge_0p1
2013-01-18,2.438950760823421,0.0,ridge_0p1
2013-01-22,2.4473319029590686,0.0,ridge_0p1
2013-01-23,2.4540369721349693,0.0,ridge_0p1
2013-01-24,2.4531037230712687,-0.03802913624764148,ridge_0p1
2013-01-25,2.4468992137385612,-0.290857818258472,ridge_0p1
2013-01-28,2.4443851741365146,-0.39330287636448746,ridge_0p1
2013-01-29,2.464007447476882,0.0,ridge_0p1
2013-01-30,2.465462837940172,0.0,ridge_0p1
2013-01-31,2.4569270616065753,-0.34621395229498253,ridge_0p1
2013-02-01,2.461903761740216,-0.14435732492845688,ridge_0p1
2013-02-04,2.4601554565624935,-0.21526916958573006,ridge_0p1
2013-02-05,2.4572236865499653,-0.3341827450577317,ridge_0p1
2013-02-06,2.455364153160603,-0.4096060433020354,ridge_0p1
2013-02-07,2.4533690140947098,-0.4905295532893206,ridge_0p1
2013-02-08,2.4575292802792563,-0.3217877608548303,ridge_0p1
2013-02-11,2.4637339011562926,-0.07012625610385292,ridge_0p1
2013-02-12,2.4652676937143645,-0.007915115279955032,ridge_0p1
2013-02-13,2.46604107084715,0.0,ridge_0p1
2013-02-14,2.4514545091127964,-0.5914971127931268,ridge_0p1
2013-02-15,2.466147241435308,0.0,ridge_0p1
2013-02-19,2.459749780525973,-0.25941114957968026,ridge_0p1
2013-02-20,2.4753692982444826,0.0,ridge_0p1
2013-02-21,2.4805472256743495,0.0,ridge_0p1
2013-02-22,2.492426697784577,0.0,ridge_0p1
2013-02-25,2.4893643352735224,-0.12286670311212333,ridge_0p1
2013-02-26,2.502976311332516,0.0,ridge_0p1
2013-02-27,2.5070634489668535,0.0,ridge_0p1
2013-02-28,2.517568631533373,0.0,ridge_0p1
2013-03-01,2.527298778814878,0.0,ridge_0p1
2013-03-04,2.5418962694498735,0.0,ridge_0p1
2013-03-05,2.5419354982433213,0.0,ridge_0p1
2013-03-06,2.5411059420918662,-0.03263482303261789,ridge_0p1
2013-03-07,2.5283590443315367,-0.534099072189953,ridge_0p1
2013-03-08,2.5215141779606345,-0.8033768086090132,ridge_0p1
2013-03-11,2.525752478704644,-0.6366416279980691,ridge_0p1
2013-03-12,2.521178557801221,-0.8165801396787908,ridge_0p1
2013-03-13,2.5159652750681363,-1.0216712105060255,ridge_0p1
2013-03-14,2.511439834730515,-1.1997024918170118,ridge_0p1
2013-03-15,2.510871639269915,-1.2220553587954486,ridge_0p1
2013-03-18,2.5113623265860654,-1.202751670071267,ridge_0p1
2013-03-19,2.5251484555377433,-0.6604039605717427,ridge_0p1
2013-03-20,2.5316469103468027,-0.4047540900872115,ridge_0p1
2013-03-21,2.5330296249307374,-0.3503579582856742,ridge_0p1
2013-03-22,2.5418136139129626,-0.0047949419032411456,ridge_0p1
2013-03-25,2.5386619778135007,-0.12878062531810341,ridge_0p1
2013-03-26,2.5515848491943403,0.0,ridge_0p1
2013-03-27,2.5510679406097863,-0.020258334137590595,ridge_0p1
2013-03-28,2.5709014417440414,0.0,ridge_0p1
2013-04-01,2.584989848044845,0.0,ridge_0p1
2013-04-02,2.610624743855698,0.0,ridge_0p1
2013-04-03,2.6176935765052987,0.0,ridge_0p1
2013-04-04,2.6239719580233976,0.0,ridge_0p1
2013-04-05,2.626641419363559,0.0,ridge_0p1
2013-04-08,2.6281845265248887,0.0,ridge_0p1
2013-04-09,2.6230664152261878,-0.1947394198179908,ridge_0p1
2013-04-10,2.615363395404144,-0.4878322275832514,ridge_0p1
2013-04-11,2.62203579052947,-0.23395374005755754,ridge_0p1
2013-04-12,2.622179623809568,-0.2284810162572759,ridge_0p1
2013-04-15,2.61832539902046,-0.37513071874999415,ridge_0p1
2013-04-16,2.627611968697669,-0.021785297852605634,ridge_0p1
2013-04-17,2.628011994885821,-0.006564669920483546,ridge_0p1
2013-04-18,2.627820476417039,-0.013851771219852704,ridge_0p1
2013-04-19,2.6254870080696655,-0.10263809211258357,ridge_0p1
2013-04-22,2.6275117071059366,-0.025600159051297755,ridge_0p1
2013-04-23,2.6348665878184563,0.0,ridge_0p1
2013-04-24,2.6401401266672093,0.0,ridge_0p1
2013-04-25,2.626228564364143,-0.5269251492581728,ridge_0p1
2013-04-26,2.62458905411693,-0.589024514009806,ridge_0p1
2013-04-29,2.6308805589174376,-0.3507225868901398,ridge_0p1
2013-04-30,2.6379285512006505,-0.08376735174850936,ridge_0p1
2013-05-01,2.6313412021678615,-0.3332749050125261,ridge_0p1
2013-05-02,2.6339940957715187,-0.23279184440293532,ridge_0p1
2013-05-03,2.629075966371522,-0.4190747371297321,ridge_0p1
2013-05-06,2.623832798918919,-0.6176690238360871,ridge_0p1
2013-05-07,2.638683386980284,-0.05517660491619614,ridge_0p1
2013-05-08,2.6405021795812145,0.0,ridge_0p1
2013-05-09,2.6285429025117426,-0.4529167656801003,ridge_0p1
2013-05-10,2.6086781763256273,-1.2052254113508964,ridge_0p1
2013-05-13,2.6131813727053324,-1.0346822315524529,ridge_0p1
2013-05-14,2.610374149461213,-1.140996222346613,ridge_0p1
2013-05-15,2.6215882672854387,-0.7162998175890722,ridge_0p1
2013-05-16,2.611591229592176,-1.0949034699764382,ridge_0p1
2013-05-17,2.6050093044475684,-1.3441714007323857,ridge_0p1
2013-05-20,2.586224185391203,-2.0555936143412,ridge_0p1
2013-05-21,2.5766446689964675,-2.4183850738148105,ridge_0p1
2013-05-22,2.5756065520510565,-2.457700206876956,ridge_0p1
2013-05-23,2.5625305333176094,-2.95290974824991,ridge_0p1
2013-05-24,2.562348606981869,-2.95979958674909,ridge_0p1
2013-05-28,2.5520800946473723,-3.3486844138059357,ridge_0p1
2013-05-29,2.5353816425420157,-3.9810812447756083,ridge_0p1
2013-05-30,2.542127276338255,-3.7256134080738246,ridge_0p1
2013-05-31,2.5347784908484705,-4.003923554780475,ridge_0p1
2013-06-03,2.542906745015608,-3.696093694612479,ridge_0p1
2013-06-04,2.5405559679243526,-3.7851213466036038,ridge_0p1
2013-06-05,2.534376853121824,-4.019134211668107,ridge_0p1
2013-06-06,2.5485147760680937,-3.483708675737962,ridge_0p1
2013-06-07,2.5543255763083326,-3.2636444665442244,ridge_0p1
2013-06-10,2.547979725003756,-3.503971907045833,ridge_0p1
2013-06-11,2.5476736219938854,-3.5155645128856383,ridge_0p1
2013-06-12,2.544454442489756,-3.637479939770083,ridge_0p1
2013-06-13,2.5545504297024637,-3.2551289123488925,ridge_0p1
2013-06-14,2.5583663152447786,-3.110615282637741,ridge_0p1
2013-06-17,2.562266460075057,-2.9629106202277766,ridge_0p1
2013-06-18,2.569920334946564,-2.6730462553848255,ridge_0p1
2013-06-19,2.5507838447909323,-3.3977754490818635,ridge_0p1
2013-06-20,2.5328979193913708,-4.075143774617517,ridge_0p1
2013-06-21,2.5381441083494383,-3.876462289003313,ridge_0p1
2013-06-24,2.5369560155514206,-3.921457245159954,ridge_0p1
2013-06-25,2.539913495082256,-3.8094528107873726,ridge_0p1
2013-06-26,2.5520751967347133,-3.3488699055164495,ridge_0p1
2013-06-27,2.566791907957515,-2.791524740774487,ridge_0p1
2013-06-28,2.5604823084306703,-3.030479269031905,ridge_0p1
2013-07-01,2.5693398262371616,-2.695031039714546,ridge_0p1
2013-07-02,2.5581598095371647,-3.1184359808825945,ridge_0p1
2013-07-03,2.556233965372158,-3.191370749878397,ridge_0p1
2013-07-05,2.566155704370298,-2.8156187783457187,ridge_0p1
2013-07-08,2.5869967057044323,-2.026337046435167,ridge_0p1
2013-07-09,2.589466205822155,-1.9328131653787772,ridge_0p1
2013-07-10,2.5845981878355393,-2.1171727172950683,ridge_0p1
2013-07-11,2.5962625445110343,-1.675425054078028,ridge_0p1
2013-07-12,2.602862688717717,-1.4254671385829698,ridge_0p1
2013-07-15,2.599549069550657,-1.5509591450915905,ridge_0p1
2013-07-16,2.5923087803597022,-1.825160365107359,ridge_0p1
2013-07-17,2.5881647955014073,-1.9820996356120335,ridge_0p1
2013-07-18,2.5979138418399064,-1.6128878086388299,ridge_0p1
2013-07-19,2.600218313012006,-1.525613835153039,ridge_0p1
2013-07-22,2.6024882848250437,-1.43964640704064,ridge_0p1
2013-07-23,2.5922624023026026,-1.82691677559087,ridge_0p1
2013-07-24,2.590363197650209,-1.898842664047995,ridge_0p1
2013-07-25,2.592577210898079,-1.814994475434839,ridge_0p1
2013-07-26,2.5963690966192896,-1.6713897569637481,ridge_0p1
2013-07-29,2.5955832657827886,-1.7011504154694546,ridge_0p1
2013-07-30,2.5876166782005448,-2.0028577059935437,ridge_0p1
2013-07-31,2.583845447810764,-2.1456801743460763,ridge_0p1
2013-08-01,2.585625601023753,-2.078262952472365,ridge_0p1
2013-08-02,2.5893637995944747,-1.9366914514287736,ridge_0p1
2013-08-05,2.575678793572112,-2.4549643060466475,ridge_0p1
2013-08-06,2.5766296426140185,-2.4189541467193987,ridge_0p1
2013-08-07,2.572066273469235,-2.591776164442827,ridge_0p1
2013-08-08,2.559965449671001,-3.0500535289460284,ridge_0p1
2013-08-09,2.546229838957713,-3.570242863365225,ridge_0p1
2013-08-12,2.541639321568015,-3.744093028125406,ridge_0p1
2013-08-13,2.5479977784149814,-3.503288195766774,ridge_0p1
2013-08-14,2.5442150808119854,-3.646544945647434,ridge_0p1
2013-08-15,2.5332529143258764,-4.0616995541487455,ridge_0p1
2013-08-16,2.532435050002424,-4.092673371545185,ridge_0p1
2013-08-19,2.5315210450610808,-4.127288186424383,ridge_0p1
2013-08-20,2.5326092313823687,-4.086076846789711,ridge_0p1
2013-08-21,2.523965193862037,-4.413440239525201,ridge_0p1
2013-08-22,2.520696615637645,-4.537226474191769,ridge_0p1
2013-08-23,2.518949772735848,-4.603382181818338,ridge_0p1
2013-08-26,2.5024160417305903,-5.229540763815043,ridge_0p1
2013-08-27,2.5030523627992802,-5.205442277034356,ridge_0p1
2013-08-28,2.495485883790729,-5.491996822115297,ridge_0p1
2013-08-29,2.5020208881002732,-5.244505857704096,ridge_0p1
2013-08-30,2.498001467093775,-5.396727697836634,ridge_0p1
2013-09-03,2.4971052875020754,-5.430667438490122,ridge_0p1
2013-09-04,2.498000836522821,-5.396751578557469,ridge_0p1
2013-09-05,2.4902067411418516,-5.691926316197926,ridge_0p1
2013-09-06,2.4889725663671545,-5.738666469803588,ridge_0p1
2013-09-09,2.482970738410741,-5.965965201189805,ridge_0p1
2013-09-10,2.4827081726613116,-5.975908982015277,ridge_0p1
2013-09-11,2.4856702962870485,-5.863728668412705,ridge_0p1
2013-09-12,2.4866367985904,-5.827125695280344,ridge_0p1
2013-09-13,2.4911552195750555,-5.656005935577202,ridge_0p1
2013-09-16,2.503606054228097,-5.184473105598009,ridge_0p1
2013-09-17,2.5025348520061823,-5.225041230487215,ridge_0p1
2013-09-18,2.5052004686664953,-5.124090105321488,ridge_0p1
2013-09-19,2.503894477775061,-5.173550049022091,ridge_0p1
2013-09-20,2.510120960974971,-4.937743267718952,ridge_0p1
2013-09-23,2.5114520288806568,-4.887333617767553,ridge_0p1
2013-09-24,2.5094610533594968,-4.962735014386577,ridge_0p1
2013-09-25,2.5076514841263697,-5.031266267536838,ridge_0p1
2013-09-26,2.5081455846568064,-5.012553897811967,ridge_0p1
2013-09-27,2.5162212466461162,-4.706715786722404,ridge_0p1
2013-09-30,2.515680735340989,-4.727185805997792,ridge_0p1
2013-10-01,2.5077013758606896,-5.029376788531459,ridge_0p1
2013-10-02,2.4960370060991126,-5.471124947339156,ridge_0p1
2013-10-03,2.4983159813479836,-5.384816544850635,ridge_0p1
2013-10-04,2.501446345987604,-5.266264677564658,ridge_0p1
2013-10-07,2.496926192839387,-5.437450037045566,ridge_0p1
2013-10-08,2.508812309900058,-4.98730395678153,ridge_0p1
2013-10-09,2.5307046292630697,-4.158207145867943,ridge_0p1
2013-10-10,2.5440672149198793,-3.652144861195672,ridge_0p1
2013-10-11,2.5463537091054795,-3.5655517046635055,ridge_0p1
2013-10-14,2.5447425499448024,-3.6265688540957575,ridge_0p1
2013-10-15,2.5385138348291925,-3.8624601615817378,ridge_0p1
2013-10-16,2.54218278566613,-3.7235111819024613,ridge_0p1
2013-10-17,2.5517007821504363,-3.3630495788820824,ridge_0p1
2013-10-18,2.5554608455999523,-3.220650020245386,ridge_0p1
2013-10-21,2.556056591555945,-3.1980881772520453,ridge_0p1
2013-10-22,2.5597010399167837,-3.0600671451536554,ridge_0p1
2013-10-23,2.5624286500144358,-2.956768230320539,ridge_0p1
2013-10-24,2.5471269172290665,-3.5362690882897674,ridge_0p1
2013-10-25,2.553603607727705,-3.2909865602645194,ridge_0p1
2013-10-28,2.554785753104394,-3.2462168423741056,ridge_0p1
2013-10-29,2.560677618659344,-3.023082561307744,ridge_0p1
2013-10-30,2.565811617782017,-2.828649882464529,ridge_0p1
2013-10-31,2.5806317592017205,-2.26738765233625,ridge_0p1
2013-11-01,2.581347488445717,-2.2402818521770618,ridge_0p1
2013-11-04,2.566053918923389,-2.819473554444596,ridge_0p1
2013-11-05,2.5746878257041295,-2.4924938288641396,ridge_0p1
2013-11-06,2.5923231575655494,-1.8246158775489518,ridge_0p1
2013-11-07,2.5929351663301796,-1.8014381362328247,ridge_0p1
2013-11-08,2.610428324227848,-1.1389445381232877,ridge_0p1
2013-11-11,2.6072070170255404,-1.2609405443079313,ridge_0p1
2013-11-12,2.6157921914539672,-0.9358063900998692,ridge_0p1
2013-11-13,2.6307954601446815,-0.36760884015147877,ridge_0p1
2013-11-14,2.6384902180226315,-0.07619617109735355,ridge_0p1
2013-11-15,2.635805368180213,-0.17787568733408365,ridge_0p1
2013-11-18,2.6446601688112885,0.0,ridge_0p1
2013-11-19,2.647739868782141,0.0,ridge_0p1
2013-11-20,2.649982009565914,0.0,ridge_0p1
2013-11-21,2.664554248225256,0.0,ridge_0p1
2013-11-22,2.6738839721556618,0.0,ridge_0p1
2013-11-25,2.6789222569481583,0.0,ridge_0p1
2013-11-26,2.6797980559363808,0.0,ridge_0p1
2013-11-27,2.68019873015859,0.0,ridge_0p1
2013-11-29,2.67708071759334,-0.11633512583096861,ridge_0p1
2013-12-02,2.6784400714482457,-0.06561672798942597,ridge_0p1
2013-12-03,2.6771864935634575,-0.1123885539246583,ridge_0p1
2013-12-04,2.67569548633331,-0.1680190268955828,ridge_0p1
2013-12-05,2.6723897201756737,-0.29135936432795884,ridge_0p1
2013-12-06,2.6983481830981315,0.0,ridge_0p1
2013-12-09,2.694061431145413,-0.1588657823912265,ridge_0p1
2013-12-10,2.6845768300859985,-0.5103623430954496,ridge_0p1
2013-12-11,2.6795162143453024,-0.6979072927203567,ridge_0p1
2013-12-12,2.6822576220534944,-0.5963115192259116,ridge_0p1
2013-12-13,2.682555821661523,-0.5852603283567515,ridge_0p1
2013-12-16,2.686087321742584,-0.454383960985727,ridge_0p1
2013-12-17,2.675396922305648,-0.850567059367846,ridge_0p1
2013-12-18,2.688055785712357,-0.3814332579555213,ridge_0p1
2013-12-19,2.682202109240994,-0.5983688079349125,ridge_0p1
2013-12-20,2.6855292163424314,-0.47506718502806633,ridge_0p1
2013-12-23,2.674252640115146,-0.8929738250206154,ridge_0p1
2013-12-24,2.6777704564493576,-0.762604573333725,ridge_0p1
2013-12-26,2.6833664375694632,-0.5552191382309668,ridge_0p1
2013-12-27,2.670136698222855,-1.0455094361797812,ridge_0p1
2013-12-30,2.675112239132791,-0.8611173350750456,ridge_0p1
2013-12-31,2.6735360696319592,-0.9195297190180973,ridge_0p1
2014-01-02,2.6599652838022254,-1.4224591005833953,ridge_0p1
2014-01-03,2.6655398112842876,-1.2158687310758642,ridge_0p1
2014-01-06,2.6621398844865314,-1.3418690307796854,ridge_0p1
2014-01-07,2.6692712938738548,-1.0775810700193622,ridge_0p1
2014-01-08,2.674506056928907,-0.8835822715010044,ridge_0p1
2014-01-09,2.6920191084612592,-0.2345536679260407,ridge_0p1
2014-01-10,2.6892440024443185,-0.3373982909559148,ridge_0p1
2014-01-13,2.684250212858106,-0.522466682703604,ridge_0p1
2014-01-14,2.6783698634850035,-0.7403907226749995,ridge_0p1
2014-01-15,2.6668757559486447,-1.166359009805451,ridge_0p1
2014-01-16,2.6575881435858886,-1.5105552266217903,ridge_0p1
2014-01-17,2.6535582340802906,-1.6599025025159975,ridge_0p1
2014-01-21,2.649008147976264,-1.8285273720761053,ridge_0p1
2014-01-22,2.651742715125762,-1.7271851077001799,ridge_0p1
2014-01-23,2.6316422430697353,-2.472102764432993,ridge_0p1
2014-01-24,2.61410059237691,-3.122191244589201,ridge_0p1
2014-01-27,2.6135528353491746,-3.1424909609551688,ridge_0p1
2014-01-28,2.6101922108698217,-3.2670347281533063,ridge_0p1
2014-01-29,2.59393866080883,-3.869386572989364,ridge_0p1
2014-01-30,2.6007778409107694,-3.6159285446749068,ridge_0p1
2014-01-31,2.585449428300978,-4.183995064251789,ridge_0p1
2014-02-03,2.5656191845242486,-4.918898139434658,ridge_0p1
2014-02-04,2.5608813672831725,-5.0944802704121495,ridge_0p1
2014-02-05,2.56111638913885,-5.085770428696767,ridge_0p1
2014-02-06,2.5583530946853523,-5.188177318615816,ridge_0p1
2014-02-07,2.574474511320647,-4.590722300161342,ridge_0p1
2014-02-10,2.5657763091470285,-4.91307514654723,ridge_0p1
2014-02-11,2.574372036741514,-4.594519978302913,ridge_0p1
2014-02-12,2.57523679681644,-4.562472221073421,ridge_0p1
2014-02-13,2.5749590854569027,-4.572764123403772,ridge_0p1
2014-02-14,2.5796360736443735,-4.399436299486659,ridge_0p1
2014-02-18,2.5770713974751214,-4.494482453475113,ridge_0p1
2014-02-19,2.565038062633533,-4.940434347932721,ridge_0p1
2014-02-20,2.5719372642423766,-4.6847519400040945,ridge_0p1
2014-02-21,2.5674681557967247,-4.8503758010627,ridge_0p1
2014-02-24,2.5704422837862135,-4.740155481530994,ridge_0p1
2014-02-25,2.564397017898659,-4.964191279632246,ridge_0p1
2014-02-26,2.5631426196232665,-5.010678915410671,ridge_0p1
2014-02-27,2.570063619683969,-4.754188663186964,ridge_0p1
2014-02-28,2.5883409501419075,-4.076836104594861,ridge_0p1
2014-03-03,2.5831616206748507,-4.268780550441365,ridge_0p1
2014-03-04,2.6047199468127156,-3.4698352448317427,ridge_0p1
2014-03-05,2.611333365725501,-3.2247438606208156,ridge_0p1
2014-03-06,2.622947134875735,-2.7943409488327853,ridge_0p1
2014-03-07,2.6384847342004902,-2.2185220303522324,ridge_0p1
2014-03-10,2.6443043663876686,-2.0028481516574326,ridge_0p1
2014-03-11,2.641323176280066,-2.1133301912354296,ridge_0p1
2014-03-12,2.6359306300310057,-2.3131763890996693,ridge_0p1
2014-03-13,2.629442536576625,-2.5536232482196497,ridge_0p1
2014-03-14,2.6235996940023214,-2.770157297120457,ridge_0p1
2014-03-17,2.6312570609726804,-2.4863775010836364,ridge_0p1
2014-03-18,2.6287329318699215,-2.5799209925637,ridge_0p1
2014-03-19,2.627529978882849,-2.6245020808979502,ridge_0p1
2014-03-20,2.6326709042695384,-2.433980879116393,ridge_0p1
2014-03-21,2.622144281772591,-2.824094451667325,ridge_0p1
2014-03-24,2.6182094181830196,-2.9699193535172252,ridge_0p1
2014-03-25,2.6177770415517756,-2.985943105898492,ridge_0p1
2014-03-26,2.6156037745362264,-3.0664837503254105,ridge_0p1
2014-03-27,2.606883375093062,-3.3896592210740484,ridge_0p1
2014-03-28,2.6091108650444497,-3.3071090903926015,ridge_0p1
2014-03-31,2.6252668971683297,-2.70837123198433,ridge_0p1
2014-04-01,2.635281951074958,-2.3372162428187293,ridge_0p1
2014-04-02,2.636688312468037,-2.2850968980326014,ridge_0p1
2014-04-03,2.635896307566038,-2.3144483696832863,ridge_0p1
2014-04-04,2.6048541670328205,-3.4648610824554504,ridge_0p1
2014-04-07,2.5837547625542765,-4.246798884652591,ridge_0p1
2014-04-08,2.5653948593839324,-4.927211563985323,ridge_0p1
2014-04-09,2.592289350764919,-3.9305095242171517,ridge_0p1
2014-04-10,2.5684073989078637,-4.815567724142822,ridge_0p1
2014-04-11,2.566974584088144,-4.868667425237527,ridge_0p1
2014-04-14,2.566585369525881,-4.883091603877676,ridge_0p1
2014-04-15,2.56689644269767,-4.871563322474348,ridge_0p1
2014-04-16,2.5879303987003612,-4.092051021784493,ridge_0p1
2014-04-17,2.598853898559496,-3.687229289453686,ridge_0p1
2014-04-21,2.593324089035842,-3.892162424409773,ridge_0p1
2014-04-22,2.5995095740444483,-3.6629301464053743,ridge_0p1
2014-04-23,2.5981679544763674,-3.7126501779596643,ridge_0p1
2014-04-24,2.5902863554272364,-4.004739949713343,ridge_0p1
2014-04-25,2.5809468131540787,-4.350860673927459,ridge_0p1
2014-04-28,2.5686162821796223,-4.807826570756202,ridge_0p1
2014-04-29,2.572058336995781,-4.68026501892539,ridge_0p1
2014-04-30,2.5830926036500963,-4.271338301334538,ridge_0p1
2014-05-01,2.584008610739542,-4.237391344630314,ridge_0p1
2014-05-02,2.5988132066508274,-3.6887373197710294,ridge_0p1
2014-05-05,2.6073863259752574,-3.371020007448977,ridge_0p1
2014-05-06,2.5953511215012997,-3.8170411899392076,ridge_0p1
2014-05-07,2.6097093888323193,-3.2849279726399394,ridge_0p1
2014-05-08,2.613023658718168,-3.1621020932145694,ridge_0p1
2014-05-09,2.6159097140751784,-3.055145719864094,ridge_0p1
2014-05-12,2.6283951070227074,-2.5924406832889435,ridge_0p1
2014-05-13,2.627876076879105,-2.611675789671941,ridge_0p1
2014-05-14,2.614246974480979,-3.1167663663252965,ridge_0p1
2014-05-15,2.6032827684550726,-3.5230966573746136,ridge_0p1
2014-05-16,2.602820030639185,-3.5402455864411486,ridge_0p1
2014-05-19,2.615127421807901,-3.0841372440927994,ridge_0p1
2014-05-20,2.6133590173999615,-3.1496737978635836,ridge_0p1
2014-05-21,2.631209825275709,-2.4881280422950125,ridge_0p1
2014-05-22,2.634368583395742,-2.3710653837463846,ridge_0p1
2014-05-23,2.642875244050836,-2.055811010408737,ridge_0p1
2014-05-27,2.6540129181615097,-1.643052042517279,ridge_0p1
2014-05-28,2.6533494380381417,-1.667640423198613,ridge_0p1
2014-05-29,2.6467739041239793,-1.9113278003632828,ridge_0p1
2014-05-30,2.654958927236101,-1.6079932209568604,ridge_0p1
2014-06-02,2.6689807164707307,-1.0883497841884249,ridge_0p1
2014-06-03,2.665217309809131,-1.2278205420829358,ridge_0p1
2014-06-04,2.6735767156747046,-0.9180233884785505,ridge_0p1
2014-06-05,2.6732149926904762,-0.9314287372209407,ridge_0p1
2014-06-06,2.678778961202954,-0.7252296800596358,ridge_0p1
2014-06-09,2.6835738586282836,-0.5475321740311734,ridge_0p1
2014-06-10,2.6784622326581116,-0.7369675479458548,ridge_0p1
2014-06-11,2.6664104348662954,-1.1836036739768185,ridge_0p1
2014-06-12,2.655033809802495,-1.6052180947940142,ridge_0p1
2014-06-13,2.650852455202413,-1.7601778819064662,ridge_0p1
2014-06-16,2.6422319446898723,-2.079651497896351,ridge_0p1
2014-06-17,2.644471546151749,-1.9966525181536632,ridge_0p1
2014-06-18,2.6517264813147174,-1.7277867280228065,ridge_0p1
2014-06-19,2.652153253688066,-1.7119706678115354,ridge_0p1
2014-06-20,2.6551600169326415,-1.6005408952043831,ridge_0p1
2014-06-23,2.648834352295612,-1.8349681895265868,ridge_0p1
2014-06-24,2.650024087903542,-1.7908769334247232,ridge_0p1
2014-06-25,2.651184442928807,-1.7478745131835782,ridge_0p1
2014-06-26,2.6520873789892705,-1.7144119650172929,ridge_0p1
2014-06-27,2.648489698785078,-1.8477409485312624,ridge_0p1
2014-06-30,2.6478315660081693,-1.8721311581058164,ridge_0p1
2014-07-01,2.658957016719018,-1.459825185861896,ridge_0p1
2014-07-02,2.6544666133983963,-1.6262382288023458,ridge_0p1
2014-07-03,2.658921593659689,-1.4611379541529246,ridge_0p1
2014-07-07,2.6716338042480654,-0.9900271216813028,ridge_0p1
2014-07-08,2.67989941495477,-0.6837059894242214,ridge_0p1
2014-07-09,2.6789971624943427,-0.7171432035717018,ridge_0p1
2014-07-10,2.6870864666432075,-0.4173559411444705,ridge_0p1
2014-07-11,2.694237123866981,-0.15235466115535168,ridge_0p1
2014-07-14,2.699013475669526,0.0,ridge_0p1
2014-07-15,2.706795178533138,0.0,ridge_0p1
2014-07-16,2.6955729258592793,-0.4145955616760122,ridge_0p1
2014-07-17,2.6916276123362586,-0.5603514561119849,ridge_0p1
2014-07-18,2.6924601043452205,-0.5295958224547315,ridge_0p1
2014-07-21,2.6999991343070997,-0.25107345690342786,ridge_0p1
2014-07-22,2.6989750739171514,-0.28890640407540635,ridge_0p1
2014-07-23,2.687203914789398,-0.723780798012108,ridge_0p1
2014-07-24,2.687726435571916,-0.7044767595439483,ridge_0p1
2014-07-25,2.683867846802298,-0.8470286895983392,ridge_0p1
2014-07-28,2.685237185037356,-0.7964397774442911,ridge_0p1
2014-07-29,2.6559223636326874,-1.8794482605817064,ridge_0p1
2014-07-30,2.641854828390631,-2.3991601085125103,ridge_0p1
2014-07-31,2.6289336702032884,-2.8765201352266456,ridge_0p1
2014-08-01,2.640853342194295,-2.436159073350286,ridge_0p1
2014-08-04,2.6425149832262074,-2.374771309507262,ridge_0p1
2014-08-05,2.630631967521193,-2.8137781394017125,ridge_0p1
2014-08-06,2.6317567894995872,-2.7722226501901592,ridge_0p1
2014-08-07,2.627679185253407,-2.922865900869731,ridge_0p1
2014-08-08,2.6377171215277824,-2.5520237937910917,ridge_0p1
2014-08-11,2.6306216804870486,-2.814158184195137,ridge_0p1
2014-08-12,2.6369103520121473,-2.581829134144631,ridge_0p1
2014-08-13,2.6513374873578823,-2.0488321988702984,ridge_0p1
2014-08-14,2.6504029341381474,-2.083358387890677,ridge_0p1
2014-08-15,2.6541892442637165,-1.9434767243057482,ridge_0p1
2014-08-18,2.6601254962371788,-1.7241674828625375,ridge_0p1
2014-08-19,2.659610874042682,-1.7431797154310757,ridge_0p1
2014-08-20,2.6590205253302397,-1.7649895929247372,ridge_0p1
2014-08-21,2.6719089114676047,-1.2888402987491276,ridge_0p1
2014-08-22,2.6627228501923588,-1.6282106858437229,ridge_0p1
2014-08-25,2.670145320185792,-1.3539945186102909,ridge_0p1
2014-08-26,2.6592722939285376,-1.7556882390471151,ridge_0p1
2014-08-27,2.657890889635663,-1.8067229203495683,ridge_0p1
2014-08-28,2.667664812768448,-1.445634530274864,ridge_0p1
2014-08-29,2.6625592229571398,-1.6342557400287117,ridge_0p1
2014-09-02,2.6643495754185493,-1.568112853577297,ridge_0p1
2014-09-03,2.669886334906392,-1.3635624859782647,ridge_0p1
2014-09-04,2.673027459232242,-1.247516604458987,ridge_0p1
2014-09-05,2.680110034695252,-0.985857520713751,ridge_0p1
2014-09-08,2.6758068146688276,-1.1448359340252567,ridge_0p1
2014-09-09,2.675253197087937,-1.16528881443827,ridge_0p1
2014-09-10,2.6732238992183426,-1.2402593140788842,ridge_0p1
2014-09-11,2.6659202269448374,-1.51008661137233,ridge_0p1
2014-09-12,2.651757403661142,-2.0333187863080915,ridge_0p1
2014-09-15,2.6662628378634174,-1.497429173480569,ridge_0p1
2014-09-16,2.6635344542307626,-1.5982267385971638,ridge_0p1
2014-09-17,2.6651242331338025,-1.539493853462448,ridge_0p1
2014-09-18,2.6727415860936543,-1.2580779184754642,ridge_0p1
2014-09-19,2.665908972621137,-1.5105023917678984,ridge_0p1
2014-09-22,2.67756375772025,-1.0799273267779852,ridge_0p1
2014-09-23,2.6720474912269085,-1.283720599984961,ridge_0p1
2014-09-24,2.6647521493811404,-1.5532401374669824,ridge_0p1
2014-09-25,2.6681836189799806,-1.426467723135294,ridge_0p1
2014-09-26,2.6753404009098456,-1.1620671513216774,ridge_0p1
2014-09-29,2.663876675268275,-1.5855837044944532,ridge_0p1
2014-09-30,2.658741434325735,-1.7753003473814477,ridge_0p1
2014-10-01,2.659863928941112,-1.7338308404058478,ridge_0p1
2014-10-02,2.660309192714089,-1.7173809894341807,ridge_0p1
2014-10-03,2.6665727872002507,-1.4859783869825227,ridge_0p1
2014-10-06,2.6780635168349094,-1.0614641967036098,ridge_0p1
2014-10-07,2.676863310311501,-1.1058046969722235,ridge_0p1
2014-10-08,2.6915206403898364,-0.5643034339812614,ridge_0p1
2014-10-09,2.678877893600723,-1.0313778136528229,ridge_0p1
2014-10-10,2.680713614244095,-0.9635588424232844,ridge_0p1
2014-10-13,2.6676601200871195,-1.4458078969693866,ridge_0p1
2014-10-14,2.6635004412325927,-1.5994833167985667,ridge_0p1
2014-10-15,2.644922907605196,-2.2858128098732555,ridge_0p1
2014-10-16,2.6516269491981688,-2.038138303647563,ridge_0p1
2014-10-17,2.673305075735475,-1.237260324063827,ridge_0p1
2014-10-20,2.6804369694527916,-0.9737792238358578,ridge_0p1
2014-10-21,2.702322748062078,-0.165229733912986,ridge_0p1
2014-10-22,2.708371592986627,0.0,ridge_0p1
2014-10-23,2.701510417397851,-0.25333213531493204,ridge_0p1
2014-10-24,2.702982411734248,-0.19898234298182382,ridge_0p1
2014-10-27,2.708790979902198,0.0,ridge_0p1
2014-10-28,2.702855768627785,-0.21910923797551218,ridge_0p1
2014-10-29,2.7148551771452736,0.0,ridge_0p1
2014-10-30,2.7088729608823154,-0.2203512111186967,ridge_0p1
2014-10-31,2.7099659433230165,-0.18009188347932747,ridge_0p1
2014-11-03,2.7160720460094754,0.0,ridge_0p1
2014-11-04,2.72605979229022,0.0,ridge_0p1
2014-11-05,2.742040568810333,0.0,ridge_0p1
2014-11-06,2.7412922190523235,-0.027291709922949714,ridge_0p1
2014-11-07,2.7171480343331957,-0.9078105831212047,ridge_0p1
2014-11-10,2.7307768090226734,-0.410780202006511,ridge_0p1
2014-11-11,2.726897253330955,-0.5522644577774405,ridge_0p1
2014-11-12,2.72251236978891,-0.7121776112121947,ridge_0p1
2014-11-13,2.7418043162795755,-0.008615938562128722,ridge_0p1
2014-11-14,2.735225069605158,-0.24855573920745666,ridge_0p1
2014-11-17,2.746207207481327,0.0,ridge_0p1
2014-11-18,2.7531732275191207,0.0,ridge_0p1
2014-11-19,2.754270913309975,0.0,ridge_0p1
2014-11-20,2.74154495836159,-0.4620444157067971,ridge_0p1
2014-11-21,2.744385165739795,-0.3589242990733932,ridge_0p1
2014-11-24,2.7497104853161214,-0.16557659494625954,ridge_0p1
2014-11-25,2.7594944156465084,0.0,ridge_0p1
2014-11-26,2.773780783383697,0.0,ridge_0p1
2014-11-28,2.796571496824492,0.0,ridge_0p1
2014-12-01,2.796075581871048,-0.017732961735728026,ridge_0p1
2014-12-02,2.8072236735488767,0.0,ridge_0p1
2014-12-03,2.8098039752217727,0.0,ridge_0p1
2014-12-04,2.8167756750587856,0.0,ridge_0p1
2014-12-05,2.8226893460342874,0.0,ridge_0p1
2014-12-08,2.8302257779558873,0.0,ridge_0p1
2014-12-09,2.8183679110123836,-0.4189724733575151,ridge_0p1
2014-12-10,2.808330358512568,-0.7736280127846662,ridge_0p1
2014-12-11,2.8124621321954306,-0.6276405896241344,ridge_0p1
2014-12-12,2.7882608444727457,-1.482741546981825,ridge_0p1
2014-12-15,2.787899322072994,-1.4955151710003611,ridge_0p1
2014-12-16,2.7852678760758502,-1.5884917108099916,ridge_0p1
2014-12-17,2.795627134768273,-1.222469368242518,ridge_0p1
2014-12-18,2.8093257288577993,-0.7384587215929828,ridge_0p1
2014-12-19,2.8069697066573487,-0.8217037481488498,ridge_0p1
2014-12-22,2.8237904594324905,-0.22737827397094623,ridge_0p1
2014-12-23,2.825669401935215,-0.16098984244158343,ridge_0p1
2014-12-24,2.824848516299305,-0.18999408804997175,ridge_0p1
2014-12-26,2.824994597548418,-0.18483261823893926,ridge_0p1
2014-12-29,2.823039994941937,-0.25389433839233533,ridge_0p1
2014-12-30,2.8273485632320803,-0.10166025432377657,ridge_0p1
2014-12-31,2.8065639704856693,-0.8360395716311864,ridge_0p1
2015-01-02,2.8118312651290585,-0.6499309337827497,ridge_0p1
2015-01-05,2.8336690438538588,0.0,ridge_0p1
2015-01-06,2.8405607250596128,0.0,ridge_0p1
2015-01-07,2.862045047069425,0.0,ridge_0p1
2015-01-08,2.87483400784111,0.0,ridge_0p1
2015-01-09,2.8700396579214273,-0.16676962588468847,ridge_0p1
2015-01-12,2.87327390560683,-0.05426755875380662,ridge_0p1
2015-01-13,2.8808828775601185,0.0,ridge_0p1
2015-01-14,2.8791118737978763,-0.06147434094030402,ridge_0p1
2015-01-15,2.90268309518385,0.0,ridge_0p1
2015-01-16,2.906339646446494,0.0,ridge_0p1
2015-01-20,2.908860254734187,0.0,ridge_0p1
2015-01-21,2.896577056255645,-0.42226842828048117,ridge_0p1
2015-01-22,2.925252103073882,0.0,ridge_0p1
2015-01-23,2.918994860731341,-0.21390437890689284,ridge_0p1
2015-01-26,2.917118427756298,-0.2780504049219257,ridge_0p1
2015-01-27,2.9025277722568057,-0.7768332443278014,ridge_0p1
2015-01-28,2.904831235696933,-0.6980891443677861,ridge_0p1
2015-01-29,2.9190497324454845,-0.212028584540791,ridge_0p1
2015-01-30,2.8925718998006165,-1.1171756184338633,ridge_0p1
2015-02-02,2.8919329151128252,-1.1390193660930747,ridge_0p1
2015-02-03,2.9047971828084447,-0.6992532453508171,ridge_0p1
2015-02-04,2.909810108940683,-0.5278859253522894,ridge_0p1
2015-02-05,2.916935782317229,-0.2842941552939737,ridge_0p1
2015-02-06,2.909706176060148,-0.5314388799993686,ridge_0p1
2015-02-09,2.8892475844035412,-1.2308176321796926,ridge_0p1
2015-02-10,2.9139934848339166,-0.38487685311411335,ridge_0p1
2015-02-11,2.921283228053548,-0.13567634106350646,ridge_0p1
2015-02-12,2.9283537149816308,0.0,ridge_0p1
2015-02-13,2.913446077929521,-0.5090791107591031,ridge_0p1
2015-02-17,2.911518998682114,-0.5748867089856446,ridge_0p1
2015-02-18,2.928866699752265,0.0,ridge_0p1
2015-02-19,2.9163729387449737,-0.42657322056849356,ridge_0p1
2015-02-20,2.929360711406766,0.0,ridge_0p1
2015-02-23,2.940488439931055,0.0,ridge_0p1
2015-02-24,2.9259824493609026,-0.4933190817268618,ridge_0p1
2015-02-25,2.9138560425163225,-0.9057133860168154,ridge_0p1
2015-02-26,2.9247654414782294,-0.5347070316383928,ridge_0p1
2015-02-27,2.928335262864606,-0.41330470480386294,ridge_0p1
2015-03-02,2.9551894054298007,0.0,ridge_0p1
2015-03-03,2.9437231131494963,-0.38800532579186253,ridge_0p1
2015-03-04,2.941096166204662,-0.4768980018419189,ridge_0p1
2015-03-05,2.9517363108019685,-0.11684850458273388,ridge_0p1
2015-03-06,2.932852943646888,-0.7558385848931315,ridge_0p1
2015-03-09,2.9558172867383288,0.0,ridge_0p1
2015-03-10,2.9399153550031305,-0.5379876424210783,ridge_0p1
2015-03-11,2.934676074783522,-0.7152408252587006,ridge_0p1
2015-03-12,2.964801920206647,0.0,ridge_0p1
2015-03-13,2.956808670065168,-0.269604862537387,ridge_0p1
2015-03-16,2.987426472163402,0.0,ridge_0p1
2015-03-17,2.9777792768278526,-0.322926620134123,ridge_0p1
2015-03-18,2.9872012305266877,-0.007539654576038668,ridge_0p1
2015-03-19,2.989553909798448,0.0,ridge_0p1
2015-03-20,3.001047287701728,0.0,ridge_0p1
2015-03-23,2.9956179591999392,-0.18091446022987512,ridge_0p1
2015-03-24,2.987125330717361,-0.46390328607680553,ridge_0p1
2015-03-25,2.978616026744113,-0.7474477676356006,ridge_0p1
2015-03-26,2.9796877729880955,-0.711735359891319,ridge_0p1
2015-03-27,2.9934309652461786,-0.25378881854881685,ridge_0p1
2015-03-30,3.0023184828377874,0.0,ridge_0p1
2015-03-31,2.9915325653862843,-0.35925294112396644,ridge_0p1
2015-04-01,2.996129992912684,-0.20612369941692688,ridge_0p1
2015-04-02,2.991411048938484,-0.36330036142580013,ridge_0p1
2015-04-06,2.9852750634884533,-0.5676752631927573,ridge_0p1
2015-04-07,2.9803756327131454,-0.7308635059895985,ridge_0p1
2015-04-08,2.9991967621548836,-0.10397699980027042,ridge_0p1
2015-04-09,2.9906908566206587,-0.3872882335300476,ridge_0p1
2015-04-10,2.9979879890633954,-0.14423832112236967,ridge_0p1
2015-04-13,2.994148642745914,-0.27211770298770643,ridge_0p1
2015-04-14,2.9756169899859706,-0.8893624378776277,ridge_0p1
2015-04-15,2.939883022069461,-2.079574872726775,ridge_0p1
2015-04-16,2.9465590676889852,-1.857211867013464,ridge_0p1
2015-04-17,2.939553200181321,-2.090560445710632,ridge_0p1
2015-04-20,2.957540564678705,-1.4914446423671346,ridge_0p1
2015-04-21,2.981139035790804,-0.7054363875135805,ridge_0p1
2015-04-22,2.982530704369099,-0.6590832578822536,ridge_0p1
2015-04-23,2.9815844360136836,-0.6906011784767685,ridge_0p1
2015-04-24,2.998759796681191,-0.11853126764994615,ridge_0p1
2015-04-27,2.9761397130831435,-0.8719517900679152,ridge_0p1
2015-04-28,2.965907781205783,-1.21275280554477,ridge_0p1
2015-04-29,2.9309441460196983,-2.377307311868726,ridge_0p1
2015-04-30,2.9027573307891394,-3.3161422619809033,ridge_0p1
2015-05-01,2.9284980346954836,-2.458781390591469,ridge_0p1
2015-05-04,2.9373242289981407,-2.164802109142472,ridge_0p1
2015-05-05,2.917915669255651,-2.811254504297589,ridge_0p1
2015-05-06,2.9154718659146592,-2.892651709656091,ridge_0p1
2015-05-07,2.9549056156607563,-1.579208450004832,ridge_0p1
2015-05-08,2.9507778234396924,-1.7166952704291027,ridge_0p1
2015-05-11,2.955744318214786,-1.5512732872689727,ridge_0p1
2015-05-12,2.93365472863154,-2.287024331320986,ridge_0p1
2015-05-13,2.9364470536039486,-2.194018709553325,ridge_0p1
2015-05-14,2.974898059256624,-0.9133082895071643,ridge_0p1
2015-05-15,2.987973337378556,-0.4778022565305018,ridge_0p1
2015-05-18,3.0002524379664575,-0.06881498026075628,ridge_0p1
2015-05-19,3.0324313702432644,0.0,ridge_0p1
2015-05-20,3.0268674819446324,-0.18347944666545768,ridge_0p1
2015-05-21,3.0122304072720114,-0.6661638963862959,ridge_0p1
2015-05-22,3.0114147063264105,-0.6930631348523453,ridge_0p1
2015-05-26,3.0143273341977803,-0.5970138755038601,ridge_0p1
2015-05-27,3.0333185821900965,0.0,ridge_0p1
2015-05-28,3.041230766624009,0.0,ridge_0p1
2015-05-29,3.0324542733576627,-0.28858360117436366,ridge_0p1
2015-06-01,3.041837333663626,0.0,ridge_0p1
2015-06-02,3.0213803467625127,-0.6725207385259724,ridge_0p1
2015-06-03,3.0325385031977588,-0.3056978216079642,ridge_0p1
2015-06-04,3.03154190241649,-0.3384609404716743,ridge_0p1
2015-06-05,3.0094947097694624,-1.0632594825578656,ridge_0p1
2015-06-08,3.0074230665052477,-1.1313644808524148,ridge_0p1
2015-06-09,3.0029608931686793,-1.2780578390798936,ridge_0p1
2015-06-10,3.0247602299151715,-0.5614075269398722,ridge_0p1
2015-06-11,3.0464011958457236,0.0,ridge_0p1
2015-06-12,3.043681217365423,-0.08928497283975378,ridge_0p1
2015-06-15,3.038683197219238,-0.25334806974899315,ridge_0p1
2015-06-16,3.042735328799988,-0.12033434896016049,ridge_0p1
2015-06-17,3.0553445721440244,0.0,ridge_0p1
2015-06-18,3.0797916685651314,0.0,ridge_0p1
2015-06-19,3.0798440086512535,0.0,ridge_0p1
2015-06-22,3.079882728507022,0.0,ridge_0p1
2015-06-23,3.0627129325897853,-0.5574821326252088,ridge_0p1
2015-06-24,3.0561897954293924,-0.7692803644220092,ridge_0p1
2015-06-25,3.061411327785368,-0.5997436379861165,ridge_0p1
2015-06-26,3.073372866088367,-0.21136721727748053,ridge_0p1
2015-06-29,3.063712646749228,-0.525022644795059,ridge_0p1
2015-06-30,3.063664795816814,-0.526576305652704,ridge_0p1
2015-07-01,3.097423604128964,0.0,ridge_0p1
2015-07-02,3.0957087008862647,-0.05536547343453213,ridge_0p1
2015-07-06,3.1127001466518154,0.0,ridge_0p1
2015-07-07,3.1251555585855737,0.0,ridge_0p1
2015-07-08,3.122683407484268,-0.07910489749907157,ridge_0p1
2015-07-09,3.122384172213349,-0.08867994953437597,ridge_0p1
2015-07-10,3.1430149314766105,0.0,ridge_0p1
2015-07-13,3.1459801570687773,0.0,ridge_0p1
2015-07-14,3.1411773610877027,-0.15266453509832356,ridge_0p1
2015-07-15,3.153039941852684,0.0,ridge_0p1
2015-07-16,3.153545566205129,0.0,ridge_0p1
2015-07-17,3.1658946910314163,0.0,ridge_0p1
2015-07-20,3.18632187705116,0.0,ridge_0p1
2015-07-21,3.175976124912459,-0.32469262484792205,ridge_0p1
2015-07-22,3.1799876594688263,-0.1987940273063704,ridge_0p1
2015-07-23,3.178114569656365,-0.25757935674692867,ridge_0p1
2015-07-24,3.174744110305936,-0.36335835461603905,ridge_0p1
2015-07-27,3.1752564686712,-0.34727842342785475,ridge_0p1
2015-07-28,3.173597409157152,-0.3993465941295349,ridge_0p1
2015-07-29,3.196031310648302,0.0,ridge_0p1
2015-07-30,3.195734920039904,-0.00927370790799742,ridge_0p1
2015-07-31,3.2033460657990696,0.0,ridge_0p1
2015-08-03,3.21843875373063,0.0,ridge_0p1
2015-08-04,3.219439231053449,0.0,ridge_0p1
2015-08-05,3.242517210056034,0.0,ridge_0p1
2015-08-06,3.223611636338078,-0.5830523785448016,ridge_0p1
2015-08-07,3.233214929609239,-0.28688453581513507,ridge_0p1
2015-08-10,3.2232201786904064,-0.5951250252668405,ridge_0p1
2015-08-11,3.2191346518518418,-0.7211236422023037,ridge_0p1
2015-08-12,3.194808185986554,-1.4713576206016765,ridge_0p1
2015-08-13,3.22505480000434,-0.5385448687068695,ridge_0p1
2015-08-14,3.2499686509429493,0.0,ridge_0p1
2015-08-17,3.2467286547761356,-0.09969315137466905,ridge_0p1
2015-08-18,3.251048579105084,0.0,ridge_0p1
2015-08-19,3.264347619842891,0.0,ridge_0p1
2015-08-20,3.259949450075151,-0.1347334990000726,ridge_0p1
2015-08-21,3.230443554036887,-1.0386168923895323,ridge_0p1
2015-08-24,3.198715365011536,-2.010577992135343,ridge_0p1
2015-08-25,3.191906659231097,-2.2191558328974903,ridge_0p1
2015-08-26,3.242881254802341,-0.6576004623424003,ridge_0p1
2015-08-27,3.2309379650106247,-1.023471110404428,ridge_0p1
2015-08-28,3.1986918647664457,-2.01129789846356,ridge_0p1
2015-08-31,3.1717554943400654,-2.836466463926479,ridge_0p1
2015-09-01,3.1485702038275076,-3.5467244760212013,ridge_0p1
2015-09-02,3.1707305188178045,-2.8678655562299538,ridge_0p1
2015-09-03,3.170228422661453,-2.883246766040426,ridge_0p1
2015-09-04,3.1618891430437546,-3.1387121940177343,ridge_0p1
2015-09-08,3.193775225601959,-2.161914184995062,ridge_0p1
2015-09-09,3.1927800337824928,-2.1924008835751074,ridge_0p1
2015-09-10,3.190270976095177,-2.2692633375632765,ridge_0p1
2015-09-11,3.2141431273675947,-1.537964038208428,ridge_0p1
2015-09-14,3.2143430160445425,-1.5318406500088089,ridge_0p1
2015-09-15,3.2186450844813237,-1.4000511184457443,ridge_0p1
2015-09-16,3.19875459487149,-2.00937622490579,ridge_0p1
2015-09-17,3.2042028879530813,-1.8424732563471435,ridge_0p1
2015-09-18,3.2103932429127884,-1.6528379698942608,ridge_0p1
2015-09-21,3.2465091725420487,-0.5464628580733377,ridge_0p1
2015-09-22,3.23632076286864,-0.8585745220234919,ridge_0p1
2015-09-23,3.262043736668503,-0.07057713952961508,ridge_0p1
2015-09-24,3.246353434148019,-0.5512337468439821,ridge_0p1
2015-09-25,3.259781142932246,-0.13988941872756788,ridge_0p1
2015-09-28,3.242320729357291,-0.6747715945356503,ridge_0p1
2015-09-29,3.237144811269076,-0.8333306296320342,ridge_0p1
2015-09-30,3.249167782344142,-0.46501902574579423,ridge_0p1
2015-10-01,3.258293229560862,-0.1854701455576202,ridge_0p1
2015-10-02,3.2475463058862926,-0.5146913231442896,ridge_0p1
2015-10-05,3.2439075950773084,-0.6261595622149563,ridge_0p1
2015-10-06,3.2001837506641695,-1.9655954772920259,ridge_0p1
2015-10-07,3.1973564346273364,-2.052207455123267,ridge_0p1
2015-10-08,3.1970382534369275,-2.061954615274797,ridge_0p1
2015-10-09,3.201686723611433,-1.91955341552974,ridge_0p1
2015-10-12,3.238960616446378,-0.7777052677292673,ridge_0p1
2015-10-13,3.2387890895042215,-0.7829598227623746,ridge_0p1
2015-10-14,3.202525757645043,-1.8938504533663414,ridge_0p1
2015-10-15,3.210677598067544,-1.6441270362600124,ridge_0p1
2015-10-16,3.2324420079078062,-0.9773962718045426,ridge_0p1
2015-10-19,3.2590392817636014,-0.1626155880893987,ridge_0p1
2015-10-20,3.265456885893391,0.0,ridge_0p1
2015-10-21,3.274018531820969,0.0,ridge_0p1
2015-10-22,3.295323973776951,0.0,ridge_0p1
2015-10-23,3.296845342652933,0.0,ridge_0p1
2015-10-26,3.3216046567989856,0.0,ridge_0p1
2015-10-27,3.3353618457911827,0.0,ridge_0p1
2015-10-28,3.34476321860182,0.0,ridge_0p1
2015-10-29,3.3396674723601336,-0.1523499843979037,ridge_0p1
2015-10-30,3.317386216927771,-0.8185034301320004,ridge_0p1
2015-11-02,3.3117887868250313,-0.985852499017037,ridge_0p1
2015-11-03,3.2900019455640463,-1.6372242056842845,ridge_0p1
2015-11-04,3.291234730467784,-1.6003670405228987,ridge_0p1
2015-11-05,3.29631488822354,-1.4484831126112652,ridge_0p1
2015-11-06,3.2905737455142026,-1.6201288266459057,ridge_0p1
2015-11-09,3.27628863967443,-2.0472175293775763,ridge_0p1
2015-11-10,3.294097937705721,-1.5147643520571297,ridge_0p1
2015-11-11,3.3189379728868547,-0.7721098334058096,ridge_0p1
2015-11-12,3.3143579216165597,-0.9090418363895569,ridge_0p1
2015-11-13,3.2978441649198222,-1.4027615892526768,ridge_0p1
2015-11-16,3.2980061648938435,-1.397918197854442,ridge_0p1
2015-11-17,3.309278976570882,-1.0608895073227709,ridge_0p1
2015-11-18,3.3206324048385087,-0.721450583679839,ridge_0p1
2015-11-19,3.344963140555686,0.0,ridge_0p1
2015-11-20,3.3691016115359007,0.0,ridge_0p1
2015-11-23,3.375496309482571,0.0,ridge_0p1
2015-11-24,3.3492286395582416,-0.7781868950808013,ridge_0p1
2015-11-25,3.345871296547434,-0.8776490986499796,ridge_0p1
2015-11-27,3.371620267635568,-0.114828798245592,ridge_0p1
2015-11-30,3.3559546709386465,-0.578926378589939,ridge_0p1
2015-12-01,3.3709622838783595,-0.1343217467450475,ridge_0p1
2015-12-02,3.3672979177908244,-0.2428795928087868,ridge_0p1
2015-12-03,3.3492669989538886,-0.7770504875090012,ridge_0p1
2015-12-04,3.403427697548914,0.0,ridge_0p1
2015-12-07,3.416529104034553,0.0,ridge_0p1
2015-12-08,3.4094102843495073,-0.20836408730249278,ridge_0p1
2015-12-09,3.3846284476867856,-0.9337153402292464,ridge_0p1
2015-12-10,3.3766435594551316,-1.1674287958595486,ridge_0p1
2015-12-11,3.370487324680138,-1.3476185319201472,ridge_0p1
2015-12-14,3.377122042030197,-1.153423863939007,ridge_0p1
2015-12-15,3.3893343890877037,-0.795974924221643,ridge_0p1
2015-12-16,3.409754846305856,-0.19827894106616561,ridge_0p1
2015-12-17,3.3961569285174313,-0.5962828033007073,ridge_0p1
2015-12-18,3.3654583963320857,-1.4948126050545962,ridge_0p1
2015-12-21,3.382849971150764,-0.985770407868547,ridge_0p1
2015-12-22,3.3942611935587013,-0.6517699629590701,ridge_0p1
2015-12-23,3.3876699720108863,-0.8446915318118364,ridge_0p1
2015-12-24,3.387084410572992,-0.8618306054173575,ridge_0p1
2015-12-28,3.406021678567118,-0.307546786445545,ridge_0p1
2015-12-29,3.4209518952540443,0.0,ridge_0p1
2015-12-30,3.4208115208139573,-0.004103373692032619,ridge_0p1
2015-12-31,3.3860381458915008,-1.0205858027696912,ridge_0p1
2016-01-04,3.3396362704735285,-2.3769882556175848,ridge_0p1
2016-01-05,3.3665128351069478,-1.5913424629741546,ridge_0p1
2016-01-06,3.389820519281364,-0.9100208633704976,ridge_0p1
2016-01-07,3.3711675238734657,-1.4552783232539834,ridge_0p1
2016-01-08,3.3561784401688657,-1.8934336719274025,ridge_0p1
2016-01-11,3.402740464254061,-0.5323498124965798,ridge_0p1
2016-01-12,3.4409098364743387,0.0,ridge_0p1
2016-01-13,3.404629021130951,-1.054395990235013,ridge_0p1
2016-01-14,3.412903420168126,-0.8139247361072632,ridge_0p1
2016-01-15,3.4019784489941416,-1.1314271320775893,ridge_0p1
2016-01-19,3.4371069493789905,-0.1105198123774298,ridge_0p1
2016-01-20,3.405783084910454,-1.0208564953238297,ridge_0p1
2016-01-21,3.3748316482758343,-1.9203696504355383,ridge_0p1
2016-01-22,3.39114586825709,-1.4462444696963672,ridge_0p1
2016-01-25,3.3974519233075036,-1.2629773877296246,ridge_0p1
2016-01-26,3.3924690449645247,-1.4077902011942256,ridge_0p1
2016-01-27,3.375395312672934,-1.9039883901326826,ridge_0p1
2016-01-28,3.3779684824895635,-1.8292067207801854,ridge_0p1
2016-01-29,3.404414499114598,-1.060630446426769,ridge_0p1
2016-02-01,3.427411201627373,-0.39229841781606156,ridge_0p1
2016-02-02,3.4309219490683596,-0.2902687917046065,ridge_0p1
2016-02-03,3.3984581533875535,-1.2337342477500735,ridge_0p1
2016-02-04,3.362972599246466,-2.2650182925958218,ridge_0p1
2016-02-05,3.3464762851462826,-2.744435507348708,ridge_0p1
2016-02-08,3.3363727550615736,-3.0380651159368055,ridge_0p1
2016-02-09,3.3789393397559015,-1.8009915883740235,ridge_0p1
2016-02-10,3.400982865908203,-1.1603608482530392,ridge_0p1
2016-02-11,3.3805193403636635,-1.7550734829062886,ridge_0p1
2016-02-12,3.3918852846406753,-1.4247554909458282,ridge_0p1
2016-02-16,3.40229976794112,-1.1220889348492635,ridge_0p1
2016-02-17,3.388875081861385,-1.512238247610409,ridge_0p1
2016-02-18,3.4035164842983225,-1.086728625657063,ridge_0p1
2016-02-19,3.441017666874559,0.0,ridge_0p1
2016-02-22,3.4252642581284665,-0.4578124924421334,ridge_0p1
2016-02-23,3.439652152367159,-0.039683449479066546,ridge_0p1
2016-02-24,3.449893781296161,0.0,ridge_0p1
2016-02-25,3.4924784276889027,0.0,ridge_0p1
2016-02-26,3.4586998577365917,-0.9671804894916258,ridge_0p1
2016-02-29,3.4316464820251324,-1.741798751897372,ridge_0p1
2016-03-01,3.4457799777228053,-1.337114915180715,ridge_0p1
2016-03-02,3.4203218218101963,-2.0660573106661917,ridge_0p1
2016-03-03,3.393286492394398,-2.8401588541849265,ridge_0p1
2016-03-04,3.3795606903996602,-3.233169212843623,ridge_0p1
2016-03-07,3.344970749347959,-4.223581659702758,ridge_0p1
2016-03-08,3.393460799550884,-2.8351679241020333,ridge_0p1
2016-03-09,3.3923199866078853,-2.867832777060153,ridge_0p1
2016-03-10,3.4032063516905002,-2.556123905895591,ridge_0p1
2016-03-11,3.403087104706606,-2.5595383001821514,ridge_0p1
2016-03-14,3.402280154361393,-2.58264367826595,ridge_0p1
2016-03-15,3.43008599209596,-1.7864801997998336,ridge_0p1
2016-03-16,3.420659392798197,-2.056391653598011,ridge_0p1
2016-03-17,3.4162576003951526,-2.1824280055521506,ridge_0p1
2016-03-18,3.4125341624130994,-2.2890410615565404,ridge_0p1
2016-03-21,3.407190164980185,-2.4420555337590466,ridge_0p1
2016-03-22,3.4034025643744146,-2.5505057556914568,ridge_0p1
2016-03-23,3.4468010977455976,-1.3078772249863646,ridge_0p1
2016-03-24,3.4278179614455873,-1.8514206338592465,ridge_0p1
2016-03-28,3.4496681411875807,-1.2257852807884384,ridge_0p1
2016-03-29,3.4692151397153133,-0.6660968265159384,ridge_0p1
2016-03-30,3.483564363975663,-0.25523604219191975,ridge_0p1
2016-03-31,3.469451289906079,-0.6593351472198417,ridge_0p1
2016-04-01,3.5013162563187925,0.0,ridge_0p1
2016-04-04,3.504306708982163,0.0,ridge_0p1
2016-04-05,3.4865013800315983,-0.5080984750828521,ridge_0p1
2016-04-06,3.4858059814315414,-0.5279425885639788,ridge_0p1
2016-04-07,3.476660155743562,-0.7889307510594912,ridge_0p1
2016-04-08,3.470336718425659,-0.9693783500580255,ridge_0p1
2016-04-11,3.4570845618263037,-1.3475460648127768,ridge_0p1
2016-04-12,3.444822507631663,-1.6974599054937478,ridge_0p1
2016-04-13,3.44063616819155,-1.8169226063293409,ridge_0p1
2016-04-14,3.4340753956571195,-2.0041428778202586,ridge_0p1
2016-04-15,3.4456403993114253,-1.6741202909084762,ridge_0p1
2016-04-18,3.4527191198039273,-1.4721196933478287,ridge_0p1
2016-04-19,3.4439835761657576,-1.7213999180433093,ridge_0p1
2016-04-20,3.425094866090482,-2.2604140981337784,ridge_0p1
2016-04-21,3.383280974565931,-3.453628476811721,ridge_0p1
2016-04-22,3.373741422485378,-3.725852139657826,ridge_0p1
2016-04-25,3.4018233330085943,-2.9244978959999557,ridge_0p1
2016-04-26,3.3903314748338063,-3.2524331804695605,ridge_0p1
2016-04-27,3.3849204199027105,-3.406844748304827,ridge_0p1
2016-04-28,3.390729847575326,-3.2410650904419747,ridge_0p1
2016-04-29,3.3873968755510964,-3.3361758299125466,ridge_0p1
2016-05-02,3.425791910547264,-2.2405230179667557,ridge_0p1
2016-05-03,3.455856022006969,-1.382604064050852,ridge_0p1
2016-05-04,3.483062663148452,-0.6062267831539625,ridge_0p1
2016-05-05,3.492955560693217,-0.32391994284778347,ridge_0p1
2016-05-06,3.511244749274366,0.0,ridge_0p1
2016-05-09,3.5487972161715975,0.0,ridge_0p1
2016-05-10,3.5498226310499628,0.0,ridge_0p1
2016-05-11,3.5231681507957253,-0.7508679453754441,ridge_0p1
2016-05-12,3.549098445043215,-0.020400625102034997,ridge_0p1
2016-05-13,3.5432167059872652,-0.1860916938473567,ridge_0p1
2016-05-16,3.5383970717752384,-0.32186282139242683,ridge_0p1
2016-05-17,3.491213818935891,-1.651034944716001,ridge_0p1
2016-05-18,3.505018353909712,-1.2621553749855519,ridge_0p1
2016-05-19,3.5049376967338013,-1.26442752163326,ridge_0p1
2016-05-20,3.5045579430657434,-1.2751253425535514,ridge_0p1
2016-05-23,3.49430623733102,-1.5639202148678089,ridge_0p1
2016-05-24,3.5255293798156186,-0.6843511284719828,ridge_0p1
2016-05-25,3.508793269775449,-1.1558144036728502,ridge_0p1
2016-05-26,3.5243758398071945,-0.716846836802143,ridge_0p1
2016-05-27,3.5266808673263017,-0.6519132398684402,ridge_0p1
2016-05-31,3.510294138027689,-1.11353431229273,ridge_0p1
2016-06-01,3.5145711804479154,-0.9930482242607397,ridge_0p1
2016-06-02,3.5077469886134183,-1.185288585083455,ridge_0p1
2016-06-03,3.5245363158632212,-0.7123261586526763,ridge_0p1
2016-06-06,3.488884992378602,-1.7166389705881357,ridge_0p1
2016-06-07,3.4851834194341498,-1.8209138408893932,ridge_0p1
2016-06-08,3.505516977753944,-1.248108931090841,ridge_0p1
2016-06-09,3.5383551872604513,-0.32304272583105753,ridge_0p1
2016-06-10,3.5758240973085047,0.0,ridge_0p1
2016-06-13,3.568435404163709,-0.20662909985860178,ridge_0p1
2016-06-14,3.5808669154656094,0.0,ridge_0p1
2016-06-15,3.5696552773376893,-0.3130984309832274,ridge_0p1
2016-06-16,3.6012271741698973,0.0,ridge_0p1
2016-06-17,3.5705074503037695,-0.8530348789564712,ridge_0p1
2016-06-20,3.568811957378523,-0.900115855613759,ridge_0p1
2016-06-21,3.570861402625176,-0.8432062204384749,ridge_0p1
2016-06-22,3.5741704024822156,-0.7513208797753301,ridge_0p1
2016-06-23,3.570751616705381,-0.8462547901200157,ridge_0p1
2016-06-24,3.5777404952465965,-0.6521854297824037,ridge_0p1
2016-06-27,3.6155527633274596,0.0,ridge_0p1
2016-06-28,3.620888503879048,0.0,ridge_0p1
2016-06-29,3.629949783013039,0.0,ridge_0p1
2016-06-30,3.6720549263813687,0.0,ridge_0p1
2016-07-01,3.6478416711895676,-0.6593925112024945,ridge_0p1
2016-07-05,3.695231701846621,0.0,ridge_0p1
2016-07-06,3.69747536953811,0.0,ridge_0p1
2016-07-07,3.683408982226426,-0.3804322113291403,ridge_0p1
2016-07-08,3.6894336847955533,-0.2174912322285838,ridge_0p1
2016-07-11,3.690552321166543,-0.1872371734671474,ridge_0p1
2016-07-12,3.638350900036362,-1.5990497188662633,ridge_0p1
2016-07-13,3.6662551519732083,-0.8443658021933476,ridge_0p1
2016-07-14,3.6575229174541612,-1.0805332853086713,ridge_0p1
2016-07-15,3.648997342226812,-1.3111115684687924,ridge_0p1
2016-07-18,3.6366854222959395,-1.644093365516175,ridge_0p1
2016-07-19,3.6591295622481304,-1.0370808039965373,ridge_0p1
2016-07-20,3.639498982665532,-1.5679992718875213,ridge_0p1
2016-07-21,3.636211341045855,-1.65691512097641,ridge_0p1
2016-07-22,3.6513383784897164,-1.2477971166081736,ridge_0p1
2016-07-25,3.649252478431253,-1.304211287089152,ridge_0p1
2016-07-26,3.6273523998728807,-1.8965094464980625,ridge_0p1
2016-07-27,3.604003818771544,-2.5279830539680526,ridge_0p1
2016-07-28,3.6177460838425417,-2.1563168845538105,ridge_0p1
2016-07-29,3.6124847593986997,-2.2986119350411616,ridge_0p1
2016-08-01,3.6296703677007085,-1.8338188915609122,ridge_0p1
2016-08-02,3.6380792492980025,-1.6063966437598554,ridge_0p1
2016-08-03,3.6038342103023653,-2.5325701966053327,ridge_0p1
2016-08-04,3.606028395178588,-2.473227411138801,ridge_0p1
2016-08-05,3.5891120925618596,-2.930736952814028,ridge_0p1
2016-08-08,3.580977826903087,-3.1507320804567196,ridge_0p1
2016-08-09,3.5972599502060136,-2.710374223388412,ridge_0p1
2016-08-10,3.616697496506444,-2.184676433470256,ridge_0p1
2016-08-11,3.5992557838800776,-2.656395941598988,ridge_0p1
2016-08-12,3.595240305031708,-2.764996498656147,ridge_0p1
2016-08-15,3.5621406241882188,-3.6601932893145284,ridge_0p1
2016-08-16,3.544553488424393,-4.135845836150098,ridge_0p1
2016-08-17,3.567389246108945,-3.5182417846752356,ridge_0p1
2016-08-18,3.563578822446638,-3.6212965255857377,ridge_0p1
2016-08-19,3.55640698141982,-3.8152624160931903,ridge_0p1
2016-08-22,3.572929176660564,-3.368411697982565,ridge_0p1
2016-08-23,3.551676925239356,-3.943189060836594,ridge_0p1
2016-08-24,3.568494567983258,-3.4883478228812215,ridge_0p1
2016-08-25,3.5744051209793692,-3.3284940738933178,ridge_0p1
2016-08-26,3.560138107368991,-3.7143523199797746,ridge_0p1
2016-08-29,3.5756643652078486,-3.2944372079881656,ridge_0p1
2016-08-30,3.568046728208396,-3.5004598650208774,ridge_0p1
2016-08-31,3.5823029848036825,-3.1148925475821376,ridge_0p1
2016-09-01,3.590852939986887,-2.8836548967882014,ridge_0p1
2016-09-02,3.601182451983247,-2.6042882759457653,ridge_0p1
2016-09-06,3.608375744512462,-2.4097422192369766,ridge_0p1
2016-09-07,3.594638785296392,-2.7812648892523772,ridge_0p1
2016-09-08,3.5682443354557667,-3.495115481958899,ridge_0p1
2016-09-09,3.5288325057172387,-4.5610273758750814,ridge_0p1
2016-09-12,3.5380379649170646,-4.312061303628445,ridge_0p1
2016-09-13,3.530285042090847,-4.521742830923814,ridge_0p1
2016-09-14,3.542061714170278,-4.203237069493893,ridge_0p1
2016-09-15,3.547052382524741,-4.068262043139992,ridge_0p1
2016-09-16,3.5336901249151618,-4.4296507279616755,ridge_0p1
2016-09-19,3.5451859358461086,-4.118740991397751,ridge_0p1
2016-09-20,3.5549378540454875,-3.8549956726399603,ridge_0p1
2016-09-21,3.568512320238496,-3.4878677045987905,ridge_0p1
2016-09-22,3.578544788763716,-3.2165347673228983,ridge_0p1
2016-09-23,3.573990694566323,-3.339702435589531,ridge_0p1
2016-09-26,3.5772536588925927,-3.2514539957715916,ridge_0p1
2016-09-27,3.584725794362902,-3.0493664975865142,ridge_0p1
2016-09-28,3.5737305368457752,-3.346738526287818,ridge_0p1
2016-09-29,3.5661383727852973,-3.5520722554324813,ridge_0p1
2016-09-30,3.5689897166442854,-3.4749562891577934,ridge_0p1
2016-10-03,3.558284977841768,-3.764471099471578,ridge_0p1
2016-10-04,3.56151754809966,-3.6770446818536584,ridge_0p1
2016-10-05,3.5347472467762477,-4.401060358711472,ridge_0p1
2016-10-06,3.5653595470957353,-3.5731359708524257,ridge_0p1
2016-10-07,3.5643201623542997,-3.6012466311694302,ridge_0p1
2016-10-10,3.560341629576427,-3.7088479639774796,ridge_0p1
2016-10-11,3.5584341544907585,-3.760436545239809,ridge_0p1
2016-10-12,3.598181968116428,-2.6854378054744332,ridge_0p1
2016-10-13,3.6033018285203764,-2.5469687179957567,ridge_0p1
2016-10-14,3.622901518522843,-2.0168856736585306,ridge_0p1
2016-10-17,3.631412171673812,-1.7867109652322188,ridge_0p1
2016-10-18,3.624957676614308,-1.9612758889820836,ridge_0p1
2016-10-19,3.59825600358666,-2.6834354805680527,ridge_0p1
2016-10-20,3.5805937540814052,-3.1611195146732163,ridge_0p1
2016-10-21,3.578046915873463,-3.2299999791362,ridge_0p1
2016-10-24,3.6013854419833136,-2.5987983137477966,ridge_0p1
2016-10-25,3.6118343175106173,-2.316203448792442,ridge_0p1
2016-10-26,3.6035966911380517,-2.5389940166602343,ridge_0p1
2016-10-27,3.5907665220705662,-2.8859921109055,ridge_0p1
2016-10-28,3.602710323720683,-2.5629662498405037,ridge_0p1
2016-10-31,3.6253586518250596,-1.9504313215224833,ridge_0p1
2016-11-01,3.6114598120715886,-2.3263321285427963,ridge_0p1
2016-11-02,3.6285844321414964,-1.8631885411374505,ridge_0p1
2016-11-03,3.6378452718422984,-1.6127246766017178,ridge_0p1
2016-11-04,3.625934798651831,-1.9348491534432077,ridge_0p1
2016-11-07,3.643526947070476,-1.4590610369467738,ridge_0p1
2016-11-08,3.670918289971983,-0.71824899186399,ridge_0p1
2016-11-09,3.620770061121205,-2.07453196440055,ridge_0p1
2016-11-10,3.566797297569511,-3.5342513176747303,ridge_0p1
2016-11-11,3.5712810394362453,-3.412986362032999,ridge_0p1
2016-11-14,3.5208658118805904,-4.776490442979798,ridge_0p1
2016-11-15,3.5333936100197043,-4.437670115944625,ridge_0p1
2016-11-16,3.555503970331402,-3.83968478536324,ridge_0p1
2016-11-17,3.552818596755671,-3.912312005489027,ridge_0p1
2016-11-18,3.562701034365808,-3.6450367264823202,ridge_0p1
2016-11-21,3.5612191711746712,-3.6851144293210014,ridge_0p1
2016-11-22,3.574019939877763,-3.338911482073492,ridge_0p1
2016-11-23,3.559742896241207,-3.72504099504275,ridge_0p1
2016-11-25,3.5793188004641805,-3.1956012485538143,ridge_0p1
2016-11-28,3.6064355351177886,-2.4622161156328204,ridge_0p1
2016-11-29,3.628128079598655,-1.8755308151820915,ridge_0p1
2016-11-30,3.561596385270269,-3.6749124926507726,ridge_0p1
2016-12-01,3.5251129921102216,-4.661623410608962,ridge_0p1
2016-12-02,3.5428093209269806,-4.183017685130663,ridge_0p1
2016-12-05,3.5388107330535976,-4.291161417644085,ridge_0p1
2016-12-06,3.530199965311328,-4.524043773351183,ridge_0p1
2016-12-07,3.558923489827421,-3.747202235670255,ridge_0p1
2016-12-08,3.541846037943782,-4.209070136788218,ridge_0p1
2016-12-09,3.549498616626281,-4.002102465129187,ridge_0p1
2016-12-12,3.56361671310551,-3.6202717544896568,ridge_0p1
2016-12-13,3.5817822000939405,-3.1289774205750076,ridge_0p1
2016-12-14,3.5856088228474623,-3.0254845674501984,ridge_0p1
2016-12-15,3.571805863325927,-3.398792247475657,ridge_0p1
2016-12-16,3.585703849736802,-3.022914519516351,ridge_0p1
2016-12-19,3.5973333414190543,-2.708389322727678,ridge_0p1
2016-12-20,3.5949572747367626,-2.7726511891316252,ridge_0p1
2016-12-21,3.5962452230082755,-2.737818008574866,ridge_0p1
2016-12-22,3.6001221333611304,-2.632965103135798,ridge_0p1
2016-12-23,3.597413721138983,-2.706215414536395,ridge_0p1
2016-12-27,3.5893492490490715,-2.9243229415358063,ridge_0p1
2016-12-28,3.581722358614473,-3.130595862173313,ridge_0p1
2016-12-29,3.587653593556515,-2.970182760008866,ridge_0p1
2016-12-30,3.585424498874958,-3.0304696979536527,ridge_0p1
2017-01-03,3.5824657852134467,-3.1104895321866777,ridge_0p1
2017-01-04,3.5790566091017393,-3.202692340075375,ridge_0p1
2017-01-05,3.581858658131371,-3.1269095761733756,ridge_0p1
2017-01-06,3.600028572663775,-2.635495497202145,ridge_0p1
2017-01-09,3.593925458867713,-2.8005571456540257,ridge_0p1
2017-01-10,3.6025235809649616,-2.568016797499584,ridge_0p1
2017-01-11,3.6131090480951458,-2.281727746938411,ridge_0p1
2017-01-12,3.600335069674666,-2.627206138105498,ridge_0p1
2017-01-13,3.6149603898488354,-2.2316573186417887,ridge_0p1
2017-01-17,3.597085782851,-2.7150846632861048,ridge_0p1
2017-01-18,3.6095463701905635,-2.378082084655797,ridge_0p1
2017-01-19,3.6178527049964315,-2.153433264157889,ridge_0p1
2017-01-20,3.6168871017035427,-2.179548469707171,ridge_0p1
2017-01-23,3.614673898580069,-2.239405612819134,ridge_0p1
2017-01-24,3.632736745445295,-1.7508872304104806,ridge_0p1
2017-01-25,3.640855876694619,-1.5313014201515651,ridge_0p1
2017-01-26,3.6493177954398313,-1.3024447571721054,ridge_0p1
2017-01-27,3.6505696921436726,-1.2685866086052378,ridge_0p1
2017-01-30,3.64816248787438,-1.3336906060280374,ridge_0p1
2017-01-31,3.6290020878113824,-1.8518928426366044,ridge_0p1
2017-02-01,3.6181316969637733,-2.1458877921950448,ridge_0p1
2017-02-02,3.6302100738687484,-1.81922227862642,ridge_0p1
2017-02-03,3.641235175956615,-1.5210430891530402,ridge_0p1
2017-02-06,3.6450187092419615,-1.4187156114227606,ridge_0p1
2017-02-07,3.652388326447268,-1.219400769029988,ridge_0p1
2017-02-08,3.648987556245435,-1.3113762350425717,ridge_0p1
2017-02-09,3.654143834378742,-1.171922212555021,ridge_0p1
2017-02-10,3.6564968118624046,-1.108284804634807,ridge_0p1
2017-02-13,3.6663892345136313,-0.840739475388641,ridge_0p1
2017-02-14,3.6584278049689245,-1.0560601671854686,ridge_0p1
2017-02-15,3.6589434652335195,-1.0421138872766633,ridge_0p1
2017-02-16,3.6849880575390506,-0.3377253599019747,ridge_0p1
2017-02-17,3.682773855501511,-0.3976095191253637,ridge_0p1
2017-02-21,3.684265552418187,-0.3572658584490629,ridge_0p1
2017-02-22,3.698298450164053,0.0,ridge_0p1
2017-02-23,3.697192366885511,-0.029907896656988786,ridge_0p1
2017-02-24,3.708931585092091,0.0,ridge_0p1
2017-02-27,3.696113809015157,-0.34559214110215786,ridge_0p1
2017-02-28,3.722841187854102,0.0,ridge_0p1
2017-03-01,3.7657084113776196,0.0,ridge_0p1
2017-03-02,3.7517152172676402,-0.3715952639269826,ridge_0p1
2017-03-03,3.760681284814067,-0.1334974993911886,ridge_0p1
2017-03-06,3.774441351601557,0.0,ridge_0p1
2017-03-07,3.7860657522765826,0.0,ridge_0p1
2017-03-08,3.781601284947804,-0.11791837809721484,ridge_0p1
2017-03-09,3.7880098625812466,0.0,ridge_0p1
2017-03-10,3.8001785255404394,0.0,ridge_0p1
2017-03-13,3.8138257513671934,0.0,ridge_0p1
2017-03-14,3.814348171944605,0.0,ridge_0p1
2017-03-15,3.8009465033985683,-0.3513488528553599,ridge_0p1
2017-03-16,3.8045630636870857,-0.25653421807403376,ridge_0p1
2017-03-17,3.8185001350932306,0.0,ridge_0p1
2017-03-20,3.820942390530442,0.0,ridge_0p1
2017-03-21,3.801227594103848,-0.5159668587376154,ridge_0p1
2017-03-22,3.8113921385443152,-0.24994493530693385,ridge_0p1
2017-03-23,3.816051910023383,-0.12799147454247706,ridge_0p1
2017-03-24,3.802251401324859,-0.48917223279537625,ridge_0p1
2017-03-27,3.7802475494000083,-1.0650472310519188,ridge_0p1
2017-03-28,3.7869949168249044,-0.8884581403182268,ridge_0p1
2017-03-29,3.7583500779971475,-1.6381380857355743,ridge_0p1
2017-03-30,3.7813097615652973,-1.0372474880376958,ridge_0p1
2017-03-31,3.7629099203272105,-1.5187999260877327,ridge_0p1
2017-04-03,3.7687663542001313,-1.365527950895573,ridge_0p1
2017-04-04,3.7703330241171584,-1.3245257646048336,ridge_0p1
2017-04-05,3.772355728709467,-1.2715884421965806,ridge_0p1
2017-04-06,3.7586573169885735,-1.6300971638889772,ridge_0p1
2017-04-07,3.7578243884715525,-1.6518961975275137,ridge_0p1
2017-04-10,3.7357127368839627,-2.2305924804756683,ridge_0p1
2017-04-11,3.73973170468495,-2.125409847757953,ridge_0p1
2017-04-12,3.737187986295082,-2.1919829108894895,ridge_0p1
2017-04-13,3.7368050834618307,-2.2020040730561963,ridge_0p1
2017-04-17,3.7555169036725404,-1.71228666048584,ridge_0p1
2017-04-18,3.7624928679381,-1.5297148351987477,ridge_0p1
2017-04-19,3.774318460951527,-1.2202206893897283,ridge_0p1
2017-04-20,3.782460783825247,-1.0071234468377543,ridge_0p1
2017-04-21,3.782977261050785,-0.9936064352539575,ridge_0p1
2017-04-24,3.8260793776950153,0.0,ridge_0p1
2017-04-25,3.8184595909021795,-0.19915391293910956,ridge_0p1
2017-04-26,3.8182845225070317,-0.20372957323953056,ridge_0p1
2017-04-27,3.8352825831052955,0.0,ridge_0p1
2017-04-28,3.8527091127499506,0.0,ridge_0p1
2017-05-01,3.8625971348513297,0.0,ridge_0p1
2017-05-02,3.8594320130626953,-0.08194283996320051,ridge_0p1
2017-05-03,3.8964223843556325,0.0,ridge_0p1
2017-05-04,3.916216270680107,0.0,ridge_0p1
2017-05-05,3.8901916332778588,-0.6645352453358955,ridge_0p1
2017-05-08,3.890748910035029,-0.6503052662271691,ridge_0p1
2017-05-09,3.873714415955433,-1.0852785389529385,ridge_0p1
2017-05-10,3.8753932155802135,-1.0424106402275868,ridge_0p1
2017-05-11,3.8718816191723104,-1.1320787322120274,ridge_0p1
2017-05-12,3.8679776065880764,-1.2317671128937224,ridge_0p1
2017-05-15,3.8648663708679547,-1.3112120542626449,ridge_0p1
2017-05-16,3.8749990112246007,-1.052476589816842,ridge_0p1
2017-05-17,3.8636596809552333,-1.3420247017089992,ridge_0p1
2017-05-18,3.8687884669971475,-1.211061912950051,ridge_0p1
2017-05-19,3.865133842723107,-1.3043822002232974,ridge_0p1
2017-05-22,3.8743803150352023,-1.0682749049924056,ridge_0p1
2017-05-23,3.8929059620778275,-0.5952252631398092,ridge_0p1
2017-05-24,3.9005354621124853,-0.40040711451563293,ridge_0p1
2017-05-25,3.9462528920195132,0.0,ridge_0p1
2017-05-26,3.9559756639019694,0.0,ridge_0p1
2017-05-30,3.965933332874518,0.0,ridge_0p1
2017-05-31,3.9796283015232965,0.0,ridge_0p1
2017-06-01,3.972416127734614,-0.18122732180595458,ridge_0p1
2017-06-02,3.9643465465636023,-0.3839995547786357,ridge_0p1
2017-06-05,3.966697588580037,-0.3249226300433561,ridge_0p1
2017-06-06,3.9517733110073396,-0.6999395020206967,ridge_0p1
2017-06-07,3.9771672591947453,-0.06184100981514451,ridge_0p1
2017-06-08,3.981651858624925,0.0,ridge_0p1
2017-06-09,4.007392521381866,0.0,ridge_0p1
2017-06-12,3.9979294726103447,-0.23613980215390074,ridge_0p1
2017-06-13,3.999080022142787,-0.20742912491668042,ridge_0p1
2017-06-14,4.002574420874788,-0.12023031139001272,ridge_0p1
2017-06-15,4.0251160015361735,0.0,ridge_0p1
2017-06-16,4.034359541175549,0.0,ridge_0p1
2017-06-19,4.04307339207652,0.0,ridge_0p1
2017-06-20,4.05058592925386,0.0,ridge_0p1
2017-06-21,4.048870998393633,-0.04233784667651008,ridge_0p1
2017-06-22,4.022712183742739,-0.6881410738583282,ridge_0p1
2017-06-23,4.000410941747629,-1.238709371497626,ridge_0p1
2017-06-26,3.998526763763699,-1.285225555003866,ridge_0p1
2017-06-27,3.9951231114923482,-1.3692541950771187,ridge_0p1
2017-06-28,4.007437863302268,-1.065230233482306,ridge_0p1
2017-06-29,3.977596514736163,-1.8019470711769903,ridge_0p1
2017-06-30,3.9835548405814194,-1.6548491957258271,ridge_0p1
2017-07-03,3.972622377229666,-1.9247475151960458,ridge_0p1
2017-07-05,4.004625339061589,-1.1346652310308403,ridge_0p1
2017-07-06,4.030685146454784,-0.4913062738738594,ridge_0p1
2017-07-07,4.046121767689891,-0.11021026690802849,ridge_0p1
2017-07-10,4.049839309173072,-0.018432397036582948,ridge_0p1
2017-07-11,4.038514377524463,-0.2980198899673936,ridge_0p1
2017-07-12,4.048709327934084,-0.0463291324404036,ridge_0p1
2017-07-13,4.027416146528686,-0.5720106456164609,ridge_0p1
2017-07-14,4.025869731597745,-0.6101882070347342,ridge_0p1
2017-07-17,4.02787971459881,-0.5605661761441283,ridge_0p1
2017-07-18,4.033829333019518,-0.4136832677298474,ridge_0p1
2017-07-19,4.017934984159665,-0.8060795565003498,ridge_0p1
2017-07-20,4.019488259666993,-0.7677326226380288,ridge_0p1
2017-07-21,4.033884939654003,-0.4123104630182173,ridge_0p1
2017-07-24,4.0348334830908525,-0.38889302530880077,ridge_0p1
2017-07-25,4.014533328253368,-0.8900589107397106,ridge_0p1
2017-07-26,4.005490879831203,-1.1132969454363262,ridge_0p1
2017-07-27,4.007303255616455,-1.0685533992702556,ridge_0p1
2017-07-28,4.004265356711045,-1.1435523983896356,ridge_0p1
2017-07-31,4.027306805563025,-0.5747100320156351,ridge_0p1
2017-08-01,4.047142577048096,-0.0850087435720237,ridge_0p1
2017-08-02,4.082833585157827,0.0,ridge_0p1
2017-08-03,4.1039787781008314,0.0,ridge_0p1
2017-08-04,4.096211968740841,-0.18925071936130022,ridge_0p1
2017-08-07,4.099739578997841,-0.10329485926220405,ridge_0p1
2017-08-08,4.095048996362266,-0.21758839948724518,ridge_0p1
2017-08-09,4.09502375271737,-0.2182035012277983,ridge_0p1
2017-08-10,4.1057285364030704,0.0,ridge_0p1
2017-08-11,4.10092529503247,-0.11698877137182873,ridge_0p1
2017-08-14,4.125568485559142,0.0,ridge_0p1
2017-08-15,4.146453160302299,0.0,ridge_0p1
2017-08-16,4.155775645657856,0.0,ridge_0p1
2017-08-17,4.1369148443802795,-0.4538455125045915,ridge_0p1
2017-08-18,4.137323550006138,-0.4440108712557178,ridge_0p1
2017-08-21,4.144505796845981,-0.27118520759538134,ridge_0p1
2017-08-22,4.159404362030435,0.0,ridge_0p1
2017-08-23,4.133573625670472,-0.6210200815232603,ridge_0p1
2017-08-24,4.107271732878916,-1.2533676607020428,ridge_0p1
2017-08-25,4.106909632183742,-1.262073250821616,ridge_0p1
2017-08-28,4.103093874045995,-1.3538113413179231,ridge_0p1
2017-08-29,4.092585378320726,-1.6064555857966845,ridge_0p1
2017-08-30,4.096803673916028,-1.5050397284251615,ridge_0p1
2017-08-31,4.088009845654574,-1.7164601024991288,ridge_0p1
2017-09-01,4.062133422268378,-2.3385785871170794,ridge_0p1
2017-09-05,4.023222176544986,-3.2740790178661827,ridge_0p1
2017-09-06,4.006159919368393,-3.684288165414984,ridge_0p1
2017-09-07,3.996215353841442,-3.923374454253148,ridge_0p1
2017-09-08,4.0531015898400655,-2.555721034501135,ridge_0p1
2017-09-11,4.080131261378573,-1.9058762686194997,ridge_0p1
2017-09-12,4.065855876489586,-2.249083700416743,ridge_0p1
2017-09-13,4.039738488928903,-2.876995422563733,ridge_0p1
2017-09-14,4.050896140359955,-2.608744238983096,ridge_0p1
2017-09-15,4.052612553611119,-2.5674783965266013,ridge_0p1
2017-09-18,4.0634548952959895,-2.306807859565918,ridge_0p1
2017-09-19,4.078972781883339,-1.9337283213270773,ridge_0p1
2017-09-20,4.05913653091701,-2.4106295610191286,ridge_0p1
2017-09-21,4.067826928812923,-2.201695849855012,ridge_0p1
2017-09-22,4.0527421778157295,-2.5643619838547793,ridge_0p1
2017-09-25,4.021871531729052,-3.3065510907491102,ridge_0p1
2017-09-26,4.015267132435173,-3.465333423964123,ridge_0p1
2017-09-27,4.000623615472165,-3.817391451711627,ridge_0p1
2017-09-28,4.0181950199683705,-3.394941433228016,ridge_0p1
2017-09-29,4.02921591060923,-3.129978239424014,ridge_0p1
2017-10-02,4.038593562691369,-2.9045216291520237,ridge_0p1
2017-10-03,4.042059653851208,-2.8211901985395027,ridge_0p1
2017-10-04,4.058451553960608,-2.427097711186388,ridge_0p1
2017-10-05,4.05830009784939,-2.4307390044590593,ridge_0p1
2017-10-06,4.094230361416241,-1.566907060278666,ridge_0p1
2017-10-09,4.098370003924869,-1.4673821728592773,ridge_0p1
2017-10-10,4.111255752040928,-1.1575842548283366,ridge_0p1
2017-10-11,4.115647122606458,-1.0520073456531276,ridge_0p1
2017-10-12,4.139380231318978,-0.4814182264713085,ridge_0p1
2017-10-13,4.129073235463333,-0.7292180304464435,ridge_0p1
2017-10-16,4.12418549208658,-0.8467286870532331,ridge_0p1
2017-10-17,4.124105777523391,-0.8486451769217584,ridge_0p1
2017-10-18,4.138653374468477,-0.49889324902828713,ridge_0p1
2017-10-19,4.159045109800519,-0.008637107591558113,ridge_0p1
2017-10-20,4.163531500968314,0.0,ridge_0p1
2017-10-23,4.179856325072558,0.0,ridge_0p1
2017-10-24,4.18383643356478,0.0,ridge_0p1
2017-10-25,4.193531167890181,0.0,ridge_0p1
2017-10-26,4.19253345719204,-0.023791660493199807,ridge_0p1
2017-10-27,4.197185954503754,0.0,ridge_0p1
2017-10-30,4.180796733712377,-0.3904811692651111,ridge_0p1
2017-10-31,4.1818236583658965,-0.3660141891348334,ridge_0p1
2017-11-01,4.171069062065218,-0.6222476850355374,ridge_0p1
2017-11-02,4.175275057371326,-0.522037797942132,ridge_0p1
2017-11-03,4.171571464567255,-0.6102777006821491,ridge_0p1
2017-11-06,4.139255647447762,-1.3802177860104181,ridge_0p1
2017-11-07,4.179172996749378,-0.42916749340229376,ridge_0p1
2017-11-08,4.193384048676524,-0.09058225840936629,ridge_0p1
2017-11-09,4.163395932134599,-0.805063743551726,ridge_0p1
2017-11-10,4.171889442041637,-0.6027017324541695,ridge_0p1
2017-11-13,4.214776903959187,0.0,ridge_0p1
2017-11-14,4.267186213200938,0.0,ridge_0p1
2017-11-15,4.255586585581156,-0.27183317156157516,ridge_0p1
2017-11-16,4.26706597802601,-0.0028176688084635693,ridge_0p1
2017-11-17,4.225973491530186,-0.9658055592525305,ridge_0p1
2017-11-20,4.250618757904941,-0.38825245649567464,ridge_0p1
2017-11-21,4.269620632827834,0.0,ridge_0p1
2017-11-22,4.238750096262437,-0.7230276228300747,ridge_0p1
2017-11-24,4.248083309493467,-0.5044317794600683,ridge_0p1
2017-11-27,4.277733242505503,0.0,ridge_0p1
2017-11-28,4.284593928090938,0.0,ridge_0p1
2017-11-29,4.245542564507481,-0.9114367484728492,ridge_0p1
2017-11-30,4.25708377228804,-0.6420714836599561,ridge_0p1
2017-12-01,4.222708280936106,-1.4443760177386578,ridge_0p1
2017-12-04,4.198493047001106,-2.0095458877755434,ridge_0p1
2017-12-05,4.206296418605952,-1.827419606129943,ridge_0p1
2017-12-06,4.247028608220405,-0.8767533283433271,ridge_0p1
2017-12-07,4.247879387897916,-0.856896611655833,ridge_0p1
2017-12-08,4.245101385073571,-0.9217336270409104,ridge_0p1
2017-12-11,4.234504676911923,-1.1690548047182836,ridge_0p1
2017-12-12,4.22995024820933,-1.275352595804935,ridge_0p1
2017-12-13,4.228589014852347,-1.3071230127879363,ridge_0p1
2017-12-14,4.238394003263415,-1.0782801264928366,ridge_0p1
2017-12-15,4.256873906800556,-0.6469696254910562,ridge_0p1
2017-12-18,4.2255523296122925,-1.3779975295103997,ridge_0p1
2017-12-19,4.206622791541475,-1.8198022463287278,ridge_0p1
2017-12-20,4.18100458349833,-2.417716738882736,ridge_0p1
2017-12-21,4.141396366155879,-3.342150139274991,ridge_0p1
2017-12-22,4.133293370253235,-3.531269482639565,ridge_0p1
2017-12-26,4.103393365826848,-4.229118682078381,ridge_0p1
2017-12-27,4.123229292049525,-3.766159378219336,ridge_0p1
2017-12-28,4.135242991382275,-3.4857664276999323,ridge_0p1
2017-12-29,4.135974701390281,-3.4686887297830094,ridge_0p1
2018-01-02,4.097229679493366,-4.372975636481269,ridge_0p1
2018-01-03,4.11627145187838,-3.928551434220895,ridge_0p1
2018-01-04,4.131151698406484,-3.5812548927553367,ridge_0p1
2018-01-05,4.1539928909418,-3.048154372177103,ridge_0p1
2018-01-08,4.161554129933855,-2.8716793288251052,ridge_0p1
2018-01-09,4.187246065324916,-2.272044081652258,ridge_0p1
2018-01-10,4.184254465426871,-2.3418663319810684,ridge_0p1
2018-01-11,4.158012266529188,-2.954344418308752,ridge_0p1
2018-01-12,4.1632903007084625,-2.831158084484442,ridge_0p1
2018-01-16,4.1802471866333,-2.435393953520615,ridge_0p1
2018-01-17,4.205095142077027,-1.8554567211771622,ridge_0p1
2018-01-18,4.209891605609521,-1.7435099739942617,ridge_0p1
2018-01-19,4.232000542239981,-1.2274998922567892,ridge_0p1
2018-01-22,4.2071006398527055,-1.8086495368946465,ridge_0p1
2018-01-23,4.205682618187458,-1.841745360887459,ridge_0p1
2018-01-24,4.212563296381279,-1.6811542218133524,ridge_0p1
2018-01-25,4.246289097999556,-0.8940130788181788,ridge_0p1
2018-01-26,4.257103527980316,-0.6416103969710596,ridge_0p1
2018-01-29,4.230480136122934,-1.2629853114718648,ridge_0p1
2018-01-30,4.261862306970463,-0.530543185701704,ridge_0p1
2018-01-31,4.288685369044848,0.0,ridge_0p1
2018-02-01,4.275457477199839,-0.30843698492051264,ridge_0p1
2018-02-02,4.27704904421563,-0.27132614840919,ridge_0p1
2018-02-05,4.225696098034899,-1.4687314547389474,ridge_0p1
2018-02-06,4.222969111751406,-1.5323170537939856,ridge_0p1
2018-02-07,4.227266605225827,-1.4321116737155304,ridge_0p1
2018-02-08,4.182544280218338,-2.4749096679514415,ridge_0p1
2018-02-09,4.2172842545165174,-1.6648718286422781,ridge_0p1
2018-02-12,4.234695300380515,-1.2588955360079979,ridge_0p1
2018-02-13,4.243161865529111,-1.061479208624616,ridge_0p1
2018-02-14,4.222806980440533,-1.5360974969116814,ridge_0p1
2018-02-15,4.248222106312718,-0.9434887209070819,ridge_0p1
2018-02-16,4.255374660027243,-0.7767114197286928,ridge_0p1
2018-02-20,4.249461947297998,-0.9145791395647529,ridge_0p1
2018-02-21,4.2559942280606275,-0.7622648474094329,ridge_0p1
2018-02-22,4.265395573664354,-0.5430520865110977,ridge_0p1
2018-02-23,4.274891204069567,-0.321640870996176,ridge_0p1
2018-02-26,4.286717150513775,-0.045893283412190566,ridge_0p1
2018-02-27,4.2485574752758,-0.9356688662377932,ridge_0p1
2018-02-28,4.245022334318758,-1.0180983441043234,ridge_0p1
2018-03-01,4.224360948869707,-1.4998633529851757,ridge_0p1
2018-03-02,4.197878953637086,-2.117348501785432,ridge_0p1
2018-03-05,4.185727228212423,-2.4006923327964946,ridge_0p1
2018-03-06,4.202304124446927,-2.0141660477452805,ridge_0p1
2018-03-07,4.221642548398298,-1.5632487552119434,ridge_0p1
2018-03-08,4.238925315698453,-1.1602635554838425,ridge_0p1
2018-03-09,4.273779946814042,-0.3475522438272538,ridge_0p1
2018-03-12,4.250356891258956,-0.8937115803024698,ridge_0p1
2018-03-13,4.255076692702228,-0.7836591740957077,ridge_0p1
2018-03-14,4.252656525265024,-0.8400906263694496,ridge_0p1
2018-03-15,4.263556604693978,-0.5859316361196854,ridge_0p1
2018-03-16,4.263968826532454,-0.5763197899942618,ridge_0p1
2018-03-19,4.270015218510784,-0.4353350485634344,ridge_0p1
2018-03-20,4.2899114047278015,0.0,ridge_0p1
2018-03-21,4.256500013499677,-0.7788363925488762,ridge_0p1
2018-03-22,4.21631722941307,-1.7155173702101512,ridge_0p1
2018-03-23,4.186376086408356,-2.41346052520669,ridge_0p1
2018-03-26,4.240434756666798,-1.1533256375988676,ridge_0p1
2018-03-27,4.233354165874778,-1.3183777825969356,ridge_0p1
2018-03-28,4.216389598545106,-1.713830409217043,ridge_0p1
2018-03-29,4.229805693962171,-1.4010944538246028,ridge_0p1
2018-04-02,4.22740520235239,-1.4570511247977036,ridge_0p1
2018-04-03,4.251259006429809,-0.9010069125295894,ridge_0p1
2018-04-04,4.2544743376717875,-0.8260559184732785,ridge_0p1
2018-04-05,4.253263618762295,-0.8542783873139559,ridge_0p1
2018-04-06,4.222976587529999,-1.560284371468268,ridge_0p1
2018-04-09,4.238061668707852,-1.208643515640151,ridge_0p1
2018-04-10,4.233940154817992,-1.3047180845768835,ridge_0p1
2018-04-11,4.208219477000024,-1.904280065964692,ridge_0p1
2018-04-12,4.23378802902978,-1.3082642134793154,ridge_0p1
2018-04-13,4.219183036212339,-1.6487139673214357,ridge_0p1
2018-04-16,4.241660967212355,-1.1247420509027495,ridge_0p1
2018-04-17,4.262748740608232,-0.633175409861253,ridge_0p1
2018-04-18,4.252587912586222,-0.870029439313047,ridge_0p1
2018-04-19,4.247775273252131,-0.9822144911718511,ridge_0p1
2018-04-20,4.2467229524580095,-1.0067446199983343,ridge_0p1
2018-04-23,4.2355635178948585,-1.2668766719295732,ridge_0p1
2018-04-24,4.221741669690644,-1.589070929577463,ridge_0p1
2018-04-25,4.210742205150391,-1.8454739995366953,ridge_0p1
2018-04-26,4.212371560667642,-1.807492900079588,ridge_0p1
2018-04-27,4.2089017676554334,-1.8883755264290425,ridge_0p1
2018-04-30,4.202896693514841,-2.028356835459677,ridge_0p1
2018-05-01,4.2125063844684965,-1.8043500892349185,ridge_0p1
2018-05-02,4.184286659788305,-2.4621661142719686,ridge_0p1
2018-05-03,4.224036603868366,-1.5355748556214133,ridge_0p1
2018-05-04,4.233941121059739,-1.3046955609940847,ridge_0p1
2018-05-07,4.236062875509167,-1.2552363939098976,ridge_0p1
2018-05-08,4.242940295386428,-1.0949202654769952,ridge_0p1
2018-05-09,4.243072038022668,-1.0918492781345712,ridge_0p1
2018-05-10,4.2499665324529605,-0.9311351332528361,ridge_0p1
2018-05-11,4.259383194033679,-0.7116279991348673,ridge_0p1
2018-05-14,4.243849371591752,-1.0737292403121823,ridge_0p1
2018-05-15,4.232059356992191,-1.3485604311514021,ridge_0p1
2018-05-16,4.226066454062327,-1.4882580231170506,ridge_0p1
2018-05-17,4.220335829645624,-1.6218417705666455,ridge_0p1
2018-05-18,4.232387668871695,-1.3409073155382867,ridge_0p1
2018-05-21,4.245991359570489,-1.0237984194477634,ridge_0p1
2018-05-22,4.2491053429773755,-0.9512098945785863,ridge_0p1
2018-05-23,4.256112468641208,-0.7878702587970521,ridge_0p1
2018-05-24,4.264084158917412,-0.6020461350769613,ridge_0p1
2018-05-25,4.275443259299785,-0.33725977212656355,ridge_0p1
2018-05-29,4.230384894160053,-1.3875930048845797,ridge_0p1
2018-05-30,4.244852471229329,-1.0503464814870966,ridge_0p1
2018-05-31,4.23441868157475,-1.293563384360208,ridge_0p1
2018-06-01,4.250829520418476,-0.911018448219103,ridge_0p1
2018-06-04,4.277217478689335,-0.29590182269212395,ridge_0p1
2018-06-05,4.268446214146125,-0.5003644261282525,ridge_0p1
2018-06-06,4.270549188098446,-0.4513430419103015,ridge_0p1
2018-06-07,4.258249840107188,-0.7380470511749837,ridge_0p1
2018-06-08,4.26394082451651,-0.6053873323041081,ridge_0p1
2018-06-11,4.237953420756761,-1.2111668300137546,ridge_0p1
2018-06-12,4.220748894106189,-1.6122130295136317,ridge_0p1
2018-06-13,4.224569310788291,-1.5231571884561257,ridge_0p1
2018-06-14,4.2242372693941395,-1.5308972409379895,ridge_0p1
2018-06-15,4.220390019199884,-1.6205785847068888,ridge_0p1
2018-06-18,4.211404834214323,-1.8300277816217347,ridge_0p1
2018-06-19,4.173869919735704,-2.704985582317876,ridge_0p1
2018-06-20,4.1483034277609905,-3.300953413880492,ridge_0p1
2018-06-21,4.148956274277065,-3.285735232093445,ridge_0p1
2018-06-22,4.1336321244637775,-3.642948898473586,ridge_0p1
2018-06-25,4.132079953396555,-3.679130789444851,ridge_0p1
2018-06-26,4.1247519632105005,-3.8499499391824954,ridge_0p1
2018-06-27,4.103563672207537,-4.343859696377306,ridge_0p1
2018-06-28,4.1162509415691035,-4.04811304418341,ridge_0p1
2018-06-29,4.126115868039246,-3.818156629249747,ridge_0p1
2018-07-02,4.1500873646680025,-3.259368944209484,ridge_0p1
2018-07-03,4.119761670189947,-3.966276188136131,ridge_0p1
2018-07-05,4.110967625876596,-4.1712697995113786,ridge_0p1
2018-07-06,4.088405122036109,-4.697213151526103,ridge_0p1
2018-07-09,4.123042697106209,-3.889793794755081,ridge_0p1
2018-07-10,4.1389506190360805,-3.518972105702489,ridge_0p1
2018-07-11,4.153970581397337,-3.168849202355273,ridge_0p1
2018-07-12,4.171970307345083,-2.7492665058942434,ridge_0p1
2018-07-13,4.165056292195622,-2.9104356885920724,ridge_0p1
2018-07-16,4.212818046479935,-1.797085090449746,ridge_0p1
2018-07-17,4.217324709053971,-1.6920325112969703,ridge_0p1
2018-07-18,4.260603294891474,-0.6831868323440959,ridge_0p1
2018-07-19,4.232786756595807,-1.3316043792661714,ridge_0p1
2018-07-20,4.253551877980325,-0.8475589194547384,ridge_0p1
2018-07-23,4.274654554525308,-0.35564487848581683,ridge_0p1
2018-07-24,4.272268393374007,-0.41126749923905415,ridge_0p1
2018-07-25,4.28915702528593,-0.0175849655319249,ridge_0p1
2018-07-26,4.28909694746461,-0.018985409868699232,ridge_0p1
2018-07-27,4.298806490574743,0.0,ridge_0p1
2018-07-30,4.276308263951193,-0.5233598365704251,ridge_0p1
2018-07-31,4.282602171093821,-0.3769492652542339,ridge_0p1
2018-08-01,4.303197381991004,0.0,ridge_0p1
2018-08-02,4.319112470982498,0.0,ridge_0p1
2018-08-03,4.316828529673012,-0.05287987578073139,ridge_0p1
2018-08-06,4.3151669092199345,-0.09135121599799234,ridge_0p1
2018-08-07,4.3321153580452725,0.0,ridge_0p1
2018-08-08,4.353550431664916,0.0,ridge_0p1
2018-08-09,4.360112401076609,0.0,ridge_0p1
2018-08-10,4.35031226766604,-0.22476790754635267,ridge_0p1
2018-08-13,4.351187674309272,-0.20469029112950565,ridge_0p1
2018-08-14,4.3654279978674975,0.0,ridge_0p1
2018-08-15,4.3778026333682645,0.0,ridge_0p1
2018-08-16,4.385886650186505,0.0,ridge_0p1
2018-08-17,4.388951255354189,0.0,ridge_0p1
2018-08-20,4.378852127692299,-0.23010343643188325,ridge_0p1
2018-08-21,4.366931235355218,-0.5017148452516551,ridge_0p1
2018-08-22,4.369908348972283,-0.4338828406598383,ridge_0p1
2018-08-23,4.37640712777603,-0.28581150366744357,ridge_0p1
2018-08-24,4.3820931522489355,-0.1562583566378617,ridge_0p1
2018-08-27,4.382624945415177,-0.14414172249678225,ridge_0p1
2018-08-28,4.3937152204518215,0.0,ridge_0p1
2018-08-29,4.390048648232812,-0.08345038390159543,ridge_0p1
2018-08-30,4.385281589134279,-0.19194760912781827,ridge_0p1
2018-08-31,4.39554113566425,0.0,ridge_0p1
2018-09-04,4.407897032442573,0.0,ridge_0p1
2018-09-05,4.401154958764247,-0.15295442767161438,ridge_0p1
2018-09-06,4.434941299851516,0.0,ridge_0p1
2018-09-07,4.425359200376451,-0.21605921763578895,ridge_0p1
2018-09-10,4.425033795609952,-0.22339651354339463,ridge_0p1
2018-09-11,4.428142315438208,-0.15330494709221432,ridge_0p1
2018-09-12,4.390366414890097,-1.0050839897906227,ridge_0p1
2018-09-13,4.396746118943785,-0.8612330654525269,ridge_0p1
2018-09-14,4.40516144718933,-0.6714824537403352,ridge_0p1
2018-09-17,4.3924696333270585,-0.9576601729966439,ridge_0p1
2018-09-18,4.375321337727946,-1.34432359060912,ridge_0p1
2018-09-19,4.364863096349827,-1.5801382422814703,ridge_0p1
2018-09-20,4.377302854161348,-1.2996439364845291,ridge_0p1
2018-09-21,4.381822481585494,-1.1977344157362513,ridge_0p1
2018-09-24,4.370683189300169,-1.4489055481635926,ridge_0p1
2018-09-25,4.3779564287981465,-1.2849069965205073,ridge_0p1
2018-09-26,4.370322907109519,-1.457029267651433,ridge_0p1
2018-09-27,4.36444949235105,-1.5894642732436237,ridge_0p1
2018-09-28,4.382398429164769,-1.1847478271810874,ridge_0p1
2018-10-01,4.379558676865604,-1.2487791662037728,ridge_0p1
2018-10-02,4.369095362442577,-1.4847082059720629,ridge_0p1
2018-10-03,4.3548497965885185,-1.8059202557129561,ridge_0p1
2018-10-04,4.353568490465815,-1.8348114187762943,ridge_0p1
2018-10-05,4.371147709222808,-1.438431454117417,ridge_0p1
2018-10-08,4.37367502628695,-1.3814449712472587,ridge_0p1
2018-10-09,4.37604153486339,-1.328084432371146,ridge_0p1
2018-10-10,4.343132939447959,-2.0701144433778795,ridge_0p1
2018-10-11,4.323171696354639,-2.5202047995679044,ridge_0p1
2018-10-12,4.337854647560338,-2.1891304918608245,ridge_0p1
2018-10-15,4.307250063275396,-2.8792091696996147,ridge_0p1
2018-10-16,4.329131368982951,-2.385824833174399,ridge_0p1
2018-10-17,4.338366093951795,-2.177598289811733,ridge_0p1
2018-10-18,4.33487037704164,-2.2564204584449965,ridge_0p1
2018-10-19,4.339293008827202,-2.1566980159921645,ridge_0p1
2018-10-22,4.354097290115539,-1.8228879317677582,ridge_0p1
2018-10-23,4.345304194445364,-2.0211565237436835,ridge_0p1
2018-10-24,4.352228934002325,-1.8650160229169432,ridge_0p1
2018-10-25,4.380482574503734,-1.227946925692236,ridge_0p1
2018-10-26,4.376746599082089,-1.3121864943596018,ridge_0p1
2018-10-29,4.390729023442669,-0.996907814999215,ridge_0p1
2018-10-30,4.379437678150293,-1.2515074709800955,ridge_0p1
2018-10-31,4.382462249808756,-1.1833087857220814,ridge_0p1
2018-11-01,4.340087865102096,-2.138775427593498,ridge_0p1
2018-11-02,4.337543742866817,-2.1961408370379187,ridge_0p1
2018-11-05,4.360827366998223,-1.6711367263366972,ridge_0p1
2018-11-06,4.385581905545262,-1.1129661244424272,ridge_0p1
2018-11-07,4.434358199093992,-0.013147879940222928,ridge_0p1
2018-11-08,4.45565898083894,0.0,ridge_0p1
2018-11-09,4.487936695065721,0.0,ridge_0p1
2018-11-12,4.484375765125524,-0.0793444779226049,ridge_0p1
2018-11-13,4.47368939377049,-0.31745771527693645,ridge_0p1
2018-11-14,4.45383574568394,-0.7598357931223321,ridge_0p1
2018-11-15,4.450157235965198,-0.8418001782881435,ridge_0p1
2018-11-16,4.45608653062984,-0.7096839059895665,ridge_0p1
2018-11-19,4.432343155874158,-1.2387326954207079,ridge_0p1
2018-11-20,4.4237411264869495,-1.430402720460644,ridge_0p1
2018-11-21,4.4123355103124755,-1.6845421379576342,ridge_0p1
2018-11-23,4.408774073530016,-1.7638979093163365,ridge_0p1
2018-11-26,4.411734583094955,-1.6979319707104423,ridge_0p1
2018-11-27,4.432467318876685,-1.2359661010820866,ridge_0p1
2018-11-28,4.469856128121407,-0.402870364998531,ridge_0p1
2018-11-29,4.4718354246211,-0.35876777099650425,ridge_0p1
2018-11-30,4.4943644385573185,0.0,ridge_0p1
2018-12-03,4.497608532025046,0.0,ridge_0p1
2018-12-04,4.493768660372552,-0.08537585308173723,ridge_0p1
2018-12-06,4.513090885139831,0.0,ridge_0p1
2018-12-07,4.4948953714860105,-0.4031718863391931,ridge_0p1
2018-12-10,4.496708801863186,-0.3629903251136879,ridge_0p1
2018-12-11,4.501671509602586,-0.25302782123988177,ridge_0p1
2018-12-12,4.487314114291802,-0.571155589463157,ridge_0p1
2018-12-13,4.518208624232806,0.0,ridge_0p1
2018-12-14,4.499261551629109,-0.4193492195574411,ridge_0p1
2018-12-17,4.451725263880347,-1.471453973946335,ridge_0p1
2018-12-18,4.446065256494231,-1.5967250239761865,ridge_0p1
2018-12-19,4.448685141576986,-1.5387399838719396,ridge_0p1
2018-12-20,4.4207700374318595,-2.156575645452674,ridge_0p1
2018-12-21,4.420594386244243,-2.1604632744274377,ridge_0p1
2018-12-24,4.349184188641658,-3.7409612890517807,ridge_0p1
2018-12-26,4.376675093867639,-3.1325142802408834,ridge_0p1
2018-12-27,4.403948291733771,-2.5288857155956745,ridge_0p1
2018-12-28,4.404156470525621,-2.5242781640378964,ridge_0p1
2018-12-31,4.414946571497111,-2.28546446885749,ridge_0p1
2019-01-02,4.360875253704328,-3.48220685704157,ridge_0p1
2019-01-03,4.347496455245891,-3.778315327701409,ridge_0p1
2019-01-04,4.345225817900093,-3.828570584477742,ridge_0p1
2019-01-07,4.295559981005323,-4.927807937715334,ridge_0p1
2019-01-08,4.295845415071119,-4.9214905210235855,ridge_0p1
2019-01-09,4.283592809385351,-5.192673343792153,ridge_0p1
2019-01-10,4.299248073250449,-4.8461806258345845,ridge_0p1
2019-01-11,4.29860640351877,-4.860382487347515,ridge_0p1
2019-01-14,4.288276156887438,-5.089018380252663,ridge_0p1
2019-01-15,4.307628379227816,-4.66070211710835,ridge_0p1
2019-01-16,4.308468369789501,-4.642110887009332,ridge_0p1
2019-01-17,4.306332235774916,-4.689389226551411,ridge_0p1
2019-01-18,4.30573851259322,-4.702529903113173,ridge_0p1
2019-01-22,4.350326966783409,-3.7156685627349417,ridge_0p1
2019-01-23,4.389712522135958,-2.8439612418000526,ridge_0p1
2019-01-24,4.347872932677636,-3.769982878647915,ridge_0p1
2019-01-25,4.3166571514082355,-4.460871322841897,ridge_0p1
2019-01-28,4.3249013418581574,-4.278405413549768,ridge_0p1
2019-01-29,4.324747304431988,-4.281814672372897,ridge_0p1
2019-01-30,4.329841151363025,-4.169074262297167,ridge_0p1
2019-01-31,4.357561238551003,-3.555554845789821,ridge_0p1
2019-02-01,4.357829464976961,-3.549618280034117,ridge_0p1
2019-02-04,4.365814169805525,-3.3728954791935606,ridge_0p1
2019-02-05,4.362023124550599,-3.4568014155992532,ridge_0p1
2019-02-06,4.359651402836232,-3.5092939388892685,ridge_0p1
2019-02-07,4.412131676059258,-2.347765607914143,ridge_0p1
2019-02-08,4.424274626810057,-2.0790097411382713,ridge_0p1
2019-02-11,4.411653630472381,-2.358346030967484,ridge_0p1
2019-02-12,4.396702822468302,-2.6892472630153597,ridge_0p1
2019-02-13,4.388876393798967,-2.8624669905719435,ridge_0p1
2019-02-14,4.380118501469587,-3.0563024917130033,ridge_0p1
2019-02-15,4.396350322721543,-2.6970490219883403,ridge_0p1
2019-02-19,4.391719803413049,-2.7995347567916884,ridge_0p1
2019-02-20,4.378302573045479,-3.0964938280397147,ridge_0p1
2019-02-21,4.408105118494171,-2.436884059494515,ridge_0p1
2019-02-22,4.392140353980733,-2.790226851764277,ridge_0p1
2019-02-25,4.36215319695523,-3.4539225665807916,ridge_0p1
2019-02-26,4.375585954684883,-3.1566198334221585,ridge_0p1
2019-02-27,4.370009907538106,-3.2800326195620233,ridge_0p1
2019-02-28,4.395842176641075,-2.7082956491967902,ridge_0p1
2019-03-01,4.392573803769495,-2.7806334525919407,ridge_0p1
2019-03-04,4.389753928108539,-2.843044817260487,ridge_0p1
2019-03-05,4.394364013860378,-2.741011331530918,ridge_0p1
2019-03-06,4.4191430454655745,-2.19258531436346,ridge_0p1
2019-03-07,4.426687214425671,-2.0256127465268503,ridge_0p1
2019-03-08,4.445353573857513,-1.612476457694867,ridge_0p1
2019-03-11,4.452198399993401,-1.4609822106347203,ridge_0p1
2019-03-12,4.4561684896397615,-1.3731135446092724,ridge_0p1
2019-03-13,4.465544333015632,-1.165601139679917,ridge_0p1
2019-03-14,4.474892471868418,-0.9587019096920057,ridge_0p1
2019-03-15,4.471988756494132,-1.022968870688712,ridge_0p1
2019-03-18,4.460955805416416,-1.2671574860293688,ridge_0p1
2019-03-19,4.4521632544850895,-1.4617600744129322,ridge_0p1
2019-03-20,4.4507488655563545,-1.4930642714159004,ridge_0p1
2019-03-21,4.470283757266364,-1.060705048222077,ridge_0p1
2019-03-22,4.503328867144606,-0.32932868589544695,ridge_0p1
2019-03-25,4.508943087129092,-0.20507103310856145,ridge_0p1
2019-03-26,4.510712049257189,-0.1659191860997833,ridge_0p1
2019-03-27,4.51614483453456,-0.04567716698996582,ridge_0p1
2019-03-28,4.534067950957006,0.0,ridge_0p1
2019-03-29,4.53729735795079,0.0,ridge_0p1
2019-04-01,4.531084186604212,-0.13693551152625938,ridge_0p1
2019-04-02,4.533646896435776,-0.08045453553130466,ridge_0p1
2019-04-03,4.534518948539654,-0.06123489804490401,ridge_0p1
2019-04-04,4.5141628231970845,-0.509874776295316,ridge_0p1
2019-04-05,4.4951286621597,-0.9293791538083074,ridge_0p1
2019-04-08,4.490711777312305,-1.0267253160485823,ridge_0p1
2019-04-09,4.507767897217168,-0.6508160784718275,ridge_0p1
2019-04-10,4.498538325010239,-0.8542317129079602,ridge_0p1
2019-04-11,4.511907637283501,-0.5595780629805369,ridge_0p1
2019-04-12,4.503287272259404,-0.7495670441742042,ridge_0p1
2019-04-15,4.509737531382945,-0.6074062243143663,ridge_0p1
2019-04-16,4.44905737593929,-1.9447696514065749,ridge_0p1
2019-04-17,4.430585257639159,-2.351886858916963,ridge_0p1
2019-04-18,4.452201650029974,-1.875471259817263,ridge_0p1
2019-04-22,4.438354609706718,-2.1806538218327676,ridge_0p1
2019-04-23,4.465951802647139,-1.572424059415678,ridge_0p1
2019-04-24,4.496994678330639,-0.8882529938119998,ridge_0p1
2019-04-25,4.540603866434405,0.0,ridge_0p1
2019-04-26,4.556943061816003,0.0,ridge_0p1
2019-04-29,4.5425010463141335,-0.31692332570235626,ridge_0p1
2019-04-30,4.602420069377989,0.0,ridge_0p1
2019-05-01,4.601455380782477,-0.020960463864005963,ridge_0p1
2019-05-02,4.619852847484146,0.0,ridge_0p1
2019-05-03,4.612920699529032,-0.15005127184708478,ridge_0p1
2019-05-06,4.61046778401731,-0.20314637233407318,ridge_0p1
2019-05-07,4.616030174543775,-0.0827444740464478,ridge_0p1
2019-05-08,4.607552874139914,-0.2662416693841152,ridge_0p1
2019-05-09,4.601227656815055,-0.40315549615900226,ridge_0p1
2019-05-10,4.650906423900665,0.0,ridge_0p1
2019-05-13,4.6868450086861815,0.0,ridge_0p1
2019-05-14,4.670615644931777,-0.3462748122527226,ridge_0p1
2019-05-15,4.67224447089526,-0.3115216689235978,ridge_0p1
2019-05-16,4.695955278548078,0.0,ridge_0p1
2019-05-17,4.709321183914802,0.0,ridge_0p1
2019-05-20,4.69567251909288,-0.28982233933290136,ridge_0p1
2019-05-21,4.695634443688619,-0.29063085085236917,ridge_0p1
2019-05-22,4.7356267409894155,0.0,ridge_0p1
2019-05-23,4.771051621467642,0.0,ridge_0p1
2019-05-24,4.784010624343904,0.0,ridge_0p1
2019-05-28,4.776707956597903,-0.15264739816506223,ridge_0p1
2019-05-29,4.763544564255299,-0.4278013093127697,ridge_0p1
2019-05-30,4.791558097085973,0.0,ridge_0p1
2019-05-31,4.804929721579827,0.0,ridge_0p1
2019-06-03,4.801690825559597,-0.06740777093331429,ridge_0p1
2019-06-04,4.80163219302009,-0.06862802893716768,ridge_0p1
2019-06-05,4.868272094291609,0.0,ridge_0p1
2019-06-06,4.892651408075306,0.0,ridge_0p1
2019-06-07,4.902115271891635,0.0,ridge_0p1
2019-06-10,4.901909094408821,-0.004205888098873789,ridge_0p1
2019-06-11,4.883124845836806,-0.38739248266392856,ridge_0p1
2019-06-12,4.914703612156252,0.0,ridge_0p1
2019-06-13,4.881284821539875,-0.67997570664724,ridge_0p1
2019-06-14,4.909422990266375,-0.10744537832995116,ridge_0p1
2019-06-17,4.892826018700792,-0.44514573373960475,ridge_0p1
2019-06-18,4.880759831130828,-0.6906577426452842,ridge_0p1
2019-06-19,4.904573679063817,-0.20611483197846558,ridge_0p1
2019-06-20,4.917381520670489,0.0,ridge_0p1
2019-06-21,4.903390929575036,-0.2845130286645903,ridge_0p1
2019-06-24,4.917113085287446,-0.005458909013145163,ridge_0p1
2019-06-25,4.90474888265222,-0.2568976591538874,ridge_0p1
2019-06-26,4.820837244290985,-1.9633269449131574,ridge_0p1
2019-06-27,4.833568836638635,-1.7044169479130677,ridge_0p1
2019-06-28,4.836773359953667,-1.6392496774549792,ridge_0p1
2019-07-01,4.866966379646384,-1.0252436344868054,ridge_0p1
2019-07-02,4.93650242819938,0.0,ridge_0p1
2019-07-03,4.9687850686675645,0.0,ridge_0p1
2019-07-05,4.958198343960043,-0.2130646538583414,ridge_0p1
2019-07-08,4.980474228368733,0.0,ridge_0p1
2019-07-09,4.993002155564549,0.0,ridge_0p1
2019-07-10,5.000715797083728,0.0,ridge_0p1
2019-07-11,5.007689170929583,0.0,ridge_0p1
2019-07-12,4.994396288172478,-0.2654494379218386,ridge_0p1
2019-07-15,5.014999362529268,0.0,ridge_0p1
2019-07-16,5.0102535425869545,-0.09463251337125111,ridge_0p1
2019-07-17,5.028208171213917,0.0,ridge_0p1
2019-07-18,5.056547099669325,0.0,ridge_0p1
2019-07-19,5.004806331711283,-1.023243073547686,ridge_0p1
2019-07-22,5.017500041807029,-0.7722079334502752,ridge_0p1
2019-07-23,5.013172738371316,-0.8577861620402194,ridge_0p1
2019-07-24,4.970221977830862,-1.7071950510281764,ridge_0p1
2019-07-25,5.011355404588064,-0.8937263747472279,ridge_0p1
2019-07-26,5.018171701374474,-0.7589249647721341,ridge_0p1
2019-07-29,5.038021592876491,-0.36636674053814877,ridge_0p1
2019-07-30,5.000964343207442,-1.0992235485261959,ridge_0p1
2019-07-31,4.982858037816729,-1.4573000191655638,ridge_0p1
2019-08-01,5.051915486465491,-0.09159636235044344,ridge_0p1
2019-08-02,5.06804853123912,0.0,ridge_0p1
2019-08-05,5.030704486935546,-0.7368525394614522,ridge_0p1
2019-08-06,5.103969370771922,0.0,ridge_0p1
2019-08-07,5.123075170027511,0.0,ridge_0p1
2019-08-08,5.1771465326907355,0.0,ridge_0p1
2019-08-09,5.212326370722834,0.0,ridge_0p1
2019-08-12,5.212549699227597,0.0,ridge_0p1
2019-08-13,5.2296159722762825,0.0,ridge_0p1
2019-08-14,5.2015140043499315,-0.5373619798342277,ridge_0p1
2019-08-15,5.255270064284271,0.0,ridge_0p1
2019-08-16,5.252425344377765,-0.05413080339750076,ridge_0p1
2019-08-19,5.255303908377977,0.0,ridge_0p1
2019-08-20,5.252302019565701,-0.05712112685795079,ridge_0p1
2019-08-21,5.260318593777153,0.0,ridge_0p1
2019-08-22,5.2680815580042335,0.0,ridge_0p1
2019-08-23,5.245454042420084,-0.4295209809303313,ridge_0p1
2019-08-26,5.280883148428223,0.0,ridge_0p1
2019-08-27,5.316971832706581,0.0,ridge_0p1
2019-08-28,5.303509043319872,-0.25320407574653814,ridge_0p1
2019-08-29,5.31535931119193,-0.03032781751318714,ridge_0p1
2019-08-30,5.3096308426019325,-0.13806712421328138,ridge_0p1
2019-09-03,5.337799297690919,0.0,ridge_0p1
2019-09-04,5.325038384803825,-0.23906692956054965,ridge_0p1
2019-09-05,5.2830360241625005,-1.025952278724851,ridge_0p1
2019-09-06,5.299683843092591,-0.7140668367732861,ridge_0p1
2019-09-09,5.180316790239798,-2.9503265047684857,ridge_0p1
2019-09-10,5.070367023958373,-5.010159783419265,ridge_0p1
2019-09-11,5.047143858772103,-5.445229816800168,ridge_0p1
2019-09-12,5.084545607860506,-4.744533762068725,ridge_0p1
2019-09-13,5.060095657754318,-5.202586767485496,ridge_0p1
2019-09-16,5.043956968974689,-5.504934006105177,ridge_0p1
2019-09-17,5.142815159933406,-3.6528937654486504,ridge_0p1
2019-09-18,5.168875977413673,-3.1646622672815816,ridge_0p1
2019-09-19,5.207117067123228,-2.448241743076085,ridge_0p1
2019-09-20,5.219592494288229,-2.2145231922419018,ridge_0p1
2019-09-23,5.219159875106061,-2.2226280151856015,ridge_0p1
2019-09-24,5.270386835360014,-1.2629261343727771,ridge_0p1
2019-09-25,5.25628581175969,-1.5270991167931625,ridge_0p1
2019-09-26,5.302148074684639,-0.6679011521040668,ridge_0p1
2019-09-27,5.247623751093919,-1.6893768680289134,ridge_0p1
2019-09-30,5.256426722015744,-1.5244592600245577,ridge_0p1
2019-10-01,5.264393824800891,-1.3752010668850567,ridge_0p1
2019-10-02,5.254392691868353,-1.562565416400108,ridge_0p1
2019-10-03,5.28755151851564,-0.9413575965101617,ridge_0p1
2019-10-04,5.347462114414912,0.0,ridge_0p1
2019-10-07,5.346661653180516,-0.014968993089981009,ridge_0p1
2019-10-08,5.342757022631673,-0.08798737948149116,ridge_0p1
2019-10-09,5.37433088182294,0.0,ridge_0p1
2019-10-10,5.370155877502037,-0.07768416967074421,ridge_0p1
2019-10-11,5.32804250615941,-0.8612863011484007,ridge_0p1
2019-10-14,5.3300441485719645,-0.8240418058508725,ridge_0p1
2019-10-15,5.316100643083536,-1.0834881591743728,ridge_0p1
2019-10-16,5.31059075458811,-1.1860104752837608,ridge_0p1
2019-10-17,5.306684579726299,-1.2586925439487584,ridge_0p1
2019-10-18,5.314403312937147,-1.1150703260284889,ridge_0p1
2019-10-21,5.301636069547686,-1.352630008716471,ridge_0p1
2019-10-22,5.196276186621415,-3.3130579251035797,ridge_0p1
2019-10-23,5.203462843544793,-3.17933603336662,ridge_0p1
2019-10-24,5.23832937909165,-2.530575539948121,ridge_0p1
2019-10-25,5.175444037830882,-3.700681040401377,ridge_0p1
2019-10-28,5.1546072372159815,-4.088390712043943,ridge_0p1
2019-10-29,5.204097803694895,-3.167521350496061,ridge_0p1
2019-10-30,5.257377927323668,-2.1761398222582495,ridge_0p1
2019-10-31,5.272936225889246,-1.88664706664472,ridge_0p1
2019-11-01,5.208552866615717,-3.0846261395612418,ridge_0p1
2019-11-04,5.113255003134349,-4.8578303872506385,ridge_0p1
2019-11-05,5.037756794747444,-6.262623096278952,ridge_0p1
2019-11-06,5.092712092989057,-5.240071648479505,ridge_0p1
2019-11-07,5.042053617716519,-6.182672250981957,ridge_0p1
2019-11-08,5.025898725827136,-6.483265799176429,ridge_0p1
2019-11-11,5.038134400251206,-6.2555970029463115,ridge_0p1
2019-11-12,5.042069892154631,-6.1823694330410905,ridge_0p1
2019-11-13,5.101565341262317,-5.075339545675728,ridge_0p1
2019-11-14,5.126319548443745,-4.614738817403641,ridge_0p1
2019-11-15,5.11939411987614,-4.7436000416172135,ridge_0p1
2019-11-18,5.152019624225364,-4.136538342837737,ridge_0p1
2019-11-19,5.179050870577463,-3.6335688207429273,ridge_0p1
2019-11-20,5.186719409130016,-3.49088057319773,ridge_0p1
2019-11-21,5.131821228631918,-4.512369233000468,ridge_0p1
2019-11-22,5.106073110588705,-4.991463628366022,ridge_0p1
2019-11-25,5.089147950809977,-5.306389526136323,ridge_0p1
2019-11-26,5.1470955842297945,-4.228159794956065,ridge_0p1
2019-11-27,5.145035598352245,-4.266489885210023,ridge_0p1
2019-11-29,5.142425310054717,-4.31505943470234,ridge_0p1
2019-12-02,5.108179764952646,-4.952265179102944,ridge_0p1
2019-12-03,5.1133878260746615,-4.8553589551182945,ridge_0p1
2019-12-04,5.1099447968257135,-4.919423288421498,ridge_0p1
2019-12-05,5.152229023891432,-4.1326420500587435,ridge_0p1
2019-12-06,5.147157544207813,-4.227006907659369,ridge_0p1
2019-12-09,5.145893251357991,-4.25053156361418,ridge_0p1
2019-12-10,5.140676770658459,-4.347594450403969,ridge_0p1
2019-12-11,5.130967812689545,-4.528248715695882,ridge_0p1
2019-12-12,5.086000249175931,-5.364958708110079,ridge_0p1
2019-12-13,5.103017628641094,-5.048316881632298,ridge_0p1
2019-12-16,5.108557616691995,-4.945234504072749,ridge_0p1
2019-12-17,5.091871273443114,-5.255716750436057,ridge_0p1
2019-12-18,5.067163022932813,-5.715462364422519,ridge_0p1
2019-12-19,5.063699850476227,-5.7799015017353845,ridge_0p1
2019-12-20,5.084502450472166,-5.392828199897992,ridge_0p1
2019-12-23,5.030213889684718,-6.40297368556324,ridge_0p1
2019-12-24,5.033400602474503,-6.343678624282911,ridge_0p1
2019-12-26,5.043105723987565,-6.163095743800307,ridge_0p1
2019-12-27,5.067950438115038,-5.70081095572551,ridge_0p1
2019-12-30,5.071727301983964,-5.6305349725012555,ridge_0p1
2019-12-31,5.065074005149121,-5.754332650410243,ridge_0p1
2020-01-02,5.082257064198548,-5.4346080292942744,ridge_0p1
2020-01-03,5.096333809684022,-5.1726824836773595,ridge_0p1
2020-01-06,5.080474625402916,-5.467773810017995,ridge_0p1
2020-01-07,5.049285660675611,-6.0481058627539275,ridge_0p1
2020-01-08,5.088356518749936,-5.321115676748256,ridge_0p1
2020-01-09,5.126915289775382,-4.603653877813274,ridge_0p1
2020-01-10,5.135407663247326,-4.445636560705624,ridge_0p1
2020-01-13,5.15722377007862,-4.039704970131619,ridge_0p1
2020-01-14,5.110883549351549,-4.90195595069186,ridge_0p1
2020-01-15,5.141698723035741,-4.328579015743273,ridge_0p1
2020-01-16,5.16215584851867,-3.947933946938176,ridge_0p1
2020-01-17,5.199519877702205,-3.252702670614882,ridge_0p1
2020-01-21,5.233675182465794,-2.617176025258716,ridge_0p1
2020-01-22,5.2533476476554055,-2.251131105022275,ridge_0p1
2020-01-23,5.279829099528841,-1.7583915909182846,ridge_0p1
2020-01-24,5.292342292526786,-1.525559015606126,ridge_0p1
2020-01-27,5.306321415782575,-1.2654499236432581,ridge_0p1
2020-01-28,5.327696539930877,-0.8677236835154534,ridge_0p1
2020-01-29,5.334386227843012,-0.7432488780143465,ridge_0p1
2020-01-30,5.3829157099955856,0.0,ridge_0p1
2020-01-31,5.361619377618099,-0.3956281971486453,ridge_0p1
2020-02-03,5.37280728766476,-0.18778711901534795,ridge_0p1
2020-02-04,5.366647376083815,-0.3022215986321575,ridge_0p1
2020-02-05,5.385201834553025,0.0,ridge_0p1
2020-02-06,5.395612030439181,0.0,ridge_0p1
2020-02-07,5.391275436033597,-0.08037261354446601,ridge_0p1
2020-02-10,5.384392571252553,-0.20793672938924646,ridge_0p1
2020-02-11,5.375452740645368,-0.3736237831794553,ridge_0p1
2020-02-12,5.360522738765501,-0.650330147455469,ridge_0p1
2020-02-13,5.414149506327751,0.0,ridge_0p1
2020-02-14,5.43687803940698,0.0,ridge_0p1
2020-02-18,5.428910454406231,-0.14654706143855112,ridge_0p1
2020-02-19,5.406424814003427,-0.5601233866720068,ridge_0p1
2020-02-20,5.394156938165184,-0.7857653037671497,ridge_0p1
2020-02-21,5.406361662798816,-0.5612849209965409,ridge_0p1
2020-02-24,5.388132224247224,-0.896577315261482,ridge_0p1
2020-02-25,5.328150667080902,-1.9998126045501219,ridge_0p1
2020-02-26,5.335399240283897,-1.866490261277809,ridge_0p1
2020-02-27,5.216599683197498,-4.051559637955549,ridge_0p1
2020-02-28,5.106033312342754,-6.085196774072054,ridge_0p1
2020-03-02,5.261797150942731,-3.220246751816891,ridge_0p1
2020-03-03,5.240834063068378,-3.605818907793368,ridge_0p1
2020-03-04,5.374128477270643,-1.1541469512746483,ridge_0p1
2020-03-05,5.316089140688554,-2.221659155179445,ridge_0p1
2020-03-06,5.327010111476079,-2.0207907393649194,ridge_0p1
2020-03-09,5.2133406991902325,-4.111501832421638,ridge_0p1
2020-03-10,5.298162781388348,-2.5513770405223513,ridge_0p1
2020-03-11,5.227205988429441,-3.8564788368953162,ridge_0p1
2020-03-12,4.9945384150396945,-8.135912212140283,ridge_0p1
2020-03-13,5.106342758759393,-6.079505154462506,ridge_0p1
2020-03-16,4.777977904198016,-12.119089860636867,ridge_0p1
2020-03-17,4.888127029473357,-10.093127084260978,ridge_0p1
2020-03-18,4.776457217340305,-12.147059714782749,ridge_0p1
2020-03-19,4.728445333964198,-13.030137889943417,ridge_0p1
2020-03-20,4.663162221471141,-14.230884200967498,ridge_0p1
2020-03-23,4.5974595715327995,-15.43934702581151,ridge_0p1
2020-03-24,4.634062449644624,-14.766113639913868,ridge_0p1
2020-03-25,4.622234757232495,-14.983659303553942,ridge_0p1
2020-03-26,4.711493824008665,-13.34192546054308,ridge_0p1
2020-03-27,4.719211630565887,-13.1999725511476,ridge_0p1
2020-03-30,4.786186204270849,-11.968115348916387,ridge_0p1
2020-03-31,4.764223336315866,-12.372076368380014,ridge_0p1
2020-04-01,4.773061316586087,-12.209520206439972,ridge_0p1
2020-04-02,4.8135899229227865,-11.4640812607262,ridge_0p1
2020-04-03,4.817975838067517,-11.383411525026021,ridge_0p1
2020-04-06,4.830981519663714,-11.144199214175366,ridge_0p1
2020-04-07,4.792277433766501,-11.85607992249147,ridge_0p1
2020-04-08,4.779587026397668,-12.089493423343455,ridge_0p1
2020-04-09,4.748499429294851,-12.6612847505995,ridge_0p1
2020-04-13,4.764881539720342,-12.359970093423966,ridge_0p1
2020-04-14,4.806503469355167,-11.594421752388062,ridge_0p1
2020-04-15,4.835896705161938,-11.05379465732127,ridge_0p1
2020-04-16,4.878566313999119,-10.268976448637746,ridge_0p1
2020-04-17,4.852817698737677,-10.7425683717012,ridge_0p1
2020-04-20,4.846599629473006,-10.85693675038475,ridge_0p1
2020-04-21,4.82278672881374,-11.294925251996668,ridge_0p1
2020-04-22,4.850861680552406,-10.778545235097702,ridge_0p1
2020-04-23,4.822179922156504,-11.306086191286413,ridge_0p1
2020-04-24,4.821804283496987,-11.31299527875893,ridge_0p1
2020-04-27,4.797028189044531,-11.768699715622821,ridge_0p1
2020-04-28,4.770814658599817,-12.250842781086424,ridge_0p1
2020-04-29,4.729889953178013,-13.003567141007277,ridge_0p1
2020-04-30,4.745466536807052,-12.71706846444809,ridge_0p1
2020-05-01,4.771660341150408,-12.235288219360708,ridge_0p1
2020-05-04,4.76788177261313,-12.304787084516244,ridge_0p1
2020-05-05,4.782018185575745,-12.04477733516831,ridge_0p1
2020-05-06,4.782389993550562,-12.037938705128749,ridge_0p1
2020-05-07,4.7783500814317135,-12.112244438852537,ridge_0p1
2020-05-08,4.7528709860637814,-12.580879107190823,ridge_0p1
2020-05-11,4.7780543392774115,-12.117683997219642,ridge_0p1
2020-05-12,4.78337447692533,-12.019831192552012,ridge_0p1
2020-05-13,4.807890737991548,-11.56890584737188,ridge_0p1
2020-05-14,4.803610350181865,-11.647634628460201,ridge_0p1
2020-05-15,4.799541514566062,-11.722472349415336,ridge_0p1
2020-05-18,4.7712755960404225,-12.242364800942951,ridge_0p1
2020-05-19,4.766944273437893,-12.322030421012698,ridge_0p1
2020-05-20,4.755562784738119,-12.531369100624046,ridge_0p1
2020-05-21,4.742699825202344,-12.767956337684428,ridge_0p1
2020-05-22,4.751848891018002,-12.599678407788895,ridge_0p1
2020-05-26,4.728298215017833,-13.032843835254281,ridge_0p1
2020-05-27,4.721975889689116,-13.149129786178559,ridge_0p1
2020-05-28,4.767704258390109,-12.308052087367782,ridge_0p1
2020-05-29,4.792565051763671,-11.850789791002668,ridge_0p1
2020-06-01,4.763854052882405,-12.378868564761547,ridge_0p1
2020-06-02,4.750601324318593,-12.622624787868919,ridge_0p1
2020-06-03,4.720711743350503,-13.172381114044496,ridge_0p1
2020-06-04,4.681640632416038,-13.891012480267428,ridge_0p1
2020-06-05,4.659107444929477,-14.305463334659196,ridge_0p1
2020-06-08,4.619037000195248,-15.042475355966179,ridge_0p1
2020-06-09,4.665831723226908,-14.181784299582567,ridge_0p1
2020-06-10,4.717687762943895,-13.228000908799665,ridge_0p1
2020-06-11,4.729342163894295,-13.013642579149298,ridge_0p1
2020-06-12,4.70086722917252,-13.53737944643576,ridge_0p1
2020-06-15,4.698159068530825,-13.587190397170101,ridge_0p1
2020-06-16,4.700310824243984,-13.547613351344111,ridge_0p1
2020-06-17,4.728387948326752,-13.031193378718964,ridge_0p1
2020-06-18,4.723232599359708,-13.126015240266675,ridge_0p1
2020-06-19,4.732411531872292,-12.957187974949068,ridge_0p1
2020-06-22,4.745977962871686,-12.707661851665385,ridge_0p1
2020-06-23,4.737458153754188,-12.864365920723875,ridge_0p1
2020-06-24,4.74942827920346,-12.644200499272229,ridge_0p1
2020-06-25,4.749865081016242,-12.636166443521557,ridge_0p1
2020-06-26,4.764784163557967,-12.36176112426316,ridge_0p1
2020-06-29,4.752372043128586,-12.590056118916648,ridge_0p1
2020-06-30,4.773148612266752,-12.207914584977953,ridge_0p1
2020-07-01,4.807532025528122,-11.575503612869397,ridge_0p1
2020-07-02,4.804607940426308,-11.62928604242952,ridge_0p1
2020-07-06,4.8022621543323565,-11.672431871284783,ridge_0p1
2020-07-07,4.814363314703155,-11.449856336518538,ridge_0p1
2020-07-08,4.806114328190551,-11.601579190200638,ridge_0p1
2020-07-09,4.834782794494226,-11.074282714247296,ridge_0p1
2020-07-10,4.827614232086141,-11.206133426294285,ridge_0p1
2020-07-13,4.816661854012379,-11.40757951344905,ridge_0p1
2020-07-14,4.840593551143998,-10.967405999197677,ridge_0p1
2020-07-15,4.815948142130941,-11.420706750739729,ridge_0p1
2020-07-16,4.816343205036418,-11.413440394889673,ridge_0p1
2020-07-17,4.860600999873219,-10.599410826523116,ridge_0p1
2020-07-20,4.879954389522417,-10.243445702624388,ridge_0p1
2020-07-21,4.854047216904975,-10.719953956619854,ridge_0p1
2020-07-22,4.881543799914082,-10.214211822810537,ridge_0p1
2020-07-23,4.8632396607816775,-10.550878178019074,ridge_0p1
2020-07-24,4.862579075157999,-10.56302826891482,ridge_0p1
2020-07-27,4.8757162395226175,-10.321397607542625,ridge_0p1
2020-07-28,4.878715373174639,-10.266234816869668,ridge_0p1
2020-07-29,4.893168984929542,-10.000390859176655,ridge_0p1
2020-07-30,4.914574581922821,-9.606679673490126,ridge_0p1
2020-07-31,4.946406776355866,-9.021193035711562,ridge_0p1
2020-08-03,4.955158802400305,-8.8602178219767,ridge_0p1
2020-08-04,4.948786675629973,-8.977419766256967,ridge_0p1
2020-08-05,4.91175599605619,-9.65852166527662,ridge_0p1
2020-08-06,4.924991603693074,-9.415080345810733,ridge_0p1
2020-08-07,4.916702450446806,-9.567541982547612,ridge_0p1
2020-08-10,4.876383355009294,-10.309127413474616,ridge_0p1
2020-08-11,4.851955578194946,-10.758425275911343,ridge_0p1
2020-08-12,4.901402815325883,-9.848946770553324,ridge_0p1
2020-08-13,4.920828106339431,-9.491659171443112,ridge_0p1
2020-08-14,4.901180956983432,-9.85302739073357,ridge_0p1
2020-08-17,4.9381036412040125,-9.173911840357752,ridge_0p1
2020-08-18,4.968263438457072,-8.619185450792665,ridge_0p1
2020-08-19,4.9511300595254815,-8.934318120817753,ridge_0p1
2020-08-20,4.971748226452269,-8.555090064250258,ridge_0p1
2020-08-21,4.983716503682864,-8.334958636915534,ridge_0p1
2020-08-24,4.9480654548944445,-8.99068511321347,ridge_0p1
2020-08-25,4.952663920777482,-8.906105951243903,ridge_0p1
2020-08-26,4.991680837368608,-8.18847137661619,ridge_0p1
2020-08-27,4.968690510723612,-8.611330349695223,ridge_0p1
2020-08-28,4.952483819615799,-8.909418535421398,ridge_0p1
2020-08-31,4.985558868362135,-8.301072192049242,ridge_0p1
2020-09-01,4.986467992940136,-8.284350746921888,ridge_0p1
2020-09-02,5.04136567136266,-7.274622773908323,ridge_0p1
2020-09-03,4.956369882782953,-8.837942531380339,ridge_0p1
2020-09-04,4.896312911857533,-9.942564899035489,ridge_0p1
2020-09-08,4.855637088640582,-10.690711591349144,ridge_0p1
2020-09-09,4.9248263148667215,-9.418120488060644,ridge_0p1
2020-09-10,4.890799808410794,-10.043966905973656,ridge_0p1
2020-09-11,4.89929538792541,-9.887708489782598,ridge_0p1
2020-09-14,4.891117261432708,-10.038128021606319,ridge_0p1
2020-09-15,4.916048527085033,-9.579569535070087,ridge_0p1
2020-09-16,4.869538308057173,-10.435027735359848,ridge_0p1
2020-09-17,4.846760294651979,-10.853981650457756,ridge_0p1
2020-09-18,4.855554879360636,-10.692223659108446,ridge_0p1
2020-09-21,4.90775981562197,-9.732023046128923,ridge_0p1
2020-09-22,4.948632247945984,-8.98026014050981,ridge_0p1
2020-09-23,4.93257553678167,-9.275589758866776,ridge_0p1
2020-09-24,4.947792918856393,-8.99569784360903,ridge_0p1
2020-09-25,4.968557728320868,-8.613772604271864,ridge_0p1
2020-09-28,4.982874173385297,-8.350451540958293,ridge_0p1
2020-09-29,5.000511782719715,-8.02604460729932,ridge_0p1
2020-09-30,5.012372535824726,-7.807890861361977,ridge_0p1
2020-10-01,5.0055133076628175,-7.934052016940463,ridge_0p1
2020-10-02,4.9706682529894834,-8.57495391727322,ridge_0p1
2020-10-05,4.990042289507723,-8.218609037402548,ridge_0p1
2020-10-06,4.959515803626245,-8.7800798973376,ridge_0p1
2020-10-07,4.961834877629796,-8.737425381515429,ridge_0p1
2020-10-08,4.951155584667981,-8.93384863920874,ridge_0p1
2020-10-09,5.002224849090721,-7.99453633437891,ridge_0p1
2020-10-12,5.046383847518357,-7.1823239193207105,ridge_0p1
2020-10-13,5.0894734771100465,-6.389780307354953,ridge_0p1
2020-10-14,5.072590583192953,-6.700305829441788,ridge_0p1
2020-10-15,5.046558000962893,-7.179120730960165,ridge_0p1
2020-10-16,5.058673925504874,-6.956273640145105,ridge_0p1
2020-10-19,5.002564293813733,-7.988292958666754,ridge_0p1
2020-10-20,4.989799415006151,-8.223076205873358,ridge_0p1
2020-10-21,4.985939132122392,-8.294078035522269,ridge_0p1
2020-10-22,4.924386619740167,-9.426207760266635,ridge_0p1
2020-10-23,4.921384665403631,-9.481422431531605,ridge_0p1
2020-10-26,4.9248718710938455,-9.417282576546093,ridge_0p1
2020-10-27,4.943816246042378,-9.068840422588965,ridge_0p1
2020-10-28,4.899734910584117,-9.879624389761943,ridge_0p1
2020-10-29,4.860960502380789,-10.592798529815994,ridge_0p1
2020-10-30,4.84817412244369,-10.827977245329235,ridge_0p1
2020-11-02,4.872275362431069,-10.384685344854528,ridge_0p1
2020-11-03,4.887469632372475,-10.105218528948857,ridge_0p1
2020-11-04,5.040257366929727,-7.295007715871327,ridge_0p1
2020-11-05,5.010465401757935,-7.8429686036428965,ridge_0p1
2020-11-06,5.06921076717789,-6.7624704759644105,ridge_0p1
2020-11-09,4.722929685287977,-13.13158671105441,ridge_0p1
2020-11-10,4.730352443915772,-12.995060591211494,ridge_0p1
2020-11-11,4.835546651238296,-11.060233167089272,ridge_0p1
2020-11-12,4.851901533343518,-10.759419317915542,ridge_0p1
2020-11-13,4.81660792829951,-11.408571364148635,ridge_0p1
2020-11-16,4.762288007663149,-12.407672691098492,ridge_0p1
2020-11-17,4.729974530372479,-13.002011520413026,ridge_0p1
2020-11-18,4.7121050572818985,-13.330683102910568,ridge_0p1
2020-11-19,4.714604065295365,-13.284719077318051,ridge_0p1
2020-11-20,4.715781773526136,-13.263057597655736,ridge_0p1
2020-11-23,4.639817513049167,-14.66026128562471,ridge_0p1
2020-11-24,4.586622368399839,-15.638674710825073,ridge_0p1
2020-11-25,4.60952029988182,-15.217515153520033,ridge_0p1
2020-11-27,4.62453826237957,-14.941291144283507,ridge_0p1
2020-11-30,4.693953763754011,-13.664538182909148,ridge_0p1
2020-12-01,4.688540052078651,-13.764112086096247,ridge_0p1
2020-12-02,4.631950919045254,-14.804950828904783,ridge_0p1
2020-12-03,4.592549357234877,-15.529660147833601,ridge_0p1
2020-12-04,4.552054391657425,-16.27448034214257,ridge_0p1
2020-12-07,4.577970046498803,-15.797816075378835,ridge_0p1
2020-12-08,4.577613478498791,-15.8043743979571,ridge_0p1
2020-12-09,4.565231221083437,-16.03212012492774,ridge_0p1
2020-12-10,4.52564668408832,-16.760194889677006,ridge_0p1
2020-12-11,4.5555299152936675,-16.210555354106205,ridge_0p1
2020-12-14,4.57836011158064,-15.790641644041404,ridge_0p1
2020-12-15,4.593054985039438,-15.520360181917582,ridge_0p1
2020-12-16,4.602118333907871,-15.353658835984474,ridge_0p1
2020-12-17,4.6434314832335275,-14.593789862904416,ridge_0p1
2020-12-18,4.6558888238301295,-14.364663137855416,ridge_0p1
2020-12-21,4.647035378058722,-14.527503755342819,ridge_0p1
2020-12-22,4.648106065684884,-14.50781069586271,ridge_0p1
2020-12-23,4.603865121930314,-15.321530323816612,ridge_0p1
2020-12-24,4.629560289913979,-14.848921451639885,ridge_0p1
2020-12-28,4.644170025765742,-14.580205917727396,ridge_0p1
2020-12-29,4.648433934127603,-14.501780241614092,ridge_0p1
2020-12-30,4.640079587542845,-14.65544097345699,ridge_0p1
2020-12-31,4.682478103537923,-13.875608950598096,ridge_0p1
2021-01-04,4.6479183799292745,-14.511262782781865,ridge_0p1
2021-01-05,4.62344183959068,-14.961457548255474,ridge_0p1
2021-01-06,4.637557039707931,-14.701837964830155,ridge_0p1
2021-01-07,4.634153042319749,-14.764447377134605,ridge_0p1
2021-01-08,4.647009519733589,-14.527979365149502,ridge_0p1
2021-01-11,4.621115025958774,-15.00425441835337,ridge_0p1
2021-01-12,4.595061546251824,-15.483453685250891,ridge_0p1
2021-01-13,4.607594864403921,-15.252929511979863,ridge_0p1
2021-01-14,4.555138282863675,-16.21775861353475,ridge_0p1
2021-01-15,4.582074906108551,-15.722315768401252,ridge_0p1
2021-01-19,4.567732173150529,-15.986120342534882,ridge_0p1
2021-01-20,4.610561009748465,-15.198373472226068,ridge_0p1
2021-01-21,4.616347841390575,-15.091936807651896,ridge_0p1
2021-01-22,4.598639287779587,-15.41764861289444,ridge_0p1
2021-01-25,4.593306756040229,-15.515729380951182,ridge_0p1
2021-01-26,4.568852015549116,-15.965523183825958,ridge_0p1
2021-01-27,4.460716686531398,-17.95444639001054,ridge_0p1
2021-01-28,4.546776687427321,-16.37155267284137,ridge_0p1
2021-01-29,4.529990142128783,-16.68030606360842,ridge_0p1
2021-02-01,4.550645749940206,-16.300389360277766,ridge_0p1
2021-02-02,4.602994333154973,-15.337546662035518,ridge_0p1
2021-02-03,4.566191139178122,-16.014464439298447,ridge_0p1
2021-02-04,4.58141548779086,-15.734444389144853,ridge_0p1
2021-02-05,4.590652358045181,-15.564551480248035,ridge_0p1
2021-02-08,4.569019455647394,-15.962443473428479,ridge_0p1
2021-02-09,4.569325608209019,-15.956812437392621,ridge_0p1
2021-02-10,4.56958920982155,-15.951964037067645,ridge_0p1
2021-02-11,4.5867106289605175,-15.637051342413288,ridge_0p1
2021-02-12,4.589182570447137,-15.591585148970976,ridge_0p1
2021-02-16,4.594842124343614,-15.487489492319195,ridge_0p1
2021-02-17,4.593238121557642,-15.516991768705502,ridge_0p1
2021-02-18,4.618364152555751,-15.054850980996203,ridge_0p1
2021-02-19,4.577346582991895,-15.809283382579553,ridge_0p1
2021-02-22,4.549469997030371,-16.322014875901125,ridge_0p1
2021-02-23,4.536630681802198,-16.55816722537655,ridge_0p1
2021-02-24,4.5210359986053446,-16.84499880562945,ridge_0p1
2021-02-25,4.521171665222051,-16.842503501969464,ridge_0p1
2021-02-26,4.499404066581549,-17.242872950809918,ridge_0p1
2021-03-01,4.531155242795579,-16.65887647371599,ridge_0p1
2021-03-02,4.5286168073286275,-16.705565684850633,ridge_0p1
2021-03-03,4.459956807199246,-17.968422780995287,ridge_0p1
2021-03-04,4.431590503882797,-18.490161600789445,ridge_0p1
2021-03-05,4.471823827012877,-17.750153772060052,ridge_0p1
2021-03-08,4.472402774308803,-17.739505247452204,ridge_0p1
2021-03-09,4.5376612858698335,-16.539211419118526,ridge_0p1
2021-03-10,4.544940686953968,-16.40532206145089,ridge_0p1
2021-03-11,4.534440771899665,-16.598446037714453,ridge_0p1
2021-03-12,4.536872674497351,-16.553716275890483,ridge_0p1
2021-03-15,4.558944471034499,-16.14775174298816,ridge_0p1
2021-03-16,4.589837653911147,-15.579536258794269,ridge_0p1
2021-03-17,4.578503776619618,-15.787999226132875,ridge_0p1
2021-03-18,4.619606464281559,-15.032001255164506,ridge_0p1
2021-03-19,4.601176289814754,-15.370985766739375,ridge_0p1
2021-03-22,4.645856637825764,-14.549184216526879,ridge_0p1
2021-03-23,4.6792538033163495,-13.934913209369459,ridge_0p1
2021-03-24,4.713980282133534,-13.29619226390253,ridge_0p1
2021-03-25,4.715316418330093,-13.271616833170508,ridge_0p1
2021-03-26,4.777176172203659,-12.133836043805701,ridge_0p1
2021-03-29,4.798011037661086,-11.750622271004218,ridge_0p1
2021-03-30,4.788367374047814,-11.927997292907843,ridge_0p1
2021-03-31,4.769901922681339,-12.267630649268535,ridge_0p1
2021-04-01,4.782345725814597,-12.038752917543372,ridge_0p1
2021-04-05,4.822710210833609,-11.296332640199525,ridge_0p1
2021-04-06,4.821344479138804,-11.321452418221146,ridge_0p1
2021-04-07,4.823554007779697,-11.280812760224812,ridge_0p1
2021-04-08,4.833827935784941,-11.091845343064112,ridge_0p1
2021-04-09,4.873087919058482,-10.369740065200961,ridge_0p1
2021-04-12,4.8945093840608775,-9.975737020675579,ridge_0p1
2021-04-13,4.886299884652627,-10.126733591662596,ridge_0p1
2021-04-14,4.88579226294725,-10.136070231213768,ridge_0p1
2021-04-15,4.905771974816767,-9.768585220060267,ridge_0p1
2021-04-16,4.9343227504700105,-9.24345341746502,ridge_0p1
2021-04-19,4.943733121980796,-9.070369315843118,ridge_0p1
2021-04-20,4.957760492308875,-8.812365177688708,ridge_0p1
2021-04-21,4.976989248598499,-8.458692423761693,ridge_0p1
2021-04-22,4.947098179979084,-9.00847611217187,ridge_0p1
2021-04-23,4.956763422296348,-8.83070419514137,ridge_0p1
2021-04-26,4.895759989508211,-9.9527347491832,ridge_0p1
2021-04-27,4.912220731294808,-9.649973832582015,ridge_0p1
2021-04-28,4.913756061058531,-9.621734652806524,ridge_0p1
2021-04-29,4.976478633739951,-8.468084116105102,ridge_0p1
2021-04-30,4.992577482170772,-8.17197947086321,ridge_0p1
2021-05-03,5.028059069824375,-7.5193698777027755,ridge_0p1
2021-05-04,5.090472822579097,-6.371399437638781,ridge_0p1
2021-05-05,5.113253828740498,-5.952390477049974,ridge_0p1
2021-05-06,5.162824080923217,-5.040649367107286,ridge_0p1
2021-05-07,5.177661001563974,-4.7677552441709565,ridge_0p1
2021-05-10,5.207386215667214,-4.221022102691807,ridge_0p1
2021-05-11,5.158116096317003,-5.127242896925132,ridge_0p1
2021-05-12,5.105069764572317,-6.102919219995129,ridge_0p1
2021-05-13,5.191195890937561,-4.518809263122936,ridge_0p1
2021-05-14,5.190237436450505,-4.5364380287511,ridge_0p1
2021-05-17,5.1699013096359545,-4.910478547356667,ridge_0p1
2021-05-18,5.130962705497023,-5.626672728221149,ridge_0p1
2021-05-19,5.142056213525844,-5.422630850724275,ridge_0p1
2021-05-20,5.1418981245433315,-5.4255385669056295,ridge_0p1
2021-05-21,5.149515511734728,-5.285432661711775,ridge_0p1
2021-05-24,5.1657667450910605,-4.986525214486703,ridge_0p1
2021-05-25,5.165298114927803,-4.9951446861735915,ridge_0p1
2021-05-26,5.139707285950037,-5.465834460567686,ridge_0p1
2021-05-27,5.140411072843964,-5.452889772663594,ridge_0p1
2021-05-28,5.155263607517617,-5.179708462249765,ridge_0p1
2021-06-01,5.137390427403069,-5.508448227699747,ridge_0p1
2021-06-02,5.108433488269076,-6.041050558009742,ridge_0p1
2021-06-03,5.132256551694118,-5.602875133577367,ridge_0p1
2021-06-04,5.144228940359592,-5.3826680849973325,ridge_0p1
2021-06-07,5.093054325281933,-6.32391809477758,ridge_0p1
2021-06-08,5.06792807161448,-6.786062978023743,ridge_0p1
2021-06-09,5.064384057999496,-6.851247695968421,ridge_0p1
2021-06-10,5.038187565682307,-7.333077380712405,ridge_0p1
2021-06-11,5.034614894793598,-7.398789189268962,ridge_0p1
2021-06-14,5.009159272354761,-7.8669921221714905,ridge_0p1
2021-06-15,5.048665090249791,-7.140365230622914,ridge_0p1
2021-06-16,5.01020239606365,-7.847806043298133,ridge_0p1
2021-06-17,4.939202012901525,-9.153709590287928,ridge_0p1
2021-06-18,4.874247701199789,-10.34840829846091,ridge_0p1
2021-06-21,4.947216378148716,-9.006302104059582,ridge_0p1
2021-06-22,4.939637116923552,-9.145706761847173,ridge_0p1
2021-06-23,4.924661736085585,-9.42114757051391,ridge_0p1
2021-06-24,4.931579994247543,-9.293900681549072,ridge_0p1
2021-06-25,4.950439729529202,-8.947015297235472,ridge_0p1
2021-06-28,4.952757230450148,-8.904389714977622,ridge_0p1
2021-06-29,4.955887825926749,-8.846808959001306,ridge_0p1
2021-06-30,4.982124652218901,-8.364237415148656,ridge_0p1
2021-07-01,5.008883963309466,-7.872055856235405,ridge_0p1
2021-07-02,5.031828595534017,-7.450037336448023,ridge_0p1
2021-07-06,5.008159381792493,-7.885383017737313,ridge_0p1
2021-07-07,5.071413790320584,-6.721950473000837,ridge_0p1
2021-07-08,5.032996211618953,-7.428561480700047,ridge_0p1
2021-07-09,5.0697013612490816,-6.753447024129821,ridge_0p1
2021-07-12,5.106102096216154,-6.0839316385861935,ridge_0p1
2021-07-13,5.097375695312436,-6.244435531453918,ridge_0p1
2021-07-14,5.158140296050979,-5.126797793433746,ridge_0p1
2021-07-15,5.195567472247751,-4.438403168329119,ridge_0p1
2021-07-16,5.189197253854126,-4.555570012011323,ridge_0p1
2021-07-19,5.118611605695419,-5.853845376054744,ridge_0p1
2021-07-20,5.144329808482236,-5.380812826852621,ridge_0p1
2021-07-21,5.152696095960104,-5.226932467256029,ridge_0p1
2021-07-22,5.137852971073495,-5.499940704318263,ridge_0p1
2021-07-23,5.175522040747191,-4.807096954639356,ridge_0p1
2021-07-26,5.192329368966729,-4.497961305509158,ridge_0p1
2021-07-27,5.223621787660699,-3.9224027134797,ridge_0p1
2021-07-28,5.174107814299081,-4.833108692218535,ridge_0p1
2021-07-29,5.208333800713288,-4.20359325769647,ridge_0p1
2021-07-30,5.20834334635562,-4.20341768557102,ridge_0p1
2021-08-02,5.1919967190830025,-4.50407970436445,ridge_0p1
2021-08-03,5.233151482533743,-3.7471239081805496,ridge_0p1
2021-08-04,5.162899228817137,-5.0392671787746535,ridge_0p1
2021-08-05,5.164364308015653,-5.012320111213143,ridge_0p1
2021-08-06,5.211835533746483,-4.139186202621592,ridge_0p1
2021-08-09,5.20610709785491,-4.244548799502601,ridge_0p1
2021-08-10,5.237782787686433,-3.661940736530911,ridge_0p1
2021-08-11,5.266620521243024,-3.131530943492089,ridge_0p1
2021-08-12,5.273777874125354,-2.9998864072260045,ridge_0p1
2021-08-13,5.294812156336303,-2.6130047803347933,ridge_0p1
2021-08-16,5.357446906486332,-1.4609695554125834,ridge_0p1
2021-08-17,5.3482023283508475,-1.631004234661937,ridge_0p1
2021-08-18,5.31272212073311,-2.2835884449490473,ridge_0p1
2021-08-19,5.359601041722098,-1.4213487432451322,ridge_0p1
2021-08-20,5.348003676570327,-1.634658018673285,ridge_0p1
2021-08-23,5.313238499483921,-2.274090737862955,ridge_0p1
2021-08-24,5.2738418893808054,-2.9987089804934697,ridge_0p1
2021-08-25,5.283014127113288,-2.8300048516533227,ridge_0p1
2021-08-26,5.294908139799837,-2.611239365277873,ridge_0p1
2021-08-27,5.2869716715724895,-2.757214098752181,ridge_0p1
2021-08-30,5.2969540031210505,-2.5736099885218633,ridge_0p1
2021-08-31,5.29391436047755,-2.629517857366237,ridge_0p1
2021-09-01,5.273345980265166,-3.007830191453975,ridge_0p1
2021-09-02,5.2563573961461465,-3.320299663748272,ridge_0p1
2021-09-03,5.234316024316299,-3.725704597794788,ridge_0p1
2021-09-07,5.174147728169117,-4.832374560061314,ridge_0p1
2021-09-08,5.248210031420262,-3.4701533972113285,ridge_0p1
2021-09-09,5.215615750914279,-4.0696570143558874,ridge_0p1
2021-09-10,5.200258743348316,-4.352117048490445,ridge_0p1
2021-09-13,5.202060126909818,-4.31898436557121,ridge_0p1
2021-09-14,5.213998534145338,-4.099402334321123,ridge_0p1
2021-09-15,5.200246783919335,-4.3523370171727365,ridge_0p1
2021-09-16,5.1734079534779305,-4.845981168225489,ridge_0p1
2021-09-17,5.111217992616126,-5.989835424492529,ridge_0p1
2021-09-20,5.1176619474169875,-5.8713123538230105,ridge_0p1
2021-09-21,5.076540163114415,-6.6276615675540995,ridge_0p1
2021-09-22,5.104916318398753,-6.105741541416576,ridge_0p1
2021-09-23,5.129334386921651,-5.656622242695619,ridge_0p1
2021-09-24,5.139347446238641,-5.472452959433904,ridge_0p1
2021-09-27,5.100099166363964,-6.1943429777532755,ridge_0p1
2021-09-28,5.086653122340235,-6.4416548344157,ridge_0p1
2021-09-29,5.133912724218388,-5.572413303971002,ridge_0p1
2021-09-30,5.056905864915092,-6.988793416696415,ridge_0p1
2021-10-01,5.080147784081211,-6.56130692541117,ridge_0p1
2021-10-04,5.100021456729234,-6.195772283950074,ridge_0p1
2021-10-05,5.122118641481829,-5.789340787925468,ridge_0p1
2021-10-06,5.153326008450949,-5.215346544484179,ridge_0p1
2021-10-07,5.148870954872028,-5.29728793707438,ridge_0p1
2021-10-08,5.132040094011049,-5.606856419924055,ridge_0p1
2021-10-11,5.120957296489042,-5.810701300049703,ridge_0p1
2021-10-12,5.09840035759194,-6.225589011960975,ridge_0p1
2021-10-13,5.116774651253315,-5.887632310924163,ridge_0p1
2021-10-14,5.170743169171362,-4.894994301999212,ridge_0p1
2021-10-15,5.192144590130011,-4.501359925735294,ridge_0p1
2021-10-18,5.216380612436581,-4.0555889864038575,ridge_0p1
2021-10-19,5.220059813288013,-3.987917781996375,ridge_0p1
2021-10-20,5.269363367330811,-3.0810820265234407,ridge_0p1
2021-10-21,5.257399098502795,-3.3011397276765386,ridge_0p1
2021-10-22,5.303762479543507,-2.4483823050404974,ridge_0p1
2021-10-25,5.279823910144556,-2.888682220275718,ridge_0p1
2021-10-26,5.299825628266337,-2.52079245013912,ridge_0p1
2021-10-27,5.306342854153279,-2.4009217110917414,ridge_0p1
2021-10-28,5.32302770450459,-2.094038786178243,ridge_0p1
2021-10-29,5.3109536589542925,-2.3161156005335415,ridge_0p1
2021-11-01,5.274381218135489,-2.988789156087357,ridge_0p1
2021-11-02,5.318289713465405,-2.1811842215704758,ridge_0p1
2021-11-03,5.328151904726381,-1.9997898406501347,ridge_0p1
2021-11-04,5.302287741646122,-2.4755070241659904,ridge_0p1
2021-11-05,5.369761550730879,-1.2344674313021997,ridge_0p1
2021-11-08,5.330694190453989,-1.9530298120237544,ridge_0p1
2021-11-09,5.347483630567009,-1.644223177198978,ridge_0p1
2021-11-10,5.389471537548665,-0.871943448330248,ridge_0p1
2021-11-11,5.386751393293403,-0.9219748125717575,ridge_0p1
2021-11-12,5.3852103483009754,-0.950319112025555,ridge_0p1
2021-11-15,5.413118077437776,-0.43701480513246294,ridge_0p1
2021-11-16,5.415102853571222,-0.40050899942816187,ridge_0p1
2021-11-17,5.441190049089895,0.0,ridge_0p1
2021-11-18,5.48524370016173,0.0,ridge_0p1
2021-11-19,5.486335142841314,0.0,ridge_0p1
2021-11-22,5.536924854512534,0.0,ridge_0p1
2021-11-23,5.5851930207114595,0.0,ridge_0p1
2021-11-24,5.587065908741394,0.0,ridge_0p1
2021-11-26,5.511579313370109,-1.351095487403875,ridge_0p1
2021-11-29,5.567346451542676,-0.3529483546608203,ridge_0p1
2021-11-30,5.481162249809955,-1.8955147596477095,ridge_0p1
2021-12-01,5.518076165060599,-1.2348117027374927,ridge_0p1
2021-12-02,5.585877411159519,-0.021272302873964755,ridge_0p1
2021-12-03,5.628919813305412,0.0,ridge_0p1
2021-12-06,5.669013879923452,0.0,ridge_0p1
2021-12-07,5.68814284705042,0.0,ridge_0p1
2021-12-08,5.672928588647836,-0.26747321246465283,ridge_0p1
2021-12-09,5.713886912909374,0.0,ridge_0p1
2021-12-10,5.781462302352978,0.0,ridge_0p1
2021-12-13,5.767828244050946,-0.23582369976679063,ridge_0p1
2021-12-14,5.746810174893905,-0.5993661403788764,ridge_0p1
2021-12-15,5.791107263924087,0.0,ridge_0p1
2021-12-16,5.823599441785396,0.0,ridge_0p1
2021-12-17,5.7013394247889435,-2.0993891873677617,ridge_0p1
2021-12-20,5.672780697671,-2.5897856750284665,ridge_0p1
2021-12-21,5.674251480504927,-2.5645301118904062,ridge_0p1
2021-12-22,5.697184206124453,-2.170740569035201,ridge_0p1
2021-12-23,5.716929138687275,-1.831690248692952,ridge_0p1
2021-12-27,5.7936203544074765,-0.5147862190317154,ridge_0p1
2021-12-28,5.819808339141893,-0.06509895952493405,ridge_0p1
2021-12-29,5.852389864003514,0.0,ridge_0p1
2021-12-30,5.818876439254474,-0.5726451164023039,ridge_0p1
2021-12-31,5.8449007060275004,-0.1279675166905192,ridge_0p1
2022-01-03,5.751953291224616,-1.7161633984204672,ridge_0p1
2022-01-04,5.830942819426218,-0.3664664363734693,ridge_0p1
2022-01-05,5.8410784870073895,-0.19327791310858045,ridge_0p1
2022-01-06,5.87762937432969,0.0,ridge_0p1
2022-01-07,5.863605430667422,-0.23859863848367802,ridge_0p1
2022-01-10,5.859961219597805,-0.3006000141664189,ridge_0p1
2022-01-11,5.836552475450787,-0.6988684767757603,ridge_0p1
2022-01-12,5.87363046923798,-0.06803601991602903,ridge_0p1
2022-01-13,5.864343007868351,-0.2260497492299618,ridge_0p1
2022-01-14,5.821669044476723,-0.9520901419434735,ridge_0p1
2022-01-18,5.813865106821719,-1.084863700090688,ridge_0p1
2022-01-19,5.800624332980197,-1.3101377518938029,ridge_0p1
2022-01-20,5.779437353119199,-1.670605867721775,ridge_0p1
2022-01-21,5.7931056732696,-1.4380576874963191,ridge_0p1
2022-01-24,5.7763086635275265,-1.7238363351843367,ridge_0p1
2022-01-25,5.74421710311087,-2.269831299698688,ridge_0p1
2022-01-26,5.741301130321341,-2.319442675371075,ridge_0p1
2022-01-27,5.751094408788722,-2.1528231448822543,ridge_0p1
2022-01-28,5.813062243830355,-1.0985233397214245,ridge_0p1
2022-01-31,5.800682589906022,-1.309146588244059,ridge_0p1
2022-02-01,5.759801330315207,-2.0046865242829393,ridge_0p1
2022-02-02,5.860189398201381,-0.2967178605115306,ridge_0p1
2022-02-03,5.849225242261444,-0.4832583046542438,ridge_0p1
2022-02-04,5.78467752161047,-1.5814514117746703,ridge_0p1
2022-02-07,5.744354847111478,-2.2674877698189433,ridge_0p1
2022-02-08,5.757456543490372,-2.044579934967783,ridge_0p1
2022-02-09,5.751951785386745,-2.138236029169116,ridge_0p1
2022-02-10,5.675374208557846,-3.441101044158801,ridge_0p1
2022-02-11,5.635834615346112,-4.113814321801346,ridge_0p1
2022-02-14,5.622786869709139,-4.335804256960552,ridge_0p1
2022-02-15,5.571483940512148,-5.2086549579770995,ridge_0p1
2022-02-16,5.619307321852452,-4.395004108381661,ridge_0p1
2022-02-17,5.656247056845581,-3.766523939923583,ridge_0p1
2022-02-18,5.685909399228586,-3.261858870149814,ridge_0p1
2022-02-22,5.6867952090802465,-3.2467880006674776,ridge_0p1
2022-02-23,5.674342535835414,-3.458653575234316,ridge_0p1
2022-02-24,5.606686406411605,-4.609732098818919,ridge_0p1
2022-02-25,5.712721629281679,-2.805684648444118,ridge_0p1
2022-02-28,5.639447376576721,-4.052348023051932,ridge_0p1
2022-03-01,5.603695848844946,-4.660612434685607,ridge_0p1
2022-03-02,5.679519952158884,-3.3705667634648884,ridge_0p1
2022-03-03,5.758434106837895,-2.027948002512292,ridge_0p1
2022-03-04,5.845126508939167,-0.5529927683510905,ridge_0p1
2022-03-07,5.809711481802793,-1.1555320725652574,ridge_0p1
2022-03-08,5.726438447132071,-2.5723113447394086,ridge_0p1
2022-03-09,5.739929737843469,-2.3427750835671612,ridge_0p1
2022-03-10,5.740178728558781,-2.338538839676063,ridge_0p1
2022-03-11,5.766499697682447,-1.8907227654162195,ridge_0p1
2022-03-14,5.856046026864493,-0.3672117803048436,ridge_0p1
2022-03-15,5.882914822890907,0.0,ridge_0p1
2022-03-16,5.850302443311205,-0.5543575006866419,ridge_0p1
2022-03-17,5.8404265403306255,-0.7222318160201135,ridge_0p1
2022-03-18,5.819004847735551,-1.0863658080969896,ridge_0p1
2022-03-21,5.834636342221546,-0.8206557824278815,ridge_0p1
2022-03-22,5.79645968157401,-1.4695970266387803,ridge_0p1
2022-03-23,5.770408727252092,-1.9124209516181434,ridge_0p1
2022-03-24,5.784452946780442,-1.6736920229975305,ridge_0p1
2022-03-25,5.846092991307112,-0.6259113499403113,ridge_0p1
2022-03-28,5.857098338089073,-0.43883832384211674,ridge_0p1
2022-03-29,5.857283138890289,-0.4356970102793678,ridge_0p1
2022-03-30,5.887154341241635,0.0,ridge_0p1
2022-03-31,5.8522004981345965,-0.5937307072480524,ridge_0p1
2022-04-01,5.881864466548227,-0.0898545271074358,ridge_0p1
2022-04-04,5.8043765021272025,-1.4060755726165275,ridge_0p1
2022-04-05,5.848067627196257,-0.6639322120631563,ridge_0p1
2022-04-06,5.93381903068454,0.0,ridge_0p1
2022-04-07,5.948656980983796,0.0,ridge_0p1
2022-04-08,5.990588752632564,0.0,ridge_0p1
2022-04-11,5.952985723571913,-0.6277017270485574,ridge_0p1
2022-04-12,5.938542249322498,-0.8688044774763481,ridge_0p1
2022-04-13,5.908422459941286,-1.3715896063666633,ridge_0p1
2022-04-14,5.9114250640190455,-1.321467586616254,ridge_0p1
2022-04-18,5.947515941138409,-0.7190079852372855,ridge_0p1
2022-04-19,5.976741945572989,-0.23114267447401637,ridge_0p1
2022-04-20,6.068967469955152,0.0,ridge_0p1
2022-04-21,6.084842857278536,0.0,ridge_0p1
2022-04-22,6.017153189864744,-1.112430821986199,ridge_0p1
2022-04-25,5.991404100483805,-1.5355985189159371,ridge_0p1
2022-04-26,5.987294882492695,-1.6031305503503068,ridge_0p1
2022-04-27,6.003409199167718,-1.338303387956996,ridge_0p1
2022-04-28,6.022320868114466,-1.0275037602537673,ridge_0p1
2022-04-29,5.934850735197067,-2.465012254212162,ridge_0p1
2022-05-02,5.871661232643539,-3.503486115175436,ridge_0p1
2022-05-03,5.891240368997755,-3.1817171424435187,ridge_0p1
2022-05-04,5.940952053908031,-2.3647414854499726,ridge_0p1
2022-05-05,5.926025507029618,-2.610048508630658,ridge_0p1
2022-05-06,5.975510416355916,-1.7967997446612705,ridge_0p1
2022-05-09,5.998162626335617,-1.4245270252005726,ridge_0p1
2022-05-10,6.0013344583551005,-1.372400255555406,ridge_0p1
2022-05-11,6.062282702810277,-0.37075985358066,ridge_0p1
2022-05-12,6.022429621891914,-1.0257164704256083,ridge_0p1
2022-05-13,5.991375383928844,-1.5360704547676018,ridge_0p1
2022-05-16,6.020909294832532,-1.0507019481945767,ridge_0p1
2022-05-17,5.992774103763237,-1.5130835039588453,ridge_0p1
2022-05-18,5.921337355422345,-2.6870948961419727,ridge_0p1
2022-05-19,5.863713450499281,-3.634102177589449,ridge_0p1
2022-05-20,5.88263021521568,-3.323218804590411,ridge_0p1
2022-05-23,5.944361233517463,-2.3087140794939787,ridge_0p1
2022-05-24,6.032647477785499,-0.8577933845999364,ridge_0p1
2022-05-25,5.990354683341027,-1.552844932133035,ridge_0p1
2022-05-26,5.998786374784361,-1.4142761696998796,ridge_0p1
2022-05-27,6.015198676486281,-1.1445518384907594,ridge_0p1
2022-05-31,6.025449659900979,-0.9760843257687779,ridge_0p1
2022-06-01,6.021016647454277,-1.0489376853489607,ridge_0p1
2022-06-02,5.9927678443873695,-1.513186372282871,ridge_0p1
2022-06-03,5.993797022207029,-1.4962725777314168,ridge_0p1
2022-06-06,5.993425126056585,-1.5023844225097727,ridge_0p1
2022-06-07,6.0187743858918115,-1.085787635545843,ridge_0p1
2022-06-08,5.9462623763497,-2.2774701693909827,ridge_0p1
2022-06-09,5.908799391265208,-2.8931472865030394,ridge_0p1
2022-06-10,5.912456394959859,-2.8330470705989153,ridge_0p1
2022-06-13,5.866990046246407,-3.580253691704449,ridge_0p1
2022-06-14,5.812916285795111,-4.46891691143928,ridge_0p1
2022-06-15,5.779927793674221,-5.0110589666187195,ridge_0p1
2022-06-16,5.771045829435528,-5.157027637413048,ridge_0p1
2022-06-17,5.727323872075644,-5.87556644581605,ridge_0p1
2022-06-21,5.792610715549371,-4.802624300800218,ridge_0p1
2022-06-22,5.784797607050999,-4.931027099058616,ridge_0p1
2022-06-23,5.740081720721821,-5.665900412601799,ridge_0p1
2022-06-24,5.803214045627953,-4.628366224999658,ridge_0p1
2022-06-27,5.836495593555046,-4.081408009188325,ridge_0p1
2022-06-28,5.863538744933916,-3.636973337444571,ridge_0p1
2022-06-29,5.8914867642617255,-3.1776678141412162,ridge_0p1
2022-06-30,5.931452187909199,-2.520864925638233,ridge_0p1
2022-07-01,5.950594996640643,-2.2062666824223642,ridge_0p1
2022-07-05,5.7997754466103055,-4.684877117693187,ridge_0p1
2022-07-06,5.835417292217739,-4.099129113292388,ridge_0p1
2022-07-07,5.792557810129101,-4.803493763192435,ridge_0p1
2022-07-08,5.792172835291317,-4.809820546756349,ridge_0p1
2022-07-11,5.847998671825067,-3.892363221346995,ridge_0p1
2022-07-12,5.834796550286572,-4.109330558846979,ridge_0p1
2022-07-13,5.8181710965628906,-4.382557889669403,ridge_0p1
2022-07-14,5.807197931534385,-4.562893935905665,ridge_0p1
2022-07-15,5.82514427376837,-4.267958755903145,ridge_0p1
2022-07-18,5.799445122331599,-4.690305758768309,ridge_0p1
2022-07-19,5.8391331359874385,-4.038061903228707,ridge_0p1
2022-07-20,5.775960110232419,-5.076264979902301,ridge_0p1
2022-07-21,5.7746401865457875,-5.097956972901807,ridge_0p1
2022-07-22,5.828574185655487,-4.211590629929041,ridge_0p1
2022-07-25,5.876241414711403,-3.4282141291062107,ridge_0p1
2022-07-26,5.927743860074829,-2.5818086167301746,ridge_0p1
2022-07-27,5.901943325953409,-3.005821770834183,ridge_0p1
2022-07-28,5.905339944942312,-2.9500007896096747,ridge_0p1
2022-07-29,5.9337610891954675,-2.482919799684691,ridge_0p1
2022-08-01,5.900090524789781,-3.036271220509157,ridge_0p1
2022-08-02,5.846782792007335,-3.912345328465461,ridge_0p1
2022-08-03,5.803173214265478,-4.629037258967694,ridge_0p1
2022-08-04,5.787131489882478,-4.89267141944254,ridge_0p1
2022-08-05,5.780026919789813,-5.009429900463413,ridge_0p1
2022-08-08,5.755213492985753,-5.417220658352562,ridge_0p1
2022-08-09,5.865110189657062,-3.611147777771051,ridge_0p1
2022-08-10,5.821445791060567,-4.328740649446683,ridge_0p1
2022-08-11,5.839862290749687,-4.026078771053387,ridge_0p1
2022-08-12,5.853560435565254,-3.800959649050395,ridge_0p1
2022-08-15,5.88263870972543,-3.3230792034544487,ridge_0p1
2022-08-16,5.896646217550623,-3.0928759237027315,ridge_0p1
2022-08-17,5.949529365454514,-2.2237795617378042,ridge_0p1
2022-08-18,5.96983883532414,-1.8900080848732403,ridge_0p1
2022-08-19,6.033743819883841,-0.8397757936110306,ridge_0p1
2022-08-22,6.014650638393188,-1.1535584489480555,ridge_0p1
2022-08-23,5.985524031497119,-1.6322332081692759,ridge_0p1
2022-08-24,5.969355484265597,-1.897951610612203,ridge_0p1
2022-08-25,5.970035690616511,-1.886772910243617,ridge_0p1
2022-08-26,5.941925914081084,-2.3487367964893036,ridge_0p1
2022-08-29,5.9451433041103,-2.2958613138403527,ridge_0p1
2022-08-30,5.9115616374880045,-2.8477517637658822,ridge_0p1
2022-08-31,5.89261216630112,-3.1591726439980983,ridge_0p1
2022-09-01,5.950040331543109,-2.215382202913918,ridge_0p1
2022-09-02,5.914789674365095,-2.794701307857572,ridge_0p1
2022-09-06,5.919667725227739,-2.7145340631635095,ridge_0p1
2022-09-07,5.945032947724409,-2.2976749413814446,ridge_0p1
2022-09-08,5.914446708123123,-2.800337710473333,ridge_0p1
2022-09-09,5.894320534333988,-3.1310968485677493,ridge_0p1
2022-09-12,5.893195544296906,-3.149585247750264,ridge_0p1
2022-09-13,5.82961100090503,-4.194551319730544,ridge_0p1
2022-09-14,5.820716023766533,-4.340733848139755,ridge_0p1
2022-09-15,5.7932479821730585,-4.792151283852453,ridge_0p1
2022-09-16,5.8526856564291325,-3.815336012690995,ridge_0p1
2022-09-19,5.87935741350963,-3.377004938149053,ridge_0p1
2022-09-20,5.877179170856128,-3.412802783789326,ridge_0p1
2022-09-21,5.869270565205589,-3.5427750088087295,ridge_0p1
2022-09-22,5.917782485842461,-2.7455166115956775,ridge_0p1
2022-09-23,5.891445262129615,-3.178349871724029,ridge_0p1
2022-09-26,5.863364749913215,-3.6398328200110353,ridge_0p1
2022-09-27,5.795109585404603,-4.761557178545073,ridge_0p1
2022-09-28,5.8070149959887525,-4.565900349545638,ridge_0p1
2022-09-29,5.789210306423949,-4.858507570182502,ridge_0p1
2022-09-30,5.762579157588476,-5.296171277530637,ridge_0p1
2022-10-03,5.833821248556856,-4.1253589387508,ridge_0p1
2022-10-04,5.848301951536579,-3.887379038211536,ridge_0p1
2022-10-05,5.827465671425872,-4.229808261108925,ridge_0p1
2022-10-06,5.747237796991486,-5.548295464741793,ridge_0p1
2022-10-07,5.74345472524763,-5.61046751803207,ridge_0p1
2022-10-10,5.794819379248374,-4.766326507236629,ridge_0p1
2022-10-11,5.832646681868673,-4.144662094407126,ridge_0p1
2022-10-12,5.79524248815078,-4.759373017847834,ridge_0p1
2022-10-13,5.897300113545538,-3.0821296150428057,ridge_0p1
2022-10-14,5.8650424434023325,-3.6122611385647208,ridge_0p1
2022-10-17,5.878366802589715,-3.3932849135428267,ridge_0p1
2022-10-18,5.913260254275695,-2.819836223011063,ridge_0p1
2022-10-19,5.9531806199153525,-2.163773830341287,ridge_0p1
2022-10-20,5.904774027604228,-2.959301232552203,ridge_0p1
2022-10-21,5.942987419395892,-2.3312917228907604,ridge_0p1
2022-10-24,6.015667902179767,-1.136840452930088,ridge_0p1
2022-10-25,6.0056998199758125,-1.3006586884664495,ridge_0p1
2022-10-26,6.025876634319383,-0.9690673094148949,ridge_0p1
2022-10-27,6.057886356024847,-0.44301063948504193,ridge_0p1
2022-10-28,6.140636037831173,0.0,ridge_0p1
2022-10-31,6.121861731453006,-0.3057387909412346,ridge_0p1
2022-11-01,6.111666325481733,-0.47177054902722837,ridge_0p1
2022-11-02,6.128507089753486,-0.1975194100898081,ridge_0p1
2022-11-03,6.120539270359517,-0.32727501431193406,ridge_0p1
2022-11-04,6.136951185966635,-0.060007657868599296,ridge_0p1
2022-11-07,6.156671129417792,0.0,ridge_0p1
2022-11-08,6.1779273575873335,0.0,ridge_0p1
2022-11-09,6.197969920721803,0.0,ridge_0p1
2022-11-10,6.141456970252636,-0.9117977530066157,ridge_0p1
2022-11-11,5.981459668760832,-3.4932446386535143,ridge_0p1
2022-11-14,5.996560845538767,-3.2495974933608784,ridge_0p1
2022-11-15,5.960921707819248,-3.8246105730527558,ridge_0p1
2022-11-16,6.0476133273051875,-2.4259006632788793,ridge_0p1
2022-11-17,6.0737124602490224,-2.004809027184018,ridge_0p1
2022-11-18,6.142394023619043,-0.8966790386792933,ridge_0p1
2022-11-21,6.192243968887918,-0.09238431142980508,ridge_0p1
2022-11-22,6.198034740000285,0.0,ridge_0p1
2022-11-23,6.181983605893884,-0.2589713478501676,ridge_0p1
2022-11-25,6.205315353873354,0.0,ridge_0p1
2022-11-28,6.223825191873128,0.0,ridge_0p1
2022-11-29,6.22043230983967,-0.05451441724114714,ridge_0p1
2022-11-30,6.217098720828913,-0.10807615633224854,ridge_0p1
2022-12-01,6.1852521591927285,-0.6197640758093037,ridge_0p1
2022-12-02,6.200504959166197,-0.374692925781106,ridge_0p1
2022-12-05,6.206452682814949,-0.2791291291545761,ridge_0p1
2022-12-06,6.238554973932454,0.0,ridge_0p1
2022-12-07,6.252923028418954,0.0,ridge_0p1
2022-12-08,6.2323360588681,-0.32923753350694307,ridge_0p1
2022-12-09,6.216511541234863,-0.5823114568755283,ridge_0p1
2022-12-12,6.236838396755091,-0.2572338023474896,ridge_0p1
2022-12-13,6.190599953133025,-0.9967030619548178,ridge_0p1
2022-12-14,6.184539641557828,-1.0936227193318993,ridge_0p1
2022-12-15,6.180972404825617,-1.1506718260616444,ridge_0p1
2022-12-16,6.174255250049719,-1.258096061820968,ridge_0p1
2022-12-19,6.204543672031884,-0.7737078509873041,ridge_0p1
2022-12-20,6.210427734492195,-0.6796068612011097,ridge_0p1
2022-12-21,6.232087920779596,-0.3332058869854104,ridge_0p1
2022-12-22,6.232624677121619,-0.3246218001578094,ridge_0p1
2022-12-23,6.279325624726941,0.0,ridge_0p1
2022-12-27,6.328002876952202,0.0,ridge_0p1
2022-12-28,6.306013980389635,-0.34748556519552665,ridge_0p1
2022-12-29,6.26746997264429,-0.9565878126949756,ridge_0p1
2022-12-30,6.248624439535945,-1.2543995152936582,ridge_0p1
2023-01-03,6.237644708663389,-1.4279097220058934,ridge_0p1
2023-01-04,6.200287350340262,-2.0182596167442446,ridge_0p1
2023-01-05,6.186803318044586,-2.2313447331367753,ridge_0p1
2023-01-06,6.264130673133285,-1.0093580085361875,ridge_0p1
2023-01-09,6.192187487014097,-2.146259927168659,ridge_0p1
2023-01-10,6.147055054482829,-2.859477563267554,ridge_0p1
2023-01-11,6.127064872719875,-3.1753778899845653,ridge_0p1
2023-01-12,6.080508179447726,-3.9111027968381507,ridge_0p1
2023-01-13,6.080751877681157,-3.90725168870546,ridge_0p1
2023-01-17,6.055106635988481,-4.312517650041869,ridge_0p1
2023-01-18,5.979849132733721,-5.501794973679985,ridge_0p1
2023-01-19,5.983503378964194,-5.444047745975922,ridge_0p1
2023-01-20,5.946341641892792,-6.031306282263138,ridge_0p1
2023-01-23,5.891319501264702,-6.900808741380072,ridge_0p1
2023-01-24,5.965557748245789,-5.7276384943898755,ridge_0p1
2023-01-25,5.976816975853661,-5.549711463906359,ridge_0p1
2023-01-26,5.98302233034625,-5.451649648618795,ridge_0p1
2023-01-27,5.893658917274784,-6.863839478635214,ridge_0p1
2023-01-30,5.934251652868193,-6.222361647750296,ridge_0p1
2023-01-31,5.942170900407546,-6.097215567804659,ridge_0p1
2023-02-01,5.87296684040151,-7.190831695225997,ridge_0p1
2023-02-02,5.733669308179607,-9.392119130306842,ridge_0p1
2023-02-03,5.773131937258461,-8.768500117385958,ridge_0p1
2023-02-06,5.82428403168279,-7.960155124202806,ridge_0p1
2023-02-07,5.829870174068684,-7.8718785779604,ridge_0p1
2023-02-08,5.8404453527427815,-7.704761418254069,ridge_0p1
2023-02-09,5.851827076380232,-7.52489861068637,ridge_0p1
2023-02-10,5.954792905347038,-5.8977528749942,ridge_0p1
2023-02-13,5.964532183535665,-5.74384526183398,ridge_0p1
2023-02-14,5.885666550124419,-6.990141051276321,ridge_0p1
2023-02-15,5.817737440515657,-8.063609425574525,ridge_0p1
2023-02-16,5.852266751112827,-7.517950530207518,ridge_0p1
2023-02-17,5.91812259515122,-6.477245503377449,ridge_0p1
2023-02-21,5.928937340744467,-6.306342521764785,ridge_0p1
2023-02-22,5.9101554181673555,-6.6031490015076795,ridge_0p1
2023-02-23,5.917003618553937,-6.49492843777304,ridge_0p1
2023-02-24,5.93156373620353,-6.264838187614918,ridge_0p1
2023-02-27,5.922483507690282,-6.408330987631161,ridge_0p1
2023-02-28,5.892932410547394,-6.8753203003338985,ridge_0p1
2023-03-01,5.8965467013307205,-6.818204479535361,ridge_0p1
2023-03-02,5.914450119897644,-6.535280800215759,ridge_0p1
2023-03-03,5.915863755709588,-6.512941432812925,ridge_0p1
2023-03-06,5.954326091448433,-5.905129829582911,ridge_0p1
2023-03-07,5.915173928626116,-6.523842614384523,ridge_0p1
2023-03-08,5.90087455104457,-6.749812448147196,ridge_0p1
2023-03-09,5.895656922553894,-6.832265452548936,ridge_0p1
2023-03-10,5.902593367895193,-6.7226503737289995,ridge_0p1
2023-03-13,5.877167977605366,-7.12444207300954,ridge_0p1
2023-03-14,5.924758403412656,-6.372381324418164,ridge_0p1
2023-03-15,5.866109353704004,-7.299199008434442,ridge_0p1
2023-03-16,5.899774368778031,-6.767198379979589,ridge_0p1
2023-03-17,5.847582780761085,-7.591970255590419,ridge_0p1
2023-03-20,5.94615493341505,-6.034256794160376,ridge_0p1
2023-03-21,5.93127212664282,-6.269446427629665,ridge_0p1
2023-03-22,5.895008713682248,-6.84250895092039,ridge_0p1
2023-03-23,5.864010256845302,-7.332370561916934,ridge_0p1
2023-03-24,5.922292642772818,-6.411347182806426,ridge_0p1
2023-03-27,5.967707728476859,-5.69366284246815,ridge_0p1
2023-03-28,6.004741625485731,-5.108424533810673,ridge_0p1
2023-03-29,6.001656202839632,-5.157182770905289,ridge_0p1
2023-03-30,6.025650307502796,-4.778009355062585,ridge_0p1
2023-03-31,6.032939523351524,-4.662819523602868,ridge_0p1
2023-04-03,6.087031761742096,-3.808012099485125,ridge_0p1
2023-04-04,6.037803312340542,-4.585958164915227,ridge_0p1
2023-04-05,6.0777253610810344,-3.955079046862109,ridge_0p1
2023-04-06,6.060827521403682,-4.2221117901450995,ridge_0p1
2023-04-10,6.062463817166328,-4.196253777839109,ridge_0p1
2023-04-11,6.052350253619373,-4.356076137967769,ridge_0p1
2023-04-12,6.088329946172884,-3.7874971841788008,ridge_0p1
2023-04-13,6.099806015923662,-3.6061434462945186,ridge_0p1
2023-04-14,6.114189065671875,-3.3788513601831327,ridge_0p1
2023-04-17,6.125641688059115,-3.1978681556881883,ridge_0p1
2023-04-18,6.144660188084723,-2.897323095968374,ridge_0p1
2023-04-19,6.130455728732156,-3.1217929584000492,ridge_0p1
2023-04-20,6.169834650954577,-2.4994967460224116,ridge_0p1
2023-04-21,6.1463491604177305,-2.870632647720328,ridge_0p1
2023-04-24,6.164252455906153,-2.5877109133824683,ridge_0p1
2023-04-25,6.172927490188597,-2.4506213062642446,ridge_0p1
2023-04-26,6.1153919797717835,-3.3598419803946067,ridge_0p1
2023-04-27,6.154858050098809,-2.7361685862062446,ridge_0p1
2023-04-28,6.17928141237994,-2.350211709193961,ridge_0p1
2023-05-01,6.210103020593411,-1.86314479704498,ridge_0p1
2023-05-02,6.226670590680339,-1.601331229493197,ridge_0p1
2023-05-03,6.184160456808203,-2.2731092722460766,ridge_0p1
2023-05-04,6.181922071372451,-2.3084819716470917,ridge_0p1
2023-05-05,6.220943258281798,-1.6918389696113478,ridge_0p1
2023-05-08,6.212043407046452,-1.8324813082512437,ridge_0p1
2023-05-09,6.210370008337087,-1.8589256500428752,ridge_0p1
2023-05-10,6.211813734956057,-1.8361107644139674,ridge_0p1
2023-05-11,6.198653287572562,-2.0440823415355247,ridge_0p1
2023-05-12,6.245260943210464,-1.3075520879280877,ridge_0p1
2023-05-15,6.21248313599727,-1.825532370974059,ridge_0p1
2023-05-16,6.19161699827346,-2.1552752318663715,ridge_0p1
2023-05-17,6.177899444033513,-2.3720506427927557,ridge_0p1
2023-05-18,6.183568790023055,-2.282459248797175,ridge_0p1
2023-05-19,6.198622156130338,-2.0445743046845544,ridge_0p1
2023-05-22,6.13102939110703,-3.112727501477397,ridge_0p1
2023-05-23,6.050931666370494,-4.378493751809975,ridge_0p1
2023-05-24,6.037183154503725,-4.595758379119863,ridge_0p1
2023-05-25,6.0698191287138075,-4.080019450982697,ridge_0p1
2023-05-26,6.055198552430436,-4.3110651152731165,ridge_0p1
2023-05-30,6.0149656214383675,-4.94685703532115,ridge_0p1
2023-05-31,6.010698744985112,-5.014285520045703,ridge_0p1
2023-06-01,6.008186494013922,-5.0539860546383935,ridge_0p1
2023-06-02,6.059634280964682,-4.24096829925552,ridge_0p1
2023-06-05,6.0425330702310225,-4.511214869400826,ridge_0p1
2023-06-06,5.982015761818066,-5.467556223690851,ridge_0p1
2023-06-07,5.97875370320702,-5.519105799038337,ridge_0p1
2023-06-08,6.002224788021907,-5.148197547710365,ridge_0p1
2023-06-09,6.029721788412586,-4.713668661972525,ridge_0p1
2023-06-12,5.99864249506293,-5.204807714118875,ridge_0p1
2023-06-13,5.965541970749655,-5.727887822597221,ridge_0p1
2023-06-14,5.993983415862593,-5.278434090258899,ridge_0p1
2023-06-15,6.031020804712257,-4.693140600830182,ridge_0p1
2023-06-16,6.061299229952504,-4.2146574865046915,ridge_0p1
2023-06-20,6.059998389960275,-4.235214367048579,ridge_0p1
2023-06-21,6.107877348394953,-3.478594002524682,ridge_0p1
2023-06-22,6.141789081923772,-2.94269453806123,ridge_0p1
2023-06-23,6.132391220653228,-3.0912068167893714,ridge_0p1
2023-06-26,6.1097048296250325,-3.4497147294646924,ridge_0p1
2023-06-27,6.080809715525131,-3.9063376903224256,ridge_0p1
2023-06-28,6.053247134948569,-4.341902924923547,ridge_0p1
2023-06-29,6.0839454059654265,-3.8567850826313532,ridge_0p1
2023-06-30,6.129695885270565,-3.133800592978697,ridge_0p1
2023-07-03,6.101226937542051,-3.583688942938268,ridge_0p1
2023-07-05,6.090874653131171,-3.7472837549536786,ridge_0p1
2023-07-06,6.11011692688462,-3.443202449562155,ridge_0p1
2023-07-07,6.053904536933088,-4.331514149866022,ridge_0p1
2023-07-10,6.0332951889824455,-4.6571990199805064,ridge_0p1
2023-07-11,6.0045714816893225,-5.111113277790668,ridge_0p1
2023-07-12,6.022018228496009,-4.83540627913821,ridge_0p1
2023-07-13,6.013560547697221,-4.969061098253292,ridge_0p1
2023-07-14,6.053299571800001,-4.341074277205581,ridge_0p1
2023-07-17,6.055923425761771,-4.29961010576333,ridge_0p1
2023-07-18,6.014663646679559,-4.951629074219987,ridge_0p1
2023-07-19,5.980487136736195,-5.491712740550836,ridge_0p1
2023-07-20,6.045972113609562,-4.456868443752615,ridge_0p1
2023-07-21,6.064426780172411,-4.165233516877587,ridge_0p1
2023-07-24,6.05763725423594,-4.2725268615314,ridge_0p1
2023-07-25,6.059724924708802,-4.2395358766431634,ridge_0p1
2023-07-26,6.0076644623955975,-5.062235602378418,ridge_0p1
2023-07-27,5.982154208137004,-5.465368387787006,ridge_0p1
2023-07-28,5.944396769673757,-6.062040658603552,ridge_0p1
2023-07-31,5.9208414235256965,-6.434280472745446,ridge_0p1
2023-08-01,5.953986398147357,-5.910497926084779,ridge_0p1
2023-08-02,5.974927070575983,-5.579577210089271,ridge_0p1
2023-08-03,5.955759367852234,-5.882480086343678,ridge_0p1
2023-08-04,5.911975866970441,-6.574380860302876,ridge_0p1
2023-08-07,5.971927708124528,-5.626975457368522,ridge_0p1
2023-08-08,5.959142110822916,-5.829023363322849,ridge_0p1
2023-08-09,5.965940603874437,-5.721588313375536,ridge_0p1
2023-08-10,5.963173854206622,-5.765310633380983,ridge_0p1
2023-08-11,5.967511555396356,-5.696762921344822,ridge_0p1
2023-08-14,6.000950630528387,-5.168332770754603,ridge_0p1
2023-08-15,5.998971068538665,-5.1996153417049555,ridge_0p1
2023-08-16,6.01124826639031,-5.005601557413531,ridge_0p1
2023-08-17,5.965331325292978,-5.731216605165324,ridge_0p1
2023-08-18,5.982976365769914,-5.452376016435467,ridge_0p1
2023-08-21,5.990767927800191,-5.329247721746222,ridge_0p1
2023-08-22,6.02460431123077,-4.79453899786404,ridge_0p1
2023-08-23,6.048584937852042,-4.415578572472734,ridge_0p1
2023-08-24,6.02861004758852,-4.731237251078502,ridge_0p1
2023-08-25,6.065300793760671,-4.151421677577649,ridge_0p1
2023-08-28,6.081715677016723,-3.8920209855230037,ridge_0p1
2023-08-29,6.089701704505068,-3.7658195971286945,ridge_0p1
2023-08-30,6.100760176051419,-3.5910650693356083,ridge_0p1
2023-08-31,6.075046700404026,-3.9974093164447,ridge_0p1
2023-09-01,6.067569888927229,-4.1155636792378765,ridge_0p1
2023-09-05,6.029162082125646,-4.722513573990161,ridge_0p1
2023-09-06,6.050078035096107,-4.391983494008045,ridge_0p1
2023-09-07,6.085960087095837,-3.8249475318339554,ridge_0p1
2023-09-08,6.091565932125439,-3.7363596291637546,ridge_0p1
2023-09-11,6.124355106847665,-3.2181997079404168,ridge_0p1
2023-09-12,6.094014896413381,-3.6976591997302966,ridge_0p1
2023-09-13,6.107980363006129,-3.4769660858947726,ridge_0p1
2023-09-14,6.127125452068067,-3.1744205682296522,ridge_0p1
2023-09-15,6.106130399525822,-3.506200640876489,ridge_0p1
2023-09-18,6.168159826900839,-2.525963612209192,ridge_0p1
2023-09-19,6.173127706597232,-2.447457331586478,ridge_0p1
2023-09-20,6.183213392110062,-2.288075521733579,ridge_0p1
2023-09-21,6.152120946239704,-2.779422420193478,ridge_0p1
2023-09-22,6.154777431025028,-2.7374425912177425,ridge_0p1
2023-09-25,6.149922377067619,-2.8141659121740714,ridge_0p1
2023-09-26,6.107652211395508,-3.4821517916695854,ridge_0p1
2023-09-27,6.0884849968365415,-3.7850469535661957,ridge_0p1
2023-09-28,6.091215031929458,-3.74190482569422,ridge_0p1
2023-09-29,6.050858272034059,-4.379653585929244,ridge_0p1
2023-10-02,6.060656445601903,-4.224815262395443,ridge_0p1
2023-10-03,6.0718178122630615,-4.048434706346537,ridge_0p1
2023-10-04,6.114342248367456,-3.3764306486480766,ridge_0p1
2023-10-05,6.104626340583385,-3.5299689445843496,ridge_0p1
2023-10-06,6.113336229141923,-3.392328543214429,ridge_0p1
2023-10-09,6.1410955394566935,-2.953654433000674,ridge_0p1
2023-10-10,6.120161022258276,-3.2844778792836204,ridge_0p1
2023-10-11,6.121977371516314,-3.255774522263133,ridge_0p1
2023-10-12,6.1070797761496936,-3.491197856548911,ridge_0p1
2023-10-13,6.121005397746898,-3.2711344041771673,ridge_0p1
2023-10-16,6.1265148648892325,-3.1840695394881657,ridge_0p1
2023-10-17,6.118158249466795,-3.316127245290945,ridge_0p1
2023-10-18,6.109781431408167,-3.448504208789782,ridge_0p1
2023-10-19,6.101592236990313,-3.5779161982767094,ridge_0p1
2023-10-20,6.092999001203244,-3.7137131622504094,ridge_0p1
2023-10-23,6.094151884116412,-3.6954944140041412,ridge_0p1
2023-10-24,6.100614704145307,-3.593363929006521,ridge_0p1
2023-10-25,6.116406360291767,-3.343811954180842,ridge_0p1
2023-10-26,6.105970379132499,-3.5087294070043518,ridge_0p1
2023-10-27,6.118090512166254,-3.3171976825498772,ridge_0p1
2023-10-30,6.1693700371920315,-2.50683893235798,ridge_0p1
2023-10-31,6.193811279159109,-2.120599506707621,ridge_0p1
2023-11-01,6.237131303250115,-1.436022951776117,ridge_0p1
2023-11-02,6.250940080522764,-1.2178059638707661,ridge_0p1
2023-11-03,6.278808402653856,-0.7774091645489256,ridge_0p1
2023-11-06,6.3464006006417275,0.0,ridge_0p1
2023-11-07,6.349899467299521,0.0,ridge_0p1
2023-11-08,6.410373256987072,0.0,ridge_0p1
2023-11-09,6.449664860622729,0.0,ridge_0p1
2023-11-10,6.524222996526034,0.0,ridge_0p1
2023-11-13,6.532789868946154,0.0,ridge_0p1
2023-11-14,6.446545410740838,-1.3201780546360786,ridge_0p1
2023-11-15,6.384883524449868,-2.2640609519581245,ridge_0p1
2023-11-16,6.407941967663974,-1.9110962358616423,ridge_0p1
2023-11-17,6.369265152427981,-2.503137553765411,ridge_0p1
2023-11-20,6.368068099511022,-2.5214613165218003,ridge_0p1
2023-11-21,6.426860690853443,-1.6214998525553193,ridge_0p1
2023-11-22,6.441810103482836,-1.392663276922379,ridge_0p1
2023-11-24,6.445285564714758,-1.339463016365361,ridge_0p1
2023-11-27,6.447883925582027,-1.2996888782192517,ridge_0p1
2023-11-28,6.403361185262687,-1.981216085010029,ridge_0p1
2023-11-29,6.344895263150862,-2.8761770937781983,ridge_0p1
2023-11-30,6.429283646931126,-1.5844107049432066,ridge_0p1
2023-12-01,6.345463429451677,-2.867479947348983,ridge_0p1
2023-12-04,6.320575731178346,-3.248445794599575,ridge_0p1
2023-12-05,6.340396876970113,-2.9450356713689563,ridge_0p1
2023-12-06,6.293588884057781,-3.661544144032902,ridge_0p1
2023-12-07,6.271467969079044,-4.000157744385946,ridge_0p1
2023-12-08,6.2753585786589445,-3.9406026437635577,ridge_0p1
2023-12-11,6.33097684846699,-3.089231775821999,ridge_0p1
2023-12-12,6.386630697888973,-2.237316276648582,ridge_0p1
2023-12-13,6.329617571381543,-3.110038768128731,ridge_0p1
2023-12-14,6.152207053212085,-5.825731783340881,ridge_0p1
2023-12-15,6.15602017921271,-5.767362754532057,ridge_0p1
2023-12-18,6.209875388776973,-4.94297974750676,ridge_0p1
2023-12-19,6.17569682582232,-5.466164537471019,ridge_0p1
2023-12-20,6.1646402198622345,-5.6354123807644925,ridge_0p1
2023-12-21,6.1542061290536205,-5.795131138262155,ridge_0p1
2023-12-22,6.151151502716624,-5.84188951252912,ridge_0p1
2023-12-26,6.1281522024299875,-6.193948904427893,ridge_0p1
2023-12-27,6.124806498556155,-6.24516291775069,ridge_0p1
2023-12-28,6.131856392134321,-6.137247406620016,ridge_0p1
2023-12-29,6.173359994731787,-5.50193533581923,ridge_0p1
2024-01-02,6.166004563584679,-5.614527831440008,ridge_0p1
2024-01-03,6.2149820279609,-4.864810400468633,ridge_0p1
2024-01-04,6.204578761295595,-5.024057320605435,ridge_0p1
2024-01-05,6.202036470491079,-5.062973172110185,ridge_0p1
2024-01-08,6.207909494365595,-4.973072471301887,ridge_0p1
2024-01-09,6.211278392326139,-4.921503416914286,ridge_0p1
2024-01-10,6.252005162644398,-4.298082625257493,ridge_0p1
2024-01-11,6.302509669968249,-3.5249901435304154,ridge_0p1
2024-01-12,6.352090069651518,-2.766043343190927,ridge_0p1
2024-01-16,6.374783193762405,-2.418670711189408,ridge_0p1
2024-01-17,6.389368107283014,-2.195413667672075,ridge_0p1
2024-01-18,6.424007920724714,-1.6651683339539147,ridge_0p1
2024-01-19,6.4491989937421295,-1.2795586094292877,ridge_0p1
2024-01-22,6.449568843732582,-1.2738971692502599,ridge_0p1
2024-01-23,6.468571291534761,-0.9830191801615817,ridge_0p1
2024-01-24,6.469772777835147,-0.9646275538504723,ridge_0p1
2024-01-25,6.477086630190732,-0.8526715212471392,ridge_0p1
2024-01-26,6.486129359272117,-0.7142508883660859,ridge_0p1
2024-01-29,6.4739589241264035,-0.9005485558230775,ridge_0p1
2024-01-30,6.540917718834017,0.0,ridge_0p1
2024-01-31,6.517408767304459,-0.35941365631103617,ridge_0p1
2024-02-01,6.5543758937134164,0.0,ridge_0p1
2024-02-02,6.5849897042908365,0.0,ridge_0p1
2024-02-05,6.573448015579084,-0.17527269183477134,ridge_0p1
2024-02-06,6.542505719222147,-0.6451640317828633,ridge_0p1
2024-02-07,6.6028137122015105,0.0,ridge_0p1
2024-02-08,6.582761445586027,-0.30369275114378036,ridge_0p1
2024-02-09,6.594177663214118,-0.1307934672067801,ridge_0p1
2024-02-12,6.542673276273341,-0.9108304209315299,ridge_0p1
2024-02-13,6.595965778954556,-0.10371234969571708,ridge_0p1
2024-02-14,6.585836860547509,-0.2571154116104979,ridge_0p1
2024-02-15,6.61668316227483,0.0,ridge_0p1
2024-02-16,6.619069296448957,0.0,ridge_0p1
2024-02-20,6.658037251773252,0.0,ridge_0p1
2024-02-21,6.719760026003716,0.0,ridge_0p1
2024-02-22,6.786814108356183,0.0,ridge_0p1
2024-02-23,6.813617049769344,0.0,ridge_0p1
2024-02-26,6.7779341553308505,-0.523699735072447,ridge_0p1
2024-02-27,6.724538744337957,-1.3073570877365714,ridge_0p1
2024-02-28,6.761692085494998,-0.7620763523260243,ridge_0p1
2024-02-29,6.756907085496489,-0.8323033692475446,ridge_0p1
2024-03-01,6.7364281234387136,-1.1328627037124672,ridge_0p1
2024-03-04,6.762260071054734,-0.7537403164791678,ridge_0p1
2024-03-05,6.773064286258979,-0.5951723323185276,ridge_0p1
2024-03-06,6.7952114446474186,-0.27012972680271474,ridge_0p1
2024-03-07,6.791237971140833,-0.328446381195846,ridge_0p1
2024-03-08,6.79383646920425,-0.29030954367714745,ridge_0p1
2024-03-11,6.810310065958834,-0.04853492332126397,ridge_0p1
2024-03-12,6.841668476288895,0.0,ridge_0p1
2024-03-13,6.834690956295001,-0.10198564894040585,ridge_0p1
2024-03-14,6.849277568132992,0.0,ridge_0p1
2024-03-15,6.84862043590719,-0.009594183025374292,ridge_0p1
2024-03-18,6.8626615970978575,0.0,ridge_0p1
2024-03-19,6.896725340474194,0.0,ridge_0p1
2024-03-20,6.889798208339783,-0.10044088741302248,ridge_0p1
2024-03-21,6.890473529437173,-0.09064897800599159,ridge_0p1
2024-03-22,6.900207478019928,0.0,ridge_0p1
2024-03-25,6.879871516267313,-0.2947152214972215,ridge_0p1
2024-03-26,6.902375968953789,0.0,ridge_0p1
2024-03-27,6.910937608343325,0.0,ridge_0p1
2024-03-28,6.906518883037618,-0.06393814495404548,ridge_0p1
2024-04-01,6.894708194378801,-0.23483664423378237,ridge_0p1
2024-04-02,6.919958671652075,0.0,ridge_0p1
2024-04-03,6.91066652122906,-0.1342804323540281,ridge_0p1
2024-04-04,6.879045811025756,-0.5912298406335781,ridge_0p1
2024-04-05,6.924653648840664,0.0,ridge_0p1
2024-04-08,6.889967216660162,-0.50091216022492,ridge_0p1
2024-04-09,6.807066874101781,-1.6980888965987373,ridge_0p1
2024-04-10,6.813254367879701,-1.6087343369096008,ridge_0p1
2024-04-11,6.782776996766161,-2.0488627918344493,ridge_0p1
2024-04-12,6.8021130701907575,-1.7696275491038138,ridge_0p1
2024-04-15,6.813836635058383,-1.6003257260503445,ridge_0p1
2024-04-16,6.825512860641347,-1.431707536967064,ridge_0p1
2024-04-17,6.815574096958869,-1.575234768601852,ridge_0p1
2024-04-18,6.825652669596306,-1.4296885341107624,ridge_0p1
2024-04-19,6.860641696778787,-0.9244065524142697,ridge_0p1
2024-04-22,6.885961811428284,-0.5587548399457964,ridge_0p1
2024-04-23,6.875566579257335,-0.7088740039950969,ridge_0p1
2024-04-24,6.862268733655153,-0.900910259908172,ridge_0p1
2024-04-25,6.861138653171507,-0.9172299278793705,ridge_0p1
2024-04-26,6.842159174762838,-1.1913155265409925,ridge_0p1
2024-04-29,6.835212712155686,-1.2916304730988593,ridge_0p1
2024-04-30,6.812518095886662,-1.6193669552379109,ridge_0p1
2024-05-01,6.8298680688336635,-1.3688132983065482,ridge_0p1
2024-05-02,6.7821373166924035,-2.058100511238148,ridge_0p1
2024-05-03,6.7844864956522795,-2.0241756526241828,ridge_0p1
2024-05-06,6.813128380237714,-1.6105537440363027,ridge_0p1
2024-05-07,6.857048614465586,-0.9762948127578497,ridge_0p1
2024-05-08,6.896747411226372,-0.40299831629795335,ridge_0p1
2024-05-09,6.899777536511092,-0.35923980593219884,ridge_0p1
2024-05-10,6.931440767278642,0.0,ridge_0p1
2024-05-13,6.833616739992974,-1.4113087101236932,ridge_0p1
2024-05-14,6.7608463718608816,-2.461167903548822,ridge_0p1
2024-05-15,6.809081071711945,-1.7652851647282697,ridge_0p1
2024-05-16,6.8389322040521865,-1.3346224303489973,ridge_0p1
2024-05-17,6.875024663331586,-0.8139159785275796,ridge_0p1
2024-05-20,6.829654696433616,-1.4684691720302734,ridge_0p1
2024-05-21,6.849197624724663,-1.1865230522090764,ridge_0p1
2024-05-22,6.846158380662719,-1.230370271913983,ridge_0p1
2024-05-23,6.856748220572183,-1.0775904925720559,ridge_0p1
2024-05-24,6.860823049497279,-1.0188028745009126,ridge_0p1
2024-05-28,6.785725161892496,-2.1022412262978185,ridge_0p1
2024-05-29,6.7719765899596505,-2.300592079957986,ridge_0p1
2024-05-30,6.768474146942032,-2.351121877949658,ridge_0p1
2024-05-31,6.829508840422998,-1.470573438884959,ridge_0p1
2024-06-03,6.756480589236207,-2.524153115011407,ridge_0p1
2024-06-04,6.786610772691211,-2.089464506010519,ridge_0p1
2024-06-05,6.781338972158596,-2.165520851431546,ridge_0p1
2024-06-06,6.772974716226947,-2.286192097316453,ridge_0p1
2024-06-07,6.800302722999321,-1.8919305333803926,ridge_0p1
2024-06-10,6.805949395922243,-1.810465898357072,ridge_0p1
2024-06-11,6.782422670511954,-2.1498863190198447,ridge_0p1
2024-06-12,6.796389828459806,-1.9483819216399079,ridge_0p1
2024-06-13,6.816942049043909,-1.6518747267559197,ridge_0p1
2024-06-14,6.813246150761049,-1.7051955067632685,ridge_0p1
2024-06-17,6.875633991149074,-0.8051251969578455,ridge_0p1
2024-06-18,6.9277442824926005,-0.05332924149754614,ridge_0p1
2024-06-20,6.948797695818238,0.0,ridge_0p1
2024-06-21,6.927420076092355,-0.30764487126668794,ridge_0p1
2024-06-24,6.957518926396893,0.0,ridge_0p1
2024-06-25,6.92719942296703,-0.4357803945718386,ridge_0p1
2024-06-26,6.8664218605201555,-1.309332634814897,ridge_0p1
2024-06-27,6.860340032943567,-1.3967463758471244,ridge_0p1
2024-06-28,6.8571773972846115,-1.4422027474705779,ridge_0p1
2024-07-01,6.854950018574634,-1.4742167273611217,ridge_0p1
2024-07-02,6.867058737334502,-1.3001788427651095,ridge_0p1
2024-07-03,6.866043681246765,-1.3147681827076263,ridge_0p1
2024-07-05,6.845449688008361,-1.6107644057329118,ridge_0p1
2024-07-08,6.820009006828709,-1.9764217822889396,ridge_0p1
2024-07-09,6.8353843277457464,-1.7554332218596813,ridge_0p1
2024-07-10,6.891586455870847,-0.9476434232309039,ridge_0p1
2024-07-11,6.879647963742641,-1.1192346507144846,ridge_0p1
2024-07-12,6.877427641814152,-1.1511472039101966,ridge_0p1
2024-07-15,6.885542610983251,-1.0345112413645552,ridge_0p1
2024-07-16,6.8594955410681075,-1.4088842066513618,ridge_0p1
2024-07-17,6.866244235060132,-1.3118856348412256,ridge_0p1
2024-07-18,6.938380476922374,-0.2750757802743031,ridge_0p1
2024-07-19,6.902241705814698,-0.7944961582852739,ridge_0p1
2024-07-22,6.942032249066815,-0.22258907943923933,ridge_0p1
2024-07-23,6.965434625824365,0.0,ridge_0p1
2024-07-24,6.947174307689541,-0.26215619147617053,ridge_0p1
2024-07-25,6.904580624327362,-0.8736569182831166,ridge_0p1
2024-07-26,6.897649427951971,-0.9731653732141909,ridge_0p1
2024-07-29,6.923564241117574,-0.6011166130474699,ridge_0p1
2024-07-30,6.9091421200227074,-0.8081693221691166,ridge_0p1
2024-07-31,6.921945419950334,-0.6243573906040911,ridge_0p1
2024-08-01,6.981481833168381,0.0,ridge_0p1
2024-08-02,6.9746495685464165,-0.09786267135302174,ridge_0p1
2024-08-05,6.8882497636896325,-1.3354194955548238,ridge_0p1
2024-08-06,6.978766384913092,-0.03889501283793617,ridge_0p1
2024-08-07,7.002421309615168,0.0,ridge_0p1
2024-08-08,7.017100848743623,0.0,ridge_0p1
2024-08-09,7.078248707228165,0.0,ridge_0p1
2024-08-12,7.120883689898943,0.0,ridge_0p1
2024-08-13,7.0778310272402365,-0.6045971895282776,ridge_0p1
2024-08-14,7.143101430565123,0.0,ridge_0p1
2024-08-15,7.138974585658384,-0.05777385281244829,ridge_0p1
2024-08-16,7.156899553741778,0.0,ridge_0p1
2024-08-19,7.164014670962063,0.0,ridge_0p1
2024-08-20,7.1762844530098855,0.0,ridge_0p1
2024-08-21,7.18229917434007,0.0,ridge_0p1
2024-08-22,7.228314957273768,0.0,ridge_0p1
2024-08-23,7.188511631114056,-0.5506584369246115,ridge_0p1
2024-08-26,7.1969358210294585,-0.4341141252116154,ridge_0p1
2024-08-27,7.219292307178247,-0.124823698868326,ridge_0p1
2024-08-28,7.2729593457467665,0.0,ridge_0p1
2024-08-29,7.2773131289246225,0.0,ridge_0p1
2024-08-30,7.328267120681529,0.0,ridge_0p1
2024-09-03,7.353964986997093,0.0,ridge_0p1
2024-09-04,7.378239717569901,0.0,ridge_0p1
2024-09-05,7.334611436005158,-0.5913101665814713,ridge_0p1
2024-09-06,7.325349007356116,-0.7168472730404218,ridge_0p1
2024-09-09,7.388631098287003,0.0,ridge_0p1
2024-09-10,7.4135121926156105,0.0,ridge_0p1
2024-09-11,7.359037783012868,-0.7347989480209316,ridge_0p1
2024-09-12,7.38239418406301,-0.419747182497332,ridge_0p1
2024-09-13,7.3627972000794815,-0.6840886103437582,ridge_0p1
2024-09-16,7.392282391092013,-0.28636631291635295,ridge_0p1
2024-09-17,7.349988745518694,-0.8568603577692957,ridge_0p1
2024-09-18,7.320755238078735,-1.2511877248852277,ridge_0p1
2024-09-19,7.318725342789244,-1.278568745334785,ridge_0p1
2024-09-20,7.353160823765826,-0.8140725648215552,ridge_0p1
2024-09-23,7.397177747243885,-0.22033342560623392,ridge_0p1
2024-09-24,7.3649398853079004,-0.6551861795828895,ridge_0p1
2024-09-25,7.393924290937471,-0.264218917689929,ridge_0p1
2024-09-26,7.332484936476788,-1.0929671933301965,ridge_0p1
2024-09-27,7.313530662615053,-1.3486391794181762,ridge_0p1
2024-09-30,7.365267661727153,-0.6507648417508838,ridge_0p1
2024-10-01,7.3978009926901835,-0.21192654058188598,ridge_0p1
2024-10-02,7.3973561075865515,-0.21792754377812917,ridge_0p1
2024-10-03,7.3938692640435155,-0.2649611690348386,ridge_0p1
2024-10-04,7.375769183024155,-0.5091110476495908,ridge_0p1
2024-10-07,7.324160915557796,-1.2052489391845222,ridge_0p1
2024-10-08,7.382751054096786,-0.414933404297424,ridge_0p1
2024-10-09,7.402390504875888,-0.15001914680602413,ridge_0p1
2024-10-10,7.36739150172652,-0.622116612083401,ridge_0p1
2024-10-11,7.373833209854887,-0.5352251635904359,ridge_0p1
2024-10-14,7.416018135966388,0.0,ridge_0p1
2024-10-15,7.4757936926113695,0.0,ridge_0p1
2024-10-16,7.474153977299711,-0.021933661883677402,ridge_0p1
2024-10-17,7.445191928357115,-0.40934468649795885,ridge_0p1
2024-10-18,7.455936428531874,-0.265620814270473,ridge_0p1
2024-10-21,7.437040495824074,-0.5183823735745552,ridge_0p1
2024-10-22,7.441404638519347,-0.46000539215000913,ridge_0p1
2024-10-23,7.488882734139827,0.0,ridge_0p1
2024-10-24,7.426994897244934,-0.8263961273256903,ridge_0p1
2024-10-25,7.357532400251592,-1.7539376506650939,ridge_0p1
2024-10-28,7.327038845419976,-2.161121951904099,ridge_0p1
2024-10-29,7.30115622489622,-2.5067358631189696,ridge_0p1
2024-10-30,7.324880291982961,-2.18994538944004,ridge_0p1
2024-10-31,7.282668525110688,-2.753604460770409,ridge_0p1
2024-11-01,7.226570541096598,-3.502687948996952,ridge_0p1
2024-11-04,7.248649739289365,-3.2078616180662545,ridge_0p1
2024-11-05,7.280596617153669,-2.7812709102338795,ridge_0p1
2024-11-06,7.267057662708679,-2.962058284340685,ridge_0p1
2024-11-07,7.253492236514028,-3.143199139074726,ridge_0p1
2024-11-08,7.347198579498663,-1.8919264684872705,ridge_0p1
2024-11-11,7.315882713779824,-2.3100911911912103,ridge_0p1
2024-11-12,7.328361882308726,-2.143455272698147,ridge_0p1
2024-11-13,7.365753785504316,-1.6441564517254315,ridge_0p1
2024-11-14,7.320311485025616,-2.2509532476151506,ridge_0p1
2024-11-15,7.354640298220751,-1.7925562555159313,ridge_0p1
2024-11-18,7.379578622403129,-1.4595516529910424,ridge_0p1
2024-11-19,7.360779946686409,-1.7105727516526836,ridge_0p1
2024-11-20,7.349124824425152,-1.866205075926164,ridge_0p1
2024-11-21,7.364102449437255,-1.6662069514552846,ridge_0p1
2024-11-22,7.35250480139053,-1.821071815260067,ridge_0p1
2024-11-25,7.314143892348875,-2.3333098940695685,ridge_0p1
2024-11-26,7.360434508766683,-1.715185427962218,ridge_0p1
2024-11-27,7.358118920918564,-1.7461057658860968,ridge_0p1
2024-11-29,7.363206938345099,-1.6781648245312364,ridge_0p1
2024-12-02,7.313965441777151,-2.3356927671637107,ridge_0p1
2024-12-03,7.305495626043882,-2.448791289786556,ridge_0p1
2024-12-04,7.290626667787813,-2.6473383732958933,ridge_0p1
2024-12-05,7.3154660506122875,-2.3156549472590826,ridge_0p1
2024-12-06,7.264988216383212,-2.9896918633261604,ridge_0p1
2024-12-09,7.189309129570755,-4.000244298170086,ridge_0p1
2024-12-10,7.2055023960246425,-3.7840135595037294,ridge_0p1
2024-12-11,7.202893682393474,-3.818848043148082,ridge_0p1
2024-12-12,7.200895540641184,-3.845529483133525,ridge_0p1
2024-12-13,7.2167625218993985,-3.6336556720257485,ridge_0p1
2024-12-16,7.198784167771655,-3.873722912573996,ridge_0p1
2024-12-17,7.146862399070667,-4.567040868592864,ridge_0p1
2024-12-18,7.077133725857128,-5.498136676725418,ridge_0p1
2024-12-19,7.090293381227222,-5.322414131223374,ridge_0p1
2024-12-20,7.124174648756517,-4.869993273104722,ridge_0p1
2024-12-23,7.116525131478811,-4.972138246517554,ridge_0p1
2024-12-24,7.149498045592388,-4.531846746648527,ridge_0p1
2024-12-26,7.129898759492674,-4.793558497192663,ridge_0p1
2024-12-27,7.1167440656027425,-4.969214791421472,ridge_0p1
2024-12-30,7.107478430147596,-5.092939995621915,ridge_0p1
2024-12-31,7.104890194338309,-5.127501036316118,ridge_0p1
2025-01-02,7.076119671652651,-5.511677470999765,ridge_0p1
2025-01-03,7.080418265509901,-5.45427780258656,ridge_0p1
2025-01-06,7.007695371348821,-6.425355822403267,ridge_0p1
2025-01-07,7.031325989838571,-6.109813179680024,ridge_0p1
2025-01-08,7.129533716885119,-4.798432957382703,ridge_0p1
2025-01-10,7.044971820500723,-5.927598673904089,ridge_0p1
2025-01-13,7.087658350294671,-5.357600033127518,ridge_0p1
2025-01-14,7.172564344709099,-4.2238395320134625,ridge_0p1
2025-01-15,7.2044444174269335,-3.7981408817661877,ridge_0p1
2025-01-16,7.261402213467776,-3.0375762146071295,ridge_0p1
2025-01-17,7.270515162539884,-2.9158898510249553,ridge_0p1
2025-01-21,7.309742453330869,-2.3920828669449667,ridge_0p1
2025-01-22,7.288542891166828,-2.675163306533068,ridge_0p1
2025-01-23,7.267181868964301,-2.960399742472275,ridge_0p1
2025-01-24,7.2858804209669925,-2.710715608449854,ridge_0p1
2025-01-27,7.36737517580622,-1.6225058215918686,ridge_0p1
2025-01-28,7.325062424458418,-2.187513351418846,ridge_0p1
2025-01-29,7.329678338242409,-2.1258764698190324,ridge_0p1
2025-01-30,7.389539521818342,-1.3265425010409837,ridge_0p1
2025-01-31,7.380742439955548,-1.4440110497564107,ridge_0p1
2025-02-03,7.450674739242526,-0.5101961968655422,ridge_0p1
2025-02-04,7.422419923151762,-0.8874863360468832,ridge_0p1
2025-02-05,7.459782425764105,-0.3885801047873505,ridge_0p1
2025-02-06,7.4950872557460695,0.0,ridge_0p1
2025-02-07,7.511661383333174,0.0,ridge_0p1
2025-02-10,7.504325147853203,-0.09766461912471547,ridge_0p1
2025-02-11,7.5410886704316376,0.0,ridge_0p1
2025-02-12,7.522776181902094,-0.24283613851865393,ridge_0p1
2025-02-13,7.538867987525315,-0.029447776088753486,ridge_0p1
2025-02-14,7.498728865410166,-0.5617200230990993,ridge_0p1
2025-02-18,7.502575832158221,-0.5107066095698443,ridge_0p1
2025-02-19,7.543877045118268,0.0,ridge_0p1
2025-02-20,7.509218939022434,-0.4594203469721503,ridge_0p1
2025-02-21,7.524401678627002,-0.25816123956937664,ridge_0p1
2025-02-24,7.5503807917642085,0.0,ridge_0p1
2025-02-25,7.606322512019104,0.0,ridge_0p1
2025-02-26,7.656044642678927,0.0,ridge_0p1
2025-02-27,7.730006795636468,0.0,ridge_0p1
2025-02-28,7.865409088910675,0.0,ridge_0p1
2025-03-03,7.904138676345572,0.0,ridge_0p1
2025-03-04,7.767731141243437,-1.7257735559518594,ridge_0p1
2025-03-05,7.791571456496476,-1.4241554261436695,ridge_0p1
2025-03-06,7.679107896005539,-2.8469993955631656,ridge_0p1
2025-03-07,7.604413268603823,-3.792005935304832,ridge_0p1
2025-03-10,7.533714863565729,-4.686453868634633,ridge_0p1
2025-03-11,7.576140439036477,-4.149702462719729,ridge_0p1
2025-03-12,7.626433455698698,-3.5134153387003764,ridge_0p1
2025-03-13,7.570099739695134,-4.226126973835919,ridge_0p1
2025-03-14,7.6425136058643055,-3.30997571265067,ridge_0p1
2025-03-17,7.6569827680266505,-3.1269176622441663,ridge_0p1
2025-03-18,7.661504600745808,-3.069709243916563,ridge_0p1
2025-03-19,7.698575348699887,-2.600704973216972,ridge_0p1
2025-03-20,7.704478460889407,-2.526021159695502,ridge_0p1
2025-03-21,7.675792116089623,-2.888949316379197,ridge_0p1
2025-03-24,7.735241420530376,-2.136820502917647,ridge_0p1
2025-03-25,7.7663916987916535,-1.7427196459261163,ridge_0p1
2025-03-26,7.798700986869726,-1.3339554604651083,ridge_0p1
2025-03-27,7.791955191954354,-1.4193005586673912,ridge_0p1
2025-03-28,7.791240488238168,-1.4283427041237307,ridge_0p1
2025-03-31,7.894221473306016,-0.12546848487406947,ridge_0p1
2025-04-01,7.9227390278918355,0.0,ridge_0p1
2025-04-02,7.903921502205379,-0.2375128805859883,ridge_0p1
2025-04-03,7.948225155724005,0.0,ridge_0p1
2025-04-04,7.674951009722587,-3.438178217744825,ridge_0p1
2025-04-07,7.580096581548876,-4.631582107484933,ridge_0p1
2025-04-08,7.644327330526083,-3.8234677458660937,ridge_0p1
2025-04-09,7.7315925630147335,-2.725546753708419,ridge_0p1
2025-04-10,7.751088839577424,-2.480255809117482,ridge_0p1
2025-04-11,7.809590854915458,-1.7442170810763713,ridge_0p1
2025-04-14,7.852080424929761,-1.2096377356019539,ridge_0p1
2025-04-15,7.882196509796094,-0.8307344675604678,ridge_0p1
2025-04-16,7.850929155119645,-1.2241223505639054,ridge_0p1
2025-04-17,7.823300271175255,-1.571733086332916,ridge_0p1
2025-04-21,7.7291001497280085,-2.7569048649583316,ridge_0p1
2025-04-22,7.821198339976041,-1.5981783764201007,ridge_0p1
2025-04-23,7.821926585742104,-1.5890160068118608,ridge_0p1
2025-04-24,7.773077348984003,-2.20360902350466,ridge_0p1
2025-04-25,7.74946444478327,-2.5006930106603154,ridge_0p1
2025-04-28,7.77105970786798,-2.2289938242179397,ridge_0p1
2025-04-29,7.803496625540556,-1.8208911719017062,ridge_0p1
2025-04-30,7.847197044760983,-1.2710776177530136,ridge_0p1
2025-05-01,7.8168615043272744,-1.6527419495927065,ridge_0p1
2025-05-02,7.831674425260932,-1.4663742933746393,ridge_0p1
2025-05-05,7.860405469649637,-1.1048968084544586,ridge_0p1
2025-05-06,7.908933574785484,-0.49434408523548745,ridge_0p1
2025-05-07,7.946171853465541,-0.02583346870824732,ridge_0p1
2025-05-08,7.845895322172318,-1.287455143089311,ridge_0p1
2025-05-09,7.831881037637273,-1.4637748152233176,ridge_0p1
2025-05-12,7.702945836061512,-3.0859634051238705,ridge_0p1
2025-05-13,7.636502050568138,-3.9219209200606953,ridge_0p1
2025-05-14,7.623930874491395,-4.0800842311200185,ridge_0p1
2025-05-15,7.759353782815414,-2.376271044266698,ridge_0p1
2025-05-16,7.7962543892903335,-1.9120088253190448,ridge_0p1
2025-05-19,7.856951939435636,-1.1483471404007406,ridge_0p1
2025-05-20,7.8404981191659155,-1.3553596488205755,ridge_0p1
2025-05-21,7.8591231452517905,-1.121030276904611,ridge_0p1
2025-05-22,7.806823170971958,-1.7790384894949107,ridge_0p1
2025-05-23,7.850749937084165,-1.2263771688657,ridge_0p1
2025-05-27,7.843278617666915,-1.3203770150058247,ridge_0p1
2025-05-28,7.825255139096003,-1.5471380618784392,ridge_0p1
2025-05-29,7.843908836717333,-1.3124479611847373,ridge_0p1
2025-05-30,7.906029598204777,-0.5308802492697495,ridge_0p1
2025-06-02,7.928474250354184,-0.2484945378729897,ridge_0p1
2025-06-03,7.862706378020575,-1.0759481019714578,ridge_0p1
2025-06-04,7.81397463754176,-1.6890628480191405,ridge_0p1
2025-06-05,7.805003593517006,-1.8019313670783021,ridge_0p1
2025-06-06,7.804171124790453,-1.812405010064544,ridge_0p1
2025-06-09,7.7263856490751674,-2.791057151785359,ridge_0p1
2025-06-10,7.679257320161453,-3.3839986952162837,ridge_0p1
2025-06-11,7.682654831347135,-3.3412531624826602,ridge_0p1
2025-06-12,7.737268249680508,-2.6541385266567907,ridge_0p1
2025-06-13,7.74934316472039,-2.502218886695584,ridge_0p1
2025-06-16,7.706959740960754,-3.0354627610102436,ridge_0p1
2025-06-17,7.7345224805192885,-2.688684215882031,ridge_0p1
2025-06-18,7.724891708034044,-2.8098530591967985,ridge_0p1
2025-06-20,7.7321668845058475,-2.7183209708466882,ridge_0p1
2025-06-23,7.7845704124902495,-2.0590099050716737,ridge_0p1
2025-06-24,7.763412516084559,-2.325206395371815,ridge_0p1
2025-06-25,7.71968227343062,-2.875395170817441,ridge_0p1
2025-06-26,7.7181499754743745,-2.8946736628861047,ridge_0p1
2025-06-27,7.751716609145655,-2.4723575732732317,ridge_0p1
2025-06-30,7.793705747695957,-1.9440743688138862,ridge_0p1
2025-07-01,7.741512920772012,-2.6007345149643535,ridge_0p1
2025-07-02,7.634810214164765,-3.94320663316301,ridge_0p1
2025-07-03,7.669603505964001,-3.505457436108883,ridge_0p1
2025-07-07,7.711650681224848,-2.9764440471189424,ridge_0p1
2025-07-08,7.620417868215829,-4.124282856684081,ridge_0p1
2025-07-09,7.60710157681626,-4.291820780417643,ridge_0p1
2025-07-10,7.571609370085269,-4.73836332338311,ridge_0p1
2025-07-11,7.582549295255016,-4.600723473537272,ridge_0p1
2025-07-14,7.6376463151757985,-3.9075244405292087,ridge_0p1
2025-07-15,7.6216065831455095,-4.109327128752483,ridge_0p1
2025-07-16,7.6479993473109324,-3.777268541478873,ridge_0p1
2025-07-17,7.6357896834434404,-3.930883513730865,ridge_0p1
2025-07-18,7.669349185448712,-3.508657150640193,ridge_0p1
2025-07-21,7.6764625544369,-3.419160831036505,ridge_0p1
2025-07-22,7.6141445436420705,-4.203210220351428,ridge_0p1
2025-07-23,7.566040706602602,-4.80842504626543,ridge_0p1
2025-07-24,7.609362791817077,-4.263371473100419,ridge_0p1
2025-07-25,7.61260364065786,-4.222596975935478,ridge_0p1
2025-07-28,7.572371368102657,-4.7287763023506235,ridge_0p1
2025-07-29,7.617996754012395,-4.1547439238531325,ridge_0p1
2025-07-30,7.6203616045679485,-4.124990733559453,ridge_0p1
2025-07-31,7.705100530886341,-3.058854273429523,ridge_0p1
2025-08-01,7.726319731528742,-2.791886488462847,ridge_0p1
2025-08-04,7.769592947855052,-2.247447755557219,ridge_0p1
2025-08-05,7.770727076293722,-2.2331788034773425,ridge_0p1
2025-08-06,7.8635564327654475,-1.0652532018117555,ridge_0p1
2025-08-07,7.809174222493059,-1.7494589107205472,ridge_0p1
2025-08-08,7.8371674274258325,-1.3972644976997572,ridge_0p1
2025-08-11,7.861958252800757,-1.0853605834394653,ridge_0p1
2025-08-12,7.807160658392019,-1.7747924167749174,ridge_0p1
2025-08-13,7.726894622221875,-2.7846535442285103,ridge_0p1
2025-08-14,7.758748103712121,-2.383891350579437,ridge_0p1
2025-08-15,7.7187372099742415,-2.887285415971075,ridge_0p1
2025-08-18,7.707904869427744,-3.0235716979304716,ridge_0p1
2025-08-19,7.750521069799697,-2.4873991620875224,ridge_0p1
2025-08-20,7.848632234052966,-1.2530208910767504,ridge_0p1
2025-08-21,7.827402518490102,-1.5201209687283668,ridge_0p1
2025-08-22,7.737268639839353,-2.6541336179024655,ridge_0p1
2025-08-25,7.726037638425862,-2.795435621726594,ridge_0p1
2025-08-26,7.774904756337517,-2.18061763463846,ridge_0p1
2025-08-27,7.75571363837768,-2.42206924910382,ridge_0p1
2025-08-28,7.752502319365852,-2.462472218935585,ridge_0p1
2025-08-29,7.737930803864161,-2.645802650776663,ridge_0p1
2025-09-02,7.727666704722675,-2.774939646022645,ridge_0p1
2025-09-03,7.737880381745572,-2.6464370328884157,ridge_0p1
2025-09-04,7.740200156961492,-2.617250954607153,ridge_0p1
2025-09-05,7.638660003105035,-3.894770801705749,ridge_0p1
2025-09-08,7.6513116949692765,-3.735594487291327,ridge_0p1
2025-09-09,7.699695063604449,-3.1268627555244066,ridge_0p1
2025-09-10,7.721078879901633,-2.8578238710159076,ridge_0p1
2025-09-11,7.734923023444545,-2.6836448150421077,ridge_0p1
2025-09-12,7.753946309901804,-2.444304760066962,ridge_0p1
2025-09-15,7.712188993013019,-2.9696713176400436,ridge_0p1
2025-09-16,7.636767413999875,-3.918582269902482,ridge_0p1
2025-09-17,7.687243539071176,-3.283520679643559,ridge_0p1
2025-09-18,7.651251599238716,-3.7363505772281758,ridge_0p1
2025-09-19,7.691964771635701,-3.2241208454412695,ridge_0p1
2025-09-22,7.69837481216747,-3.1434734001791864,ridge_0p1
2025-09-23,7.711352722514986,-2.98019279232965,ridge_0p1
2025-09-24,7.727271123648826,-2.7799166197003955,ridge_0p1
2025-09-25,7.766371016968873,-2.2879842378920046,ridge_0p1
2025-09-26,7.802448116437372,-1.8340829107193812,ridge_0p1
2025-09-29,7.815310961831702,-1.6722499839675997,ridge_0p1
2025-09-30,7.844581553457791,-1.3039842258566803,ridge_0p1
2025-10-01,7.742681791868998,-2.5860284507288056,ridge_0p1
2025-10-02,7.710683420222171,-2.9886135690401994,ridge_0p1
2025-10-03,7.712713196574388,-2.9630760897608743,ridge_0p1
2025-10-06,7.7124784064156575,-2.9660300845726795,ridge_0p1
2025-10-07,7.761667176355213,-2.347165256565986,ridge_0p1
2025-10-08,7.736857813842987,-2.6593023944320393,ridge_0p1
2025-10-09,7.712588901039136,-2.9646399047361327,ridge_0p1
2025-10-10,7.761967981723063,-2.3433806963408244,ridge_0p1
2025-10-13,7.739627004007901,-2.6244620356014936,ridge_0p1
2025-10-14,7.795298963177735,-1.9240294474564434,ridge_0p1
2025-10-15,7.7510791064476425,-2.4803782657614515,ridge_0p1
2025-10-16,7.654698611228849,-3.6929822538277035,ridge_0p1
2025-10-17,7.738376255520455,-2.6401982340979013,ridge_0p1
2025-10-20,7.752156258933441,-2.466826152368906,ridge_0p1
2025-10-21,7.7638556748476155,-2.319630826557728,ridge_0p1
2025-10-22,7.769317294202398,-2.2509158713598487,ridge_0p1
2025-10-23,7.742946631629118,-2.582696389105854,ridge_0p1
2025-10-24,7.742117533357732,-2.5931276269626435,ridge_0p1
2025-10-27,7.74621000147471,-2.5416385456042634,ridge_0p1
2025-10-28,7.7321869967928745,-2.7180679296125443,ridge_0p1
2025-10-29,7.696282377697227,-3.1697992078815074,ridge_0p1
2025-10-30,7.762675047044737,-2.3344848069086543,ridge_0p1
2025-10-31,7.714722250532034,-2.937799327738111,ridge_0p1
2025-11-03,7.718392688272453,-2.891619989980221,ridge_0p1
2025-11-04,7.837236551420419,-1.3963948193346787,ridge_0p1
2025-11-05,7.799196250279857,-1.8749960214303196,ridge_0p1
2025-11-06,7.830974955587517,-1.4751746187266601,ridge_0p1
2025-11-07,7.8824521418818145,-0.8275182516039203,ridge_0p1
2025-11-10,7.8923847303752845,-0.7025521327677309,ridge_0p1
2025-11-11,7.908271950158669,-0.502668265965811,ridge_0p1
2025-11-12,7.93540547454198,-0.1612898594448131,ridge_0p1
2025-11-13,7.937690089994788,-0.1325461410920159,ridge_0p1
2025-11-14,7.9270964193204385,-0.2658296159155804,ridge_0p1
2025-11-17,7.931409647112841,-0.21156306322115404,ridge_0p1
2025-11-18,7.918778313562207,-0.3704832410364123,ridge_0p1
2025-11-19,7.922135614570756,-0.32824360963731314,ridge_0p1
2025-11-20,7.923436290032495,-0.3118792586500718,ridge_0p1
2025-11-21,7.897165881953031,-0.6423984319845699,ridge_0p1
2025-11-24,7.884130653606054,-0.8064001819550026,ridge_0p1
2025-11-25,7.875128306851085,-0.9196625339718545,ridge_0p1
2025-11-26,7.895467866696211,-0.6637618838691406,ridge_0p1
2025-11-28,7.909913735029809,-0.4820122724707332,ridge_0p1
2025-12-01,7.848742987844202,-1.25162745054046,ridge_0p1
2025-12-02,7.831158718651732,-1.4728626174859483,ridge_0p1
2025-12-03,7.7963526519848845,-1.9107725405809406,ridge_0p1
2025-12-04,7.818846177572688,-1.6277719316763917,ridge_0p1
2025-12-05,7.793461336394404,-1.9471494113141308,ridge_0p1
2025-12-08,7.784378720616571,-2.061421662035301,ridge_0p1
2025-12-09,7.741476694899142,-2.601190288072941,ridge_0p1
2025-12-10,7.6984243934503835,-3.1428495969785697,ridge_0p1
2025-12-11,7.764918329220417,-2.306261120088904,ridge_0p1
2025-12-12,7.796277297378285,-1.911720608924794,ridge_0p1
2025-12-15,7.863646614505438,-1.064118586998719,ridge_0p1
2025-12-16,7.837643434715599,-1.3912756476050392,ridge_0p1
2025-12-17,7.86080058429122,-1.0999257031593435,ridge_0p1
2025-12-18,7.857752294238638,-1.1382775363404485,ridge_0p1
2025-12-19,7.846147563660001,-1.2842815856882517,ridge_0p1
2025-12-22,7.890321403178602,-0.7285117294859589,ridge_0p1
2025-12-23,7.946865771395907,-0.01710299219592759,ridge_0p1
2025-12-24,7.960067486388329,0.0,ridge_0p1
2025-12-26,7.955748722023238,-0.054255373744960256,ridge_0p1
2025-12-29,7.995312838201984,0.0,ridge_0p1
2025-12-30,7.993760500682375,-0.019415594499216926,ridge_0p1
2025-12-31,7.981378444413731,-0.17428203336427028,ridge_0p1
2026-01-02,7.9807979955486354,-0.18154189769780116,ridge_0p1
2026-01-05,7.977862631628061,-0.21825545700406845,ridge_0p1
2026-01-06,7.919972569124347,-0.9423054557372246,ridge_0p1
2026-01-07,7.88980480183776,-1.3196236157277275,ridge_0p1
2026-01-08,7.8824021203226025,-1.4122113813969661,ridge_0p1
2026-01-09,7.845278189035215,-1.8765325660541565,ridge_0p1
2026-01-12,7.880285979536146,-1.4386786482729397,ridge_0p1
2026-01-13,7.876130995203839,-1.4906464000844055,ridge_0p1
2026-01-14,7.880600661079187,-1.4347428230036985,ridge_0p1
2026-01-15,7.909201870730138,-1.0770181131675494,ridge_0p1
2026-01-16,7.931402118527826,-0.7993523326415564,ridge_0p1
2026-01-20,7.8762672696336935,-1.4889419710944263,ridge_0p1
2026-01-21,7.831565128195441,-2.0480463156381856,ridge_0p1
2026-01-22,7.800938703697803,-2.4311010517994003,ridge_0p1
2026-01-23,7.8030171506111685,-2.4051052345571367,ridge_0p1
2026-01-26,7.889756474854961,-1.3202280571520508,ridge_0p1
2026-01-27,7.913854278250897,-1.0188289263914019,ridge_0p1
2026-01-28,7.9421342497955205,-0.6651220469119479,ridge_0p1
2026-01-29,8.014149958846648,0.0,ridge_0p1
2026-01-30,8.05100448420322,0.0,ridge_0p1
2026-02-02,8.097717123603674,0.0,ridge_0p1
2026-02-03,8.106996560486007,0.0,ridge_0p1
2026-02-04,8.052370608104663,-0.673812452907574,ridge_0p1
2026-02-05,8.139912765673456,0.0,ridge_0p1
2026-02-06,8.106578521203337,-0.4095159915065816,ridge_0p1
2026-02-09,8.08839195569753,-0.6329405665524201,ridge_0p1
2026-02-10,8.080351869035253,-0.7317141885030409,ridge_0p1
2026-02-11,8.07388926724649,-0.8111081817165466,ridge_0p1
2026-02-12,8.05369743093154,-1.0591677972949687,ridge_0p1
2026-02-13,8.099898674893685,-0.49157886492976477,ridge_0p1
2026-02-17,8.160933378085629,0.0,ridge_0p1
2026-02-18,8.13847680755409,-0.2751715948550726,ridge_0p1
2026-02-19,8.139819383816778,-0.258720336151097,ridge_0p1
2026-02-20,8.149728233767977,-0.13730223981168743,ridge_0p1
2026-02-23,8.121773783138671,-0.4798421103658468,ridge_0p1
2026-02-24,8.103809376269908,-0.6999689762094419,ridge_0p1
2026-02-25,8.152718610840125,-0.10065965331321758,ridge_0p1
2026-02-26,8.1783586640788,0.0,ridge_0p1
2026-02-27,8.098781723645974,-0.9730184710820544,ridge_0p1
2026-03-02,8.135392567444217,-0.5253633204337138,ridge_0p1
2026-03-03,8.077516206202576,-1.233040295959964,ridge_0p1
2026-03-04,8.079367932761185,-1.210398508840227,ridge_0p1
2026-03-05,8.001939168150752,-2.1571503913483614,ridge_0p1
2026-03-06,7.937396402255885,-2.9463401119991905,ridge_0p1
2026-03-09,7.94479090485874,-2.855924627589912,ridge_0p1
2026-03-10,7.9884707959286745,-2.3218334625522807,ridge_0p1
2026-03-11,7.979372589683026,-2.433080799815812,ridge_0p1
2026-03-12,7.933313484217705,-2.9962635527026826,ridge_0p1
2026-03-13,7.921632497778173,-3.1390915566986144,ridge_0p1
2026-03-16,7.96273487283995,-2.6365166911292204,ridge_0p1
2026-03-17,7.958969749631827,-2.6825543297652077,ridge_0p1
2026-03-18,7.933835396446498,-2.9898819271194754,ridge_0p1
2026-03-19,7.91341656824682,-3.2395509504329456,ridge_0p1
2026-03-20,7.895857998675493,-3.4542464693327,ridge_0p1
2026-03-23,7.929442708840882,-3.043593041855863,ridge_0p1
2026-03-24,7.988400236096769,-2.322696225299725,ridge_0p1
2026-03-25,7.980734916180803,-2.4164230992461233,ridge_0p1
2026-03-26,7.90957861299726,-3.2864791350137645,ridge_0p1
2026-03-27,7.886741591294023,-3.565716359024762,ridge_0p1
2026-03-30,7.881713270937372,-3.627199604785769,ridge_0p1
2026-03-31,7.9280789648310686,-3.06026807490134,ridge_0p1
2026-04-01,7.971324765369888,-2.5314847050943334,ridge_0p1
2026-04-02,7.957322926564505,-2.702690681507214,ridge_0p1
2026-04-06,7.9602258147006895,-2.667195929376387,ridge_0p1
2026-04-07,7.953512098591215,-2.7492871702382238,ridge_0p1
2026-04-08,8.04971823475868,-1.5729369987787067,ridge_0p1
2026-04-09,8.06916192451753,-1.335191375757172,ridge_0p1
2026-04-10,8.056333358319671,-1.4920512876879788,ridge_0p1
2026-04-13,8.009488160434476,-2.0648459010001896,ridge_0p1
2026-04-14,8.00125472949716,-2.16551929129154,ridge_0p1
2026-04-15,7.982742744822126,-2.3918725907175475,ridge_0p1
2026-04-16,7.947275395137753,-2.8255457902087056,ridge_0p1
2026-04-17,7.935740295415969,-2.9665899800710105,ridge_0p1
2026-04-20,7.877898795984555,-3.6738406865662765,ridge_0p1
2026-04-21,7.8684888463718865,-3.788899832284587,ridge_0p1
2026-04-22,7.858166315383506,-3.91511746851666,ridge_0p1
2026-04-23,7.971684131015539,-2.5270906003550864,ridge_0p1
2026-04-24,7.910941300180626,-3.2698170241998725,ridge_0p1
2026-04-27,7.9165672930635616,-3.2010258019752214,ridge_0p1
2026-04-28,7.9711956427152115,-2.533063538451741,ridge_0p1
2026-04-29,7.976433367094728,-2.4690198275477138,ridge_0p1
2026-04-30,8.014074842776422,-2.0087627365127703,ridge_0p1
2026-05-01,7.977019163784315,-2.4618570615986046,ridge_0p1
2026-05-04,7.978563671419889,-2.4429717607819756,ridge_0p1
2026-05-05,7.9656411254392525,-2.6009808003878754,ridge_0p1
2026-05-06,7.932553883921151,-3.0055514835425234,ridge_0p1
2026-05-07,7.86804267655367,-3.7943553256976625,ridge_0p1
2026-05-08,7.8251829341330295,-4.318418211431574,ridge_0p1
2026-05-11,7.8831742727218765,-3.6093353627719926,ridge_0p1
2026-05-12,7.95310830839449,-2.7542244713925412,ridge_0p1
2026-05-13,7.957368414434568,-2.702134483473695,ridge_0p1
2026-05-14,7.983746515681688,-2.3795990906083975,ridge_0p1
2026-05-15,7.960875424198806,-2.659252899181719,ridge_0p1
2026-05-18,7.99782279767322,-2.2074828681521885,ridge_0p1
2026-05-19,8.017902045736783,-1.961966024390438,ridge_0p1
2026-05-20,8.009539653245096,-2.0642162782025686,ridge_0p1
2026-05-21,8.007463869410703,-2.089597701537671,ridge_0p1
2026-05-22,8.004876815199093,-2.1212306283616367,ridge_0p1
2026-05-26,7.995886665936017,-2.2311567105052665,ridge_0p1
2026-05-27,7.906334367565807,-3.3261477967184927,ridge_0p1
