predictor_a,predictor_b,1998,1999,2000,2001,2002,2003,2004,2005,2006,2007,2008,2009,2010,2011,2012,2013,2014,2015,2016,2017,2018,2019,2020,2021
X_feature_price_bb_pct5,X_feature_price_price_to_min5,0.799679,0.833463,0.813631,0.771684,0.769619,0.756406,0.772411,0.802582,0.790667,0.770435,0.777774,0.728780,0.761850,0.726883,0.754079,0.735259,0.752882,0.765109,0.773828,0.809363,0.795411,0.744586,0.751825,0.775051
X_feature_price_bb_pct5,X_feature_price_price_to_ma21,0.492346,0.532047,0.524563,0.472633,0.491678,0.475457,0.491718,0.478328,0.476565,0.477093,0.466424,0.447832,0.473439,0.453508,0.472672,0.464915,0.471182,0.495724,0.484238,0.514615,0.509689,0.494904,0.473089,0.505649
X_feature_price_bb_pct5,X_feature_price_bb_pct21,0.614557,0.634955,0.623571,0.605471,0.610010,0.592072,0.607793,0.587396,0.584290,0.584437,0.591402,0.567124,0.616991,0.560048,0.581720,0.584892,0.586690,0.597304,0.590907,0.617061,0.615218,0.601401,0.607587,0.605080
X_feature_price_bb_pct5,X_feature_price_price_to_ma10,0.706172,0.729537,0.727828,0.685278,0.691627,0.676183,0.689055,0.691973,0.689905,0.671166,0.676169,0.650591,0.679270,0.638610,0.681049,0.665966,0.674461,0.689228,0.679356,0.721329,0.706823,0.692617,0.675346,0.704799
X_feature_price_bb_pct5,X_feature_price_bb_pct10,0.825070,0.833383,0.826684,0.813729,0.817373,0.801247,0.814504,0.802350,0.804144,0.789639,0.797582,0.791428,0.820627,0.768269,0.800240,0.785734,0.797651,0.805666,0.802369,0.821295,0.820194,0.807719,0.809280,0.811636
X_feature_price_bb_pct5,X_feature_price_price_to_min21,0.464367,0.514785,0.478730,0.451306,0.488026,0.404292,0.443867,0.448484,0.420492,0.450076,0.483401,0.373701,0.411310,0.419744,0.416548,0.395716,0.423826,0.463165,0.452558,0.458090,0.500378,0.445689,0.389604,0.449190
X_feature_price_bb_pct5,X_feature_price_price_to_min10,0.627900,0.673429,0.642129,0.609141,0.632535,0.586712,0.610589,0.626366,0.606843,0.607980,0.635272,0.549062,0.593755,0.574190,0.592674,0.570119,0.592475,0.626563,0.610209,0.631694,0.652654,0.592647,0.572428,0.614394
X_feature_price_bb_pct5,X_feature_price_high_to_initial126_exclude21,-0.031514,-0.048920,-0.001982,-0.021928,0.025366,0.011457,0.000704,-0.026738,0.002388,-0.018083,-0.016165,0.032845,0.024346,-0.020894,0.011140,0.010831,0.020988,-0.022609,-0.006815,0.008692,-0.019640,0.002050,-0.011279,-0.031071
X_feature_price_bb_pct5,X_feature_price_high_to_initial90_exclude10,0.017640,0.042170,0.003443,0.011507,-0.022012,-0.006120,-0.004716,0.021007,-0.013981,0.024429,0.004080,-0.023611,-0.020032,0.015293,-0.026114,-0.013428,-0.024150,0.033871,0.001222,-0.000589,0.034806,-0.022011,0.003263,0.036055
X_feature_price_bb_pct5,X_feature_price_freq_loss_fl756,-0.030582,0.004572,-0.036821,-0.031452,-0.066471,-0.050909,-0.069290,-0.052826,-0.037184,-0.037562,-0.057365,-0.024286,-0.053819,-0.074005,-0.031202,-0.052754,-0.047220,-0.093539,-0.040081,-0.080064,-0.050894,-0.052091,-0.101829,-0.043036
X_feature_price_bb_pct5,X_feature_price_freq_loss_fl252,-0.088422,-0.086171,-0.102586,-0.056943,-0.104801,-0.073226,-0.093052,-0.082125,-0.076137,-0.068709,-0.073537,-0.060484,-0.080259,-0.093015,-0.064245,-0.096705,-0.059393,-0.128170,-0.067084,-0.109311,-0.080925,-0.071380,-0.112396,-0.086891
X_feature_price_bb_pct5,X_feature_price_high_to_initial252_exclude21,-0.037183,-0.078321,0.040773,0.009313,-0.008990,0.007800,0.007446,-0.024718,0.023031,-0.001797,-0.016552,0.011289,0.004004,-0.016825,-0.014777,0.000543,0.029147,-0.037912,0.027694,0.010871,0.004612,0.015353,-0.055491,0.015299
X_feature_price_bb_pct5,X_feature_price_trend_streak200_504,-0.027430,-0.029787,0.035383,0.029649,-0.050847,-0.022241,-0.030792,-0.021857,-0.012895,-0.013548,-0.027368,-0.000447,-0.005049,-0.040868,-0.005842,-0.014692,-0.002585,-0.069920,0.004901,-0.055601,0.007123,-0.013975,-0.085764,-0.025670
X_feature_price_bb_pct5,X_feature_price_ret252_shift0,-0.125379,-0.141695,-0.099964,-0.066644,-0.119255,-0.070973,-0.094733,-0.098951,-0.087826,-0.103161,-0.109308,-0.058936,-0.081306,-0.122380,-0.076232,-0.092482,-0.061557,-0.150114,-0.094424,-0.094080,-0.112372,-0.081528,-0.150466,-0.074947
X_feature_price_bb_pct5,X_feature_price_macd_21_252,-0.049775,-0.048819,-0.018165,0.013394,-0.047248,-0.018250,-0.029329,-0.026896,-0.024249,-0.030849,-0.036275,-0.002773,-0.025156,-0.057068,-0.003651,-0.028316,-0.004986,-0.081174,-0.015443,-0.054960,-0.029873,-0.010751,-0.092866,-0.022180
X_feature_price_bb_pct5,X_feature_price_trend_streak200_126,-0.049421,-0.044518,-0.038663,0.001606,-0.033199,-0.010303,-0.025170,-0.025580,-0.024100,-0.029028,-0.030952,0.006507,-0.020312,-0.048905,-0.000412,-0.037880,0.001066,-0.071791,-0.012133,-0.033819,-0.031701,-0.006492,-0.073271,-0.031773
X_feature_price_bb_pct5,X_feature_price_trend_streak200_252,-0.044510,-0.051251,0.005059,0.020371,-0.050173,-0.007083,-0.022657,-0.022995,-0.006975,-0.009282,-0.029780,-0.002606,-0.016271,-0.050671,0.000057,-0.030582,0.010662,-0.072292,0.009905,-0.036655,-0.010266,-0.003571,-0.080146,-0.006682
X_feature_price_bb_pct5,X_feature_price_freq_loss_fl63,-0.148159,-0.163903,-0.183263,-0.140324,-0.150236,-0.142737,-0.162630,-0.149941,-0.157661,-0.150865,-0.136223,-0.115089,-0.145502,-0.134072,-0.128125,-0.155657,-0.140514,-0.185332,-0.169621,-0.179100,-0.168597,-0.147968,-0.160237,-0.171590
X_feature_price_bb_pct5,X_feature_price_freq_loss_fl21,0.256544,0.281437,0.283421,0.260899,0.253457,0.251724,0.256902,0.256918,0.262111,0.241046,0.230962,0.212559,0.241737,0.220003,0.241236,0.247071,0.243300,0.264331,0.267469,0.272186,0.278828,0.260595,0.237290,0.262244
X_feature_price_bb_pct5,X_feature_price_price_to_min63,0.295939,0.340107,0.308806,0.273520,0.307075,0.212113,0.262924,0.265809,0.246021,0.286148,0.348981,0.182198,0.246801,0.256504,0.239176,0.199948,0.229553,0.303705,0.285527,0.250430,0.334914,0.263248,0.213974,0.266104
X_feature_price_bb_pct5,X_feature_price_macd_10_21,-0.066459,-0.105945,-0.108795,-0.065030,-0.069381,-0.042320,-0.066777,-0.072569,-0.077510,-0.090498,-0.050246,-0.038272,-0.066708,-0.080060,-0.036489,-0.075022,-0.061475,-0.122083,-0.091986,-0.084811,-0.115455,-0.067435,-0.060985,-0.095703
X_feature_price_bb_pct5,X_feature_price_sharpe_ratio_compound_r63_volatility63_rolling,-0.186484,-0.215850,-0.211228,-0.115169,-0.187600,-0.163465,-0.191154,-0.175169,-0.184130,-0.191933,-0.177689,-0.141590,-0.180689,-0.181595,-0.144309,-0.178237,-0.157266,-0.230628,-0.194406,-0.191520,-0.220105,-0.160471,-0.183351,-0.212504
X_feature_price_bb_pct5,X_feature_price_price_to_ma63,0.289338,0.326184,0.321807,0.274334,0.284754,0.263290,0.288457,0.275550,0.279992,0.286674,0.262494,0.250519,0.285529,0.275302,0.252114,0.269696,0.263929,0.313468,0.301053,0.294314,0.328022,0.280820,0.262109,0.313265
X_feature_price_bb_pct5,X_feature_price_bb_pct126,-0.274605,-0.293353,-0.292037,-0.243207,-0.260415,-0.256428,-0.268664,-0.252148,-0.258095,-0.267149,-0.260729,-0.236289,-0.268222,-0.270797,-0.221803,-0.276610,-0.241674,-0.297689,-0.275991,-0.275300,-0.301599,-0.237869,-0.272148,-0.312752
X_feature_price_bb_pct5,X_feature_price_price_to_min252,-0.173998,-0.186462,-0.166013,-0.169882,-0.148292,-0.089209,-0.113238,-0.130952,-0.111454,-0.150796,-0.259198,-0.093957,-0.091993,-0.142326,-0.099177,-0.084935,-0.081230,-0.182773,-0.174177,-0.107978,-0.174445,-0.130251,-0.145186,-0.107281
X_feature_price_bb_pct5,X_feature_price_ret90_shift0,-0.159197,-0.171234,-0.192820,-0.135569,-0.142999,-0.123018,-0.150122,-0.143139,-0.140729,-0.163192,-0.138150,-0.096379,-0.146328,-0.146468,-0.099945,-0.132596,-0.125014,-0.195416,-0.166276,-0.157068,-0.189334,-0.123238,-0.145406,-0.185648
X_feature_price_bb_pct5,X_feature_price_price_to_ma252,-0.173934,-0.189810,-0.192906,-0.124559,-0.158442,-0.126065,-0.160309,-0.150463,-0.156928,-0.167844,-0.152239,-0.102339,-0.149928,-0.163827,-0.118086,-0.143053,-0.129752,-0.198955,-0.169514,-0.154595,-0.189879,-0.132784,-0.179040,-0.184001
X_feature_price_bb_pct5,X_feature_price_sharpe_ratio_compound_r126_volatility126_rolling,-0.151582,-0.164597,-0.174816,-0.086470,-0.107774,-0.116203,-0.136700,-0.138168,-0.138497,-0.148762,-0.144933,-0.093624,-0.126670,-0.140715,-0.089864,-0.133671,-0.121226,-0.180648,-0.157111,-0.146500,-0.169703,-0.107256,-0.156974,-0.169253
X_feature_price_bb_pct5,X_feature_price_macd_21_126,-0.034766,-0.054359,-0.049505,-0.009443,-0.035549,-0.010713,-0.025567,-0.034121,-0.026168,-0.032010,-0.026776,-0.007325,-0.011971,-0.037395,-0.000008,-0.020225,-0.014194,-0.082455,-0.040759,-0.044678,-0.050214,-0.021226,-0.077421,-0.032761
X_feature_price_bb_pct5,X_feature_price_final_to_high90_exclude10,-0.016374,-0.001503,-0.069494,0.000479,-0.030706,-0.000157,-0.023330,-0.011901,-0.035464,-0.031095,-0.001329,0.013876,-0.025062,-0.039339,0.014388,-0.038936,-0.010302,-0.069233,-0.038152,-0.044064,-0.054623,-0.009985,-0.038597,-0.034597
X_feature_price_bb_pct5,X_feature_price_price_to_max252,-0.229431,-0.195367,-0.228891,-0.117975,-0.159998,-0.206524,-0.254655,-0.217370,-0.230625,-0.236686,-0.136893,-0.126585,-0.250936,-0.230219,-0.150728,-0.308912,-0.231094,-0.243782,-0.190353,-0.265095,-0.243593,-0.173752,-0.220417,-0.301982
X_feature_price_bb_pct5,X_feature_price_final_to_high252_exclude21,-0.026162,-0.004779,-0.070973,0.000089,-0.036798,-0.004229,-0.019894,-0.013707,-0.039809,-0.034138,-0.027075,0.005324,-0.037477,-0.048297,0.003720,-0.043763,-0.008528,-0.084488,-0.028664,-0.045911,-0.042849,-0.012275,-0.053406,-0.026850
X_feature_price_bb_pct5,X_feature_price_lag1,0.393306,0.401407,0.423500,0.368550,0.332080,0.349515,0.350841,0.362213,0.395790,0.388301,0.359093,0.347516,0.369729,0.343291,0.366036,0.380658,0.363727,0.351853,0.360329,0.390341,0.391011,0.375536,0.375892,0.337310
X_feature_price_bb_pct5,X_feature_price_ret21_shift0,0.288497,0.334113,0.310677,0.275267,0.293704,0.275164,0.295688,0.285545,0.283777,0.284891,0.261920,0.256662,0.276046,0.274365,0.272861,0.276332,0.288396,0.316286,0.293392,0.306728,0.326035,0.293835,0.279540,0.309521
X_feature_price_bb_pct5,X_feature_price_ret10_shift0,0.427862,0.467953,0.457172,0.417441,0.435340,0.418877,0.431309,0.421250,0.419604,0.424726,0.422950,0.402873,0.420454,0.389681,0.433744,0.405894,0.422369,0.444476,0.439056,0.447901,0.445756,0.437241,0.411063,0.444106
X_feature_price_bb_pct5,X_feature_price_ret5_shift0,0.649948,0.665208,0.668367,0.631851,0.646645,0.622468,0.642627,0.642838,0.641204,0.626671,0.629594,0.601851,0.627133,0.587554,0.637666,0.617433,0.632422,0.628810,0.637921,0.685076,0.659825,0.648059,0.604347,0.653732
X_feature_price_bb_pct5,X_feature_price_downside_vol10,-0.175770,-0.130182,-0.204429,-0.147902,-0.173927,-0.180575,-0.209878,-0.188676,-0.210816,-0.194524,-0.139722,-0.165152,-0.201763,-0.181312,-0.186033,-0.226552,-0.232850,-0.237003,-0.210182,-0.263273,-0.233955,-0.211981,-0.227613,-0.220775
X_feature_price_bb_pct5,X_feature_price_downside_vol21,-0.093997,-0.038714,-0.135398,-0.075602,-0.113659,-0.095329,-0.119556,-0.090918,-0.129652,-0.109603,-0.067424,-0.083190,-0.117258,-0.113493,-0.090862,-0.149686,-0.136974,-0.157107,-0.116562,-0.165772,-0.148040,-0.116143,-0.161438,-0.125782
X_feature_price_bb_pct5,X_feature_price_vol10,0.013068,0.087623,-0.036896,-0.001800,-0.032782,-0.013673,-0.025199,0.007519,-0.032543,0.004952,0.018095,-0.011712,-0.029472,-0.035427,-0.011944,-0.056301,-0.059471,-0.056647,-0.040704,-0.082798,-0.054869,-0.051799,-0.065268,-0.037512
X_feature_price_bb_pct5,X_feature_price_upside_vol10,0.175649,0.241075,0.112357,0.137416,0.132439,0.134117,0.149444,0.179481,0.135287,0.169861,0.167210,0.119130,0.123481,0.115917,0.149117,0.120848,0.132029,0.148931,0.145269,0.130511,0.154286,0.139681,0.107092,0.158099
X_feature_price_bb_pct5,X_feature_price_upside_vol21,0.077955,0.151743,0.019873,0.057773,0.028306,0.049668,0.061623,0.096457,0.044003,0.084980,0.075432,0.039540,0.038767,0.041486,0.053685,0.036141,0.055119,0.051859,0.064186,0.041362,0.079446,0.065101,0.018110,0.058386
X_feature_price_bb_pct5,X_feature_price_upside_vol63,0.024739,0.101924,-0.039531,0.010714,-0.025272,0.001448,0.006188,0.041874,-0.008977,0.034575,0.024687,-0.008506,-0.006575,0.002016,0.011254,-0.022031,-0.007588,-0.014980,0.017438,-0.025780,0.026230,0.009695,-0.028458,0.011598
X_feature_price_bb_pct5,X_feature_price_atr5,0.006258,0.072925,-0.047489,-0.014480,-0.064217,-0.013430,-0.021272,0.011790,-0.038426,0.008609,-0.004773,-0.011432,-0.018256,-0.021457,-0.015266,-0.052409,-0.042599,-0.068746,-0.044148,-0.091146,-0.079993,-0.046019,-0.065933,-0.029837
X_feature_price_bb_pct5,X_feature_price_downside_vol126,-0.029129,0.045144,-0.083645,-0.015886,-0.063126,-0.031557,-0.047803,-0.012036,-0.067294,-0.035299,-0.030036,-0.029982,-0.044525,-0.051056,-0.017817,-0.067011,-0.062335,-0.095470,-0.032553,-0.077482,-0.061520,-0.022982,-0.071626,-0.044163
X_feature_price_bb_pct5,X_feature_price_downside_vol63,-0.038734,0.026226,-0.091215,-0.026503,-0.073406,-0.044640,-0.061870,-0.035525,-0.079403,-0.054251,-0.033114,-0.038287,-0.055754,-0.066816,-0.031890,-0.084615,-0.074011,-0.115026,-0.058538,-0.095127,-0.085239,-0.040112,-0.093163,-0.064969
X_feature_price_bb_pct5,X_feature_price_atr21,-0.007080,0.066191,-0.065311,-0.011571,-0.056916,-0.025794,-0.033105,0.005891,-0.047200,-0.004431,-0.006591,-0.025769,-0.037631,-0.031516,-0.017789,-0.058337,-0.043340,-0.070631,-0.033746,-0.077723,-0.049414,-0.025167,-0.070689,-0.026304
X_feature_price_bb_pct5,X_feature_price_atr126,-0.003142,0.070189,-0.068854,-0.008322,-0.053733,-0.021985,-0.033062,0.015100,-0.050169,-0.003232,-0.018382,-0.027487,-0.033445,-0.027002,-0.011886,-0.053492,-0.045634,-0.069225,-0.022805,-0.066959,-0.038491,-0.017730,-0.050747,-0.016556
X_feature_price_bb_pct5,X_feature_price_vol252,-0.008378,0.071204,-0.064465,-0.004469,-0.056815,-0.019254,-0.035695,0.015917,-0.048001,0.007547,-0.013120,-0.026467,-0.024951,-0.029334,-0.008793,-0.042937,-0.043969,-0.062459,-0.019922,-0.061680,-0.025485,-0.012224,-0.059940,-0.001031
X_feature_price_bb_pct5,X_feature_market_cap_log_identity,-0.061096,-0.068008,-0.044224,-0.010556,-0.036599,-0.000610,-0.021709,-0.020585,-0.051862,-0.030375,-0.048488,-0.023499,-0.034830,-0.050950,-0.026757,-0.023431,-0.048046,-0.042821,-0.015680,-0.058521,-0.059072,-0.023904,-0.077827,-0.036364
X_feature_price_bb_pct5,X_feature_market_cap_log_std21,-0.014490,0.049038,-0.054598,0.001139,-0.052998,0.001164,-0.002426,0.016990,-0.030098,0.001970,-0.031026,-0.003744,-0.008717,-0.008052,-0.007357,-0.014443,-0.027506,-0.060980,-0.011646,-0.037303,-0.032355,-0.003632,-0.044457,-0.005075
X_feature_price_bb_pct5,X_feature_market_cap_log_std126,-0.007247,0.049031,-0.047381,-0.001898,-0.044565,-0.011889,-0.018221,0.011618,-0.023698,-0.000108,-0.006602,-0.012704,-0.034494,-0.030528,-0.013066,-0.035071,-0.031119,-0.051992,-0.012236,-0.039493,-0.004270,-0.001720,-0.054395,0.017509
X_feature_price_bb_pct5,X_feature_market_cap_log_std504,0.004532,0.056787,-0.053596,-0.006855,-0.035289,-0.008022,-0.013365,0.021496,-0.039049,0.000468,-0.014738,-0.010267,-0.020758,-0.005032,-0.012098,-0.040720,-0.033176,-0.026577,-0.015023,-0.029743,-0.011142,-0.017040,-0.014215,0.004109
X_feature_price_bb_pct5,X_feature_market_cap_log_std252,0.001171,0.056012,-0.042857,0.002344,-0.042404,-0.014759,-0.011754,0.020450,-0.027324,0.000875,-0.016901,-0.012333,-0.015748,-0.015808,-0.006206,-0.028088,-0.031217,-0.046348,-0.015618,-0.037424,-0.000359,-0.025974,-0.043897,0.016208
X_feature_price_bb_pct5,X_feature_market_cap_log_diff_126,-0.132986,-0.144330,-0.155987,-0.110534,-0.113884,-0.091994,-0.120594,-0.122383,-0.116692,-0.136678,-0.128843,-0.068823,-0.116186,-0.121770,-0.076548,-0.103749,-0.105227,-0.166514,-0.148896,-0.124386,-0.156375,-0.101605,-0.139565,-0.147998
X_feature_price_bb_pct5,X_feature_market_cap_log_to_min126,0.212585,0.223931,0.218153,0.212797,0.206547,0.121187,0.175411,0.173216,0.168741,0.209222,0.289371,0.111022,0.162110,0.182476,0.141862,0.118733,0.147502,0.237916,0.210466,0.165213,0.255879,0.183592,0.148083,0.184063
X_feature_price_bb_pct5,X_feature_market_cap_log_to_max504,-0.194657,-0.153841,-0.172059,-0.072601,-0.128169,-0.107701,-0.207016,-0.176560,-0.171547,-0.174797,-0.118122,-0.056798,-0.136597,-0.197569,-0.094612,-0.212634,-0.178298,-0.210216,-0.113010,-0.191778,-0.197723,-0.108564,-0.188275,-0.232280
X_feature_price_bb_pct5,X_feature_market_cap_log_diff_504,-0.068926,-0.098278,-0.009716,-0.021633,-0.088618,-0.054192,-0.056451,-0.067274,-0.031151,-0.072439,-0.086915,-0.049062,-0.056060,-0.067277,-0.044593,-0.044551,-0.032327,-0.122950,-0.046756,-0.082110,-0.055682,-0.047934,-0.140775,-0.064052
X_feature_price_bb_pct5,X_feature_market_cap_log_to_min504,-0.084799,-0.131680,-0.042121,-0.064884,-0.108339,-0.066708,-0.045080,-0.077329,-0.033202,-0.093945,-0.196188,-0.084544,-0.028259,-0.075780,-0.063057,-0.042828,-0.025405,-0.133767,-0.115132,-0.060335,-0.086108,-0.083385,-0.143572,-0.072737
X_feature_price_bb_pct5,X_feature_pv_pv_corr21,0.079762,0.125334,0.114734,0.105908,0.108514,0.106204,0.117881,0.116108,0.106753,0.113702,0.087173,0.105920,0.094892,0.092334,0.106056,0.103156,0.112186,0.107105,0.113290,0.131181,0.104992,0.088016,0.074239,0.083320
X_feature_price_bb_pct5,X_feature_pv_pv_corr126,0.043982,0.057690,0.047415,0.041982,0.025794,0.033881,0.042521,0.043679,0.037347,0.053598,0.032070,0.021446,0.023820,0.037240,0.021045,0.026451,0.033728,0.051263,0.042503,0.045330,0.047036,0.031947,0.007001,0.037269
X_feature_price_bb_pct5,X_feature_pv_pv_corr63,0.042592,0.078109,0.059512,0.048809,0.042086,0.051675,0.062695,0.063335,0.049704,0.069305,0.035282,0.051494,0.043276,0.055365,0.044025,0.046924,0.052189,0.070315,0.060533,0.071917,0.068582,0.041502,0.017483,0.056200
X_feature_price_bb_pct5,X_feature_liquidity_turnover_level63,-0.004602,0.066900,-0.038913,0.002242,-0.039405,-0.009062,-0.023095,0.015988,-0.034090,0.004367,-0.008561,-0.010303,-0.024894,-0.002413,-0.016312,-0.033662,-0.018493,-0.049846,-0.019791,-0.039872,-0.012379,-0.009684,-0.026295,-0.019625
X_feature_price_bb_pct5,X_feature_volume_log_volume_ratio_max126,-0.060487,-0.073137,-0.042101,-0.008525,0.014063,-0.017643,-0.023254,-0.020198,-0.035661,-0.026849,-0.006495,-0.022964,-0.034379,-0.015853,-0.022465,-0.016030,-0.018111,-0.001411,-0.019547,0.007718,0.006466,0.003756,-0.008938,-0.024249
X_feature_price_bb_pct5,X_feature_volume_log_volume_ratio_max252,-0.058485,-0.069472,-0.037192,-0.006519,0.014696,-0.013279,-0.016090,-0.017067,-0.028605,-0.026770,-0.008461,-0.016691,-0.025259,-0.016657,-0.014731,-0.009780,-0.017806,0.003533,-0.017642,0.009211,0.010758,0.004133,-0.002778,-0.025848
X_feature_price_bb_pct5,X_feature_pv_illiquidity_mean21,-0.031339,-0.059143,-0.007969,0.017800,-0.001338,0.023152,0.010520,-0.006334,-0.026884,-0.014590,-0.017166,0.002905,-0.007918,-0.035508,0.000248,-0.001722,-0.033282,-0.016132,0.001551,-0.036004,-0.049866,-0.006841,-0.057136,-0.007881
X_feature_price_bb_pct5,X_feature_volume_log_volume_std504,-0.015205,-0.028789,0.012806,0.015436,0.018200,0.023686,0.004292,0.002671,-0.030779,-0.005553,-0.021372,0.004308,-0.020064,-0.024443,-0.008366,-0.007825,-0.027465,0.005020,-0.016412,-0.006020,-0.024847,0.002003,0.006255,-0.026550
X_feature_price_bb_pct5,X_feature_volume_log_volume_std126,-0.018065,-0.034909,0.016135,0.022208,0.003475,0.018511,-0.005029,-0.003461,-0.025823,-0.008631,-0.018748,0.005564,-0.020283,-0.021158,-0.013535,-0.011822,-0.028480,-0.000059,-0.014860,-0.017993,-0.030999,0.000288,0.004970,-0.024080
X_feature_price_bb_pct5,X_feature_volume_log_volume_std63,-0.018965,-0.035220,0.016099,0.021498,0.001533,0.014982,-0.006919,-0.003326,-0.018486,-0.003788,-0.022223,0.010073,-0.018444,-0.019941,-0.014929,-0.010591,-0.031200,0.001895,-0.010823,-0.019909,-0.030874,-0.009068,-0.000521,-0.027263
X_feature_price_bb_pct5,X_feature_market_corr504,-0.028952,-0.045499,0.059728,0.006035,0.031006,0.003823,0.012788,0.026685,-0.024305,0.029659,-0.013732,0.010501,-0.031747,0.006591,-0.027591,-0.035858,0.009380,-0.014101,-0.012473,-0.024006,0.034868,-0.031848,0.012248,-0.056091
X_feature_price_bb_pct5,X_feature_market_corr252,-0.027335,-0.048523,0.059212,0.005846,0.015719,0.001486,0.005283,0.027618,-0.021563,0.028261,-0.016159,0.013515,-0.023941,0.015860,-0.030856,-0.025280,0.008397,-0.021887,-0.014980,-0.019149,0.025759,-0.028004,0.018519,-0.065211
X_feature_price_bb_pct5,X_feature_short_interest_to_volume_log_ratio_std252,-0.020997,-0.017696,-0.000920,0.015334,0.007292,0.017613,0.007967,0.001198,-0.017176,-0.008223,-0.009720,-0.002646,-0.009310,-0.018839,-0.006146,-0.002273,-0.023761,-0.020178,-0.004610,-0.006796,-0.016982,0.006185,-0.013318,-0.018652
X_feature_price_bb_pct5,X_feature_short_interest_to_volume_log_ratio_std63,-0.020226,-0.020300,0.004013,0.014462,-0.005774,0.009154,-0.005244,-0.000997,-0.024428,-0.012997,-0.009733,0.001633,-0.014684,-0.021203,-0.019629,-0.015290,-0.024781,-0.008443,-0.017518,-0.018170,-0.024750,-0.001476,-0.006275,-0.027489
X_feature_price_bb_pct5,X_feature_short_interest_to_volume_log_ratio,-0.047000,-0.073312,-0.021741,-0.002415,0.020360,-0.014547,-0.013619,-0.020854,-0.021633,-0.041186,-0.019428,-0.022840,-0.016569,-0.015517,-0.006374,0.000896,-0.000688,-0.004793,-0.010019,0.003614,0.021836,0.000384,-0.011701,-0.018884
X_feature_price_bb_pct5,X_feature_short_interest_to_volume_log_ratio_mean252,-0.004215,-0.027852,0.018850,0.004442,0.024455,0.001107,-0.001056,-0.013832,-0.012862,-0.026128,-0.017444,0.000627,0.002077,-0.007659,0.005132,0.000422,-0.006723,-0.002335,-0.011267,-0.003285,0.012258,-0.006394,0.002742,-0.019973
X_feature_price_bb_pct5,X_feature_short_interest_to_volume_log_ratio_mean63,-0.012864,-0.038443,0.012155,0.005284,0.011791,0.001472,0.002419,-0.012414,-0.013155,-0.024281,-0.024800,0.001219,-0.004352,-0.008291,0.002965,0.004483,0.000888,-0.004574,-0.010428,-0.002980,0.010558,-0.002211,0.002159,-0.016337
X_feature_price_bb_pct5,X_feature_short_interest_log_diff21,-0.003460,-0.000476,-0.006641,-0.006036,-0.001853,0.003285,-0.004203,0.002092,0.004156,-0.003284,-0.001822,-0.006547,0.002626,-0.012775,-0.000798,-0.011145,0.000561,-0.011388,-0.007813,-0.019638,0.001583,-0.006799,-0.004083,-0.008830
X_feature_price_bb_pct5,X_feature_short_interest_log_diff252,-0.012452,-0.016470,-0.016543,-0.004043,-0.015885,-0.000576,0.005625,0.003310,0.000546,-0.016992,-0.021347,-0.008004,-0.012866,-0.007794,-0.000718,0.001500,0.014793,-0.031932,-0.003596,-0.012276,0.002400,-0.000845,-0.011613,-0.002834
X_feature_price_bb_pct5,X_feature_short_interest_log_diff63,-0.006050,-0.002769,-0.006925,-0.002659,-0.003574,-0.010912,0.001525,0.001431,-0.001394,-0.011649,-0.006426,-0.001364,0.000318,-0.004680,0.004143,-0.003188,0.002553,-0.015346,-0.006228,-0.009186,-0.001227,-0.007974,-0.009414,-0.005745
X_feature_price_bb_pct5,X_feature_short_interest_log_diff126,-0.009785,-0.012371,-0.013461,-0.004477,-0.009915,-0.004808,0.007199,0.000037,-0.000392,-0.008569,-0.014343,-0.007310,-0.012244,-0.006141,-0.007007,0.001946,0.003630,-0.013966,-0.008455,-0.006991,-0.007704,0.005840,-0.013242,-0.011493
X_feature_price_price_to_min5,X_feature_price_price_to_ma21,0.505037,0.538015,0.487659,0.456804,0.426077,0.522987,0.509055,0.507563,0.496232,0.503449,0.445526,0.516141,0.519832,0.470273,0.499451,0.520049,0.493969,0.465018,0.501475,0.507544,0.496269,0.483497,0.504947,0.486414
X_feature_price_price_to_min5,X_feature_price_bb_pct21,0.587176,0.616702,0.553866,0.529327,0.505682,0.563669,0.574028,0.584826,0.555856,0.576699,0.539974,0.563725,0.598818,0.529832,0.553513,0.579609,0.563130,0.532584,0.561179,0.572512,0.574464,0.538640,0.570345,0.548359
X_feature_price_price_to_min5,X_feature_price_price_to_ma10,0.724553,0.730122,0.694101,0.664029,0.649775,0.721852,0.719801,0.721702,0.713948,0.700564,0.655256,0.711103,0.727918,0.670308,0.717629,0.736450,0.719153,0.682550,0.709394,0.728881,0.702653,0.707167,0.711574,0.707916
X_feature_price_price_to_min5,X_feature_price_bb_pct10,0.747576,0.770372,0.728202,0.695983,0.691000,0.717432,0.733005,0.749938,0.721372,0.728263,0.695382,0.707198,0.741387,0.687769,0.713999,0.720777,0.723781,0.712425,0.724179,0.742213,0.737700,0.699992,0.717633,0.721034
X_feature_price_price_to_min5,X_feature_price_price_to_min21,0.590577,0.624313,0.588417,0.615224,0.611611,0.557514,0.560108,0.562475,0.541324,0.570772,0.617635,0.569074,0.560894,0.570272,0.558126,0.534731,0.555234,0.561054,0.572919,0.540208,0.592307,0.541873,0.537003,0.547736
X_feature_price_price_to_min5,X_feature_price_price_to_min10,0.783661,0.803493,0.783483,0.793954,0.804130,0.770457,0.766769,0.770120,0.762947,0.768128,0.796474,0.774620,0.773217,0.769960,0.777936,0.753976,0.767834,0.775758,0.774201,0.765501,0.787662,0.754091,0.752573,0.769081
X_feature_price_price_to_min5,X_feature_price_high_to_initial126_exclude21,-0.094011,-0.140205,-0.119754,-0.058587,-0.011720,-0.126792,-0.067126,-0.101206,-0.075495,-0.077463,-0.043928,-0.089368,-0.070472,-0.079947,-0.047703,-0.083760,-0.061652,-0.042047,-0.021015,-0.020870,-0.064397,-0.012640,-0.042882,-0.130583
X_feature_price_price_to_min5,X_feature_price_high_to_initial90_exclude10,0.060091,0.132394,0.099887,0.060506,0.040483,0.126764,0.052289,0.094855,0.045359,0.084026,0.033374,0.110359,0.058561,0.068638,0.041301,0.064502,0.043497,0.033607,0.033434,0.021314,0.070937,-0.003008,0.030082,0.117038
X_feature_price_price_to_min5,X_feature_price_freq_loss_fl756,0.072732,0.091726,-0.013778,0.045813,0.079345,0.088786,-0.001673,-0.043812,-0.028412,-0.052872,-0.006518,0.057391,-0.000604,-0.024269,0.061310,0.043189,0.041516,0.012638,0.067538,0.012493,0.001636,0.023603,-0.001291,0.037441
X_feature_price_price_to_min5,X_feature_price_freq_loss_fl252,-0.000496,-0.055120,-0.085784,0.131628,0.055418,-0.036321,-0.046984,-0.071237,-0.063734,-0.040388,-0.006689,-0.016958,-0.032267,-0.029570,0.044418,-0.022778,-0.016484,-0.026357,0.034924,-0.034704,-0.053339,0.041324,-0.013410,-0.053162
X_feature_price_price_to_min5,X_feature_price_high_to_initial252_exclude21,-0.099981,-0.177769,-0.125144,-0.016753,-0.044231,-0.068310,-0.111916,-0.097176,-0.082268,-0.067228,-0.040212,-0.047314,-0.118215,-0.111742,-0.038225,-0.077039,-0.078731,-0.030543,0.023501,-0.036308,-0.040236,0.002345,-0.034861,-0.124826
X_feature_price_price_to_min5,X_feature_price_trend_streak200_504,0.017015,-0.025623,-0.080349,0.030887,0.124892,0.104541,0.009130,-0.010408,-0.009691,-0.026131,0.025860,0.077887,0.038825,0.010329,0.101228,0.077437,0.048947,0.013443,0.135282,0.057963,0.039511,0.056731,0.026332,0.021973
X_feature_price_price_to_min5,X_feature_price_ret252_shift0,-0.111237,-0.181653,-0.170309,0.103248,0.037480,-0.058326,-0.125635,-0.125297,-0.109989,-0.116502,-0.001225,0.053339,-0.127344,-0.110567,0.009143,-0.121788,-0.096952,-0.053484,0.039119,-0.063199,-0.096102,0.023643,-0.039820,-0.162896
X_feature_price_price_to_min5,X_feature_price_macd_21_252,-0.002169,-0.066513,-0.091106,0.164623,0.127751,0.093103,0.030399,-0.009552,0.004612,-0.022003,0.028790,0.065527,0.047670,0.015820,0.119945,0.037494,0.031822,0.016507,0.126296,0.045520,0.012162,0.107010,0.026789,-0.005281
X_feature_price_price_to_min5,X_feature_price_trend_streak200_126,-0.003672,-0.065983,-0.088002,0.175427,0.109419,0.023541,0.021694,-0.014705,-0.000863,-0.002505,0.027013,0.045459,0.023659,0.016106,0.117496,0.014001,0.027281,0.022326,0.108959,0.034790,-0.002242,0.109414,0.021687,-0.010990
X_feature_price_price_to_min5,X_feature_price_trend_streak200_252,0.003215,-0.073904,-0.091900,0.161620,0.111380,0.061449,0.010873,-0.012092,-0.008567,0.007777,0.020325,0.059688,0.015203,0.014452,0.115780,0.044599,0.024189,0.027536,0.131400,0.038474,0.016328,0.093744,0.025465,-0.000957
X_feature_price_price_to_min5,X_feature_price_freq_loss_fl63,-0.070931,-0.129804,-0.104401,-0.004833,-0.054950,-0.120905,-0.100643,-0.132306,-0.105412,-0.119266,-0.083882,-0.106360,-0.098017,-0.081114,-0.057167,-0.104213,-0.078468,-0.100979,-0.101285,-0.103605,-0.133587,-0.041531,-0.094653,-0.113837
X_feature_price_price_to_min5,X_feature_price_freq_loss_fl21,0.200992,0.241101,0.192615,0.173798,0.170574,0.216442,0.209142,0.238923,0.214411,0.208324,0.200587,0.206833,0.204056,0.181911,0.190745,0.200588,0.195012,0.199468,0.223432,0.221291,0.248160,0.174427,0.190081,0.205926
X_feature_price_price_to_min5,X_feature_price_price_to_min63,0.391095,0.434583,0.391753,0.424520,0.395273,0.350418,0.340781,0.346703,0.327055,0.365533,0.459140,0.362815,0.358577,0.358522,0.344180,0.293148,0.307432,0.348431,0.374662,0.280787,0.380411,0.314460,0.332939,0.323462
X_feature_price_price_to_min5,X_feature_price_macd_10_21,-0.028640,-0.124207,-0.062477,0.019783,0.021880,-0.015928,-0.012236,-0.059689,-0.029793,-0.076177,-0.022496,-0.017329,-0.034833,-0.031710,0.024569,-0.037176,-0.011308,-0.039396,-0.030449,-0.006840,-0.075372,0.024386,-0.016363,-0.043073
X_feature_price_price_to_min5,X_feature_price_sharpe_ratio_compound_r63_volatility63_rolling,-0.142573,-0.231850,-0.168163,0.005168,-0.089606,-0.154355,-0.136876,-0.168432,-0.134943,-0.182031,-0.141867,-0.144321,-0.154269,-0.134139,-0.092703,-0.149291,-0.112525,-0.140111,-0.128206,-0.109161,-0.181391,-0.059903,-0.135348,-0.166829
X_feature_price_price_to_min5,X_feature_price_price_to_ma63,0.276138,0.338927,0.276556,0.206386,0.191946,0.308778,0.274923,0.291275,0.274290,0.291044,0.193120,0.314019,0.303157,0.261136,0.248872,0.304768,0.250172,0.244577,0.276841,0.257195,0.293454,0.226423,0.258794,0.287978
X_feature_price_price_to_min5,X_feature_price_bb_pct126,-0.231013,-0.301856,-0.237137,-0.104213,-0.141713,-0.245405,-0.213828,-0.252771,-0.209856,-0.260836,-0.209012,-0.237115,-0.242540,-0.213086,-0.162978,-0.254242,-0.197834,-0.197613,-0.193429,-0.199816,-0.263180,-0.129115,-0.202427,-0.253073
X_feature_price_price_to_min5,X_feature_price_price_to_min252,-0.234259,-0.289115,-0.271655,-0.226887,-0.218665,-0.239854,-0.183456,-0.203301,-0.184015,-0.211310,-0.342763,-0.293483,-0.187871,-0.220151,-0.157356,-0.184656,-0.154031,-0.183984,-0.216534,-0.126771,-0.204511,-0.138916,-0.243464,-0.219488
X_feature_price_price_to_min5,X_feature_price_ret90_shift0,-0.118235,-0.195642,-0.163086,0.005676,-0.042093,-0.177719,-0.125297,-0.162499,-0.115616,-0.170837,-0.037754,-0.146240,-0.143216,-0.107487,-0.074908,-0.161677,-0.111608,-0.098211,-0.103104,-0.107352,-0.158000,-0.030856,-0.091096,-0.180322
X_feature_price_price_to_min5,X_feature_price_price_to_ma252,-0.141184,-0.221081,-0.196598,0.063479,0.001722,-0.156045,-0.150254,-0.172305,-0.143220,-0.175756,-0.032156,-0.067444,-0.166823,-0.130208,-0.050892,-0.177969,-0.131610,-0.092122,-0.060084,-0.105124,-0.158247,-0.020252,-0.082943,-0.218089
X_feature_price_price_to_min5,X_feature_price_sharpe_ratio_compound_r126_volatility126_rolling,-0.107491,-0.185178,-0.159973,0.064406,0.008170,-0.114557,-0.077792,-0.139568,-0.089029,-0.137882,-0.088126,-0.097916,-0.087809,-0.090728,-0.012098,-0.109051,-0.083539,-0.082069,-0.057599,-0.069664,-0.134154,0.010300,-0.070862,-0.142721
X_feature_price_price_to_min5,X_feature_price_macd_21_126,0.024072,-0.069313,-0.061957,0.150008,0.089798,0.040794,0.040080,-0.004263,0.025689,0.000273,0.005472,0.027132,0.034486,0.031821,0.110526,0.043737,0.045655,0.022459,0.072036,0.044085,-0.003440,0.096764,0.015660,0.011436
X_feature_price_price_to_min5,X_feature_price_final_to_high90_exclude10,0.092273,0.072802,0.056569,0.214105,0.154441,0.129016,0.100242,0.068063,0.088437,0.049451,0.152806,0.159603,0.104144,0.096988,0.161706,0.068006,0.109188,0.085906,0.112888,0.089952,0.037099,0.158807,0.114062,0.085652
X_feature_price_price_to_min5,X_feature_price_price_to_max252,-0.124466,-0.132736,-0.117938,0.126468,0.062134,-0.077708,-0.130433,-0.156485,-0.113193,-0.166178,0.018803,0.049398,-0.132083,-0.097742,0.008849,-0.202507,-0.128846,-0.080231,-0.019519,-0.127142,-0.147762,0.009039,-0.058746,-0.172435
X_feature_price_price_to_min5,X_feature_price_final_to_high252_exclude21,0.074125,0.054519,0.012481,0.229374,0.164814,0.130626,0.093490,0.048853,0.074298,0.037407,0.122149,0.197287,0.087287,0.086411,0.165290,0.058053,0.086685,0.063270,0.141749,0.081509,0.049179,0.160705,0.100876,0.071202
X_feature_price_price_to_min5,X_feature_price_lag1,0.416115,0.402966,0.435775,0.377689,0.347637,0.408042,0.400722,0.391163,0.402899,0.401834,0.371696,0.386128,0.407298,0.354089,0.454102,0.445605,0.429353,0.347928,0.376147,0.407639,0.442305,0.411713,0.405860,0.392009
X_feature_price_price_to_min5,X_feature_price_ret21_shift0,0.291312,0.343098,0.276827,0.248541,0.221641,0.314048,0.296510,0.304093,0.292879,0.298541,0.229511,0.309999,0.302374,0.277980,0.277137,0.308922,0.284342,0.266098,0.293092,0.285923,0.309558,0.259275,0.292172,0.284123
X_feature_price_price_to_min5,X_feature_price_ret10_shift0,0.447803,0.479015,0.433769,0.405825,0.378846,0.464642,0.455190,0.451035,0.445710,0.459637,0.416382,0.461830,0.469154,0.413691,0.465620,0.461148,0.462623,0.427609,0.467517,0.457571,0.439822,0.431095,0.458105,0.433428
X_feature_price_price_to_min5,X_feature_price_ret5_shift0,0.693305,0.683686,0.665410,0.627172,0.620912,0.684768,0.690696,0.697464,0.686524,0.679376,0.616374,0.680473,0.700303,0.655962,0.687422,0.715073,0.697635,0.649546,0.697236,0.720377,0.678327,0.680409,0.677357,0.673232
X_feature_price_price_to_min5,X_feature_price_downside_vol10,0.044126,0.077166,0.046709,0.153702,0.118956,0.069280,0.017564,-0.001459,0.011894,-0.007957,0.090994,0.096668,0.035038,0.040132,0.054380,-0.007907,-0.023698,0.006306,0.009197,-0.048783,-0.035886,0.052305,0.009345,0.032145
X_feature_price_price_to_min5,X_feature_price_downside_vol21,0.112548,0.153305,0.104220,0.217333,0.163268,0.153947,0.091455,0.081236,0.081370,0.062852,0.159735,0.184076,0.105497,0.105772,0.144906,0.065493,0.066024,0.068656,0.097247,0.040514,0.030259,0.136197,0.068919,0.118115
X_feature_price_price_to_min5,X_feature_price_vol10,0.285291,0.333442,0.252158,0.333749,0.289516,0.305551,0.260734,0.259290,0.245974,0.251154,0.290655,0.307038,0.270972,0.245655,0.295166,0.249767,0.217760,0.234731,0.240096,0.194247,0.201096,0.277794,0.225998,0.267366
X_feature_price_price_to_min5,X_feature_price_upside_vol10,0.418942,0.454605,0.372853,0.438510,0.413625,0.426588,0.406438,0.407812,0.385078,0.393017,0.404710,0.415954,0.396679,0.375453,0.430764,0.405883,0.385153,0.398481,0.398222,0.375171,0.380728,0.430741,0.368182,0.420228
X_feature_price_price_to_min5,X_feature_price_upside_vol21,0.299084,0.349948,0.264186,0.350048,0.298500,0.319868,0.288666,0.291660,0.270530,0.276559,0.304384,0.325004,0.285982,0.276523,0.311475,0.289729,0.280709,0.268939,0.290898,0.252962,0.272325,0.318951,0.261873,0.297379
X_feature_price_price_to_min5,X_feature_price_upside_vol63,0.221619,0.281383,0.185894,0.293462,0.236884,0.255785,0.208706,0.206247,0.189008,0.194006,0.236744,0.264742,0.219113,0.211696,0.246685,0.202656,0.191638,0.181379,0.220731,0.156061,0.180795,0.233775,0.191265,0.226399
X_feature_price_price_to_min5,X_feature_price_atr5,0.297297,0.337707,0.255067,0.330483,0.269344,0.325227,0.281407,0.277139,0.256851,0.267298,0.279523,0.324378,0.296787,0.270653,0.305833,0.276757,0.251348,0.232735,0.253580,0.211880,0.193729,0.296423,0.239213,0.291516
X_feature_price_price_to_min5,X_feature_price_downside_vol126,0.163261,0.219234,0.138957,0.262693,0.196542,0.209447,0.150677,0.142740,0.129678,0.120897,0.189993,0.236844,0.179668,0.153158,0.210788,0.136079,0.131660,0.111996,0.174774,0.107773,0.099579,0.204517,0.145102,0.173957
X_feature_price_price_to_min5,X_feature_price_downside_vol63,0.155878,0.206007,0.135741,0.255309,0.188465,0.199934,0.138963,0.127840,0.120210,0.103860,0.190649,0.230413,0.162614,0.142166,0.197305,0.121161,0.122392,0.101799,0.146961,0.098502,0.084135,0.194405,0.131115,0.161506
X_feature_price_price_to_min5,X_feature_price_atr21,0.219450,0.275965,0.189214,0.292014,0.229884,0.254186,0.203746,0.205048,0.191839,0.193204,0.238412,0.269906,0.222061,0.211187,0.246755,0.199725,0.189546,0.168991,0.210657,0.155378,0.153435,0.247427,0.183843,0.232185
X_feature_price_price_to_min5,X_feature_price_atr126,0.194110,0.252427,0.164268,0.276797,0.211547,0.233361,0.176481,0.182948,0.163482,0.166160,0.204716,0.252748,0.203815,0.189948,0.232136,0.173217,0.164955,0.143520,0.197459,0.136506,0.133455,0.225044,0.173719,0.209561
X_feature_price_price_to_min5,X_feature_price_vol252,0.187122,0.243599,0.158092,0.269343,0.203564,0.227562,0.163027,0.168788,0.151054,0.152702,0.200516,0.240674,0.196399,0.174436,0.221976,0.163225,0.153987,0.134364,0.180847,0.123449,0.130886,0.211943,0.156026,0.195766
X_feature_price_price_to_min5,X_feature_market_cap_log_identity,-0.038799,-0.072957,-0.087809,0.047973,0.010192,0.024545,0.031212,0.009193,-0.020306,-0.003061,0.019732,0.084553,0.033818,0.012505,0.052558,0.025576,0.006068,0.006785,0.081460,0.032080,-0.017886,0.047925,0.037443,0.028168
X_feature_price_price_to_min5,X_feature_market_cap_log_std21,0.168121,0.225834,0.157827,0.267174,0.188022,0.234669,0.176059,0.172932,0.162198,0.160845,0.159249,0.239274,0.191315,0.176367,0.198899,0.173511,0.142197,0.118785,0.169993,0.136526,0.118086,0.199006,0.158921,0.186673
X_feature_price_price_to_min5,X_feature_market_cap_log_std126,0.120110,0.186238,0.127082,0.238374,0.174116,0.186342,0.124917,0.136202,0.125088,0.108642,0.168418,0.214887,0.133777,0.132124,0.174509,0.116235,0.119953,0.095532,0.152969,0.084632,0.104098,0.160458,0.126010,0.163690
X_feature_price_price_to_min5,X_feature_market_cap_log_std504,0.116062,0.183227,0.132517,0.217664,0.152501,0.194233,0.134657,0.130918,0.111715,0.118607,0.141202,0.220553,0.162391,0.131635,0.165590,0.109099,0.099466,0.106196,0.144542,0.092272,0.096945,0.153455,0.146938,0.185331
X_feature_price_price_to_min5,X_feature_market_cap_log_std252,0.122734,0.195453,0.135287,0.227871,0.170141,0.186399,0.134176,0.136723,0.125115,0.111519,0.154807,0.225029,0.146812,0.150120,0.179481,0.125726,0.116035,0.101091,0.154336,0.092039,0.113661,0.149149,0.152758,0.185803
X_feature_price_price_to_min5,X_feature_market_cap_log_diff_126,-0.108122,-0.182233,-0.169408,0.040904,0.005333,-0.158409,-0.108512,-0.153951,-0.100344,-0.153850,-0.025970,-0.102907,-0.128134,-0.098338,-0.045909,-0.148718,-0.110399,-0.081712,-0.075068,-0.086803,-0.134800,-0.008525,-0.067547,-0.175213
X_feature_price_price_to_min5,X_feature_market_cap_log_to_min126,0.292401,0.322072,0.310345,0.336038,0.296689,0.269080,0.240578,0.255086,0.239817,0.279255,0.391819,0.303629,0.260091,0.282099,0.233967,0.216722,0.225714,0.267956,0.281322,0.192850,0.291214,0.222651,0.261365,0.254652
X_feature_price_price_to_min5,X_feature_market_cap_log_to_max504,-0.100012,-0.103471,-0.110522,0.142367,0.085197,0.032966,-0.100911,-0.129934,-0.082082,-0.121710,0.020220,0.127984,-0.039983,-0.088966,0.051051,-0.112958,-0.097515,-0.064289,0.054001,-0.061851,-0.113865,0.050178,-0.029573,-0.137154
X_feature_price_price_to_min5,X_feature_market_cap_log_diff_504,-0.101052,-0.141170,-0.142112,-0.046219,0.062963,0.015892,-0.108842,-0.127101,-0.098341,-0.128898,-0.016970,0.089468,-0.048834,-0.108985,-0.016192,-0.043382,-0.083253,-0.080485,0.062141,-0.017540,-0.069972,-0.010951,-0.027021,-0.117601
X_feature_price_price_to_min5,X_feature_market_cap_log_to_min504,-0.150616,-0.220793,-0.196617,-0.150193,-0.119730,-0.203486,-0.158150,-0.156111,-0.135763,-0.174923,-0.264769,-0.284103,-0.181436,-0.150649,-0.119587,-0.135076,-0.122612,-0.140034,-0.145891,-0.087978,-0.129671,-0.101926,-0.204220,-0.216562
X_feature_price_price_to_min5,X_feature_pv_pv_corr21,0.091621,0.144039,0.105449,0.129704,0.082114,0.123151,0.109845,0.121331,0.115870,0.128605,0.088120,0.147525,0.127224,0.097861,0.115259,0.123262,0.113818,0.108231,0.120132,0.114172,0.102996,0.077668,0.106663,0.093892
X_feature_price_price_to_min5,X_feature_pv_pv_corr126,0.047384,0.089242,0.059258,0.051193,0.016869,0.075592,0.032231,0.051724,0.025974,0.061478,0.012639,0.089265,0.070006,0.044594,0.036257,0.055630,0.038930,0.043567,0.062520,0.023079,0.032084,0.006466,0.058578,0.080979
X_feature_price_price_to_min5,X_feature_pv_pv_corr63,0.042801,0.105429,0.053843,0.075367,0.027681,0.080655,0.048089,0.063908,0.044080,0.084458,0.021474,0.103065,0.081281,0.060700,0.058652,0.067428,0.048904,0.064498,0.076067,0.044821,0.051635,0.026715,0.065115,0.083122
X_feature_price_price_to_min5,X_feature_liquidity_turnover_level63,0.122197,0.206669,0.141783,0.222050,0.153022,0.172465,0.137126,0.146261,0.121791,0.109957,0.143251,0.155322,0.125340,0.108632,0.147667,0.116114,0.113461,0.082206,0.129708,0.097842,0.087220,0.136723,0.127403,0.121392
X_feature_price_price_to_min5,X_feature_volume_log_volume_ratio_max126,-0.094417,-0.106167,-0.089316,-0.037690,-0.016293,-0.045252,-0.029563,-0.041988,-0.067559,-0.065219,-0.040352,-0.046397,-0.053109,-0.046568,-0.037504,-0.021093,-0.020985,-0.030171,-0.034136,-0.006937,-0.003091,-0.005205,-0.029161,-0.010946
X_feature_price_price_to_min5,X_feature_volume_log_volume_ratio_max252,-0.092349,-0.108300,-0.083374,-0.037174,-0.026771,-0.053384,-0.033951,-0.042113,-0.069464,-0.065087,-0.050568,-0.052848,-0.044531,-0.044829,-0.037718,-0.022867,-0.028181,-0.026470,-0.035406,-0.008270,0.000626,-0.002559,-0.027262,-0.001168
X_feature_price_price_to_min5,X_feature_pv_illiquidity_mean21,-0.026592,-0.076186,-0.062700,0.047469,0.018798,0.027774,0.040922,0.010914,-0.002727,0.020951,0.048328,0.116109,0.056724,0.041643,0.081839,0.047474,0.029743,0.042140,0.108167,0.063239,0.012146,0.085709,0.052716,0.068307
X_feature_price_price_to_min5,X_feature_volume_log_volume_std504,-0.041229,-0.051592,-0.015361,-0.014510,-0.029911,0.006481,0.044147,0.024302,-0.007686,0.007368,-0.004668,0.038447,0.026656,0.030380,0.057359,0.040883,0.037671,0.014836,0.017649,0.040411,0.006342,0.046900,0.044420,0.038978
X_feature_price_price_to_min5,X_feature_volume_log_volume_std126,-0.050495,-0.067600,-0.032210,-0.013940,-0.011064,0.032243,0.041318,0.021418,-0.013604,0.000239,0.002825,0.060856,0.021427,0.022120,0.042456,0.038925,0.038516,0.006363,0.007425,0.034877,-0.002028,0.040837,0.047000,0.036340
X_feature_price_price_to_min5,X_feature_volume_log_volume_std63,-0.050013,-0.064269,-0.032897,0.002418,-0.002198,0.037117,0.039826,0.024267,-0.011176,0.006962,0.004802,0.062586,0.023889,0.016688,0.040973,0.038520,0.033707,0.008761,0.015722,0.030577,-0.002668,0.037062,0.045417,0.028189
X_feature_price_price_to_min5,X_feature_market_corr504,-0.016710,-0.062900,-0.049097,-0.143516,-0.077696,0.004298,0.056579,0.049445,0.016532,0.022938,-0.017607,0.008553,-0.022853,-0.011245,0.026167,0.028947,0.069161,0.041876,0.070946,0.048697,0.045543,-0.041029,0.063933,0.046239
X_feature_price_price_to_min5,X_feature_market_corr252,-0.027079,-0.079388,-0.055661,-0.151892,-0.046211,0.031217,0.030663,0.056420,0.004411,0.025225,-0.007822,0.016471,-0.048639,0.009870,0.018054,0.023779,0.064600,0.039364,0.065992,0.015714,0.034547,-0.044589,0.087419,0.009871
X_feature_price_price_to_min5,X_feature_short_interest_to_volume_log_ratio_std252,-0.024187,-0.025378,0.003030,0.030936,-0.006629,0.020827,0.047584,0.020622,-0.002803,-0.005053,0.014112,0.055369,0.018981,0.023265,0.052716,0.040709,0.040030,0.011843,0.027308,0.044794,0.016126,0.055625,0.064034,0.050791
X_feature_price_price_to_min5,X_feature_short_interest_to_volume_log_ratio_std63,-0.024169,-0.023058,0.004788,0.014289,0.007926,0.042609,0.046834,0.030690,-0.007359,-0.001440,0.021066,0.047581,0.019614,0.011018,0.043480,0.043080,0.045895,0.011313,0.012305,0.042194,0.009931,0.056290,0.054797,0.039206
X_feature_price_price_to_min5,X_feature_short_interest_to_volume_log_ratio,-0.092429,-0.137908,-0.117105,-0.108017,-0.047612,-0.079826,-0.082674,-0.082448,-0.100086,-0.088227,-0.044217,-0.043133,-0.050034,-0.062198,-0.044959,-0.037251,-0.044289,-0.029474,-0.016092,-0.006507,0.008150,-0.025166,-0.038953,-0.033672
X_feature_price_price_to_min5,X_feature_short_interest_to_volume_log_ratio_mean252,-0.028235,-0.070551,-0.063595,-0.105915,-0.044970,-0.024876,-0.037470,-0.047357,-0.059044,-0.038353,-0.005218,0.023969,-0.001329,-0.015565,-0.017919,0.002545,-0.006109,-0.004180,0.007623,0.033096,0.035312,0.004159,0.011564,0.011756
X_feature_price_price_to_min5,X_feature_short_interest_to_volume_log_ratio_mean63,-0.038108,-0.089211,-0.072658,-0.090873,-0.031646,-0.035919,-0.040785,-0.048097,-0.064186,-0.037761,-0.019356,0.010786,-0.010177,-0.026109,-0.021434,-0.002265,-0.010370,-0.000812,0.011928,0.027423,0.030337,0.003045,0.002601,0.003209
X_feature_price_price_to_min5,X_feature_short_interest_log_diff21,-0.001204,0.007880,0.001212,0.003236,-0.003915,0.007332,-0.002696,0.003747,0.005164,0.002767,0.009911,-0.002551,0.003068,-0.008974,0.020486,-0.010767,0.006500,0.011002,0.003390,-0.000556,0.003766,0.008683,0.015913,-0.016080
X_feature_price_price_to_min5,X_feature_short_interest_log_diff252,-0.006733,-0.011770,0.000308,0.045729,0.023490,-0.000707,0.009070,-0.001814,-0.002085,-0.005231,0.023333,0.010783,-0.011091,-0.018016,0.030704,0.005282,0.007563,0.018857,0.045617,0.013012,0.002288,0.027385,0.040914,-0.020384
X_feature_price_price_to_min5,X_feature_short_interest_log_diff63,-0.005731,0.007518,0.004972,0.017457,0.003413,-0.003193,0.001743,-0.001815,0.004082,0.000837,0.018307,-0.000174,-0.004315,-0.005319,0.035408,-0.006843,0.006623,0.014404,0.021677,0.008936,0.002362,0.022078,0.023727,-0.020368
X_feature_price_price_to_min5,X_feature_short_interest_log_diff126,-0.011705,-0.008737,0.001422,0.030584,0.011189,-0.004859,0.006910,-0.002425,-0.001064,0.006029,0.017040,-0.005545,-0.015727,-0.012771,0.028535,-0.001109,0.005163,0.016791,0.023162,0.013806,-0.003080,0.036654,0.030116,-0.034003
X_feature_price_price_to_ma21,X_feature_price_bb_pct21,0.894922,0.919455,0.920177,0.873437,0.875419,0.883246,0.896989,0.916677,0.917175,0.901312,0.857870,0.877549,0.856954,0.883610,0.891899,0.888943,0.893665,0.914264,0.885385,0.918842,0.904975,0.892250,0.859784,0.923179
X_feature_price_price_to_ma21,X_feature_price_price_to_ma10,0.824293,0.831408,0.832597,0.815036,0.818377,0.821351,0.825478,0.824542,0.824009,0.836910,0.824404,0.821327,0.824996,0.832163,0.827821,0.825105,0.817799,0.825945,0.823299,0.828998,0.833268,0.814480,0.821837,0.824434
X_feature_price_price_to_ma21,X_feature_price_bb_pct10,0.713663,0.742195,0.749220,0.693031,0.702457,0.695564,0.707864,0.725081,0.719535,0.722128,0.683891,0.681289,0.672823,0.700121,0.703236,0.703488,0.695932,0.717354,0.704800,0.739601,0.718341,0.704185,0.687333,0.738926
X_feature_price_price_to_ma21,X_feature_price_price_to_min21,0.799200,0.822720,0.785774,0.735606,0.709895,0.840343,0.835221,0.841090,0.841286,0.826332,0.709225,0.809976,0.816534,0.777121,0.831693,0.860910,0.818529,0.805573,0.816824,0.854927,0.814528,0.841963,0.804339,0.840815
X_feature_price_price_to_ma21,X_feature_price_price_to_min10,0.688277,0.713653,0.666993,0.633029,0.587664,0.723003,0.706537,0.712701,0.711270,0.700291,0.604070,0.706637,0.710942,0.650710,0.703246,0.734135,0.692417,0.667459,0.695593,0.715272,0.681302,0.694210,0.709987,0.698224
X_feature_price_price_to_ma21,X_feature_price_high_to_initial126_exclude21,-0.060680,-0.069040,-0.003773,-0.019429,0.047173,-0.039541,0.011454,-0.042094,0.016194,-0.048139,0.033965,0.012650,0.012108,0.012159,0.018404,-0.026881,0.025547,-0.019910,-0.001358,0.022482,-0.019219,0.010353,-0.049048,-0.006043
X_feature_price_price_to_ma21,X_feature_price_high_to_initial90_exclude10,0.032472,0.065128,0.013062,0.001509,-0.022210,0.030669,0.002293,0.038178,-0.005346,0.092541,-0.015068,0.027050,0.007220,0.035799,-0.023063,0.046867,-0.001098,0.012902,-0.001729,0.019383,0.049191,-0.016989,0.045846,0.046544
X_feature_price_price_to_ma21,X_feature_price_freq_loss_fl756,-0.036867,-0.000346,-0.060327,-0.033768,-0.126180,-0.028839,-0.119847,-0.113423,-0.074222,-0.128342,-0.077872,-0.030798,-0.070073,-0.131746,-0.057289,-0.039953,-0.080569,-0.140143,-0.034873,-0.109177,-0.095499,-0.093239,-0.102902,-0.054353
X_feature_price_price_to_ma21,X_feature_price_freq_loss_fl252,-0.156472,-0.153742,-0.179949,-0.113086,-0.205260,-0.123728,-0.157629,-0.164987,-0.127880,-0.173382,-0.125580,-0.116551,-0.125909,-0.170066,-0.131719,-0.136489,-0.115736,-0.191440,-0.074772,-0.174052,-0.143440,-0.108370,-0.136466,-0.140321
X_feature_price_price_to_ma21,X_feature_price_high_to_initial252_exclude21,-0.073139,-0.115417,0.070058,0.022904,-0.047152,-0.006853,0.004050,-0.057024,0.030042,-0.040679,0.009766,0.001988,-0.041729,0.001287,-0.045736,-0.049235,0.027935,-0.062733,0.060709,-0.001651,0.023250,0.022612,-0.053211,0.040070
X_feature_price_price_to_ma21,X_feature_price_trend_streak200_504,-0.052684,-0.035329,0.054295,0.076483,-0.111768,0.019120,-0.056616,-0.058932,-0.023864,-0.076180,-0.030585,0.024107,-0.019785,-0.087329,-0.011975,0.018872,-0.010739,-0.105349,0.050776,-0.069000,-0.002846,-0.033628,-0.054025,-0.016617
X_feature_price_price_to_ma21,X_feature_price_ret252_shift0,-0.299490,-0.270873,-0.222184,-0.169784,-0.268922,-0.158442,-0.219946,-0.260756,-0.210699,-0.297623,-0.276394,-0.102508,-0.210478,-0.263972,-0.215471,-0.251581,-0.206746,-0.287178,-0.156298,-0.228696,-0.251728,-0.174705,-0.241749,-0.174958
X_feature_price_price_to_ma21,X_feature_price_macd_21_252,-0.138584,-0.117130,-0.068281,-0.015258,-0.138010,-0.015347,-0.083387,-0.100599,-0.057166,-0.142564,-0.093813,-0.030248,-0.069675,-0.128802,-0.051781,-0.049929,-0.065429,-0.151183,-0.009510,-0.107259,-0.094130,-0.046866,-0.113739,-0.051214
X_feature_price_price_to_ma21,X_feature_price_trend_streak200_126,-0.117463,-0.076684,-0.085212,-0.019284,-0.093017,-0.013808,-0.066375,-0.084386,-0.029553,-0.102377,-0.051829,0.021441,-0.040981,-0.095645,-0.020563,-0.057949,-0.036303,-0.119053,0.011058,-0.056782,-0.074218,-0.011060,-0.061807,-0.049107
X_feature_price_price_to_ma21,X_feature_price_trend_streak200_252,-0.093697,-0.077267,0.003743,0.023203,-0.115353,0.026449,-0.043598,-0.069446,-0.001387,-0.060377,-0.039270,0.031041,-0.024624,-0.097550,-0.016045,-0.019990,-0.017872,-0.104678,0.052210,-0.060880,-0.025539,-0.000523,-0.058028,-0.019057
X_feature_price_price_to_ma21,X_feature_price_freq_loss_fl63,-0.277619,-0.317816,-0.312680,-0.262499,-0.304635,-0.268985,-0.293479,-0.296504,-0.271975,-0.329602,-0.288246,-0.241172,-0.267903,-0.273319,-0.279188,-0.285508,-0.290553,-0.315173,-0.277776,-0.315230,-0.306317,-0.269944,-0.289725,-0.295985
X_feature_price_price_to_ma21,X_feature_price_freq_loss_fl21,0.536620,0.553927,0.563379,0.515654,0.512599,0.513007,0.530857,0.528344,0.541414,0.546693,0.496817,0.494362,0.496354,0.471266,0.528148,0.521188,0.526754,0.531485,0.516725,0.546483,0.547421,0.520080,0.483573,0.558116
X_feature_price_price_to_ma21,X_feature_price_price_to_min63,0.624772,0.637083,0.625497,0.559866,0.571110,0.576517,0.629623,0.618955,0.605110,0.654971,0.617771,0.513477,0.606895,0.596594,0.609773,0.591973,0.609188,0.639825,0.610338,0.602874,0.657347,0.631930,0.554989,0.580967
X_feature_price_price_to_ma21,X_feature_price_macd_10_21,-0.340645,-0.415368,-0.423724,-0.357070,-0.364871,-0.317385,-0.362935,-0.392765,-0.377603,-0.435226,-0.359915,-0.299637,-0.321470,-0.379538,-0.342793,-0.371251,-0.385620,-0.435068,-0.358944,-0.391422,-0.419626,-0.343800,-0.333061,-0.389076
X_feature_price_price_to_ma21,X_feature_price_sharpe_ratio_compound_r63_volatility63_rolling,-0.427695,-0.473392,-0.450318,-0.267505,-0.440805,-0.414048,-0.441785,-0.455106,-0.428673,-0.502134,-0.464811,-0.368572,-0.426296,-0.465427,-0.418132,-0.449164,-0.444335,-0.485832,-0.419534,-0.446935,-0.489569,-0.398099,-0.430597,-0.452808
X_feature_price_price_to_ma21,X_feature_price_price_to_ma63,0.721726,0.734625,0.722687,0.674701,0.694310,0.716590,0.716257,0.722368,0.720859,0.747559,0.721048,0.694638,0.724639,0.737070,0.710941,0.725984,0.715006,0.732427,0.706269,0.711981,0.748739,0.691079,0.706777,0.723303
X_feature_price_price_to_ma21,X_feature_price_bb_pct126,-0.593209,-0.610479,-0.596570,-0.511111,-0.573388,-0.595930,-0.596110,-0.606481,-0.589800,-0.651266,-0.586246,-0.571206,-0.583861,-0.630957,-0.568665,-0.645869,-0.602760,-0.609253,-0.567380,-0.605465,-0.636553,-0.536909,-0.576108,-0.645917
X_feature_price_price_to_ma21,X_feature_price_price_to_min252,-0.420498,-0.367793,-0.344275,-0.409729,-0.364481,-0.295158,-0.289717,-0.331020,-0.301347,-0.383540,-0.485396,-0.319573,-0.267135,-0.335957,-0.319945,-0.299334,-0.270876,-0.395212,-0.379617,-0.289680,-0.368635,-0.347664,-0.387261,-0.228836
X_feature_price_price_to_ma21,X_feature_price_ret90_shift0,-0.386788,-0.394425,-0.400472,-0.316651,-0.365663,-0.337407,-0.370538,-0.373996,-0.363392,-0.449377,-0.405692,-0.308299,-0.377329,-0.405193,-0.335382,-0.381250,-0.381876,-0.404169,-0.355911,-0.367216,-0.429632,-0.316623,-0.380154,-0.387317
X_feature_price_price_to_ma21,X_feature_price_price_to_ma252,-0.418968,-0.403612,-0.414134,-0.288320,-0.374436,-0.343994,-0.390479,-0.396673,-0.371584,-0.452637,-0.409332,-0.266449,-0.378864,-0.411942,-0.347976,-0.398275,-0.382917,-0.407856,-0.342355,-0.360218,-0.424166,-0.314886,-0.367750,-0.391592
X_feature_price_price_to_ma21,X_feature_price_sharpe_ratio_compound_r126_volatility126_rolling,-0.333554,-0.343928,-0.345064,-0.175669,-0.269079,-0.284313,-0.313618,-0.341914,-0.296842,-0.385865,-0.341395,-0.244560,-0.277657,-0.353037,-0.261602,-0.322519,-0.320630,-0.347300,-0.301684,-0.303352,-0.363795,-0.257850,-0.305997,-0.323243
X_feature_price_price_to_ma21,X_feature_price_macd_21_126,-0.161261,-0.191055,-0.178325,-0.122186,-0.191001,-0.070708,-0.135314,-0.172799,-0.111268,-0.189280,-0.142454,-0.079177,-0.097363,-0.148100,-0.101363,-0.079867,-0.145145,-0.192654,-0.130776,-0.131909,-0.173280,-0.115428,-0.167060,-0.106176
X_feature_price_price_to_ma21,X_feature_price_final_to_high90_exclude10,-0.148063,-0.150940,-0.213149,-0.098593,-0.179770,-0.094234,-0.155490,-0.173702,-0.161006,-0.228583,-0.187596,-0.068071,-0.145036,-0.212372,-0.129999,-0.185265,-0.193557,-0.214623,-0.135847,-0.183885,-0.215063,-0.108548,-0.149153,-0.183166
X_feature_price_price_to_ma21,X_feature_price_price_to_max252,-0.458486,-0.407330,-0.442986,-0.251860,-0.347421,-0.354426,-0.472588,-0.480730,-0.434613,-0.527192,-0.381856,-0.201185,-0.449254,-0.504048,-0.331220,-0.533269,-0.490046,-0.454051,-0.329940,-0.467323,-0.497799,-0.321442,-0.353339,-0.539650
X_feature_price_price_to_ma21,X_feature_price_final_to_high252_exclude21,-0.024304,0.003749,-0.080480,0.004737,-0.079930,0.072785,0.003286,-0.026083,-0.000533,-0.068574,-0.085310,0.115671,0.027029,-0.079810,0.024363,-0.001934,-0.007113,-0.099791,0.028553,-0.021353,-0.047231,0.030051,0.014798,0.007904
X_feature_price_price_to_ma21,X_feature_price_lag1,0.314170,0.318748,0.330010,0.277632,0.320223,0.284373,0.273827,0.282234,0.291484,0.334525,0.295548,0.318137,0.305957,0.338954,0.277180,0.313975,0.310716,0.266748,0.307188,0.282833,0.288281,0.276790,0.279973,0.265077
X_feature_price_price_to_ma21,X_feature_price_ret21_shift0,0.827805,0.834045,0.825292,0.814563,0.808780,0.826689,0.835398,0.836872,0.836461,0.840029,0.826382,0.819389,0.826576,0.836764,0.835746,0.839385,0.836407,0.838878,0.824031,0.835811,0.848450,0.820828,0.817592,0.828851
X_feature_price_price_to_ma21,X_feature_price_ret10_shift0,0.883327,0.880746,0.882734,0.871607,0.876392,0.883276,0.884105,0.886608,0.887363,0.892143,0.882363,0.884010,0.887019,0.884962,0.888720,0.884221,0.879193,0.885484,0.881088,0.880871,0.886501,0.883969,0.875417,0.887657
X_feature_price_price_to_ma21,X_feature_price_ret5_shift0,0.693849,0.696606,0.688037,0.680685,0.684029,0.689071,0.692509,0.697830,0.697650,0.708417,0.685362,0.695331,0.696854,0.701021,0.695075,0.691542,0.685008,0.694165,0.680184,0.690131,0.698653,0.688500,0.702401,0.706571
X_feature_price_price_to_ma21,X_feature_price_downside_vol10,-0.357497,-0.275344,-0.392230,-0.341860,-0.420846,-0.293948,-0.385015,-0.383461,-0.379021,-0.396049,-0.413786,-0.256211,-0.335273,-0.424574,-0.377674,-0.391354,-0.445989,-0.473700,-0.422038,-0.473486,-0.478469,-0.423533,-0.351866,-0.408607
X_feature_price_price_to_ma21,X_feature_price_downside_vol21,-0.265966,-0.183297,-0.321024,-0.248347,-0.340757,-0.203225,-0.306697,-0.299917,-0.306268,-0.326535,-0.332779,-0.150086,-0.246731,-0.349018,-0.275211,-0.311611,-0.361922,-0.393208,-0.315594,-0.377476,-0.414115,-0.309827,-0.264453,-0.321199
X_feature_price_price_to_ma21,X_feature_price_vol10,0.018329,0.117857,-0.070579,-0.065801,-0.159870,0.076534,-0.011949,0.030651,0.003867,0.011015,-0.091936,0.077954,0.047079,-0.093925,0.000098,0.011744,-0.079851,-0.116670,-0.058921,-0.098195,-0.130280,-0.068649,-0.003307,-0.039005
X_feature_price_price_to_ma21,X_feature_price_upside_vol10,0.332374,0.397132,0.212470,0.203461,0.149242,0.375803,0.333080,0.386330,0.340465,0.354696,0.234089,0.344140,0.359384,0.247450,0.334596,0.376931,0.298472,0.273007,0.322738,0.307000,0.286749,0.312909,0.322803,0.324156
X_feature_price_price_to_ma21,X_feature_price_upside_vol21,0.250067,0.327631,0.125591,0.122102,0.054243,0.300422,0.254952,0.325623,0.262436,0.281886,0.144783,0.270505,0.282437,0.178724,0.254107,0.317769,0.243071,0.214757,0.254747,0.256045,0.231761,0.276949,0.253734,0.237183
X_feature_price_price_to_ma21,X_feature_price_upside_vol63,0.104290,0.195136,-0.021074,0.016001,-0.056560,0.147644,0.097081,0.152283,0.098778,0.123349,0.005484,0.116962,0.132895,0.034309,0.102367,0.145356,0.088476,0.059301,0.123995,0.083531,0.095248,0.122924,0.110107,0.085258
X_feature_price_price_to_ma21,X_feature_price_atr5,-0.027758,0.051544,-0.122950,-0.097364,-0.208554,0.052201,-0.043609,-0.007576,-0.026378,-0.026863,-0.147869,0.068159,0.040022,-0.106151,-0.019006,0.010368,-0.080685,-0.142572,-0.066156,-0.099354,-0.152702,-0.073047,-0.019365,-0.036470
X_feature_price_price_to_ma21,X_feature_price_downside_vol126,-0.068195,0.035293,-0.160695,-0.070382,-0.164100,0.019811,-0.074811,-0.063033,-0.101835,-0.111257,-0.183233,0.035172,-0.013067,-0.172411,-0.036616,-0.047534,-0.114550,-0.171861,-0.040776,-0.107255,-0.160055,-0.037480,-0.028774,-0.070478
X_feature_price_price_to_ma21,X_feature_price_downside_vol63,-0.102587,-0.020740,-0.191191,-0.107220,-0.205071,-0.029998,-0.129796,-0.131143,-0.151140,-0.179220,-0.210274,-0.000763,-0.070281,-0.216334,-0.091101,-0.121581,-0.176824,-0.232280,-0.114077,-0.173531,-0.231176,-0.089207,-0.098470,-0.131550
X_feature_price_price_to_ma21,X_feature_price_atr21,-0.008063,0.080180,-0.117255,-0.068134,-0.171243,0.052150,-0.036673,0.007839,-0.029124,-0.023480,-0.126969,0.063716,0.041185,-0.098260,-0.004415,0.017577,-0.066000,-0.112989,-0.030699,-0.073317,-0.117223,-0.021718,-0.002151,-0.020977
X_feature_price_price_to_ma21,X_feature_price_atr126,0.009533,0.099376,-0.112113,-0.039876,-0.128701,0.064296,-0.018235,0.026058,-0.034718,-0.009785,-0.124387,0.059408,0.040200,-0.095775,0.009289,0.037676,-0.040422,-0.088871,0.006043,-0.043655,-0.075449,0.011492,0.038459,-0.004118
X_feature_price_price_to_ma21,X_feature_price_vol252,0.010246,0.101439,-0.104017,-0.035954,-0.129511,0.068113,-0.025021,0.026972,-0.033408,0.009546,-0.112349,0.050814,0.044357,-0.098305,0.014523,0.046277,-0.031048,-0.079774,0.009493,-0.039839,-0.057287,0.019956,0.026254,0.011120
X_feature_price_price_to_ma21,X_feature_market_cap_log_identity,-0.151360,-0.117295,-0.113359,-0.044662,-0.086321,-0.014767,-0.037727,-0.057682,-0.072068,-0.091217,-0.114686,-0.023600,-0.037269,-0.096000,-0.057449,-0.040111,-0.085191,-0.090058,-0.029080,-0.085796,-0.097705,-0.065759,-0.086343,-0.064605
X_feature_price_price_to_ma21,X_feature_market_cap_log_std21,0.019052,0.068070,-0.069800,-0.033141,-0.165239,0.187592,0.085751,0.079451,0.069954,0.032849,-0.201364,0.161581,0.144642,-0.055009,0.072428,0.174194,0.021395,-0.105691,0.037189,0.062668,-0.097154,0.106872,0.119572,0.105042
X_feature_price_price_to_ma21,X_feature_market_cap_log_std126,0.000468,0.075286,-0.075754,-0.035168,-0.105056,0.081669,0.009635,0.040203,0.002961,0.001919,-0.127083,0.084077,0.039081,-0.080061,0.026119,0.060755,-0.027267,-0.063785,0.019534,-0.016000,-0.027403,0.035806,0.011972,0.038341
X_feature_price_price_to_ma21,X_feature_market_cap_log_std504,0.032377,0.093012,-0.092880,-0.040560,-0.082098,0.079137,0.006834,0.041693,-0.024210,0.017790,-0.105631,0.085174,0.041373,-0.038550,0.013685,0.024213,-0.022735,-0.035182,0.000285,-0.010038,-0.027418,0.007353,0.058800,0.027750
X_feature_price_price_to_ma21,X_feature_market_cap_log_std252,0.025289,0.090053,-0.072350,-0.023578,-0.095409,0.068006,0.010813,0.037403,-0.005467,0.007001,-0.122462,0.093920,0.043486,-0.058916,0.016351,0.053338,-0.029173,-0.062898,0.007898,-0.017833,-0.011290,-0.005803,0.038010,0.027192
X_feature_price_price_to_ma21,X_feature_market_cap_log_diff_126,-0.312142,-0.310449,-0.323237,-0.236219,-0.288431,-0.273357,-0.299420,-0.317241,-0.271190,-0.371986,-0.344212,-0.234460,-0.286812,-0.318221,-0.247977,-0.310999,-0.301528,-0.325332,-0.302472,-0.283946,-0.349787,-0.251917,-0.304679,-0.302452
X_feature_price_price_to_ma21,X_feature_market_cap_log_to_min126,0.477611,0.442551,0.443755,0.470166,0.445539,0.375455,0.437521,0.427964,0.436370,0.494443,0.525683,0.358263,0.431288,0.443258,0.420710,0.397020,0.422885,0.497564,0.457559,0.414305,0.505030,0.472156,0.411568,0.388038
X_feature_price_price_to_ma21,X_feature_market_cap_log_to_max504,-0.392333,-0.319689,-0.342835,-0.166100,-0.283154,-0.165134,-0.392199,-0.400876,-0.343668,-0.417401,-0.316939,-0.061355,-0.258621,-0.438743,-0.220844,-0.376324,-0.408203,-0.384177,-0.184347,-0.339996,-0.408504,-0.211220,-0.283784,-0.420472
X_feature_price_price_to_ma21,X_feature_market_cap_log_diff_504,-0.175739,-0.181938,-0.040104,-0.030399,-0.191988,-0.085883,-0.154915,-0.165254,-0.110829,-0.222639,-0.189102,-0.061575,-0.160251,-0.134492,-0.126487,-0.126435,-0.125612,-0.223216,-0.069728,-0.168616,-0.136470,-0.128100,-0.200353,-0.120290
X_feature_price_price_to_ma21,X_feature_market_cap_log_to_min504,-0.225624,-0.254028,-0.101987,-0.149337,-0.264380,-0.227185,-0.134621,-0.192905,-0.137907,-0.262975,-0.343259,-0.294874,-0.141737,-0.159021,-0.215598,-0.190768,-0.133227,-0.269305,-0.252512,-0.180100,-0.185979,-0.230473,-0.350826,-0.154713
X_feature_price_price_to_ma21,X_feature_pv_pv_corr21,0.364063,0.422423,0.433999,0.419620,0.381102,0.445029,0.455360,0.466776,0.456157,0.427933,0.383882,0.391320,0.388355,0.388465,0.420164,0.440718,0.438841,0.402879,0.415802,0.450481,0.405106,0.383507,0.320219,0.375014
X_feature_price_price_to_ma21,X_feature_pv_pv_corr126,0.165788,0.172652,0.142525,0.124159,0.109135,0.144053,0.150509,0.176142,0.154176,0.177322,0.166157,0.118730,0.136276,0.166374,0.148198,0.163096,0.158015,0.163973,0.151760,0.143121,0.173864,0.137164,0.112219,0.130794
X_feature_price_price_to_ma21,X_feature_pv_pv_corr63,0.196254,0.241533,0.210252,0.186456,0.188949,0.226441,0.235601,0.253480,0.229589,0.253511,0.219526,0.189066,0.202911,0.237363,0.229695,0.238403,0.233068,0.238273,0.220725,0.247320,0.248674,0.195921,0.169538,0.197357
X_feature_price_price_to_ma21,X_feature_liquidity_turnover_level63,-0.004350,0.100021,-0.063615,-0.036918,-0.099460,0.056797,-0.009550,0.030431,-0.031257,-0.012017,-0.080803,0.031669,0.027414,-0.057702,-0.003344,0.020249,-0.019186,-0.073566,0.002631,-0.035838,-0.040533,-0.007778,0.035424,-0.007154
X_feature_price_price_to_ma21,X_feature_volume_log_volume_ratio_max126,-0.018990,-0.023327,-0.010518,0.000442,0.014906,-0.008125,0.008253,0.002947,0.000169,0.008093,0.000799,-0.022981,-0.014232,-0.009975,-0.008749,0.016016,0.019098,0.026471,-0.001456,0.030868,0.026947,0.027860,0.026031,-0.023667
X_feature_price_price_to_ma21,X_feature_volume_log_volume_ratio_max252,-0.012688,-0.017066,-0.003091,0.014701,0.029710,-0.001766,0.021015,0.005524,0.006029,0.011834,0.006435,-0.016761,-0.006264,-0.005056,0.008430,0.031767,0.024653,0.030644,-0.007325,0.034585,0.038127,0.034933,0.033828,-0.018465
X_feature_price_price_to_ma21,X_feature_pv_illiquidity_mean21,-0.085623,-0.093660,-0.029071,0.030406,-0.007116,0.025812,0.020244,-0.018732,-0.011548,-0.037064,-0.044100,0.039781,0.014983,-0.042518,-0.007076,0.000990,-0.049383,-0.040958,0.006509,-0.036236,-0.064969,-0.017732,-0.043505,-0.016757
X_feature_price_price_to_ma21,X_feature_volume_log_volume_std504,-0.042394,-0.023610,0.012666,0.020147,0.037759,0.025011,0.029179,0.010991,-0.011588,-0.010285,-0.032583,0.020225,0.007457,-0.028476,0.007178,0.018329,-0.015533,0.010107,-0.022776,0.008294,-0.015907,0.004043,0.029612,-0.037650
X_feature_price_price_to_ma21,X_feature_volume_log_volume_std126,-0.043852,-0.037275,0.008940,0.035861,0.007679,0.027186,0.015397,0.000451,-0.009023,-0.016950,-0.035212,0.031218,0.004380,-0.030418,-0.008868,0.011073,-0.023382,-0.000306,-0.024199,-0.013468,-0.028087,-0.002118,0.033462,-0.040737
X_feature_price_price_to_ma21,X_feature_volume_log_volume_std63,-0.048712,-0.041473,0.004616,0.030994,-0.007091,0.022014,0.003950,-0.004279,-0.004185,-0.009974,-0.050122,0.032274,0.005464,-0.029483,-0.020184,0.004314,-0.024406,-0.006728,-0.021767,-0.027299,-0.034067,-0.013610,0.027206,-0.038387
X_feature_price_price_to_ma21,X_feature_market_corr504,-0.051119,-0.047562,0.070351,0.008017,0.094438,0.010063,0.039064,0.042085,-0.020528,0.037412,-0.020752,0.001790,-0.035264,0.004774,-0.018435,-0.019155,0.007944,-0.026047,-0.033413,-0.062097,0.051290,-0.081472,0.021065,-0.062447
X_feature_price_price_to_ma21,X_feature_market_corr252,-0.045841,-0.059440,0.064689,0.013452,0.062343,0.021133,0.039413,0.044526,-0.021172,0.032782,-0.031287,0.005769,-0.036601,0.014664,-0.024929,-0.018838,0.005434,-0.043669,-0.042265,-0.065937,0.038121,-0.078773,0.043912,-0.077785
X_feature_price_price_to_ma21,X_feature_short_interest_to_volume_log_ratio_std252,-0.040968,-0.012555,-0.016209,0.015497,0.018827,0.024328,0.028953,0.002501,-0.009289,-0.014989,-0.035918,0.011890,0.005433,-0.027701,-0.001059,0.025587,-0.021255,-0.022571,-0.009703,0.003593,-0.021838,0.010714,0.024233,-0.022375
X_feature_price_price_to_ma21,X_feature_short_interest_to_volume_log_ratio_std63,-0.046726,-0.030196,-0.012511,0.007379,-0.017701,0.009773,-0.007419,-0.008463,-0.027303,-0.037485,-0.049833,0.007889,-0.008029,-0.037937,-0.031378,0.003313,-0.040400,-0.020903,-0.033307,-0.022514,-0.049504,-0.017075,-0.004012,-0.044755
X_feature_price_price_to_ma21,X_feature_short_interest_to_volume_log_ratio,-0.020434,-0.046272,0.018675,0.023483,0.042732,-0.010829,0.011819,-0.006527,0.002134,-0.046925,0.022395,-0.030887,-0.007081,0.007526,-0.000366,0.012150,0.035720,0.009260,0.002264,0.008652,0.052939,0.007621,0.020012,-0.007779
X_feature_price_price_to_ma21,X_feature_short_interest_to_volume_log_ratio_mean252,-0.016983,-0.051356,0.030607,0.020473,0.058353,-0.008513,0.003447,-0.021784,-0.016678,-0.064493,0.001418,-0.011009,0.013028,0.007035,0.001291,-0.009483,-0.002632,-0.018880,-0.020302,-0.013275,0.019373,-0.029586,0.003192,-0.026466
X_feature_price_price_to_ma21,X_feature_short_interest_to_volume_log_ratio_mean63,-0.030477,-0.058823,0.019109,0.022093,0.027959,-0.011938,0.002815,-0.027599,-0.018024,-0.059197,-0.004573,-0.010148,-0.001327,0.002153,-0.010160,-0.002017,0.012768,-0.025178,-0.019361,-0.015011,0.020502,-0.020930,0.008947,-0.025843
X_feature_price_price_to_ma21,X_feature_short_interest_log_diff21,-0.014650,-0.009253,-0.012714,-0.012573,-0.028553,0.001900,-0.003150,0.000216,-0.002512,-0.012321,-0.000083,0.000333,-0.000471,-0.008334,-0.002511,-0.015500,-0.001712,-0.009650,-0.017326,-0.030721,-0.006662,-0.010982,0.010347,-0.004098
X_feature_price_price_to_ma21,X_feature_short_interest_log_diff252,-0.027142,-0.012003,-0.029462,-0.022321,-0.041919,0.002460,0.005425,-0.011223,-0.004394,-0.047661,-0.041118,-0.005485,-0.019520,-0.021745,-0.013567,-0.002124,0.014875,-0.040229,-0.005966,-0.031584,-0.004582,0.000663,0.023411,0.000518
X_feature_price_price_to_ma21,X_feature_short_interest_log_diff63,-0.018104,-0.001286,-0.019870,-0.010787,-0.030838,-0.013756,0.002431,-0.010766,0.001134,-0.027479,-0.007340,-0.004472,0.002189,-0.005859,0.010900,-0.008416,0.001266,-0.004253,0.001847,-0.023719,-0.010038,-0.006452,0.004334,-0.003478
X_feature_price_price_to_ma21,X_feature_short_interest_log_diff126,-0.024321,-0.016946,-0.031239,-0.016852,-0.041546,-0.007657,0.011429,-0.016471,-0.003632,-0.030170,-0.024036,-0.004882,-0.022758,-0.012244,-0.018739,-0.003761,0.006184,-0.010637,-0.014575,-0.017400,-0.014822,0.001269,0.011284,-0.017680
X_feature_price_bb_pct21,X_feature_price_price_to_ma10,0.838393,0.843132,0.842536,0.815882,0.807609,0.822494,0.837912,0.845031,0.838629,0.838745,0.811984,0.805214,0.828176,0.816028,0.830358,0.840637,0.826509,0.831629,0.825333,0.852867,0.844084,0.832431,0.806872,0.837714
X_feature_price_bb_pct21,X_feature_price_bb_pct10,0.833106,0.840627,0.844191,0.834316,0.823751,0.819644,0.825407,0.827612,0.822324,0.831327,0.823103,0.804285,0.818828,0.812139,0.817484,0.823917,0.814426,0.816311,0.817380,0.840099,0.828186,0.820127,0.827216,0.832502
X_feature_price_bb_pct21,X_feature_price_price_to_min21,0.747403,0.818987,0.757913,0.701597,0.711731,0.708664,0.738606,0.789282,0.763910,0.781156,0.746568,0.704654,0.699427,0.727944,0.735466,0.723785,0.724749,0.779119,0.736048,0.765625,0.788216,0.715863,0.708159,0.762193
X_feature_price_bb_pct21,X_feature_price_price_to_min10,0.716139,0.755488,0.694932,0.664957,0.637150,0.689547,0.705974,0.737992,0.713356,0.724655,0.682196,0.678913,0.708120,0.660918,0.695767,0.714098,0.695156,0.698558,0.700018,0.717511,0.716892,0.683329,0.699279,0.700033
X_feature_price_bb_pct21,X_feature_price_high_to_initial126_exclude21,-0.059182,-0.071980,0.010688,-0.022376,0.033633,0.026792,0.014855,-0.030893,0.019783,-0.044953,0.010573,0.051262,0.032361,0.004843,0.024186,0.012979,0.041977,-0.028457,0.002988,0.023814,-0.012424,0.008167,-0.043332,0.015162
X_feature_price_bb_pct21,X_feature_price_high_to_initial90_exclude10,0.038036,0.070292,0.007211,-0.018689,-0.032664,-0.025278,-0.013995,0.029541,-0.015355,0.074176,-0.019585,-0.029400,-0.006767,0.017523,-0.036087,-0.003778,-0.026493,0.027475,-0.021301,0.003571,0.039574,-0.025402,0.035916,0.014521
X_feature_price_bb_pct21,X_feature_price_freq_loss_fl756,-0.044942,0.012046,-0.072423,-0.044048,-0.113987,-0.092252,-0.138081,-0.113696,-0.086689,-0.118937,-0.060874,-0.057085,-0.087909,-0.132058,-0.080549,-0.086419,-0.093248,-0.138362,-0.056929,-0.131040,-0.100029,-0.118167,-0.111758,-0.072365
X_feature_price_bb_pct21,X_feature_price_freq_loss_fl252,-0.157197,-0.146490,-0.176119,-0.117391,-0.181388,-0.131993,-0.172696,-0.163288,-0.139736,-0.166124,-0.094270,-0.122556,-0.138542,-0.168382,-0.156534,-0.159523,-0.110465,-0.188239,-0.093491,-0.185910,-0.136351,-0.144657,-0.144389,-0.140345
X_feature_price_bb_pct21,X_feature_price_high_to_initial252_exclude21,-0.068897,-0.126720,0.069653,0.012482,-0.034754,0.033033,0.030929,-0.051852,0.048507,-0.032750,-0.004708,0.014022,-0.006021,0.007873,-0.037674,-0.019012,0.055398,-0.062111,0.056766,0.009621,0.011171,0.021497,-0.050196,0.063886
X_feature_price_bb_pct21,X_feature_price_trend_streak200_504,-0.053572,-0.038314,0.055479,0.064223,-0.087570,-0.035587,-0.072240,-0.062255,-0.032736,-0.068464,-0.009536,0.000822,-0.033128,-0.086238,-0.043210,-0.036746,-0.011176,-0.106376,0.016434,-0.099462,-0.007381,-0.064546,-0.064194,-0.022661
X_feature_price_bb_pct21,X_feature_price_ret252_shift0,-0.270951,-0.257231,-0.196497,-0.159432,-0.227688,-0.139595,-0.197015,-0.236306,-0.196674,-0.262321,-0.188620,-0.112827,-0.175083,-0.238022,-0.215981,-0.217084,-0.161382,-0.269092,-0.164459,-0.208126,-0.218703,-0.192287,-0.224514,-0.132642
X_feature_price_bb_pct21,X_feature_price_macd_21_252,-0.127458,-0.105032,-0.056754,-0.016455,-0.109600,-0.058633,-0.095519,-0.094949,-0.071122,-0.125532,-0.052978,-0.035207,-0.077255,-0.124050,-0.077575,-0.078504,-0.054015,-0.140255,-0.032732,-0.125310,-0.079940,-0.082827,-0.112346,-0.045467
X_feature_price_bb_pct21,X_feature_price_trend_streak200_126,-0.114579,-0.072907,-0.072495,-0.028864,-0.069032,-0.025729,-0.076508,-0.082295,-0.049254,-0.094691,-0.019181,0.021357,-0.054845,-0.096342,-0.053372,-0.079306,-0.031103,-0.118029,-0.010861,-0.072026,-0.062649,-0.053374,-0.071867,-0.045662
X_feature_price_bb_pct21,X_feature_price_trend_streak200_252,-0.093104,-0.078146,0.009173,0.009141,-0.095003,-0.003126,-0.056944,-0.071125,-0.012899,-0.055845,-0.013603,0.010711,-0.040501,-0.097657,-0.050060,-0.060276,-0.006784,-0.104032,0.025643,-0.079067,-0.026550,-0.037558,-0.066820,-0.011264
X_feature_price_bb_pct21,X_feature_price_freq_loss_fl63,-0.274006,-0.300582,-0.311311,-0.255853,-0.278358,-0.266814,-0.297091,-0.286805,-0.287974,-0.307470,-0.240737,-0.230708,-0.260914,-0.262418,-0.271210,-0.278341,-0.282194,-0.305214,-0.276963,-0.312291,-0.282438,-0.279154,-0.276608,-0.289889
X_feature_price_bb_pct21,X_feature_price_freq_loss_fl21,0.501015,0.530119,0.549196,0.490053,0.484806,0.487110,0.500916,0.504730,0.525494,0.503866,0.449953,0.459025,0.453790,0.441699,0.495183,0.484565,0.491928,0.507274,0.482984,0.512259,0.507366,0.490360,0.456387,0.530592
X_feature_price_bb_pct21,X_feature_price_price_to_min63,0.555048,0.610400,0.566933,0.480927,0.520735,0.452312,0.526970,0.552014,0.530960,0.585489,0.608871,0.405953,0.492616,0.523828,0.509771,0.472265,0.507381,0.589072,0.522348,0.516089,0.606378,0.510267,0.472867,0.508037
X_feature_price_bb_pct21,X_feature_price_macd_10_21,-0.331414,-0.391141,-0.400583,-0.320284,-0.326482,-0.306154,-0.345108,-0.368892,-0.370504,-0.394177,-0.301980,-0.283505,-0.301200,-0.356646,-0.326209,-0.344404,-0.357594,-0.408075,-0.347619,-0.368467,-0.386897,-0.329871,-0.310662,-0.369137
X_feature_price_bb_pct21,X_feature_price_sharpe_ratio_compound_r63_volatility63_rolling,-0.407000,-0.445448,-0.427278,-0.259723,-0.401722,-0.384821,-0.421413,-0.421244,-0.421929,-0.451061,-0.402756,-0.340298,-0.387206,-0.429029,-0.389882,-0.412535,-0.408866,-0.457192,-0.399087,-0.421608,-0.442270,-0.382980,-0.388484,-0.419089
X_feature_price_bb_pct21,X_feature_price_price_to_ma63,0.629907,0.659560,0.657375,0.581274,0.592982,0.602981,0.630122,0.641336,0.646963,0.652253,0.580024,0.588248,0.599343,0.633569,0.609417,0.617739,0.625431,0.658218,0.619492,0.632757,0.655554,0.609713,0.590415,0.652677
X_feature_price_bb_pct21,X_feature_price_bb_pct126,-0.571365,-0.578148,-0.577050,-0.504355,-0.541744,-0.569514,-0.572905,-0.570550,-0.576302,-0.598420,-0.558063,-0.548417,-0.542117,-0.594332,-0.541106,-0.597547,-0.559332,-0.585856,-0.547446,-0.571928,-0.586409,-0.522174,-0.556111,-0.609667
X_feature_price_bb_pct21,X_feature_price_price_to_min252,-0.362265,-0.350201,-0.306740,-0.313012,-0.292383,-0.201374,-0.234588,-0.288857,-0.259413,-0.337174,-0.454661,-0.216337,-0.206765,-0.281922,-0.255085,-0.216917,-0.210065,-0.357856,-0.311815,-0.241822,-0.324729,-0.280145,-0.317202,-0.177511
X_feature_price_bb_pct21,X_feature_price_ret90_shift0,-0.355535,-0.350259,-0.366933,-0.280838,-0.295100,-0.285527,-0.334126,-0.335828,-0.337800,-0.388835,-0.289778,-0.231396,-0.317623,-0.347134,-0.291206,-0.316711,-0.327988,-0.372389,-0.322639,-0.331280,-0.367185,-0.299271,-0.315632,-0.340748
X_feature_price_bb_pct21,X_feature_price_price_to_ma252,-0.381170,-0.366786,-0.372580,-0.275043,-0.319785,-0.284711,-0.351563,-0.355368,-0.352123,-0.395693,-0.298363,-0.227177,-0.324015,-0.362609,-0.326789,-0.335230,-0.324962,-0.379632,-0.323791,-0.329420,-0.367540,-0.313747,-0.325597,-0.339347
X_feature_price_bb_pct21,X_feature_price_sharpe_ratio_compound_r126_volatility126_rolling,-0.322716,-0.314677,-0.330998,-0.177652,-0.231934,-0.265371,-0.305313,-0.313996,-0.304283,-0.350324,-0.289578,-0.222731,-0.270376,-0.320693,-0.259674,-0.294843,-0.291191,-0.333951,-0.296827,-0.296812,-0.324846,-0.268204,-0.290001,-0.300836
X_feature_price_bb_pct21,X_feature_price_macd_21_126,-0.151833,-0.169803,-0.163754,-0.110010,-0.152264,-0.088111,-0.142695,-0.161048,-0.123086,-0.167288,-0.094941,-0.070752,-0.094698,-0.139650,-0.112766,-0.102695,-0.140786,-0.182812,-0.133595,-0.147295,-0.150726,-0.134809,-0.153824,-0.106441
X_feature_price_bb_pct21,X_feature_price_final_to_high90_exclude10,-0.118224,-0.093878,-0.183114,-0.075806,-0.116389,-0.102930,-0.147926,-0.138061,-0.162402,-0.175998,-0.065414,-0.066172,-0.116440,-0.178442,-0.115754,-0.167476,-0.160105,-0.183437,-0.124110,-0.167869,-0.161778,-0.123270,-0.117529,-0.162170
X_feature_price_bb_pct21,X_feature_price_price_to_max252,-0.443558,-0.361542,-0.421442,-0.261952,-0.305230,-0.388079,-0.486880,-0.457752,-0.451758,-0.485611,-0.268132,-0.229635,-0.436858,-0.473151,-0.357350,-0.552605,-0.471710,-0.439241,-0.346615,-0.482786,-0.449268,-0.364096,-0.345967,-0.536088
X_feature_price_bb_pct21,X_feature_price_final_to_high252_exclude21,-0.047497,0.011975,-0.085637,-0.011112,-0.055814,0.004339,-0.044211,-0.040034,-0.052898,-0.077409,-0.007944,0.055453,-0.034566,-0.093515,-0.030708,-0.060922,-0.026536,-0.101183,-0.015683,-0.061190,-0.047335,-0.046392,-0.026117,-0.016904
X_feature_price_bb_pct21,X_feature_price_lag1,0.351058,0.348399,0.350895,0.298704,0.328515,0.315118,0.321098,0.319145,0.331937,0.363328,0.319927,0.327128,0.340536,0.354086,0.317416,0.349849,0.346918,0.290757,0.329881,0.319974,0.327357,0.310428,0.333982,0.296577
X_feature_price_bb_pct21,X_feature_price_ret21_shift0,0.699734,0.743031,0.737592,0.674418,0.680872,0.691712,0.709530,0.734029,0.735885,0.718145,0.661332,0.688556,0.652620,0.706742,0.708614,0.699300,0.717131,0.749643,0.700301,0.729945,0.734511,0.693536,0.667116,0.739854
X_feature_price_bb_pct21,X_feature_price_ret10_shift0,0.815410,0.831147,0.835657,0.797082,0.796981,0.805577,0.824529,0.836194,0.838319,0.823952,0.785913,0.798154,0.790340,0.794794,0.826128,0.818332,0.807429,0.830710,0.808338,0.839637,0.820522,0.824236,0.775144,0.837794
X_feature_price_bb_pct21,X_feature_price_ret5_shift0,0.728913,0.728635,0.720312,0.709628,0.708871,0.716830,0.734907,0.736033,0.727404,0.734444,0.704810,0.697828,0.723969,0.707550,0.723399,0.730295,0.724629,0.719147,0.708285,0.736560,0.734864,0.734865,0.711509,0.738997
X_feature_price_bb_pct21,X_feature_price_downside_vol10,-0.356175,-0.251511,-0.392438,-0.356027,-0.382852,-0.371520,-0.418834,-0.387444,-0.416719,-0.386107,-0.316178,-0.310639,-0.360590,-0.409948,-0.408119,-0.437299,-0.461558,-0.455670,-0.444940,-0.503428,-0.463235,-0.467962,-0.372845,-0.435078
X_feature_price_bb_pct21,X_feature_price_downside_vol21,-0.251465,-0.133801,-0.305967,-0.250450,-0.290963,-0.279552,-0.332003,-0.283180,-0.334444,-0.293747,-0.207865,-0.206058,-0.266172,-0.325119,-0.300581,-0.357444,-0.372247,-0.364462,-0.332893,-0.400233,-0.371663,-0.353909,-0.277795,-0.341387
X_feature_price_bb_pct21,X_feature_price_vol10,0.005322,0.137693,-0.073400,-0.074703,-0.122894,-0.031190,-0.065545,0.010845,-0.052408,0.001689,0.001428,0.003677,-0.016704,-0.104420,-0.054889,-0.074474,-0.123912,-0.109685,-0.102532,-0.153044,-0.129095,-0.147996,-0.050748,-0.088047
X_feature_price_bb_pct21,X_feature_price_upside_vol10,0.312036,0.407942,0.208409,0.198763,0.176745,0.270076,0.277834,0.359330,0.282175,0.330337,0.298003,0.271670,0.282650,0.214805,0.275872,0.287823,0.245361,0.269951,0.276431,0.254185,0.273782,0.231407,0.254445,0.273074
X_feature_price_bb_pct21,X_feature_price_upside_vol21,0.198269,0.323515,0.099427,0.100674,0.064368,0.153034,0.153805,0.266275,0.169428,0.233681,0.199884,0.167376,0.163351,0.127096,0.154945,0.173103,0.149808,0.190542,0.171495,0.152200,0.197680,0.139181,0.153993,0.154657
X_feature_price_bb_pct21,X_feature_price_upside_vol63,0.068371,0.202704,-0.037471,-0.003061,-0.037934,0.021781,0.017597,0.108513,0.028677,0.095419,0.077346,0.030432,0.045306,0.003427,0.024184,0.025884,0.014022,0.047045,0.059627,0.002852,0.075673,0.015449,0.042368,0.022090
X_feature_price_bb_pct21,X_feature_price_atr5,-0.030801,0.078460,-0.120635,-0.105135,-0.172613,-0.044352,-0.090567,-0.019844,-0.075752,-0.024064,-0.048385,0.000977,-0.012962,-0.112560,-0.069118,-0.068757,-0.113745,-0.133053,-0.103670,-0.149198,-0.147321,-0.144580,-0.053652,-0.078381
X_feature_price_bb_pct21,X_feature_price_downside_vol126,-0.075735,0.067128,-0.156819,-0.082545,-0.126066,-0.080110,-0.123629,-0.072013,-0.145349,-0.100165,-0.074093,-0.036366,-0.072120,-0.164561,-0.090603,-0.130012,-0.147984,-0.158724,-0.080957,-0.152443,-0.141035,-0.114706,-0.056860,-0.112352
X_feature_price_bb_pct21,X_feature_price_downside_vol63,-0.105694,0.017540,-0.182700,-0.114285,-0.163605,-0.123181,-0.172107,-0.130118,-0.188646,-0.157727,-0.095251,-0.069790,-0.114837,-0.204197,-0.138153,-0.194132,-0.203804,-0.214601,-0.145905,-0.210651,-0.203906,-0.159733,-0.116159,-0.166963
X_feature_price_bb_pct21,X_feature_price_atr21,-0.026355,0.106426,-0.119347,-0.079225,-0.132288,-0.069418,-0.104527,-0.015591,-0.094092,-0.030762,-0.018573,-0.022449,-0.042524,-0.110005,-0.075825,-0.096930,-0.120832,-0.110007,-0.083996,-0.145212,-0.110354,-0.123673,-0.048903,-0.080429
X_feature_price_bb_pct21,X_feature_price_atr126,-0.007557,0.120559,-0.116715,-0.054944,-0.098915,-0.048423,-0.081877,0.001480,-0.091162,-0.017587,-0.028714,-0.021101,-0.033577,-0.107421,-0.058000,-0.067709,-0.089187,-0.085950,-0.044400,-0.106338,-0.071604,-0.082015,-0.008250,-0.055184
X_feature_price_bb_pct21,X_feature_price_vol252,-0.010200,0.123164,-0.107187,-0.049193,-0.099387,-0.041015,-0.085060,0.004992,-0.085095,0.001307,-0.017748,-0.022005,-0.025499,-0.104994,-0.049642,-0.053921,-0.079779,-0.073259,-0.036089,-0.097777,-0.053081,-0.067144,-0.012993,-0.030821
X_feature_price_bb_pct21,X_feature_market_cap_log_identity,-0.140597,-0.110950,-0.093218,-0.036207,-0.058147,-0.018764,-0.043691,-0.048002,-0.080770,-0.079593,-0.065643,-0.046570,-0.048402,-0.083356,-0.076360,-0.057208,-0.081802,-0.075822,-0.040573,-0.099433,-0.087420,-0.081943,-0.098451,-0.065032
X_feature_price_bb_pct21,X_feature_market_cap_log_std21,-0.016063,0.093359,-0.076988,-0.048780,-0.125630,0.033479,-0.020263,0.035088,-0.018824,0.011544,-0.075454,0.051174,0.024879,-0.067846,-0.031924,0.005583,-0.065273,-0.113968,-0.039044,-0.053609,-0.097054,-0.047227,0.046844,0.003952
X_feature_price_bb_pct21,X_feature_market_cap_log_std126,-0.013313,0.093637,-0.074065,-0.044164,-0.073903,-0.010798,-0.036526,0.019808,-0.042652,0.002087,-0.024779,0.017418,-0.018622,-0.083794,-0.031008,-0.020066,-0.061627,-0.056658,-0.019097,-0.052504,-0.014246,-0.030849,-0.010411,0.004741
X_feature_price_bb_pct21,X_feature_market_cap_log_std504,0.015508,0.105794,-0.097291,-0.050355,-0.054475,-0.011091,-0.038214,0.027535,-0.060132,0.012208,-0.028714,0.017946,-0.012747,-0.046646,-0.032728,-0.040962,-0.059988,-0.027425,-0.037727,-0.044084,-0.020751,-0.051772,0.021477,-0.017559
X_feature_price_bb_pct21,X_feature_market_cap_log_std252,0.008716,0.107648,-0.074090,-0.037376,-0.069283,-0.021598,-0.035127,0.023089,-0.047734,0.005072,-0.028868,0.025883,-0.007842,-0.067902,-0.036471,-0.021043,-0.059931,-0.053051,-0.029490,-0.053993,-0.001376,-0.067363,0.001614,-0.008458
X_feature_price_bb_pct21,X_feature_market_cap_log_diff_126,-0.289390,-0.276883,-0.291205,-0.224251,-0.234029,-0.211853,-0.268068,-0.280978,-0.261576,-0.323528,-0.245004,-0.169256,-0.252398,-0.274720,-0.227402,-0.248141,-0.254603,-0.302825,-0.277117,-0.261901,-0.297035,-0.249062,-0.264096,-0.260786
X_feature_price_bb_pct21,X_feature_market_cap_log_to_min126,0.416367,0.417317,0.399080,0.376408,0.375195,0.272458,0.359247,0.371913,0.376479,0.440516,0.505860,0.256423,0.343606,0.378240,0.333009,0.297214,0.341357,0.456495,0.380155,0.350317,0.458930,0.372182,0.338735,0.330533
X_feature_price_bb_pct21,X_feature_market_cap_log_to_max504,-0.377823,-0.283218,-0.321912,-0.169679,-0.245436,-0.212604,-0.401408,-0.379516,-0.351704,-0.380251,-0.215560,-0.099748,-0.256442,-0.405902,-0.244640,-0.401908,-0.381460,-0.370271,-0.205376,-0.358412,-0.365833,-0.254307,-0.280008,-0.411590
X_feature_price_bb_pct21,X_feature_market_cap_log_diff_504,-0.153585,-0.175186,-0.034036,-0.029155,-0.160889,-0.104632,-0.124261,-0.147063,-0.089331,-0.192652,-0.135213,-0.089116,-0.123496,-0.113035,-0.121719,-0.128101,-0.086658,-0.209056,-0.080420,-0.168456,-0.118199,-0.132525,-0.188138,-0.097697
X_feature_price_bb_pct21,X_feature_market_cap_log_to_min504,-0.188780,-0.245609,-0.089405,-0.111005,-0.213778,-0.143863,-0.089022,-0.167057,-0.103779,-0.229171,-0.326008,-0.194515,-0.080861,-0.129646,-0.171550,-0.134546,-0.080295,-0.245836,-0.199434,-0.148558,-0.161380,-0.189044,-0.286430,-0.106726
X_feature_price_bb_pct21,X_feature_pv_pv_corr21,0.304474,0.364542,0.377894,0.348285,0.328874,0.367568,0.379612,0.397307,0.390039,0.357236,0.318165,0.341470,0.308664,0.322026,0.350939,0.360299,0.362823,0.350928,0.360590,0.381630,0.332696,0.313660,0.262415,0.311010
X_feature_price_bb_pct21,X_feature_pv_pv_corr126,0.144979,0.145705,0.121504,0.105976,0.083253,0.106588,0.126567,0.147640,0.138424,0.146305,0.121227,0.079362,0.102872,0.136484,0.116606,0.118282,0.124190,0.143520,0.122572,0.122999,0.137401,0.121780,0.074462,0.096538
X_feature_price_bb_pct21,X_feature_pv_pv_corr63,0.166605,0.208469,0.176689,0.151770,0.154924,0.178344,0.196576,0.215332,0.198328,0.207611,0.162091,0.153494,0.157746,0.195129,0.188665,0.186811,0.188151,0.202619,0.184717,0.206084,0.202400,0.163542,0.119876,0.154078
X_feature_price_bb_pct21,X_feature_liquidity_turnover_level63,-0.013905,0.118667,-0.062659,-0.041425,-0.072321,-0.026177,-0.056754,0.016769,-0.069099,-0.013310,-0.011961,-0.011431,-0.018937,-0.056485,-0.045481,-0.050259,-0.042857,-0.066249,-0.029732,-0.076700,-0.034158,-0.062392,0.008731,-0.039609
X_feature_price_bb_pct21,X_feature_volume_log_volume_ratio_max126,-0.030571,-0.035236,-0.010443,0.007322,0.038428,-0.011081,-0.006548,-0.001877,-0.012087,0.003348,0.014153,-0.025597,-0.021600,-0.002102,-0.022966,-0.005569,0.002450,0.026044,-0.009151,0.013746,0.031027,0.011926,0.021941,-0.031028
X_feature_price_bb_pct21,X_feature_volume_log_volume_ratio_max252,-0.025053,-0.031482,-0.006060,0.017448,0.047829,0.001175,0.005722,0.001400,-0.001246,0.007094,0.015081,-0.017578,-0.014125,-0.000957,-0.005946,0.011752,0.008197,0.031016,-0.014053,0.022344,0.039683,0.015396,0.028619,-0.029869
X_feature_price_bb_pct21,X_feature_pv_illiquidity_mean21,-0.085559,-0.100529,-0.027813,0.026144,0.003536,0.030229,0.015467,-0.016330,-0.024395,-0.036214,-0.013009,0.010087,-0.001879,-0.045855,-0.031079,-0.015613,-0.057960,-0.036762,-0.013295,-0.055311,-0.065534,-0.046330,-0.065626,-0.024577
X_feature_price_bb_pct21,X_feature_volume_log_volume_std504,-0.044691,-0.032892,0.018784,0.016417,0.038199,0.028522,0.012626,0.009749,-0.024253,-0.007305,-0.018964,0.003631,-0.011612,-0.026337,-0.018369,-0.009888,-0.036808,0.009673,-0.033059,-0.010074,-0.018569,-0.015559,0.010407,-0.044180
X_feature_price_bb_pct21,X_feature_volume_log_volume_std126,-0.045181,-0.044584,0.018489,0.028841,0.014042,0.016169,-0.004202,-0.001245,-0.019710,-0.010459,-0.017696,0.008823,-0.011186,-0.026310,-0.031947,-0.017220,-0.043390,0.000613,-0.031648,-0.033816,-0.029768,-0.015353,0.014429,-0.045474
X_feature_price_bb_pct21,X_feature_volume_log_volume_std63,-0.048228,-0.048074,0.015503,0.022072,0.002702,0.006409,-0.012838,-0.003671,-0.012764,-0.004870,-0.032405,0.011267,-0.010920,-0.023920,-0.039108,-0.023143,-0.042516,-0.003227,-0.029878,-0.042869,-0.037323,-0.026658,0.006436,-0.043367
X_feature_price_bb_pct21,X_feature_market_corr504,-0.049582,-0.057582,0.076126,0.002296,0.086357,0.007694,0.031682,0.036911,-0.033776,0.035742,-0.012780,0.000777,-0.036909,0.018362,-0.032515,-0.048736,0.006135,-0.020842,-0.047056,-0.073060,0.043293,-0.071275,0.000741,-0.085780
X_feature_price_bb_pct21,X_feature_market_corr252,-0.041568,-0.068399,0.074579,0.005207,0.066202,0.006165,0.035237,0.034655,-0.030507,0.032292,-0.015933,0.004733,-0.031128,0.026130,-0.037253,-0.035608,0.007328,-0.035881,-0.053300,-0.066007,0.032920,-0.067505,0.021057,-0.092797
X_feature_price_bb_pct21,X_feature_short_interest_to_volume_log_ratio_std252,-0.047068,-0.014583,-0.006874,0.012871,0.018184,0.020485,0.015769,0.002885,-0.014961,-0.007415,-0.011389,-0.004883,-0.005184,-0.026240,-0.021514,-0.000351,-0.040861,-0.021901,-0.021763,-0.015384,-0.015352,-0.010905,0.006480,-0.033772
X_feature_price_bb_pct21,X_feature_short_interest_to_volume_log_ratio_std63,-0.049739,-0.028102,-0.000812,0.009035,-0.006438,-0.006014,-0.021810,-0.006404,-0.033540,-0.024450,-0.017455,-0.004709,-0.013878,-0.027503,-0.048000,-0.029945,-0.056229,-0.015731,-0.038405,-0.045215,-0.039144,-0.033520,-0.004384,-0.052644
X_feature_price_bb_pct21,X_feature_short_interest_to_volume_log_ratio,-0.023944,-0.059191,0.007911,0.027085,0.046116,-0.000689,0.012419,-0.004209,0.008486,-0.046988,0.014429,-0.031154,-0.007234,0.010919,-0.002766,0.011565,0.035164,0.008419,-0.001375,-0.000336,0.051602,0.001965,0.008371,-0.009948
X_feature_price_bb_pct21,X_feature_short_interest_to_volume_log_ratio_mean252,-0.011636,-0.049661,0.026272,0.019414,0.045537,-0.003569,0.005710,-0.016083,-0.007224,-0.057984,-0.006066,-0.019443,0.009454,0.011158,0.000347,-0.008697,-0.000859,-0.016886,-0.024690,-0.024865,0.016896,-0.033280,-0.006727,-0.030385
X_feature_price_bb_pct21,X_feature_short_interest_to_volume_log_ratio_mean63,-0.023581,-0.060645,0.016027,0.016213,0.020656,-0.001495,0.010458,-0.020566,-0.005525,-0.053197,-0.016416,-0.012087,-0.001380,0.007249,-0.006976,-0.000537,0.016336,-0.024058,-0.023812,-0.022635,0.018387,-0.022789,0.000436,-0.026983
X_feature_price_bb_pct21,X_feature_short_interest_log_diff21,-0.013553,-0.010535,-0.014108,-0.011041,-0.023859,0.001154,0.000479,0.000602,0.002139,-0.016242,0.006377,-0.007078,0.001123,-0.009024,-0.001436,-0.013904,-0.009408,-0.006774,-0.009833,-0.032358,-0.003251,-0.010406,0.002967,0.001087
X_feature_price_bb_pct21,X_feature_short_interest_log_diff252,-0.027537,-0.013832,-0.027606,-0.024576,-0.035654,0.005890,0.008310,-0.006641,-0.001114,-0.044050,-0.024051,-0.004686,-0.016529,-0.016444,-0.017437,-0.005515,0.019855,-0.039688,-0.011201,-0.034451,-0.000298,-0.003604,0.009582,0.002863
X_feature_price_bb_pct21,X_feature_short_interest_log_diff63,-0.017936,-0.002401,-0.018777,-0.006939,-0.022354,-0.016484,0.001669,-0.006476,0.002608,-0.023491,0.002573,-0.004422,0.000420,-0.006997,0.003120,-0.005216,-0.000210,-0.008490,-0.001127,-0.029096,-0.003840,-0.008010,-0.005425,0.002311
X_feature_price_bb_pct21,X_feature_short_interest_log_diff126,-0.024671,-0.017989,-0.028587,-0.015473,-0.034890,-0.009175,0.013247,-0.009726,0.000907,-0.027076,-0.008041,-0.001344,-0.017339,-0.010983,-0.021189,-0.004412,0.004528,-0.013159,-0.016429,-0.024214,-0.007973,-0.003978,-0.001952,-0.009668
X_feature_price_price_to_ma10,X_feature_price_bb_pct10,0.895676,0.908256,0.914779,0.880580,0.878191,0.873862,0.881939,0.904933,0.897720,0.887980,0.866709,0.851639,0.862601,0.865742,0.879473,0.882043,0.874860,0.890693,0.882015,0.915929,0.893762,0.889799,0.861123,0.905743
X_feature_price_price_to_ma10,X_feature_price_price_to_min21,0.698349,0.704714,0.688811,0.654804,0.659976,0.686087,0.708042,0.703155,0.699102,0.704417,0.659155,0.654002,0.673850,0.682133,0.700819,0.705004,0.699218,0.704933,0.696307,0.717486,0.723675,0.715076,0.655691,0.709541
X_feature_price_price_to_ma10,X_feature_price_price_to_min10,0.834012,0.837262,0.804202,0.776496,0.768989,0.846667,0.848195,0.848329,0.850581,0.829275,0.769355,0.805365,0.835511,0.794622,0.840814,0.863709,0.838970,0.823153,0.835809,0.860535,0.828515,0.853923,0.829479,0.844062
X_feature_price_price_to_ma10,X_feature_price_high_to_initial126_exclude21,-0.055527,-0.052507,0.003068,-0.025290,0.045747,-0.027694,0.009065,-0.028626,0.000413,-0.033220,0.014886,0.020866,0.011341,-0.003166,0.004075,-0.021758,0.023675,-0.022590,-0.001903,0.012298,-0.019020,-0.000602,-0.032951,-0.028743
X_feature_price_price_to_ma10,X_feature_price_high_to_initial90_exclude10,0.014982,0.040838,-0.011625,0.001564,-0.022114,0.014924,-0.013949,0.016058,-0.019334,0.049221,-0.013053,0.001035,-0.020532,0.017431,-0.029089,0.011645,-0.027289,0.004254,-0.015436,-0.002693,0.029737,-0.021836,0.011832,0.033578
X_feature_price_price_to_ma10,X_feature_price_freq_loss_fl756,-0.028086,-0.005818,-0.041605,-0.032620,-0.086252,-0.023161,-0.085289,-0.072524,-0.051405,-0.089268,-0.064514,-0.021620,-0.051918,-0.100486,-0.037897,-0.029690,-0.055361,-0.108884,-0.030926,-0.080523,-0.069177,-0.062433,-0.097604,-0.037846
X_feature_price_price_to_ma10,X_feature_price_freq_loss_fl252,-0.115737,-0.117725,-0.130944,-0.085541,-0.143589,-0.090937,-0.112939,-0.111578,-0.097146,-0.124902,-0.096691,-0.083228,-0.089370,-0.128724,-0.086720,-0.097947,-0.078251,-0.149128,-0.059629,-0.127880,-0.103949,-0.068391,-0.119560,-0.100753
X_feature_price_price_to_ma10,X_feature_price_high_to_initial252_exclude21,-0.059175,-0.087894,0.065275,0.019430,-0.036436,-0.008760,-0.001306,-0.033876,0.024153,-0.025542,0.002427,-0.001105,-0.022513,-0.003831,-0.033140,-0.035428,0.024865,-0.048067,0.041379,-0.004109,0.012057,0.016015,-0.054550,0.011909
X_feature_price_price_to_ma10,X_feature_price_trend_streak200_504,-0.039936,-0.032330,0.049621,0.054308,-0.072509,0.011953,-0.037505,-0.032904,-0.014344,-0.049018,-0.028917,0.014803,-0.002584,-0.064925,-0.002023,0.016772,-0.002446,-0.085144,0.035976,-0.049022,0.003330,-0.016401,-0.064509,-0.013386
X_feature_price_price_to_ma10,X_feature_price_ret252_shift0,-0.212628,-0.199264,-0.150772,-0.120597,-0.187819,-0.113382,-0.149551,-0.172002,-0.147949,-0.205375,-0.199915,-0.089189,-0.138344,-0.196417,-0.139323,-0.172255,-0.126729,-0.211103,-0.110419,-0.155586,-0.177456,-0.108172,-0.190004,-0.128084
X_feature_price_price_to_ma10,X_feature_price_macd_21_252,-0.086775,-0.071336,-0.026843,0.005089,-0.077619,0.002885,-0.041006,-0.048855,-0.027477,-0.082582,-0.057537,-0.003300,-0.026133,-0.086116,-0.011401,-0.023622,-0.018800,-0.102492,0.008430,-0.063462,-0.048489,-0.002585,-0.089947,-0.022258
X_feature_price_price_to_ma10,X_feature_price_trend_streak200_126,-0.080007,-0.055224,-0.053562,-0.012001,-0.055207,-0.005364,-0.034139,-0.042963,-0.020007,-0.065034,-0.039416,0.016656,-0.014031,-0.068187,-0.000127,-0.034172,-0.004561,-0.086732,0.013812,-0.032408,-0.044500,0.012731,-0.062076,-0.028788
X_feature_price_price_to_ma10,X_feature_price_trend_streak200_252,-0.065995,-0.061035,0.013030,0.018179,-0.074213,0.016827,-0.023975,-0.037537,-0.000555,-0.037640,-0.033330,0.015496,-0.007047,-0.073213,-0.000431,-0.010664,0.002564,-0.082573,0.038772,-0.040214,-0.013939,0.013613,-0.065166,-0.008776
X_feature_price_price_to_ma10,X_feature_price_freq_loss_fl63,-0.195446,-0.227330,-0.230390,-0.191201,-0.215929,-0.188305,-0.209169,-0.207931,-0.199152,-0.236635,-0.205043,-0.163864,-0.187104,-0.195854,-0.186255,-0.200633,-0.197377,-0.232653,-0.206556,-0.228412,-0.220187,-0.184338,-0.214101,-0.206241
X_feature_price_price_to_ma10,X_feature_price_freq_loss_fl21,0.365101,0.386925,0.394845,0.361799,0.353566,0.348797,0.362675,0.371674,0.375641,0.377455,0.344601,0.326826,0.340265,0.325056,0.362393,0.357220,0.360611,0.374558,0.366575,0.379239,0.385995,0.354829,0.343881,0.372678
X_feature_price_price_to_ma10,X_feature_price_price_to_min63,0.485138,0.486891,0.485245,0.442254,0.472234,0.411769,0.461784,0.451131,0.440872,0.494466,0.522189,0.358720,0.441314,0.463860,0.451955,0.410162,0.437349,0.491031,0.463555,0.436909,0.515945,0.463951,0.407891,0.431645
X_feature_price_price_to_ma10,X_feature_price_macd_10_21,-0.157102,-0.212338,-0.222505,-0.170767,-0.178387,-0.130982,-0.165411,-0.189485,-0.180407,-0.233651,-0.170888,-0.127197,-0.147064,-0.197789,-0.145020,-0.176716,-0.178544,-0.230281,-0.177653,-0.189259,-0.222814,-0.155438,-0.158952,-0.187330
X_feature_price_price_to_ma10,X_feature_price_sharpe_ratio_compound_r63_volatility63_rolling,-0.293663,-0.327704,-0.314656,-0.178198,-0.303989,-0.273736,-0.298314,-0.302242,-0.290279,-0.347067,-0.314994,-0.247408,-0.284551,-0.324021,-0.268065,-0.299924,-0.281070,-0.337504,-0.286521,-0.301378,-0.338252,-0.253560,-0.292962,-0.305728
X_feature_price_price_to_ma10,X_feature_price_price_to_ma63,0.502044,0.524221,0.519497,0.472524,0.494043,0.493004,0.497746,0.498849,0.502504,0.534190,0.508098,0.482114,0.502871,0.527930,0.488331,0.505105,0.484773,0.520873,0.498251,0.499241,0.539570,0.474234,0.485780,0.510830
X_feature_price_price_to_ma10,X_feature_price_bb_pct126,-0.430119,-0.443809,-0.436217,-0.372048,-0.412581,-0.423059,-0.425311,-0.427306,-0.421384,-0.473001,-0.427776,-0.405484,-0.417038,-0.462717,-0.393225,-0.460817,-0.413742,-0.443446,-0.410161,-0.432938,-0.468655,-0.369855,-0.419438,-0.463425
X_feature_price_price_to_ma10,X_feature_price_price_to_min252,-0.306976,-0.265327,-0.249263,-0.301488,-0.275213,-0.203378,-0.197539,-0.221849,-0.208653,-0.274416,-0.399124,-0.216884,-0.174705,-0.249775,-0.214810,-0.203435,-0.172756,-0.289150,-0.276425,-0.197572,-0.272187,-0.239838,-0.286899,-0.177280
X_feature_price_price_to_ma10,X_feature_price_ret90_shift0,-0.262954,-0.272304,-0.288083,-0.223199,-0.249924,-0.229140,-0.248121,-0.248477,-0.246385,-0.312355,-0.277783,-0.215162,-0.248534,-0.283961,-0.208416,-0.253377,-0.238649,-0.282023,-0.248040,-0.249177,-0.300702,-0.194321,-0.256496,-0.274224
X_feature_price_price_to_ma10,X_feature_price_price_to_ma252,-0.292525,-0.290204,-0.295610,-0.204907,-0.260201,-0.236257,-0.266276,-0.265018,-0.260803,-0.316572,-0.289574,-0.188895,-0.252576,-0.295222,-0.227823,-0.270242,-0.244406,-0.293641,-0.240441,-0.247217,-0.299272,-0.201025,-0.265705,-0.282990
X_feature_price_price_to_ma10,X_feature_price_sharpe_ratio_compound_r126_volatility126_rolling,-0.236313,-0.247855,-0.246986,-0.128087,-0.186042,-0.193468,-0.212630,-0.229585,-0.207317,-0.269894,-0.241155,-0.162915,-0.186417,-0.251034,-0.167819,-0.215693,-0.206464,-0.252686,-0.214507,-0.213244,-0.256688,-0.159826,-0.222359,-0.231325
X_feature_price_price_to_ma10,X_feature_price_macd_21_126,-0.069946,-0.095737,-0.081747,-0.047164,-0.087158,-0.011292,-0.045180,-0.072778,-0.037863,-0.090693,-0.062727,-0.014976,-0.016262,-0.071648,-0.020909,-0.017291,-0.044727,-0.108916,-0.051840,-0.056830,-0.081004,-0.028416,-0.098709,-0.033045
X_feature_price_price_to_ma10,X_feature_price_final_to_high90_exclude10,0.004071,-0.000785,-0.071651,0.007453,-0.034106,0.059571,0.005373,-0.001111,-0.005503,-0.055052,-0.041802,0.060477,0.013343,-0.053087,0.035069,-0.003804,-0.003371,-0.059258,0.012188,-0.014242,-0.045229,0.044330,-0.012258,0.006459
X_feature_price_price_to_ma10,X_feature_price_price_to_max252,-0.345657,-0.308395,-0.335629,-0.184768,-0.246020,-0.281192,-0.362771,-0.358062,-0.334297,-0.405797,-0.271690,-0.168697,-0.347326,-0.388368,-0.234194,-0.422358,-0.360658,-0.342249,-0.247682,-0.357569,-0.369559,-0.219035,-0.284730,-0.411296
X_feature_price_price_to_ma10,X_feature_price_final_to_high252_exclude21,-0.024470,-0.008625,-0.076010,-0.006464,-0.056753,0.043718,-0.002002,-0.017223,-0.014562,-0.058181,-0.069460,0.056528,0.008359,-0.070938,0.022961,-0.003173,0.000873,-0.084126,0.012826,-0.021044,-0.040187,0.034266,-0.013839,0.003106
X_feature_price_price_to_ma10,X_feature_price_lag1,0.427528,0.423438,0.436415,0.385344,0.436713,0.398231,0.379926,0.392800,0.416017,0.450483,0.407516,0.429015,0.412648,0.435423,0.407908,0.428585,0.434070,0.366056,0.418185,0.397948,0.404448,0.388795,0.379322,0.371940
X_feature_price_price_to_ma10,X_feature_price_ret21_shift0,0.533052,0.552499,0.543709,0.521236,0.522569,0.526271,0.540170,0.538932,0.538939,0.557271,0.531351,0.520108,0.526061,0.553669,0.539549,0.544638,0.536503,0.554446,0.527552,0.545141,0.569768,0.515571,0.530795,0.534592
X_feature_price_price_to_ma10,X_feature_price_ret10_shift0,0.807692,0.809540,0.809392,0.800806,0.809187,0.813501,0.814748,0.812549,0.811742,0.826056,0.818774,0.810049,0.810731,0.815081,0.826876,0.811130,0.821415,0.815195,0.833831,0.820637,0.820563,0.811289,0.794797,0.815788
X_feature_price_price_to_ma10,X_feature_price_ret5_shift0,0.900719,0.894707,0.886575,0.895255,0.894383,0.898830,0.897553,0.900182,0.900746,0.902558,0.889760,0.900091,0.904230,0.905907,0.901736,0.900850,0.897167,0.897719,0.894881,0.897297,0.904582,0.906681,0.896360,0.902482
X_feature_price_price_to_ma10,X_feature_price_downside_vol10,-0.310469,-0.267873,-0.349181,-0.291091,-0.326796,-0.278764,-0.341895,-0.356396,-0.351491,-0.375473,-0.350200,-0.262177,-0.309749,-0.369913,-0.319854,-0.348530,-0.392575,-0.404015,-0.374368,-0.416367,-0.425727,-0.329540,-0.336048,-0.348747
X_feature_price_price_to_ma10,X_feature_price_downside_vol21,-0.168499,-0.124407,-0.231207,-0.158141,-0.210569,-0.121988,-0.195430,-0.194139,-0.206857,-0.234147,-0.213481,-0.109041,-0.160317,-0.236952,-0.158534,-0.196618,-0.229547,-0.260316,-0.196525,-0.241148,-0.275964,-0.157547,-0.202260,-0.192078
X_feature_price_price_to_ma10,X_feature_price_vol10,0.044482,0.102357,-0.046943,-0.028977,-0.072455,0.070628,0.011424,0.029758,0.008468,0.009131,-0.048099,0.048911,0.041989,-0.060515,0.035337,0.029901,-0.048180,-0.067715,-0.032382,-0.058689,-0.091854,0.003754,-0.018657,-0.000049
X_feature_price_price_to_ma10,X_feature_price_upside_vol10,0.340288,0.370233,0.219956,0.224812,0.218293,0.353281,0.336557,0.363941,0.327590,0.336531,0.254014,0.299294,0.330691,0.258146,0.346607,0.370279,0.305730,0.294830,0.324365,0.322657,0.302187,0.350016,0.288206,0.339733
X_feature_price_price_to_ma10,X_feature_price_upside_vol21,0.182064,0.228638,0.073317,0.089728,0.059138,0.202466,0.177752,0.214913,0.167282,0.181909,0.102693,0.161121,0.176177,0.116697,0.177719,0.220525,0.168826,0.146611,0.171443,0.174832,0.167282,0.217080,0.155267,0.174564
X_feature_price_price_to_ma10,X_feature_price_upside_vol63,0.075308,0.132468,-0.036876,0.008506,-0.026667,0.099921,0.063872,0.096285,0.054590,0.073065,0.002069,0.059507,0.076807,0.016657,0.074752,0.096746,0.054254,0.030413,0.079910,0.048132,0.063187,0.102310,0.058049,0.072388
X_feature_price_price_to_ma10,X_feature_price_atr5,0.012149,0.056963,-0.085696,-0.059675,-0.129484,0.059595,-0.006790,0.009435,-0.009892,-0.008512,-0.098143,0.045675,0.043203,-0.068870,0.012568,0.032705,-0.039073,-0.090035,-0.037654,-0.058369,-0.116918,-0.006070,-0.024696,0.001745
X_feature_price_price_to_ma10,X_feature_price_downside_vol126,-0.041500,0.024733,-0.128688,-0.048246,-0.103774,0.018414,-0.049000,-0.037497,-0.073731,-0.084403,-0.124373,0.006284,-0.012444,-0.121640,-0.011317,-0.023779,-0.070860,-0.123917,-0.024060,-0.072266,-0.104915,0.006391,-0.040506,-0.032784
X_feature_price_price_to_ma10,X_feature_price_downside_vol63,-0.063316,-0.012123,-0.146734,-0.069678,-0.127637,-0.010676,-0.081645,-0.082301,-0.104687,-0.129958,-0.139615,-0.013104,-0.046656,-0.150732,-0.043407,-0.070599,-0.106662,-0.159593,-0.069952,-0.110606,-0.151130,-0.022678,-0.086622,-0.070716
X_feature_price_price_to_ma10,X_feature_price_atr21,0.005999,0.061677,-0.094585,-0.039653,-0.096615,0.044230,-0.014323,0.009894,-0.025077,-0.024734,-0.080825,0.024507,0.022126,-0.071039,0.011390,0.020843,-0.035356,-0.077202,-0.013492,-0.045159,-0.071604,0.028377,-0.022736,0.006103
X_feature_price_price_to_ma10,X_feature_price_atr126,0.010587,0.068710,-0.097890,-0.029845,-0.080458,0.045822,-0.012596,0.019298,-0.032005,-0.015033,-0.087877,0.021012,0.018938,-0.070056,0.016247,0.027967,-0.027224,-0.069964,0.003725,-0.032267,-0.050522,0.035627,0.004021,0.013821
X_feature_price_price_to_ma10,X_feature_price_vol252,0.008926,0.069697,-0.093137,-0.028174,-0.081785,0.047971,-0.018495,0.019064,-0.032277,-0.000888,-0.078105,0.015387,0.022162,-0.072454,0.019629,0.034409,-0.023112,-0.063504,0.004184,-0.029534,-0.037091,0.038524,-0.007436,0.026027
X_feature_price_price_to_ma10,X_feature_market_cap_log_identity,-0.106760,-0.091217,-0.081206,-0.031854,-0.064727,-0.007373,-0.025519,-0.037961,-0.056346,-0.063413,-0.086016,-0.021631,-0.029927,-0.076407,-0.037080,-0.026677,-0.058452,-0.068045,-0.018014,-0.060832,-0.073346,-0.037808,-0.075487,-0.043419
X_feature_price_price_to_ma10,X_feature_market_cap_log_std21,0.007411,0.043783,-0.071881,-0.026145,-0.105824,0.107385,0.044531,0.036288,0.023140,0.002210,-0.128740,0.071110,0.071607,-0.038962,0.040621,0.097148,-0.001879,-0.079948,0.014571,0.024684,-0.061723,0.081655,0.032065,0.062341
X_feature_price_price_to_ma10,X_feature_market_cap_log_std126,-0.001164,0.049793,-0.067567,-0.024820,-0.062614,0.047233,-0.001799,0.019328,-0.007989,-0.007729,-0.074636,0.036146,0.009267,-0.059339,0.017190,0.026043,-0.024966,-0.053980,0.011246,-0.019651,-0.010949,0.040622,-0.015340,0.034257
X_feature_price_price_to_ma10,X_feature_market_cap_log_std504,0.023716,0.065169,-0.082264,-0.030124,-0.053822,0.054601,0.001909,0.025350,-0.026246,0.005408,-0.070065,0.041570,0.018909,-0.027212,0.014507,0.013769,-0.020431,-0.026715,-0.000854,-0.008518,-0.016487,0.022546,0.027440,0.033618
X_feature_price_price_to_ma10,X_feature_market_cap_log_std252,0.017972,0.062533,-0.065602,-0.016321,-0.060258,0.043761,0.004241,0.020511,-0.011197,-0.003479,-0.079810,0.044737,0.020488,-0.042331,0.015686,0.032462,-0.025492,-0.048923,0.004743,-0.017635,-0.002392,0.013701,0.008883,0.035907
X_feature_price_price_to_ma10,X_feature_market_cap_log_diff_126,-0.219174,-0.225577,-0.229824,-0.172400,-0.194980,-0.184282,-0.201495,-0.210787,-0.186237,-0.257901,-0.245145,-0.155957,-0.188623,-0.225763,-0.159131,-0.206632,-0.192999,-0.238124,-0.214663,-0.198581,-0.244573,-0.157947,-0.216953,-0.222059
X_feature_price_price_to_ma10,X_feature_market_cap_log_to_min126,0.360824,0.325716,0.331958,0.355866,0.355278,0.257602,0.309293,0.297918,0.308080,0.364817,0.438453,0.243656,0.297306,0.342495,0.293994,0.268299,0.291154,0.374778,0.339486,0.293505,0.387079,0.339542,0.298059,0.288546
X_feature_price_price_to_ma10,X_feature_market_cap_log_to_max504,-0.295928,-0.243212,-0.256329,-0.121526,-0.196958,-0.127707,-0.296055,-0.292885,-0.256987,-0.312839,-0.228474,-0.058242,-0.188489,-0.336301,-0.149753,-0.289236,-0.291161,-0.289663,-0.135535,-0.255769,-0.300868,-0.135791,-0.230985,-0.316946
X_feature_price_price_to_ma10,X_feature_market_cap_log_diff_504,-0.127393,-0.137588,-0.014910,-0.024902,-0.132679,-0.064800,-0.107051,-0.109892,-0.070603,-0.153461,-0.142823,-0.053550,-0.103216,-0.101343,-0.086930,-0.084416,-0.078018,-0.170103,-0.048182,-0.119363,-0.095316,-0.084659,-0.163687,-0.093707
X_feature_price_price_to_ma10,X_feature_market_cap_log_to_min504,-0.161766,-0.185106,-0.060009,-0.105206,-0.193887,-0.159124,-0.092163,-0.127793,-0.088318,-0.184505,-0.290647,-0.199630,-0.087853,-0.120411,-0.147744,-0.128379,-0.080875,-0.202904,-0.182287,-0.122972,-0.135249,-0.161205,-0.259984,-0.126241
X_feature_price_price_to_ma10,X_feature_pv_pv_corr21,0.205220,0.249821,0.259645,0.249329,0.229257,0.259677,0.267919,0.279933,0.272467,0.261243,0.228430,0.238738,0.228098,0.236666,0.250026,0.268070,0.263936,0.245906,0.248751,0.276754,0.250752,0.223803,0.190938,0.218488
X_feature_price_price_to_ma10,X_feature_pv_pv_corr126,0.097302,0.107373,0.086247,0.077175,0.063233,0.088238,0.089965,0.107089,0.092032,0.112243,0.100443,0.070795,0.077073,0.102962,0.083168,0.093009,0.088260,0.103033,0.093210,0.087265,0.108365,0.076152,0.059864,0.085820
X_feature_price_price_to_ma10,X_feature_pv_pv_corr63,0.108055,0.145092,0.125302,0.105574,0.109820,0.130592,0.136616,0.153326,0.134124,0.158120,0.125883,0.118564,0.117216,0.145841,0.133992,0.140298,0.132425,0.143938,0.132640,0.147055,0.153492,0.109705,0.092156,0.123879
X_feature_price_price_to_ma10,X_feature_liquidity_turnover_level63,0.000283,0.073237,-0.059224,-0.024788,-0.061934,0.043660,-0.006548,0.020949,-0.026597,-0.012702,-0.054517,0.013643,0.013263,-0.037579,0.003367,0.017028,-0.009747,-0.058296,0.000200,-0.022182,-0.022282,0.012792,0.011362,0.002263
X_feature_price_price_to_ma10,X_feature_volume_log_volume_ratio_max126,-0.037451,-0.041038,-0.025677,-0.000719,0.016798,-0.010257,-0.007420,-0.003256,-0.016247,-0.005195,0.000142,-0.029254,-0.027380,-0.013024,-0.020659,0.000305,0.003986,0.006553,-0.010392,0.019352,0.024221,0.015518,0.001614,-0.023535
X_feature_price_price_to_ma10,X_feature_volume_log_volume_ratio_max252,-0.034614,-0.036347,-0.020013,0.008122,0.024250,-0.007696,0.002647,-0.001871,-0.010676,-0.001841,0.003883,-0.024345,-0.020957,-0.010343,-0.007521,0.009926,0.007526,0.011501,-0.012926,0.021219,0.030788,0.018403,0.008346,-0.019232
X_feature_price_price_to_ma10,X_feature_pv_illiquidity_mean21,-0.053304,-0.070288,-0.010476,0.028070,-0.002376,0.025401,0.020408,-0.008292,-0.010112,-0.021224,-0.028607,0.028231,0.010775,-0.034358,0.005272,0.005823,-0.029084,-0.024642,0.013835,-0.020644,-0.047824,0.002363,-0.040753,0.000081
X_feature_price_price_to_ma10,X_feature_volume_log_volume_std504,-0.026940,-0.020119,0.006035,0.017600,0.024630,0.020821,0.018775,0.007534,-0.015493,-0.007859,-0.023449,0.012812,-0.000891,-0.025927,0.003275,0.012405,-0.014187,0.008495,-0.015742,0.006777,-0.011500,0.008342,0.020219,-0.022112
X_feature_price_price_to_ma10,X_feature_volume_log_volume_std126,-0.030224,-0.029510,0.007794,0.028115,0.003849,0.023443,0.008433,0.001130,-0.012681,-0.013231,-0.022988,0.019176,-0.001117,-0.026147,-0.008470,0.007899,-0.019140,0.000125,-0.016297,-0.010143,-0.020990,0.004165,0.023069,-0.027007
X_feature_price_price_to_ma10,X_feature_volume_log_volume_std63,-0.033183,-0.031675,0.006543,0.026887,-0.002753,0.022979,0.002470,-0.000311,-0.008264,-0.006888,-0.033208,0.022479,0.000813,-0.024082,-0.014414,0.004646,-0.021123,-0.000880,-0.012087,-0.018191,-0.023254,-0.004722,0.020506,-0.025534
X_feature_price_price_to_ma10,X_feature_market_corr504,-0.039190,-0.040094,0.064270,0.011760,0.060062,0.005982,0.024490,0.026163,-0.018278,0.036245,-0.013464,-0.000727,-0.030621,0.003675,-0.022850,-0.017316,0.006638,-0.021614,-0.021949,-0.039559,0.042588,-0.063678,0.019813,-0.045585
X_feature_price_price_to_ma10,X_feature_market_corr252,-0.037462,-0.046846,0.060978,0.016442,0.037946,0.013216,0.020931,0.028319,-0.020513,0.032467,-0.020085,0.001219,-0.025080,0.011759,-0.026512,-0.015483,0.003648,-0.034338,-0.026087,-0.043298,0.032423,-0.060771,0.036416,-0.062006
X_feature_price_price_to_ma10,X_feature_short_interest_to_volume_log_ratio_std252,-0.028391,-0.012066,-0.016292,0.013271,0.011742,0.019398,0.020455,0.003714,-0.009750,-0.009706,-0.021740,0.000668,0.002068,-0.021066,-0.000598,0.019056,-0.014061,-0.017712,-0.002958,0.003596,-0.011972,0.015020,0.012988,-0.009933
X_feature_price_price_to_ma10,X_feature_short_interest_to_volume_log_ratio_std63,-0.029882,-0.019728,-0.008658,0.010548,-0.010256,0.015442,-0.001259,0.000045,-0.022147,-0.026453,-0.029809,0.002365,-0.005568,-0.024908,-0.020043,0.005875,-0.023520,-0.013004,-0.019226,-0.014664,-0.029404,-0.000533,0.000206,-0.027514
X_feature_price_price_to_ma10,X_feature_short_interest_to_volume_log_ratio,-0.033645,-0.054284,0.003188,0.015442,0.033159,-0.016845,-0.004791,-0.012534,-0.010132,-0.043379,0.004378,-0.029660,-0.018002,-0.003352,-0.012417,-0.002159,0.014524,-0.004232,-0.006052,0.006380,0.039988,-0.002029,-0.003687,-0.014907
X_feature_price_price_to_ma10,X_feature_short_interest_to_volume_log_ratio_mean252,-0.011386,-0.037516,0.027310,0.016857,0.036628,-0.006273,0.000273,-0.019602,-0.014448,-0.046692,-0.005824,-0.003897,0.005932,0.001619,-0.002328,-0.007106,-0.007756,-0.011643,-0.015937,-0.005156,0.015217,-0.020304,0.002916,-0.017870
X_feature_price_price_to_ma10,X_feature_short_interest_to_volume_log_ratio_mean63,-0.022587,-0.045459,0.017962,0.017228,0.016437,-0.009953,0.000144,-0.021784,-0.016820,-0.043937,-0.011986,-0.002631,-0.004402,-0.002286,-0.010941,-0.002855,0.000943,-0.017491,-0.016109,-0.006935,0.014708,-0.015913,0.003752,-0.018608
X_feature_price_price_to_ma10,X_feature_short_interest_log_diff21,-0.006848,-0.004030,-0.010449,-0.009298,-0.012594,0.002346,-0.005203,0.003348,0.005579,-0.006089,-0.003582,-0.002925,0.002433,-0.010635,0.001776,-0.009834,0.002609,-0.006560,-0.009922,-0.021693,0.000733,-0.001881,0.000468,-0.012313
X_feature_price_price_to_ma10,X_feature_short_interest_log_diff252,-0.017759,-0.012128,-0.026206,-0.016178,-0.025158,0.001938,0.003079,-0.006233,-0.000736,-0.034535,-0.032833,-0.008768,-0.012609,-0.016888,-0.007392,-0.000396,0.012839,-0.033884,-0.001881,-0.020035,-0.000918,0.005287,0.005598,-0.001849
X_feature_price_price_to_ma10,X_feature_short_interest_log_diff63,-0.010359,-0.003998,-0.013095,-0.006575,-0.014026,-0.009985,-0.000006,-0.005760,0.003977,-0.018039,-0.008682,-0.004170,0.004177,-0.007126,0.007813,-0.005478,0.002560,-0.007039,0.002483,-0.014583,-0.003386,0.000035,-0.001909,-0.010429
X_feature_price_price_to_ma10,X_feature_short_interest_log_diff126,-0.014823,-0.014881,-0.024603,-0.012208,-0.021540,-0.007126,0.005665,-0.010145,0.001113,-0.020381,-0.020321,-0.005258,-0.015380,-0.011629,-0.011917,0.000363,0.004135,-0.010367,-0.009685,-0.011657,-0.007536,0.010574,-0.002259,-0.020808
X_feature_price_bb_pct10,X_feature_price_price_to_min21,0.630627,0.675069,0.644485,0.598474,0.620001,0.567372,0.603043,0.636085,0.604801,0.643890,0.630925,0.547708,0.566728,0.598386,0.592881,0.583476,0.592332,0.634631,0.612093,0.630428,0.661619,0.598638,0.565353,0.625904
X_feature_price_bb_pct10,X_feature_price_price_to_min10,0.782836,0.826381,0.786436,0.746830,0.748386,0.736013,0.756394,0.804624,0.780059,0.789922,0.768711,0.719342,0.741470,0.735207,0.749456,0.736551,0.746456,0.780864,0.766672,0.782462,0.795353,0.733984,0.741718,0.766119
X_feature_price_bb_pct10,X_feature_price_high_to_initial126_exclude21,-0.048644,-0.059471,0.000461,-0.024004,0.029983,0.022361,0.005489,-0.024781,0.006433,-0.034616,-0.001578,0.042545,0.027224,-0.013516,0.013845,0.007910,0.027652,-0.021383,-0.001478,0.014451,-0.015617,0.001753,-0.028018,-0.006083
X_feature_price_bb_pct10,X_feature_price_high_to_initial90_exclude10,0.021243,0.051852,-0.000019,-0.007350,-0.026567,-0.020391,-0.011834,0.016096,-0.015860,0.044528,-0.006772,-0.028121,-0.018527,0.017925,-0.035103,-0.013713,-0.033986,0.019257,-0.013138,-0.003923,0.032209,-0.023115,0.014832,0.018056
X_feature_price_bb_pct10,X_feature_price_freq_loss_fl756,-0.032938,0.009824,-0.050670,-0.040549,-0.087100,-0.072521,-0.102459,-0.072924,-0.056330,-0.083548,-0.059997,-0.032415,-0.067036,-0.097154,-0.051622,-0.062833,-0.062593,-0.110126,-0.046490,-0.097172,-0.067684,-0.080736,-0.103615,-0.058915
X_feature_price_bb_pct10,X_feature_price_freq_loss_fl252,-0.114557,-0.110607,-0.131737,-0.084789,-0.135933,-0.099896,-0.127895,-0.110571,-0.103692,-0.116534,-0.084858,-0.082945,-0.102309,-0.126755,-0.099987,-0.119060,-0.080251,-0.150741,-0.075960,-0.138038,-0.099690,-0.099275,-0.126219,-0.104639
X_feature_price_bb_pct10,X_feature_price_high_to_initial252_exclude21,-0.056846,-0.100258,0.050117,0.007860,-0.021751,0.018973,0.017221,-0.030626,0.032643,-0.021192,-0.011584,0.006260,-0.002457,-0.001160,-0.024163,-0.011497,0.038999,-0.042752,0.040776,0.009597,0.007232,0.017403,-0.052371,0.036126
X_feature_price_bb_pct10,X_feature_price_trend_streak200_504,-0.038491,-0.030855,0.040355,0.040289,-0.064764,-0.027423,-0.050184,-0.033250,-0.017218,-0.044525,-0.022320,0.000922,-0.013743,-0.062592,-0.021269,-0.020808,-0.001083,-0.081138,0.011646,-0.070487,0.002630,-0.037708,-0.071948,-0.024261
X_feature_price_bb_pct10,X_feature_price_ret252_shift0,-0.187846,-0.190573,-0.141443,-0.105431,-0.163483,-0.096800,-0.138334,-0.152733,-0.134316,-0.177351,-0.148917,-0.083119,-0.118441,-0.177073,-0.132211,-0.148128,-0.098432,-0.192933,-0.120132,-0.139060,-0.149785,-0.125599,-0.178735,-0.092968
X_feature_price_bb_pct10,X_feature_price_macd_21_252,-0.077328,-0.066558,-0.030811,0.004223,-0.067042,-0.029279,-0.056306,-0.045606,-0.036955,-0.071248,-0.041622,-0.004958,-0.039219,-0.084791,-0.028351,-0.045241,-0.016112,-0.095368,-0.014541,-0.078321,-0.039569,-0.035737,-0.094269,-0.022078
X_feature_price_bb_pct10,X_feature_price_trend_streak200_126,-0.073712,-0.055440,-0.052727,-0.012192,-0.045741,-0.011457,-0.047608,-0.039910,-0.032403,-0.058336,-0.027429,0.017833,-0.030545,-0.069983,-0.019576,-0.051052,-0.007764,-0.082657,-0.006732,-0.043695,-0.036280,-0.024155,-0.070520,-0.026542
X_feature_price_bb_pct10,X_feature_price_trend_streak200_252,-0.062988,-0.061188,0.004879,0.011829,-0.065655,-0.002315,-0.039579,-0.036253,-0.008335,-0.031491,-0.025460,0.004225,-0.023224,-0.073290,-0.020334,-0.039222,0.006164,-0.080406,0.018585,-0.051336,-0.012523,-0.016676,-0.071312,-0.004543
X_feature_price_bb_pct10,X_feature_price_freq_loss_fl63,-0.195932,-0.218581,-0.226972,-0.188051,-0.204617,-0.190550,-0.217183,-0.203956,-0.208451,-0.221541,-0.183240,-0.156788,-0.192800,-0.190537,-0.183028,-0.202152,-0.195039,-0.230977,-0.211220,-0.232513,-0.205998,-0.202793,-0.211795,-0.213678
X_feature_price_bb_pct10,X_feature_price_freq_loss_fl21,0.348739,0.377490,0.386194,0.348878,0.342772,0.341575,0.350486,0.361091,0.365129,0.353718,0.319754,0.309272,0.322959,0.310051,0.343699,0.343864,0.343774,0.354924,0.354242,0.363571,0.359888,0.349126,0.334658,0.368442
X_feature_price_bb_pct10,X_feature_price_price_to_min63,0.417811,0.460397,0.429719,0.368173,0.410783,0.312055,0.377930,0.396064,0.369717,0.430973,0.475414,0.277367,0.354386,0.387662,0.358921,0.323417,0.349486,0.425445,0.391251,0.368598,0.452737,0.369305,0.336089,0.370023
X_feature_price_bb_pct10,X_feature_price_macd_10_21,-0.147551,-0.194427,-0.198288,-0.139090,-0.148553,-0.118695,-0.155787,-0.166928,-0.169584,-0.200466,-0.133064,-0.105361,-0.136379,-0.172367,-0.127017,-0.162316,-0.150711,-0.202405,-0.164491,-0.177048,-0.191782,-0.151078,-0.144798,-0.177613
X_feature_price_bb_pct10,X_feature_price_sharpe_ratio_compound_r63_volatility63_rolling,-0.274369,-0.308657,-0.293200,-0.169376,-0.276561,-0.249508,-0.286476,-0.275216,-0.278925,-0.307003,-0.275203,-0.216402,-0.262183,-0.291867,-0.241862,-0.275309,-0.250676,-0.312050,-0.272011,-0.284234,-0.298929,-0.251911,-0.270315,-0.288895
X_feature_price_bb_pct10,X_feature_price_price_to_ma63,0.431922,0.464998,0.462235,0.398066,0.416070,0.403103,0.435029,0.434146,0.435226,0.454579,0.401994,0.391183,0.415234,0.440230,0.401901,0.424223,0.411218,0.451089,0.431825,0.439959,0.457322,0.416942,0.405940,0.456314
X_feature_price_bb_pct10,X_feature_price_bb_pct126,-0.400716,-0.413587,-0.411833,-0.352763,-0.380809,-0.387854,-0.402335,-0.389573,-0.396740,-0.422861,-0.395881,-0.365826,-0.384885,-0.420998,-0.358279,-0.420070,-0.371611,-0.410221,-0.388247,-0.405081,-0.415627,-0.359582,-0.397982,-0.436822
X_feature_price_bb_pct10,X_feature_price_price_to_min252,-0.257022,-0.256368,-0.228962,-0.228147,-0.214758,-0.131226,-0.164048,-0.192986,-0.174434,-0.238756,-0.352744,-0.144944,-0.138728,-0.206877,-0.163783,-0.145042,-0.131283,-0.249041,-0.231547,-0.162044,-0.231613,-0.192191,-0.227861,-0.133672
X_feature_price_bb_pct10,X_feature_price_ret90_shift0,-0.237104,-0.242159,-0.263561,-0.193032,-0.205040,-0.185411,-0.228182,-0.218769,-0.223787,-0.265194,-0.205887,-0.149760,-0.215146,-0.243301,-0.175129,-0.208822,-0.200315,-0.256787,-0.227199,-0.227374,-0.254252,-0.195025,-0.217162,-0.243489
X_feature_price_bb_pct10,X_feature_price_price_to_ma252,-0.259291,-0.263135,-0.266848,-0.186634,-0.225205,-0.187842,-0.243237,-0.231810,-0.238980,-0.271858,-0.219893,-0.151873,-0.219162,-0.259791,-0.203977,-0.225814,-0.204629,-0.265067,-0.230653,-0.225163,-0.253663,-0.208133,-0.239049,-0.243217
X_feature_price_bb_pct10,X_feature_price_sharpe_ratio_compound_r126_volatility126_rolling,-0.220352,-0.226710,-0.237179,-0.121654,-0.159593,-0.172671,-0.209819,-0.205991,-0.205497,-0.240601,-0.211346,-0.140308,-0.183424,-0.225844,-0.160418,-0.197445,-0.184511,-0.235171,-0.213005,-0.208482,-0.225057,-0.174597,-0.212594,-0.219162
X_feature_price_bb_pct10,X_feature_price_macd_21_126,-0.066781,-0.087398,-0.079482,-0.036816,-0.066624,-0.028084,-0.060103,-0.067233,-0.049206,-0.076406,-0.046955,-0.021502,-0.029512,-0.071001,-0.030070,-0.044011,-0.042441,-0.103539,-0.060924,-0.071903,-0.069409,-0.056181,-0.099182,-0.041709
X_feature_price_bb_pct10,X_feature_price_final_to_high90_exclude10,-0.011831,0.005378,-0.069860,0.004503,-0.029240,0.009920,-0.037499,-0.011901,-0.039349,-0.051693,-0.003937,0.033343,-0.025574,-0.064411,0.006100,-0.039596,-0.021976,-0.065899,-0.018898,-0.042913,-0.048488,-0.018188,-0.037977,-0.025422
X_feature_price_bb_pct10,X_feature_price_price_to_max252,-0.321899,-0.266485,-0.310120,-0.180566,-0.221936,-0.287772,-0.364400,-0.324992,-0.330426,-0.357502,-0.202356,-0.169363,-0.333166,-0.348973,-0.240490,-0.422440,-0.334309,-0.320402,-0.255536,-0.362940,-0.322921,-0.258402,-0.275133,-0.404692
X_feature_price_bb_pct10,X_feature_price_final_to_high252_exclude21,-0.032222,0.001378,-0.074446,-0.009354,-0.046130,0.000674,-0.038041,-0.020079,-0.046239,-0.056533,-0.029371,0.027246,-0.037202,-0.076573,-0.011490,-0.043847,-0.011587,-0.085294,-0.020808,-0.052304,-0.041123,-0.028602,-0.042334,-0.017151
X_feature_price_bb_pct10,X_feature_price_lag1,0.420504,0.422985,0.427482,0.378240,0.392800,0.385736,0.385631,0.390710,0.415148,0.434676,0.382086,0.389347,0.398182,0.409610,0.397364,0.423145,0.415227,0.365746,0.395939,0.399241,0.405557,0.391460,0.394661,0.363429
X_feature_price_bb_pct10,X_feature_price_ret21_shift0,0.448077,0.488826,0.476559,0.420268,0.437351,0.432629,0.455694,0.464542,0.458077,0.464111,0.415808,0.421160,0.416989,0.451827,0.442005,0.451626,0.451277,0.475536,0.443496,0.471393,0.474218,0.438179,0.439289,0.475924
X_feature_price_bb_pct10,X_feature_price_ret10_shift0,0.683765,0.708337,0.720396,0.675600,0.681179,0.673682,0.680157,0.704951,0.700057,0.701792,0.669031,0.664321,0.646275,0.666426,0.695355,0.678661,0.675523,0.697906,0.703738,0.719886,0.691209,0.685567,0.646490,0.716978
X_feature_price_bb_pct10,X_feature_price_ret5_shift0,0.818876,0.827227,0.827690,0.808213,0.809919,0.798346,0.816584,0.824514,0.817131,0.817379,0.791042,0.775306,0.792188,0.790095,0.806021,0.808126,0.811604,0.810325,0.802769,0.839591,0.824408,0.827925,0.783506,0.833446
X_feature_price_bb_pct10,X_feature_price_downside_vol10,-0.282875,-0.209505,-0.312147,-0.269976,-0.283473,-0.304731,-0.338712,-0.317662,-0.347423,-0.323478,-0.256855,-0.261688,-0.298507,-0.319141,-0.317888,-0.364790,-0.371506,-0.362547,-0.356400,-0.419091,-0.376097,-0.360153,-0.316243,-0.355238
X_feature_price_bb_pct10,X_feature_price_downside_vol21,-0.151959,-0.074806,-0.202167,-0.143525,-0.180949,-0.171037,-0.211018,-0.167445,-0.213918,-0.191321,-0.129808,-0.130337,-0.175469,-0.204886,-0.172454,-0.234435,-0.227384,-0.234877,-0.196973,-0.260106,-0.233489,-0.211308,-0.200219,-0.212438
X_feature_price_bb_pct10,X_feature_price_vol10,0.025747,0.123589,-0.037547,-0.031278,-0.058745,-0.024781,-0.045342,0.017005,-0.038736,0.008395,0.006840,-0.001902,-0.021356,-0.064763,-0.026224,-0.065604,-0.091664,-0.071642,-0.067179,-0.118934,-0.091681,-0.100208,-0.053234,-0.058061
X_feature_price_bb_pct10,X_feature_price_upside_vol10,0.285660,0.356112,0.202131,0.197148,0.195156,0.227525,0.239038,0.311842,0.243543,0.288575,0.253809,0.220751,0.223746,0.199435,0.245946,0.240408,0.216033,0.246365,0.248778,0.230355,0.244996,0.212993,0.204905,0.252870
X_feature_price_bb_pct10,X_feature_price_upside_vol21,0.140385,0.226504,0.062615,0.076796,0.049317,0.090901,0.097223,0.169979,0.097789,0.151032,0.120754,0.094607,0.092059,0.078711,0.098897,0.107318,0.099148,0.109134,0.113335,0.094627,0.132067,0.096871,0.080373,0.101441
X_feature_price_bb_pct10,X_feature_price_upside_vol63,0.049962,0.145066,-0.034065,0.000644,-0.027240,0.007301,0.006093,0.069965,0.007822,0.062290,0.038861,0.009084,0.015229,-0.000585,0.017638,0.007046,0.003984,0.009416,0.035943,-0.011351,0.045824,0.011525,0.007672,0.018523
X_feature_price_bb_pct10,X_feature_price_atr5,0.004773,0.084894,-0.068794,-0.055574,-0.109007,-0.024457,-0.051429,0.003847,-0.049208,0.000796,-0.032460,0.000981,-0.010765,-0.066478,-0.034836,-0.049329,-0.067270,-0.084767,-0.064670,-0.112165,-0.106518,-0.093202,-0.050129,-0.045138
X_feature_price_bb_pct10,X_feature_price_downside_vol126,-0.040391,0.056957,-0.110407,-0.045969,-0.086493,-0.050735,-0.083609,-0.033425,-0.097603,-0.061641,-0.058060,-0.030068,-0.053676,-0.107503,-0.046191,-0.082011,-0.087753,-0.117062,-0.047733,-0.103710,-0.088498,-0.061567,-0.057416,-0.067373
X_feature_price_bb_pct10,X_feature_price_downside_vol63,-0.059483,0.025376,-0.124800,-0.063447,-0.107274,-0.074351,-0.111082,-0.072580,-0.122477,-0.098317,-0.068165,-0.047498,-0.077160,-0.131372,-0.071411,-0.120510,-0.115971,-0.148138,-0.087602,-0.137817,-0.126462,-0.087720,-0.094479,-0.101749
X_feature_price_bb_pct10,X_feature_price_atr21,-0.004465,0.087856,-0.079960,-0.038678,-0.083138,-0.041783,-0.065207,0.001152,-0.063972,-0.015251,-0.020275,-0.021426,-0.035667,-0.071262,-0.039211,-0.062804,-0.067862,-0.079963,-0.044677,-0.098263,-0.066532,-0.063332,-0.052404,-0.043405
X_feature_price_bb_pct10,X_feature_price_atr126,0.001656,0.092739,-0.085014,-0.031791,-0.070730,-0.035148,-0.059461,0.011481,-0.066297,-0.007799,-0.033246,-0.022253,-0.032266,-0.070412,-0.029841,-0.048757,-0.058102,-0.073476,-0.027737,-0.078438,-0.047783,-0.045576,-0.026872,-0.029115
X_feature_price_bb_pct10,X_feature_price_vol252,-0.002066,0.094227,-0.078455,-0.028828,-0.072598,-0.031081,-0.061684,0.013378,-0.062788,0.005653,-0.023622,-0.023390,-0.022979,-0.070607,-0.024262,-0.037537,-0.052548,-0.067203,-0.024117,-0.071384,-0.034183,-0.035890,-0.033563,-0.008753
X_feature_price_bb_pct10,X_feature_market_cap_log_identity,-0.092868,-0.086167,-0.068836,-0.025461,-0.043439,-0.007008,-0.028363,-0.031144,-0.060912,-0.052244,-0.057352,-0.034113,-0.044995,-0.068080,-0.049942,-0.039125,-0.057758,-0.052959,-0.024814,-0.072379,-0.065537,-0.052708,-0.081432,-0.047810
X_feature_price_bb_pct10,X_feature_market_cap_log_std21,-0.004687,0.067591,-0.056821,-0.016461,-0.085166,0.015526,-0.008018,0.022948,-0.019265,0.009544,-0.055117,0.021897,0.008987,-0.042498,-0.013683,0.000693,-0.034404,-0.075977,-0.013261,-0.035456,-0.044417,-0.011221,0.002209,0.005619
X_feature_price_bb_pct10,X_feature_market_cap_log_std126,-0.005686,0.068617,-0.055316,-0.022711,-0.055585,-0.017105,-0.030523,0.012446,-0.032173,0.000361,-0.020419,-0.004645,-0.027064,-0.059229,-0.022772,-0.028879,-0.043420,-0.053781,-0.013947,-0.043488,-0.003489,-0.015493,-0.032302,0.012943
X_feature_price_bb_pct10,X_feature_market_cap_log_std504,0.013429,0.079615,-0.068975,-0.028108,-0.041603,-0.010317,-0.026967,0.023465,-0.047912,0.009506,-0.027753,0.002466,-0.014498,-0.029209,-0.019978,-0.034114,-0.041687,-0.026506,-0.022349,-0.033013,-0.014617,-0.031593,0.004542,-0.003913
X_feature_price_bb_pct10,X_feature_market_cap_log_std252,0.008912,0.080546,-0.053564,-0.017479,-0.053550,-0.019257,-0.025005,0.018372,-0.034958,0.003800,-0.030816,0.002566,-0.009922,-0.045054,-0.021331,-0.021167,-0.041467,-0.048941,-0.021640,-0.044540,0.001870,-0.042865,-0.019472,0.005853
X_feature_price_bb_pct10,X_feature_market_cap_log_diff_126,-0.197710,-0.200057,-0.209870,-0.156616,-0.163538,-0.135928,-0.184382,-0.183566,-0.174602,-0.221658,-0.183066,-0.107172,-0.169816,-0.197932,-0.140126,-0.162847,-0.160481,-0.215759,-0.201176,-0.180933,-0.205201,-0.164900,-0.192231,-0.192169
X_feature_price_bb_pct10,X_feature_market_cap_log_to_min126,0.305712,0.306789,0.299387,0.282915,0.287342,0.178574,0.254194,0.257553,0.256112,0.319907,0.394289,0.169911,0.237652,0.282911,0.222696,0.196762,0.225539,0.326087,0.283266,0.245165,0.338641,0.264327,0.240072,0.244296
X_feature_price_bb_pct10,X_feature_market_cap_log_to_max504,-0.273717,-0.208646,-0.235197,-0.115800,-0.175645,-0.153147,-0.297076,-0.264176,-0.249689,-0.273291,-0.168157,-0.074258,-0.185694,-0.299224,-0.158657,-0.297169,-0.263260,-0.271442,-0.148378,-0.264004,-0.260875,-0.173248,-0.225698,-0.310080
X_feature_price_bb_pct10,X_feature_market_cap_log_diff_504,-0.107944,-0.129751,-0.023976,-0.028511,-0.116922,-0.074778,-0.084611,-0.097954,-0.053102,-0.131893,-0.112205,-0.066294,-0.080712,-0.089771,-0.078603,-0.080938,-0.052125,-0.155060,-0.058274,-0.117079,-0.078363,-0.085530,-0.157057,-0.079538
X_feature_price_bb_pct10,X_feature_market_cap_log_to_min504,-0.132459,-0.180569,-0.066239,-0.083780,-0.155007,-0.095053,-0.061045,-0.112847,-0.063078,-0.160394,-0.262148,-0.132066,-0.051670,-0.101106,-0.110983,-0.085353,-0.046804,-0.176655,-0.150286,-0.097108,-0.112366,-0.127656,-0.209297,-0.086527
X_feature_price_bb_pct10,X_feature_pv_pv_corr21,0.163586,0.212862,0.215950,0.193024,0.189097,0.204005,0.218875,0.226752,0.220770,0.209158,0.176639,0.196947,0.177530,0.182021,0.200222,0.212371,0.205126,0.198948,0.208061,0.232052,0.191745,0.177419,0.150832,0.173682
X_feature_price_bb_pct10,X_feature_pv_pv_corr126,0.080736,0.090132,0.074447,0.061353,0.046500,0.056004,0.076690,0.083460,0.078784,0.090491,0.070866,0.042550,0.054747,0.078975,0.058802,0.061154,0.062683,0.084380,0.073235,0.074634,0.080952,0.067924,0.037854,0.058748
X_feature_price_bb_pct10,X_feature_pv_pv_corr63,0.087451,0.126372,0.100922,0.081537,0.085380,0.094310,0.113751,0.123794,0.109450,0.125276,0.086821,0.089265,0.085835,0.113451,0.101400,0.103493,0.097750,0.116560,0.106828,0.122400,0.117165,0.089379,0.061535,0.091593
X_feature_price_bb_pct10,X_feature_liquidity_turnover_level63,-0.003948,0.092765,-0.044323,-0.018390,-0.051422,-0.016742,-0.039881,0.017820,-0.047092,-0.002356,-0.016707,-0.007654,-0.019945,-0.032829,-0.024630,-0.031283,-0.023304,-0.056582,-0.019378,-0.050593,-0.017216,-0.032948,-0.005501,-0.025062
X_feature_price_bb_pct10,X_feature_volume_log_volume_ratio_max126,-0.046600,-0.054819,-0.028641,-0.000453,0.030191,-0.010847,-0.017855,-0.008289,-0.022043,-0.013750,0.007808,-0.026438,-0.032638,-0.009744,-0.023552,-0.008461,-0.007162,0.006348,-0.015158,0.015547,0.018939,0.006094,-0.001042,-0.025576
X_feature_price_bb_pct10,X_feature_volume_log_volume_ratio_max252,-0.043100,-0.051157,-0.024074,0.004063,0.033971,-0.004348,-0.009181,-0.005193,-0.014925,-0.010330,0.007925,-0.020556,-0.024262,-0.009654,-0.011727,0.000377,-0.004694,0.011150,-0.016907,0.017899,0.024288,0.006985,0.006314,-0.025562
X_feature_price_bb_pct10,X_feature_pv_illiquidity_mean21,-0.050926,-0.076381,-0.017673,0.019977,0.004949,0.028867,0.016165,-0.008234,-0.021323,-0.021578,-0.012546,0.005994,-0.008514,-0.039025,-0.014921,-0.011076,-0.039750,-0.017888,-0.001861,-0.040295,-0.050974,-0.027631,-0.054637,-0.012703
X_feature_price_bb_pct10,X_feature_volume_log_volume_std504,-0.026883,-0.030601,0.011045,0.010649,0.030677,0.028346,0.010485,0.005930,-0.022489,-0.007097,-0.016303,0.005264,-0.019456,-0.026367,-0.013360,-0.007766,-0.030436,0.006476,-0.020955,-0.005011,-0.019104,-0.009799,0.010870,-0.028132
X_feature_price_bb_pct10,X_feature_volume_log_volume_std126,-0.030306,-0.039408,0.012534,0.019098,0.012372,0.021603,-0.001935,-0.001218,-0.017884,-0.010469,-0.013802,0.011030,-0.017553,-0.024815,-0.021708,-0.012359,-0.034415,-0.001588,-0.018652,-0.021506,-0.028450,-0.010865,0.012190,-0.028956
X_feature_price_bb_pct10,X_feature_volume_log_volume_std63,-0.031939,-0.039636,0.012329,0.016305,0.005936,0.016723,-0.006076,-0.001975,-0.012056,-0.004209,-0.022245,0.015412,-0.015865,-0.021980,-0.024649,-0.014350,-0.035069,-0.002383,-0.014609,-0.028195,-0.030706,-0.019126,0.007355,-0.029064
X_feature_price_bb_pct10,X_feature_market_corr504,-0.039360,-0.047823,0.062647,0.004278,0.058167,0.012005,0.022103,0.024851,-0.028828,0.030852,-0.011979,0.013094,-0.037040,0.008987,-0.029974,-0.034339,0.002744,-0.010912,-0.027367,-0.045404,0.039470,-0.053122,0.007890,-0.065681
X_feature_price_bb_pct10,X_feature_market_corr252,-0.036828,-0.054180,0.061458,0.006838,0.041269,0.009346,0.020684,0.024731,-0.027729,0.028136,-0.014030,0.016928,-0.026770,0.016447,-0.032342,-0.023635,0.002708,-0.020857,-0.029555,-0.042458,0.029215,-0.050068,0.020502,-0.074984
X_feature_price_bb_pct10,X_feature_short_interest_to_volume_log_ratio_std252,-0.030310,-0.015634,-0.005444,0.010397,0.016254,0.021676,0.012302,0.001510,-0.013318,-0.006584,-0.006246,-0.002270,-0.008789,-0.023046,-0.013692,-0.000426,-0.028590,-0.021045,-0.008564,-0.009185,-0.013825,-0.004195,0.000065,-0.017570
X_feature_price_bb_pct10,X_feature_short_interest_to_volume_log_ratio_std63,-0.031631,-0.021309,-0.000167,0.009969,0.000097,0.008273,-0.009957,-0.001511,-0.025035,-0.020011,-0.009667,0.000983,-0.014499,-0.018959,-0.028813,-0.016956,-0.034396,-0.014992,-0.021505,-0.028482,-0.025866,-0.016112,-0.002194,-0.032905
X_feature_price_bb_pct10,X_feature_short_interest_to_volume_log_ratio,-0.037044,-0.066778,-0.011691,0.010697,0.031384,-0.007448,-0.002618,-0.010890,-0.005475,-0.042643,-0.002238,-0.030268,-0.017505,-0.002536,-0.010126,0.001416,0.013138,-0.001049,-0.005317,0.005881,0.035876,-0.002489,-0.008454,-0.015282
X_feature_price_bb_pct10,X_feature_short_interest_to_volume_log_ratio_mean252,-0.008891,-0.038455,0.016515,0.008961,0.029105,0.001422,0.004651,-0.014028,-0.006339,-0.040125,-0.010839,-0.006546,0.003021,0.000940,-0.001660,-0.005591,-0.006365,-0.007335,-0.014497,-0.008393,0.015196,-0.022224,-0.002962,-0.024946
X_feature_price_bb_pct10,X_feature_short_interest_to_volume_log_ratio_mean63,-0.018634,-0.048864,0.008951,0.007450,0.013484,0.000298,0.008121,-0.014326,-0.007204,-0.036802,-0.019186,-0.004101,-0.005295,-0.000720,-0.007212,-0.001522,0.003071,-0.013846,-0.013207,-0.009259,0.013704,-0.016532,-0.000242,-0.020855
X_feature_price_bb_pct10,X_feature_short_interest_log_diff21,-0.008170,-0.004631,-0.010323,-0.007542,-0.011079,0.003446,-0.002562,0.004106,0.005932,-0.004478,-0.000662,-0.005413,0.002868,-0.008733,0.001609,-0.012488,-0.002768,-0.008031,-0.007958,-0.025035,0.003409,-0.006559,-0.004373,-0.004958
X_feature_price_bb_pct10,X_feature_short_interest_log_diff252,-0.019148,-0.013046,-0.021852,-0.013629,-0.020705,0.002346,0.005812,-0.002628,0.001546,-0.027757,-0.022662,-0.008167,-0.013563,-0.011484,-0.010032,-0.001686,0.011630,-0.034535,-0.003249,-0.023386,0.001744,-0.002760,-0.001881,0.003617
X_feature_price_bb_pct10,X_feature_short_interest_log_diff63,-0.010445,-0.002599,-0.011152,-0.005759,-0.009505,-0.013655,0.000732,-0.002290,0.005147,-0.015086,-0.006418,0.000001,0.001356,-0.005603,0.004007,-0.002743,-0.000113,-0.012084,-0.005262,-0.016569,-0.000048,-0.006374,-0.008314,-0.001580
X_feature_price_bb_pct10,X_feature_short_interest_log_diff126,-0.015352,-0.014356,-0.019939,-0.011248,-0.016354,-0.006266,0.009731,-0.004562,0.003946,-0.015370,-0.012476,-0.000931,-0.014355,-0.009161,-0.011478,-0.000581,0.000927,-0.015142,-0.010489,-0.015538,-0.006622,0.003519,-0.009410,-0.009173
X_feature_price_price_to_min21,X_feature_price_price_to_min10,0.795539,0.812695,0.798946,0.809173,0.798169,0.769971,0.772050,0.775158,0.766329,0.785737,0.807993,0.781432,0.770613,0.777939,0.771407,0.756604,0.768781,0.772889,0.774365,0.761985,0.791709,0.759396,0.766057,0.769232
X_feature_price_price_to_min21,X_feature_price_high_to_initial126_exclude21,-0.136698,-0.208286,-0.170790,-0.073164,-0.026791,-0.179921,-0.085762,-0.152035,-0.094469,-0.116556,-0.034278,-0.139018,-0.113488,-0.078080,-0.040726,-0.104768,-0.078227,-0.046631,0.002352,-0.005999,-0.078967,0.008908,-0.068631,-0.132901
X_feature_price_price_to_min21,X_feature_price_high_to_initial90_exclude10,0.105180,0.213410,0.154967,0.077731,0.063908,0.194320,0.096373,0.163098,0.098904,0.164607,0.048036,0.189310,0.132934,0.113424,0.074655,0.133468,0.087814,0.042125,0.066660,0.056725,0.112364,0.007662,0.091458,0.157046
X_feature_price_price_to_min21,X_feature_price_freq_loss_fl756,0.114322,0.146612,-0.024150,0.068838,0.081310,0.126238,-0.013390,-0.090968,-0.064672,-0.106302,0.025469,0.063311,-0.011129,-0.054660,0.063065,0.048055,0.030691,0.008733,0.102958,0.008899,-0.015577,-0.002199,0.020736,0.047355
X_feature_price_price_to_min21,X_feature_price_freq_loss_fl252,-0.007799,-0.084423,-0.129291,0.161019,0.050994,-0.072152,-0.080447,-0.136536,-0.117431,-0.090415,0.013368,-0.055667,-0.075473,-0.066158,0.014086,-0.056994,-0.053853,-0.049822,0.061664,-0.080437,-0.105371,0.016922,-0.013366,-0.092388
X_feature_price_price_to_min21,X_feature_price_high_to_initial252_exclude21,-0.162116,-0.265173,-0.189413,-0.022549,-0.083507,-0.090472,-0.157802,-0.158781,-0.124249,-0.112658,-0.032332,-0.052792,-0.205815,-0.147320,-0.059691,-0.104293,-0.108593,-0.050513,0.071334,-0.049555,-0.053020,0.025495,-0.019490,-0.128163
X_feature_price_price_to_min21,X_feature_price_trend_streak200_504,0.032030,-0.027669,-0.117003,0.065124,0.160399,0.160854,0.012231,-0.028279,-0.021321,-0.061144,0.074090,0.116360,0.028277,-0.004611,0.128215,0.107629,0.056176,0.026477,0.215650,0.073013,0.045664,0.061142,0.080301,0.038807
X_feature_price_price_to_min21,X_feature_price_ret252_shift0,-0.214043,-0.297862,-0.280495,0.105707,0.012457,-0.119357,-0.229167,-0.259791,-0.228855,-0.247840,-0.010264,0.072252,-0.262319,-0.204263,-0.073599,-0.238432,-0.210072,-0.129693,0.034510,-0.168856,-0.200520,-0.036099,-0.065491,-0.273081
X_feature_price_price_to_min21,X_feature_price_macd_21_252,-0.027080,-0.124196,-0.154472,0.207525,0.149838,0.114329,0.025155,-0.050425,-0.016172,-0.080276,0.046247,0.060832,0.027146,-0.009650,0.115062,0.031585,0.004726,0.000645,0.172425,0.028289,-0.018914,0.094850,0.045679,-0.026847
X_feature_price_price_to_min21,X_feature_price_trend_streak200_126,-0.015107,-0.097604,-0.125319,0.232989,0.144289,0.034557,0.022340,-0.049275,-0.002553,-0.028345,0.068364,0.068503,0.016579,0.011848,0.139436,0.009638,0.016709,0.024057,0.170127,0.041119,-0.017119,0.127393,0.062661,-0.015864
X_feature_price_price_to_min21,X_feature_price_trend_streak200_252,0.000063,-0.102615,-0.131943,0.220794,0.145267,0.104106,0.015649,-0.037078,-0.009583,-0.004307,0.065021,0.108025,0.003137,0.003007,0.143637,0.057600,0.013888,0.042440,0.215688,0.044384,0.015056,0.118760,0.072515,-0.003898
X_feature_price_price_to_min21,X_feature_price_freq_loss_fl63,-0.138454,-0.227675,-0.165562,-0.042061,-0.125608,-0.224673,-0.192838,-0.252352,-0.203489,-0.232644,-0.144929,-0.210951,-0.197347,-0.166763,-0.170598,-0.215730,-0.188108,-0.189465,-0.179278,-0.222596,-0.243583,-0.157210,-0.184047,-0.225153
X_feature_price_price_to_min21,X_feature_price_freq_loss_fl21,0.405911,0.454084,0.404921,0.361305,0.359373,0.452667,0.448671,0.470262,0.458541,0.443933,0.375116,0.432965,0.420475,0.364245,0.434230,0.452632,0.428857,0.427019,0.434444,0.481788,0.471676,0.429078,0.393082,0.481310
X_feature_price_price_to_min21,X_feature_price_price_to_min63,0.712378,0.744877,0.712705,0.715495,0.688447,0.673310,0.670510,0.686050,0.671184,0.706927,0.784733,0.664054,0.690040,0.681979,0.682263,0.615358,0.637301,0.682300,0.685124,0.613242,0.703779,0.658901,0.680788,0.637300
X_feature_price_price_to_min21,X_feature_price_macd_10_21,-0.228994,-0.383170,-0.286428,-0.158295,-0.156202,-0.248892,-0.245766,-0.330284,-0.300452,-0.347596,-0.240327,-0.234562,-0.254137,-0.262691,-0.239302,-0.291832,-0.261925,-0.300305,-0.251880,-0.275356,-0.328878,-0.224046,-0.245635,-0.315152
X_feature_price_price_to_min21,X_feature_price_sharpe_ratio_compound_r63_volatility63_rolling,-0.296085,-0.432787,-0.321078,-0.054853,-0.226991,-0.342265,-0.309111,-0.389956,-0.333369,-0.402494,-0.312759,-0.309809,-0.341007,-0.321576,-0.299792,-0.361508,-0.313725,-0.331971,-0.287324,-0.315737,-0.384356,-0.258297,-0.325052,-0.378442
X_feature_price_price_to_min21,X_feature_price_price_to_ma63,0.552043,0.628567,0.537939,0.427568,0.419812,0.641759,0.583725,0.630979,0.617222,0.611385,0.410647,0.618828,0.620945,0.555807,0.593916,0.654557,0.574927,0.553962,0.559905,0.600150,0.599124,0.560793,0.578440,0.635033
X_feature_price_price_to_min21,X_feature_price_bb_pct126,-0.430871,-0.539467,-0.437188,-0.247305,-0.316805,-0.495112,-0.441118,-0.522645,-0.470136,-0.533333,-0.414533,-0.469350,-0.474503,-0.451584,-0.422310,-0.536940,-0.455050,-0.438003,-0.404494,-0.464708,-0.512690,-0.372416,-0.439853,-0.540637
X_feature_price_price_to_min21,X_feature_price_price_to_min252,-0.438975,-0.496097,-0.463342,-0.398842,-0.398736,-0.422093,-0.340731,-0.398302,-0.374754,-0.406754,-0.588861,-0.501125,-0.369941,-0.398348,-0.338959,-0.350833,-0.310937,-0.363166,-0.389108,-0.283393,-0.379490,-0.316696,-0.469771,-0.355383
X_feature_price_price_to_min21,X_feature_price_ret90_shift0,-0.245512,-0.361031,-0.282488,-0.055064,-0.131317,-0.345124,-0.276064,-0.345476,-0.293186,-0.367891,-0.115548,-0.276058,-0.316715,-0.256327,-0.251750,-0.354296,-0.292227,-0.242603,-0.233113,-0.269311,-0.328493,-0.190318,-0.247451,-0.354145
X_feature_price_price_to_min21,X_feature_price_price_to_ma252,-0.281787,-0.389616,-0.338441,0.026588,-0.066415,-0.313228,-0.316424,-0.367801,-0.319391,-0.370014,-0.091785,-0.158323,-0.353297,-0.278890,-0.209056,-0.373003,-0.315636,-0.224820,-0.160551,-0.265291,-0.326712,-0.160272,-0.191049,-0.413712
X_feature_price_price_to_min21,X_feature_price_sharpe_ratio_compound_r126_volatility126_rolling,-0.206772,-0.323578,-0.269858,0.060112,-0.040308,-0.243392,-0.190204,-0.297166,-0.217029,-0.296369,-0.180416,-0.210136,-0.198720,-0.216306,-0.123156,-0.253447,-0.221121,-0.188727,-0.147941,-0.184029,-0.270826,-0.106321,-0.167318,-0.276857
X_feature_price_price_to_min21,X_feature_price_macd_21_126,-0.030792,-0.180178,-0.162771,0.134955,0.042549,0.001063,-0.006720,-0.088603,-0.035681,-0.084501,-0.057702,-0.057463,-0.026626,-0.010856,0.058048,0.012890,-0.016574,-0.027461,0.029274,-0.000839,-0.078469,0.029207,-0.024633,-0.034129
X_feature_price_price_to_min21,X_feature_price_final_to_high90_exclude10,0.041506,-0.003939,0.011460,0.224945,0.143179,0.050059,0.019473,-0.051618,-0.007824,-0.077397,0.133120,0.111771,0.012047,0.011123,0.044519,-0.079552,-0.031279,-0.006784,0.046330,-0.029086,-0.069667,0.056013,0.027583,-0.058784
X_feature_price_price_to_min21,X_feature_price_price_to_max252,-0.206979,-0.226785,-0.202727,0.127546,0.042885,-0.139204,-0.232856,-0.303975,-0.225165,-0.314648,-0.010048,0.060193,-0.219891,-0.212284,-0.085280,-0.347063,-0.273642,-0.195364,-0.074872,-0.256327,-0.291263,-0.099102,-0.103300,-0.347476
X_feature_price_price_to_min21,X_feature_price_final_to_high252_exclude21,0.148626,0.121616,0.087820,0.339793,0.258198,0.229373,0.173373,0.084038,0.146688,0.069996,0.222873,0.347671,0.168998,0.134949,0.233933,0.114367,0.127739,0.114843,0.247820,0.142539,0.082662,0.220025,0.200561,0.131004
X_feature_price_price_to_min21,X_feature_price_lag1,0.287583,0.273983,0.307436,0.250849,0.258603,0.254149,0.242161,0.258028,0.255959,0.283874,0.259853,0.267098,0.250130,0.263499,0.295793,0.276805,0.301397,0.239093,0.251506,0.259327,0.305582,0.273277,0.241293,0.236534
X_feature_price_price_to_min21,X_feature_price_ret21_shift0,0.675276,0.722616,0.669297,0.604386,0.565925,0.750543,0.732087,0.745513,0.752195,0.721440,0.569008,0.723751,0.720920,0.666801,0.726739,0.776736,0.712322,0.687857,0.710458,0.753155,0.701359,0.715418,0.712825,0.745210
X_feature_price_price_to_min21,X_feature_price_ret10_shift0,0.703482,0.717461,0.713819,0.652771,0.628131,0.729896,0.736100,0.729274,0.737704,0.732794,0.639928,0.700631,0.713766,0.697532,0.726817,0.743526,0.725119,0.718054,0.722843,0.754719,0.725486,0.734856,0.702319,0.740128
X_feature_price_price_to_min21,X_feature_price_ret5_shift0,0.600050,0.598304,0.607481,0.563846,0.569130,0.581993,0.601625,0.606826,0.603648,0.615471,0.573014,0.569010,0.580756,0.592600,0.593057,0.599334,0.599242,0.606492,0.594204,0.618817,0.624115,0.605296,0.580061,0.606998
X_feature_price_price_to_min21,X_feature_price_downside_vol10,-0.013955,0.063115,-0.005241,0.099127,0.036464,0.003778,-0.090775,-0.096350,-0.082926,-0.100255,0.035745,0.094665,-0.026090,-0.061789,-0.078882,-0.162622,-0.165303,-0.161707,-0.128355,-0.220025,-0.197763,-0.154796,-0.052392,-0.121809
X_feature_price_price_to_min21,X_feature_price_downside_vol21,0.104534,0.177163,0.091306,0.214971,0.144304,0.121519,0.015460,0.012941,0.014742,-0.004020,0.144437,0.215370,0.080137,0.044419,0.047404,-0.057269,-0.048202,-0.044805,0.014050,-0.091342,-0.086394,-0.013857,0.054324,-0.009818
X_feature_price_price_to_min21,X_feature_price_vol10,0.347554,0.435581,0.310680,0.374037,0.300441,0.359139,0.274138,0.302850,0.288610,0.296776,0.352315,0.406961,0.335006,0.264575,0.287436,0.225967,0.193047,0.198650,0.231246,0.154863,0.159464,0.197491,0.288638,0.247216
X_feature_price_price_to_min21,X_feature_price_upside_vol10,0.569646,0.625992,0.518132,0.565409,0.516743,0.575214,0.533746,0.561829,0.539059,0.548497,0.562954,0.587203,0.554068,0.505701,0.537493,0.512853,0.482177,0.499080,0.521020,0.484085,0.481982,0.501499,0.523743,0.530576
X_feature_price_price_to_min21,X_feature_price_upside_vol21,0.564430,0.626545,0.500330,0.551276,0.489159,0.585920,0.538924,0.588877,0.552899,0.552444,0.546790,0.590069,0.569643,0.513375,0.546319,0.542009,0.513181,0.516603,0.545610,0.516518,0.498728,0.543874,0.538046,0.528972
X_feature_price_price_to_min21,X_feature_price_upside_vol63,0.398138,0.479046,0.332883,0.423342,0.357142,0.420544,0.362740,0.383173,0.359494,0.360148,0.390601,0.432399,0.412393,0.351466,0.381715,0.348381,0.328614,0.327772,0.384606,0.307790,0.325516,0.356550,0.372530,0.353095
X_feature_price_price_to_min21,X_feature_price_atr5,0.278408,0.357831,0.247961,0.329297,0.239228,0.323666,0.231821,0.249303,0.248302,0.250316,0.291794,0.394629,0.325564,0.245631,0.266654,0.215892,0.180954,0.160328,0.218739,0.147809,0.123456,0.180340,0.268791,0.245825
X_feature_price_price_to_min21,X_feature_price_downside_vol126,0.253603,0.337533,0.209656,0.345707,0.268542,0.298990,0.212868,0.194509,0.180497,0.162449,0.258545,0.362582,0.288501,0.185079,0.261595,0.166016,0.154401,0.134733,0.247301,0.142291,0.115121,0.220864,0.252924,0.206818
X_feature_price_price_to_min21,X_feature_price_downside_vol63,0.232338,0.302677,0.194301,0.324400,0.243983,0.265067,0.172440,0.146986,0.144644,0.113449,0.244356,0.337587,0.239710,0.155361,0.216268,0.109629,0.113361,0.090749,0.188723,0.092433,0.061850,0.181766,0.203910,0.160167
X_feature_price_price_to_min21,X_feature_price_atr21,0.352667,0.430155,0.295159,0.388579,0.305770,0.375994,0.294135,0.326564,0.305989,0.305948,0.348116,0.430066,0.376742,0.296385,0.330954,0.284390,0.253234,0.237420,0.305574,0.231696,0.208694,0.283803,0.325390,0.305959
X_feature_price_price_to_min21,X_feature_price_atr126,0.311544,0.395063,0.258365,0.372965,0.290057,0.345032,0.264163,0.282936,0.255693,0.254913,0.297212,0.393556,0.342460,0.256479,0.311110,0.254546,0.225930,0.210383,0.291062,0.209054,0.190204,0.272167,0.304203,0.279616
X_feature_price_price_to_min21,X_feature_price_vol252,0.312628,0.387961,0.256886,0.366694,0.282867,0.341074,0.252141,0.267444,0.242394,0.245734,0.300155,0.372071,0.333120,0.236533,0.303057,0.244839,0.221996,0.200899,0.278901,0.195771,0.196557,0.266252,0.293290,0.262469
X_feature_price_price_to_min21,X_feature_market_cap_log_identity,-0.066056,-0.095604,-0.124025,0.078762,0.031760,0.035857,0.038432,0.011755,-0.017952,-0.016825,0.050907,0.130324,0.058233,0.014962,0.055728,0.030551,-0.012814,0.011627,0.106135,0.031357,-0.033041,0.023035,0.069391,0.023761
X_feature_price_price_to_min21,X_feature_market_cap_log_std21,0.418117,0.454077,0.371728,0.447802,0.359976,0.533175,0.445189,0.436913,0.428069,0.401510,0.324176,0.546396,0.506454,0.376452,0.430540,0.485134,0.395805,0.300210,0.413731,0.406262,0.293101,0.448513,0.491155,0.465629
X_feature_price_price_to_min21,X_feature_market_cap_log_std126,0.222547,0.314051,0.220877,0.335550,0.263902,0.313267,0.220985,0.246914,0.225216,0.194820,0.244942,0.361390,0.263961,0.183460,0.264724,0.211298,0.182587,0.164355,0.242063,0.155653,0.165519,0.226462,0.250185,0.235887
X_feature_price_price_to_min21,X_feature_market_cap_log_std504,0.201942,0.297155,0.212407,0.295098,0.228691,0.305095,0.215346,0.213713,0.186442,0.193143,0.214272,0.364191,0.284797,0.180180,0.231547,0.173217,0.147377,0.157267,0.207875,0.146139,0.145670,0.190264,0.247397,0.252238
X_feature_price_price_to_min21,X_feature_market_cap_log_std252,0.219364,0.320106,0.219796,0.319535,0.256906,0.298830,0.215707,0.229761,0.212325,0.185911,0.234003,0.375016,0.257699,0.203719,0.252819,0.201408,0.167202,0.155536,0.229479,0.151975,0.174385,0.182952,0.272683,0.238867
X_feature_price_price_to_min21,X_feature_market_cap_log_diff_126,-0.209640,-0.316445,-0.279300,0.022635,-0.049368,-0.299841,-0.234015,-0.315019,-0.229252,-0.319061,-0.068389,-0.206958,-0.270277,-0.212243,-0.162566,-0.309908,-0.253127,-0.176679,-0.172087,-0.208146,-0.272115,-0.124054,-0.164525,-0.319582
X_feature_price_price_to_min21,X_feature_market_cap_log_to_min126,0.535977,0.553612,0.541501,0.562677,0.521634,0.494271,0.466850,0.502589,0.496783,0.535041,0.668051,0.527903,0.508752,0.520478,0.473199,0.439285,0.458789,0.517455,0.507808,0.416267,0.529153,0.476482,0.524391,0.459715
X_feature_price_price_to_min21,X_feature_market_cap_log_to_max504,-0.170331,-0.176548,-0.186715,0.167503,0.080377,0.026012,-0.188998,-0.259643,-0.180110,-0.248954,0.012094,0.192801,-0.093680,-0.196243,-0.005282,-0.219261,-0.227845,-0.153419,0.052082,-0.151919,-0.233185,-0.012655,-0.051231,-0.275537
X_feature_price_price_to_min21,X_feature_market_cap_log_diff_504,-0.184647,-0.230378,-0.236389,-0.061419,0.060755,0.010149,-0.195084,-0.232641,-0.191796,-0.249928,-0.013121,0.130672,-0.112228,-0.177911,-0.066036,-0.104742,-0.164369,-0.142639,0.078276,-0.074162,-0.143889,-0.056366,-0.034823,-0.178803
X_feature_price_price_to_min21,X_feature_market_cap_log_to_min504,-0.280085,-0.371487,-0.332827,-0.238510,-0.228418,-0.345965,-0.276020,-0.285988,-0.262249,-0.328627,-0.440549,-0.479126,-0.328633,-0.248003,-0.243125,-0.251069,-0.225878,-0.252732,-0.254371,-0.192938,-0.236797,-0.215776,-0.386043,-0.326086
X_feature_price_price_to_min21,X_feature_pv_pv_corr21,0.298433,0.373160,0.345817,0.351208,0.269500,0.379364,0.380343,0.394964,0.405339,0.385286,0.284565,0.369054,0.368289,0.324541,0.373300,0.405568,0.371195,0.364000,0.374425,0.380486,0.318503,0.328681,0.316454,0.351634
X_feature_price_price_to_min21,X_feature_pv_pv_corr126,0.124092,0.179947,0.128287,0.105815,0.055105,0.153649,0.103901,0.149872,0.111301,0.161998,0.070262,0.159547,0.172663,0.129154,0.128633,0.163281,0.130743,0.138484,0.150421,0.093188,0.110953,0.091748,0.148643,0.170431
X_feature_price_price_to_min21,X_feature_pv_pv_corr63,0.145121,0.229029,0.147376,0.167382,0.104428,0.205399,0.167093,0.206982,0.180315,0.226632,0.119664,0.205830,0.216880,0.186737,0.199446,0.220983,0.182124,0.202997,0.199750,0.179053,0.170895,0.154036,0.194132,0.206810
X_feature_price_price_to_min21,X_feature_liquidity_turnover_level63,0.218200,0.332081,0.235672,0.290491,0.216893,0.261061,0.218987,0.238106,0.196999,0.174021,0.213227,0.234505,0.219990,0.152037,0.202490,0.174970,0.161830,0.129822,0.204628,0.151236,0.127858,0.158215,0.219036,0.170559
X_feature_price_price_to_min21,X_feature_volume_log_volume_ratio_max126,-0.020392,-0.030755,-0.012153,0.022032,0.046565,0.017759,0.064097,0.032018,0.012300,0.010519,0.032196,0.011503,0.014824,0.003211,0.020851,0.056705,0.055798,0.046781,0.027915,0.071329,0.069759,0.057300,0.042617,0.036601
X_feature_price_price_to_min21,X_feature_volume_log_volume_ratio_max252,-0.024076,-0.042549,-0.018016,0.019321,0.031160,0.001818,0.049895,0.022898,0.000110,0.004238,0.009928,-0.003803,0.015652,-0.003506,0.018795,0.058779,0.042294,0.042457,0.014132,0.058642,0.066525,0.058170,0.035786,0.046686
X_feature_price_price_to_min21,X_feature_pv_illiquidity_mean21,-0.069001,-0.117888,-0.095050,0.084967,0.043927,0.031268,0.039370,0.001122,0.002547,0.015542,0.088745,0.174956,0.082659,0.051772,0.085637,0.049771,0.010190,0.045911,0.131321,0.065336,0.002290,0.072679,0.089455,0.069400
X_feature_price_price_to_min21,X_feature_volume_log_volume_std504,-0.056467,-0.051150,0.000737,-0.000395,-0.018371,0.021460,0.085844,0.059556,0.019944,0.030995,0.020355,0.072056,0.059793,0.048914,0.084436,0.075515,0.065109,0.041439,0.026811,0.063621,0.033504,0.053415,0.076839,0.042057
X_feature_price_price_to_min21,X_feature_volume_log_volume_std126,-0.068289,-0.075059,-0.026672,0.009966,0.012949,0.056974,0.087038,0.057594,0.015644,0.023169,0.033599,0.106330,0.051429,0.034947,0.060081,0.073090,0.064633,0.030614,0.013576,0.059521,0.018957,0.045921,0.079577,0.037637
X_feature_price_price_to_min21,X_feature_volume_log_volume_std63,-0.068780,-0.073433,-0.029716,0.026398,0.019304,0.060790,0.080546,0.058946,0.022175,0.036026,0.031027,0.103549,0.052061,0.031829,0.051309,0.066464,0.062311,0.026314,0.024305,0.045898,0.012372,0.040882,0.080592,0.034226
X_feature_price_price_to_min21,X_feature_market_corr504,-0.010308,-0.077361,-0.073132,-0.201168,-0.061574,0.015550,0.095524,0.095917,0.039412,0.042475,-0.002730,0.021989,-0.025542,-0.012819,0.039992,0.060530,0.088590,0.080647,0.084751,0.043206,0.058524,-0.079423,0.073785,0.055144
X_feature_price_price_to_min21,X_feature_market_corr252,-0.025976,-0.108677,-0.083432,-0.214748,-0.015222,0.058385,0.067928,0.109439,0.026350,0.045276,0.013554,0.033692,-0.079047,0.019664,0.029174,0.054478,0.085639,0.075977,0.077766,-0.001320,0.046537,-0.080052,0.117173,0.003929
X_feature_price_price_to_min21,X_feature_short_interest_to_volume_log_ratio_std252,-0.022922,-0.005431,0.029805,0.061993,0.015972,0.041233,0.091428,0.047701,0.021631,0.013066,0.048001,0.094243,0.039675,0.037066,0.069449,0.075175,0.064494,0.037766,0.045654,0.071251,0.039494,0.070362,0.120816,0.061380
X_feature_price_price_to_min21,X_feature_short_interest_to_volume_log_ratio_std63,-0.014863,-0.004984,0.035669,0.044137,0.050975,0.071705,0.090035,0.068249,0.022466,0.026473,0.058702,0.086322,0.042341,0.022195,0.053902,0.074060,0.075895,0.035166,0.031957,0.074291,0.028730,0.059394,0.090832,0.050743
X_feature_price_price_to_min21,X_feature_short_interest_to_volume_log_ratio,-0.074972,-0.123423,-0.109554,-0.095844,-0.013870,-0.052544,-0.049136,-0.061811,-0.070265,-0.073813,0.005679,-0.025910,-0.021383,-0.032236,-0.014018,0.003026,-0.002138,0.006375,0.019412,0.026815,0.053821,0.003813,0.004582,-0.003116
X_feature_price_price_to_min21,X_feature_short_interest_to_volume_log_ratio_mean252,-0.053799,-0.102321,-0.107049,-0.137426,-0.040960,-0.032455,-0.047667,-0.062035,-0.076907,-0.063346,0.010389,0.019440,0.003262,-0.005895,-0.017924,0.001823,-0.007773,-0.017609,0.005287,0.031183,0.050020,-0.012380,0.010925,0.005398
X_feature_price_price_to_min21,X_feature_short_interest_to_volume_log_ratio_mean63,-0.076587,-0.129342,-0.124457,-0.119155,-0.036719,-0.052551,-0.062634,-0.076827,-0.087285,-0.068322,-0.008797,-0.000036,-0.016054,-0.026912,-0.029249,-0.001313,-0.012561,-0.020084,0.009434,0.015016,0.040131,-0.014761,0.000763,-0.010791
X_feature_price_price_to_min21,X_feature_short_interest_log_diff21,-0.014173,-0.003841,0.001849,-0.003195,-0.017087,0.000540,-0.008866,-0.004107,-0.000165,-0.000378,0.025991,-0.001733,-0.001843,0.000752,0.017643,-0.022699,0.009096,0.017111,-0.001051,-0.008815,-0.004573,0.005144,0.034971,-0.006000
X_feature_price_price_to_min21,X_feature_short_interest_log_diff252,-0.015290,-0.007848,0.006004,0.056095,0.034640,0.000977,0.009892,-0.009599,-0.006432,-0.016845,0.047888,0.018492,-0.017078,-0.021965,0.033971,0.002852,0.011647,0.027043,0.060087,0.004387,-0.007095,0.027779,0.084021,-0.023277
X_feature_price_price_to_min21,X_feature_short_interest_log_diff63,-0.014889,0.004669,0.006558,0.021493,-0.004949,-0.012124,0.001362,-0.015786,0.006643,-0.000664,0.037292,-0.003372,-0.005177,-0.011842,0.047476,-0.016911,0.016791,0.026613,0.026507,0.003822,-0.005264,0.018484,0.035166,-0.016202
X_feature_price_price_to_min21,X_feature_short_interest_log_diff126,-0.028961,-0.016762,0.004194,0.034732,0.008426,-0.007805,0.010749,-0.017398,0.001783,-0.001159,0.038736,-0.003471,-0.025284,-0.014442,0.026835,-0.007489,0.017358,0.026780,0.029944,0.015115,-0.011646,0.032439,0.062691,-0.043075
X_feature_price_price_to_min10,X_feature_price_high_to_initial126_exclude21,-0.123664,-0.178995,-0.150371,-0.070163,-0.021912,-0.159064,-0.083980,-0.130255,-0.097653,-0.095854,-0.049334,-0.123840,-0.093415,-0.084989,-0.055580,-0.102106,-0.074324,-0.048661,-0.006775,-0.021618,-0.073891,-0.011314,-0.054954,-0.147323
X_feature_price_price_to_min10,X_feature_price_high_to_initial90_exclude10,0.073891,0.165650,0.120007,0.069718,0.055399,0.150770,0.062049,0.117855,0.060107,0.105114,0.039216,0.150012,0.079610,0.076392,0.046883,0.081197,0.043443,0.022950,0.031128,0.022060,0.074400,-0.003386,0.040508,0.127683
X_feature_price_price_to_min10,X_feature_price_freq_loss_fl756,0.102960,0.121335,-0.016702,0.055731,0.089916,0.111719,-0.000833,-0.064329,-0.046993,-0.074138,0.004239,0.065216,-0.000562,-0.031626,0.067288,0.054272,0.042676,0.010287,0.081723,0.023516,-0.004255,0.012026,0.012505,0.055006
X_feature_price_price_to_min10,X_feature_price_freq_loss_fl252,0.003874,-0.066316,-0.098944,0.149619,0.063987,-0.049895,-0.056605,-0.098642,-0.091101,-0.051481,-0.002403,-0.029582,-0.050750,-0.037984,0.038272,-0.029852,-0.029587,-0.038378,0.048852,-0.046304,-0.076220,0.033914,-0.010101,-0.058877
X_feature_price_price_to_min10,X_feature_price_high_to_initial252_exclude21,-0.138171,-0.225202,-0.169660,-0.022007,-0.071443,-0.085536,-0.141103,-0.131638,-0.108635,-0.088784,-0.045548,-0.058232,-0.164670,-0.137639,-0.049663,-0.094581,-0.098143,-0.043843,0.044400,-0.052061,-0.054470,0.006148,-0.030927,-0.137230
X_feature_price_price_to_min10,X_feature_price_trend_streak200_504,0.024514,-0.026522,-0.109599,0.043173,0.150778,0.136477,0.013620,-0.018803,-0.016964,-0.040042,0.043687,0.100076,0.041071,0.007224,0.118021,0.096288,0.053935,0.016547,0.172700,0.079270,0.041700,0.057406,0.058379,0.040801
X_feature_price_price_to_min10,X_feature_price_ret252_shift0,-0.157018,-0.235401,-0.218220,0.110056,0.033598,-0.083852,-0.171011,-0.185410,-0.164221,-0.162808,-0.006041,0.079216,-0.187129,-0.146236,-0.020043,-0.171083,-0.140878,-0.088106,0.045743,-0.105090,-0.139447,-0.000384,-0.044407,-0.211059
X_feature_price_price_to_min10,X_feature_price_macd_21_252,-0.008529,-0.087423,-0.115883,0.191616,0.150413,0.113594,0.033644,-0.021679,0.000807,-0.034405,0.038054,0.081423,0.049765,0.017726,0.127915,0.040901,0.027498,0.011786,0.157460,0.053089,0.006185,0.109145,0.047918,-0.002141
X_feature_price_price_to_min10,X_feature_price_trend_streak200_126,-0.006260,-0.082046,-0.102358,0.205814,0.130167,0.030178,0.023767,-0.026934,-0.002563,-0.000435,0.041292,0.064450,0.024190,0.023441,0.133350,0.016560,0.029113,0.023598,0.143604,0.046489,-0.005044,0.121013,0.046413,-0.008492
X_feature_price_price_to_min10,X_feature_price_trend_streak200_252,0.002493,-0.088781,-0.116686,0.190601,0.135154,0.081616,0.013403,-0.023750,-0.011974,0.011201,0.034807,0.088050,0.013568,0.014888,0.132622,0.055274,0.021413,0.034180,0.171477,0.050402,0.016288,0.103960,0.050967,0.007178
X_feature_price_price_to_min10,X_feature_price_freq_loss_fl63,-0.090078,-0.164147,-0.115171,-0.013451,-0.078215,-0.159069,-0.132358,-0.179201,-0.137289,-0.154874,-0.110371,-0.143707,-0.136898,-0.104643,-0.093406,-0.142709,-0.113531,-0.134530,-0.128453,-0.138579,-0.172142,-0.085760,-0.125105,-0.146388
X_feature_price_price_to_min10,X_feature_price_freq_loss_fl21,0.269598,0.316449,0.259329,0.237981,0.229859,0.298514,0.293894,0.326014,0.299014,0.292650,0.266813,0.292064,0.286054,0.237412,0.280002,0.290631,0.277870,0.287569,0.302399,0.311878,0.330055,0.270268,0.276865,0.303541
X_feature_price_price_to_min10,X_feature_price_price_to_min63,0.535018,0.573210,0.534685,0.556805,0.524040,0.489384,0.482543,0.494887,0.472867,0.515235,0.610523,0.500850,0.501736,0.500110,0.489403,0.425887,0.442316,0.493235,0.499675,0.418257,0.517792,0.455456,0.488320,0.454444
X_feature_price_price_to_min10,X_feature_price_macd_10_21,-0.083900,-0.205218,-0.121366,-0.026910,-0.023182,-0.073405,-0.074005,-0.142609,-0.101735,-0.156061,-0.093224,-0.069737,-0.093839,-0.091438,-0.049065,-0.103695,-0.081012,-0.123035,-0.085317,-0.073530,-0.148488,-0.045198,-0.081889,-0.117853
X_feature_price_price_to_min10,X_feature_price_sharpe_ratio_compound_r63_volatility63_rolling,-0.199590,-0.311084,-0.218557,-0.008914,-0.140256,-0.227665,-0.199135,-0.255776,-0.205666,-0.262522,-0.211663,-0.203019,-0.224226,-0.198059,-0.166987,-0.228009,-0.181283,-0.213864,-0.180690,-0.179079,-0.253526,-0.131730,-0.203345,-0.238615
X_feature_price_price_to_min10,X_feature_price_price_to_ma63,0.390635,0.459285,0.375926,0.295713,0.281630,0.448729,0.402589,0.433531,0.415614,0.422537,0.279136,0.441229,0.438008,0.374527,0.391029,0.451015,0.379474,0.375676,0.385344,0.392213,0.417016,0.363532,0.395874,0.429107
X_feature_price_price_to_min10,X_feature_price_bb_pct126,-0.316261,-0.401991,-0.311837,-0.161802,-0.211014,-0.352593,-0.310212,-0.368093,-0.318459,-0.372711,-0.299620,-0.334152,-0.343788,-0.305256,-0.270368,-0.375863,-0.299511,-0.301682,-0.276831,-0.303165,-0.363719,-0.230214,-0.301333,-0.371359
X_feature_price_price_to_min10,X_feature_price_price_to_min252,-0.326006,-0.384972,-0.356712,-0.305013,-0.303088,-0.325118,-0.254397,-0.288401,-0.270184,-0.290059,-0.459442,-0.396895,-0.266851,-0.295951,-0.233661,-0.258784,-0.216657,-0.260204,-0.280766,-0.192826,-0.276332,-0.213597,-0.350143,-0.286852
X_feature_price_price_to_min10,X_feature_price_ret90_shift0,-0.166306,-0.262420,-0.203368,-0.013999,-0.071644,-0.248400,-0.184425,-0.236381,-0.186574,-0.245864,-0.063847,-0.198230,-0.210977,-0.155396,-0.140216,-0.240240,-0.174728,-0.153555,-0.150592,-0.164003,-0.218631,-0.090019,-0.148144,-0.249392
X_feature_price_price_to_min10,X_feature_price_price_to_ma252,-0.198738,-0.293372,-0.247996,0.055452,-0.019392,-0.223852,-0.219644,-0.253751,-0.217761,-0.247511,-0.054322,-0.090300,-0.242609,-0.182021,-0.110484,-0.258734,-0.200000,-0.148854,-0.091490,-0.165043,-0.222165,-0.074252,-0.119914,-0.303133
X_feature_price_price_to_min10,X_feature_price_sharpe_ratio_compound_r126_volatility126_rolling,-0.145615,-0.244478,-0.198557,0.068576,-0.009825,-0.167232,-0.121243,-0.202710,-0.137983,-0.194297,-0.128387,-0.138196,-0.129526,-0.130245,-0.051735,-0.163966,-0.129014,-0.127547,-0.085894,-0.108301,-0.182523,-0.033649,-0.101912,-0.198878
X_feature_price_price_to_min10,X_feature_price_macd_21_126,0.023774,-0.102461,-0.083275,0.164125,0.089823,0.050910,0.057288,-0.013814,0.028020,0.000361,-0.015347,0.012056,0.042057,0.046191,0.113356,0.067304,0.056008,0.017229,0.080940,0.060370,-0.009375,0.090679,0.016517,0.027958
X_feature_price_price_to_min10,X_feature_price_final_to_high90_exclude10,0.144460,0.110444,0.112773,0.275676,0.214663,0.180254,0.142422,0.097856,0.131256,0.075297,0.196517,0.227139,0.146713,0.140325,0.191669,0.096515,0.133108,0.107272,0.164040,0.132813,0.062866,0.191172,0.154223,0.117093
X_feature_price_price_to_min10,X_feature_price_price_to_max252,-0.156217,-0.169458,-0.140475,0.135701,0.065274,-0.102101,-0.172153,-0.220153,-0.157097,-0.220550,0.011897,0.077481,-0.167398,-0.136001,-0.024308,-0.265905,-0.185525,-0.131175,-0.035030,-0.170915,-0.201026,-0.031691,-0.068709,-0.242649
X_feature_price_price_to_min10,X_feature_price_final_to_high252_exclude21,0.107499,0.082108,0.052546,0.279155,0.208958,0.174904,0.127763,0.062850,0.105210,0.061514,0.165534,0.282609,0.123864,0.118365,0.201194,0.084873,0.109665,0.083677,0.191872,0.120273,0.067359,0.187835,0.151143,0.105526
X_feature_price_price_to_min10,X_feature_price_lag1,0.359815,0.347521,0.379704,0.320247,0.320204,0.342237,0.324984,0.332820,0.341816,0.351655,0.330085,0.333215,0.330016,0.322307,0.394856,0.363574,0.371415,0.307633,0.325161,0.344079,0.386171,0.354065,0.328358,0.323154
X_feature_price_price_to_min10,X_feature_price_ret21_shift0,0.430758,0.483826,0.412733,0.374368,0.331364,0.473239,0.454412,0.466717,0.461693,0.455713,0.344402,0.468090,0.458452,0.415182,0.445009,0.481716,0.436736,0.423376,0.437193,0.452525,0.452119,0.422372,0.461666,0.452347
X_feature_price_price_to_min10,X_feature_price_ret10_shift0,0.692091,0.701948,0.678813,0.636746,0.596925,0.722618,0.716410,0.717208,0.721127,0.709638,0.617007,0.702438,0.719920,0.660235,0.715044,0.741365,0.720819,0.678190,0.722919,0.737385,0.685863,0.709855,0.709397,0.706382
X_feature_price_price_to_min10,X_feature_price_ret5_shift0,0.743715,0.738496,0.732523,0.693800,0.688269,0.750409,0.748534,0.756231,0.761698,0.752412,0.690857,0.718461,0.749593,0.723811,0.740025,0.767453,0.746028,0.735690,0.752655,0.776175,0.747482,0.757096,0.748115,0.742419
X_feature_price_price_to_min10,X_feature_price_downside_vol10,0.019060,0.069931,0.031762,0.125589,0.089656,0.026404,-0.039413,-0.054564,-0.045775,-0.050671,0.063096,0.098380,-0.013989,-0.003027,-0.013242,-0.095522,-0.101151,-0.078656,-0.070378,-0.134041,-0.119207,-0.048649,-0.028846,-0.043264
X_feature_price_price_to_min10,X_feature_price_downside_vol21,0.137082,0.185137,0.128096,0.242048,0.182917,0.163094,0.084211,0.078987,0.078295,0.064771,0.176209,0.235109,0.119141,0.109153,0.127964,0.041139,0.046656,0.040921,0.090775,0.024333,0.002686,0.104550,0.089569,0.093673
X_feature_price_price_to_min10,X_feature_price_vol10,0.388623,0.446097,0.350954,0.403354,0.353711,0.394090,0.337046,0.357943,0.338914,0.352302,0.371855,0.421354,0.363300,0.324671,0.365934,0.317003,0.275662,0.283501,0.300856,0.258809,0.240602,0.315135,0.315051,0.331813
X_feature_price_price_to_min10,X_feature_price_upside_vol10,0.597453,0.630789,0.546062,0.582793,0.552849,0.599628,0.577930,0.599505,0.575629,0.581374,0.562151,0.595242,0.573660,0.541103,0.595747,0.582824,0.545533,0.551031,0.566738,0.558961,0.528085,0.584964,0.540355,0.592315
X_feature_price_price_to_min10,X_feature_price_upside_vol21,0.429323,0.483311,0.387373,0.449278,0.394297,0.443092,0.405174,0.428431,0.404589,0.410786,0.413827,0.460120,0.417222,0.397931,0.423634,0.411790,0.390406,0.378641,0.402253,0.385889,0.377865,0.424947,0.392149,0.414630
X_feature_price_price_to_min10,X_feature_price_upside_vol63,0.313751,0.378975,0.268680,0.359289,0.304248,0.338125,0.283759,0.291180,0.272633,0.280067,0.311734,0.362665,0.311884,0.287691,0.315094,0.278875,0.259509,0.245425,0.290028,0.238937,0.246705,0.291327,0.282273,0.297175
X_feature_price_price_to_min10,X_feature_price_atr5,0.315887,0.371827,0.280885,0.342107,0.272868,0.344079,0.274675,0.286474,0.278396,0.292974,0.298863,0.387315,0.323591,0.278371,0.302059,0.264795,0.230887,0.212492,0.249001,0.212366,0.170209,0.254473,0.275097,0.293064
X_feature_price_price_to_min10,X_feature_price_downside_vol126,0.220291,0.284300,0.190853,0.310401,0.244326,0.261508,0.188897,0.178467,0.166440,0.156277,0.232030,0.319590,0.238913,0.187851,0.244491,0.166543,0.158586,0.128027,0.212646,0.144223,0.119098,0.221503,0.208173,0.205072
X_feature_price_price_to_min10,X_feature_price_downside_vol63,0.208045,0.264281,0.183389,0.299135,0.230013,0.244553,0.168727,0.152439,0.148316,0.129948,0.227418,0.307813,0.212222,0.170062,0.221907,0.136333,0.138101,0.105722,0.176535,0.122371,0.090610,0.204023,0.179489,0.184269
X_feature_price_price_to_min10,X_feature_price_atr21,0.299687,0.362082,0.261472,0.351434,0.283944,0.323612,0.259147,0.276023,0.260309,0.265179,0.299079,0.368599,0.303103,0.269407,0.299372,0.254764,0.232944,0.208766,0.265001,0.218805,0.192420,0.281179,0.263834,0.286909
X_feature_price_price_to_min10,X_feature_price_atr126,0.262579,0.328113,0.227318,0.329825,0.263197,0.294686,0.224752,0.238728,0.218110,0.222194,0.256919,0.342490,0.274016,0.236925,0.279654,0.225305,0.204367,0.177870,0.242557,0.191485,0.167332,0.255118,0.245197,0.258133
X_feature_price_price_to_min10,X_feature_price_vol252,0.257838,0.319071,0.221302,0.321346,0.256024,0.288922,0.210505,0.221287,0.202385,0.206664,0.254860,0.325496,0.265050,0.218066,0.269682,0.214911,0.194672,0.167534,0.224119,0.176353,0.166592,0.242613,0.227122,0.244845
X_feature_price_price_to_min10,X_feature_market_cap_log_identity,-0.052691,-0.084190,-0.108098,0.060055,0.022801,0.027954,0.037971,0.013165,-0.018073,-0.004813,0.033006,0.116334,0.047389,0.020282,0.058328,0.031887,0.001727,0.010085,0.095022,0.042041,-0.023097,0.037703,0.057275,0.035159
X_feature_price_price_to_min10,X_feature_market_cap_log_std21,0.287195,0.331314,0.265932,0.352132,0.269187,0.372320,0.299143,0.290226,0.285409,0.273414,0.234241,0.390405,0.331076,0.272299,0.301687,0.311087,0.254807,0.192962,0.277668,0.267341,0.200912,0.308316,0.306761,0.312324
X_feature_price_price_to_min10,X_feature_market_cap_log_std126,0.169883,0.248343,0.181590,0.286259,0.225075,0.246029,0.170351,0.189057,0.174253,0.152380,0.210018,0.296299,0.192882,0.170346,0.217203,0.159246,0.148332,0.122133,0.189107,0.125136,0.131230,0.191405,0.188615,0.199500
X_feature_price_price_to_min10,X_feature_market_cap_log_std504,0.163952,0.243654,0.183659,0.260960,0.199060,0.253006,0.176778,0.176185,0.152772,0.158529,0.181430,0.307957,0.225089,0.162941,0.205124,0.145939,0.127526,0.130318,0.173743,0.128709,0.124557,0.175331,0.202495,0.228113
X_feature_price_price_to_min10,X_feature_market_cap_log_std252,0.172654,0.260784,0.185978,0.276590,0.221592,0.244813,0.178269,0.182777,0.171252,0.149701,0.196832,0.314177,0.201815,0.186748,0.218550,0.165388,0.142604,0.125416,0.187184,0.132493,0.145323,0.170211,0.220639,0.222306
X_feature_price_price_to_min10,X_feature_market_cap_log_diff_126,-0.150065,-0.242729,-0.209513,0.040085,-0.010296,-0.221110,-0.161069,-0.220761,-0.151776,-0.216725,-0.041584,-0.137812,-0.186674,-0.134648,-0.090132,-0.214640,-0.161186,-0.123678,-0.108042,-0.132164,-0.184653,-0.054409,-0.099053,-0.242145
X_feature_price_price_to_min10,X_feature_market_cap_log_to_min126,0.401277,0.427099,0.413717,0.438688,0.398516,0.369148,0.339953,0.362613,0.350496,0.390500,0.522808,0.411944,0.366288,0.386545,0.334894,0.312681,0.319934,0.374607,0.370765,0.287454,0.388727,0.332419,0.381438,0.345704
X_feature_price_price_to_min10,X_feature_market_cap_log_to_max504,-0.126970,-0.133885,-0.133176,0.160520,0.095336,0.035543,-0.135891,-0.185795,-0.120955,-0.167703,0.019033,0.181433,-0.057804,-0.124555,0.033968,-0.157294,-0.147199,-0.103205,0.060617,-0.088980,-0.158387,0.026102,-0.029777,-0.188956
X_feature_price_price_to_min10,X_feature_market_cap_log_diff_504,-0.143646,-0.185086,-0.196272,-0.057239,0.070957,0.016668,-0.145968,-0.178162,-0.144600,-0.181910,-0.019369,0.124553,-0.070943,-0.138458,-0.037278,-0.067612,-0.117013,-0.113513,0.073773,-0.034292,-0.102922,-0.033512,-0.021581,-0.138267
X_feature_price_price_to_min10,X_feature_market_cap_log_to_min504,-0.214390,-0.294600,-0.268037,-0.194536,-0.169432,-0.272507,-0.214046,-0.218038,-0.197804,-0.242823,-0.353598,-0.381449,-0.251949,-0.192444,-0.176639,-0.187870,-0.168272,-0.191273,-0.186110,-0.133852,-0.177047,-0.154033,-0.287343,-0.273518
X_feature_price_price_to_min10,X_feature_pv_pv_corr21,0.165964,0.226295,0.186633,0.208757,0.143430,0.214884,0.208109,0.221731,0.226002,0.223371,0.156491,0.232675,0.217206,0.181213,0.211769,0.233315,0.205684,0.203224,0.209724,0.207520,0.184262,0.169803,0.192680,0.191077
X_feature_price_price_to_min10,X_feature_pv_pv_corr126,0.075073,0.125183,0.083793,0.070701,0.032159,0.108740,0.060551,0.090105,0.057445,0.097938,0.031916,0.121480,0.111359,0.072836,0.072747,0.099646,0.067147,0.081650,0.094322,0.047146,0.060029,0.035437,0.096830,0.120640
X_feature_price_price_to_min10,X_feature_pv_pv_corr63,0.079301,0.149983,0.081762,0.109341,0.055952,0.129627,0.090283,0.117829,0.093986,0.136360,0.055938,0.148137,0.133568,0.104641,0.111528,0.128356,0.092812,0.116154,0.120221,0.088602,0.094101,0.069218,0.118470,0.129337
X_feature_price_price_to_min10,X_feature_liquidity_turnover_level63,0.174561,0.272391,0.199391,0.260043,0.196827,0.221555,0.183060,0.194900,0.163871,0.146372,0.180345,0.206911,0.171639,0.135145,0.180069,0.151365,0.141888,0.103939,0.164077,0.138776,0.109976,0.152310,0.178214,0.153145
X_feature_price_price_to_min10,X_feature_volume_log_volume_ratio_max126,-0.059029,-0.070260,-0.056841,-0.005069,0.015120,-0.014036,0.012307,-0.009652,-0.035335,-0.031828,-0.007858,-0.021069,-0.020576,-0.024710,-0.011353,0.018012,0.017005,0.004255,-0.005889,0.033107,0.031228,0.023001,-0.000226,0.015220
X_feature_price_price_to_min10,X_feature_volume_log_volume_ratio_max252,-0.060269,-0.076979,-0.055711,-0.008051,0.001631,-0.027516,0.002153,-0.015513,-0.042839,-0.034313,-0.022239,-0.032247,-0.016912,-0.026713,-0.012508,0.016377,0.005628,0.004157,-0.012901,0.024500,0.030440,0.023506,-0.002969,0.025898
X_feature_price_price_to_min10,X_feature_pv_illiquidity_mean21,-0.045217,-0.093343,-0.078718,0.066946,0.031346,0.029985,0.043200,0.010890,0.004132,0.029216,0.070302,0.156275,0.074017,0.058677,0.091745,0.054221,0.030288,0.050516,0.128495,0.079021,0.014176,0.084806,0.077823,0.082561
X_feature_price_price_to_min10,X_feature_volume_log_volume_std504,-0.053897,-0.052296,-0.013425,-0.012476,-0.027020,0.010151,0.062993,0.039868,0.001253,0.015661,0.005830,0.054413,0.042169,0.041720,0.073812,0.058401,0.051966,0.030637,0.024418,0.053537,0.020830,0.048981,0.059348,0.044691
X_feature_price_price_to_min10,X_feature_volume_log_volume_std126,-0.064973,-0.072651,-0.036708,-0.007086,-0.000572,0.043110,0.062301,0.037961,-0.003661,0.008976,0.017682,0.084344,0.037028,0.029671,0.053649,0.056804,0.053237,0.020617,0.012904,0.050315,0.009606,0.042990,0.060641,0.040258
X_feature_price_price_to_min10,X_feature_volume_log_volume_std63,-0.064514,-0.068605,-0.038852,0.009660,0.007385,0.049757,0.059002,0.040137,-0.000235,0.018625,0.018061,0.085525,0.039714,0.026423,0.049708,0.054221,0.049271,0.020418,0.022321,0.042804,0.006816,0.039348,0.061018,0.034100
X_feature_price_price_to_min10,X_feature_market_corr504,-0.016909,-0.072685,-0.075385,-0.173292,-0.079641,0.009324,0.076211,0.068163,0.025184,0.019382,-0.011504,0.011679,-0.026365,-0.020775,0.031058,0.045314,0.075300,0.061386,0.077379,0.044931,0.048720,-0.058974,0.070968,0.053627
X_feature_price_price_to_min10,X_feature_market_corr252,-0.030532,-0.096919,-0.084094,-0.182850,-0.038272,0.044661,0.048577,0.077588,0.010060,0.021022,0.002304,0.021123,-0.065991,0.005569,0.022211,0.038840,0.070573,0.056324,0.073915,0.003177,0.036180,-0.063514,0.104632,0.009756
X_feature_price_price_to_min10,X_feature_short_interest_to_volume_log_ratio_std252,-0.028603,-0.015196,0.012994,0.042411,0.003702,0.027580,0.067913,0.031593,0.004321,0.000585,0.029127,0.075682,0.027554,0.036645,0.061977,0.057798,0.053698,0.025187,0.036688,0.061453,0.027645,0.058627,0.093975,0.059377
X_feature_price_price_to_min10,X_feature_short_interest_to_volume_log_ratio_std63,-0.023649,-0.013296,0.014130,0.026129,0.026491,0.059628,0.066916,0.048747,0.001717,0.009503,0.036640,0.067305,0.030973,0.020249,0.051314,0.060282,0.063527,0.023063,0.022107,0.063536,0.020400,0.057589,0.070945,0.047208
X_feature_price_price_to_min10,X_feature_short_interest_to_volume_log_ratio,-0.080830,-0.133759,-0.120758,-0.103037,-0.033046,-0.069453,-0.070391,-0.073603,-0.089135,-0.075885,-0.026200,-0.037608,-0.035987,-0.050060,-0.031789,-0.019060,-0.026947,-0.014755,0.002584,0.012819,0.027226,-0.011547,-0.023602,-0.015095
X_feature_price_price_to_min10,X_feature_short_interest_to_volume_log_ratio_mean252,-0.038808,-0.089131,-0.094078,-0.126310,-0.050602,-0.029493,-0.044147,-0.053884,-0.069190,-0.046007,-0.003111,0.019734,0.001967,-0.014274,-0.018430,0.002370,-0.009831,-0.007474,0.007163,0.033852,0.042317,-0.003048,0.008671,0.011712
X_feature_price_price_to_min10,X_feature_short_interest_to_volume_log_ratio_mean63,-0.054434,-0.111677,-0.105560,-0.108865,-0.037068,-0.047016,-0.054209,-0.061539,-0.076955,-0.047087,-0.019289,0.004906,-0.012000,-0.030302,-0.026819,-0.002236,-0.016584,-0.007279,0.013486,0.023032,0.033923,-0.005645,-0.001295,-0.000905
X_feature_price_price_to_min10,X_feature_short_interest_log_diff21,-0.005180,0.001419,0.000094,0.001284,-0.008476,0.003452,-0.005417,0.003015,0.004678,0.007289,0.016608,-0.002781,-0.000098,-0.000829,0.023590,-0.011785,0.009227,0.013209,0.002486,-0.002469,0.003224,0.013340,0.025700,-0.014377
X_feature_price_price_to_min10,X_feature_short_interest_log_diff252,-0.009222,-0.009696,0.002019,0.053588,0.031726,-0.002376,0.009259,-0.006476,-0.001162,-0.001522,0.033297,0.016751,-0.014828,-0.018365,0.035020,0.004855,0.006488,0.021174,0.055547,0.010933,-0.003564,0.028762,0.061012,-0.023070
X_feature_price_price_to_min10,X_feature_short_interest_log_diff63,-0.008201,0.004866,0.008338,0.021752,-0.000170,-0.009213,0.001779,-0.006766,0.008457,0.007805,0.022519,0.000027,-0.004239,-0.006561,0.044629,-0.010983,0.011435,0.017549,0.025367,0.009070,0.002610,0.024611,0.032788,-0.023735
X_feature_price_price_to_min10,X_feature_short_interest_log_diff126,-0.017198,-0.011814,0.006235,0.032990,0.014231,-0.007631,0.007368,-0.007871,0.003441,0.010447,0.024080,-0.001776,-0.021019,-0.013923,0.030222,-0.004187,0.008967,0.019574,0.028485,0.016212,-0.006571,0.040587,0.046852,-0.044618
X_feature_price_high_to_initial126_exclude21,X_feature_price_high_to_initial90_exclude10,-0.550587,-0.533429,-0.514570,-0.345650,-0.340406,-0.542431,-0.531509,-0.619809,-0.537790,-0.600536,-0.395872,-0.445600,-0.522298,-0.553564,-0.436069,-0.622972,-0.557154,-0.544201,-0.394810,-0.566342,-0.582375,-0.453629,-0.439095,-0.601203
X_feature_price_high_to_initial126_exclude21,X_feature_price_freq_loss_fl756,0.039529,-0.160748,0.087960,0.037322,0.030573,-0.173712,0.105488,0.265901,0.197466,0.178904,0.168755,-0.122419,0.010777,0.177577,0.083426,-0.014275,-0.022089,0.163053,0.040058,0.062081,0.079410,0.213582,0.095888,-0.123765
X_feature_price_high_to_initial126_exclude21,X_feature_price_freq_loss_fl252,0.248445,0.230044,0.310185,0.116684,0.104956,0.188998,0.238330,0.343090,0.350410,0.287956,0.307242,0.077302,0.225368,0.217667,0.176624,0.209048,0.219304,0.296993,0.215448,0.277714,0.353117,0.307824,0.189164,0.193483
X_feature_price_high_to_initial126_exclude21,X_feature_price_high_to_initial252_exclude21,0.571756,0.528292,0.543941,0.230536,0.310795,0.343758,0.532331,0.558660,0.517927,0.517150,0.385863,0.122072,0.522556,0.490076,0.307831,0.514105,0.518179,0.457868,0.283943,0.466585,0.502442,0.411989,0.376761,0.484371
X_feature_price_high_to_initial126_exclude21,X_feature_price_trend_streak200_504,0.223738,0.174495,0.422146,0.005740,0.060439,-0.143184,0.191519,0.294459,0.276304,0.202826,0.259114,-0.113484,0.179982,0.237824,0.181958,-0.050066,0.097471,0.298364,0.054773,0.119804,0.204706,0.280967,0.116085,-0.076084
X_feature_price_high_to_initial126_exclude21,X_feature_price_ret252_shift0,0.542042,0.551350,0.567970,0.255089,0.255838,0.353015,0.547222,0.571427,0.560333,0.554200,0.371119,0.119337,0.531221,0.532139,0.358194,0.535188,0.540911,0.512223,0.394679,0.544766,0.570819,0.487401,0.409068,0.561924
X_feature_price_high_to_initial126_exclude21,X_feature_price_macd_21_252,0.431199,0.438254,0.563898,0.208641,0.196447,0.033007,0.280321,0.384761,0.420792,0.420708,0.442677,0.145852,0.250445,0.361573,0.264055,0.221836,0.315754,0.441280,0.280123,0.356982,0.431693,0.432198,0.333703,0.191043
X_feature_price_high_to_initial126_exclude21,X_feature_price_trend_streak200_126,0.571315,0.623329,0.658265,0.368276,0.382319,0.406066,0.492065,0.560563,0.608373,0.556073,0.600532,0.380498,0.481079,0.484463,0.428684,0.449474,0.524722,0.593534,0.489602,0.585781,0.634390,0.566947,0.485398,0.423871
X_feature_price_high_to_initial126_exclude21,X_feature_price_trend_streak200_252,0.425687,0.394877,0.540356,0.132431,0.171902,0.083331,0.351294,0.371851,0.418918,0.294937,0.405507,0.085399,0.315029,0.279810,0.256645,0.147539,0.331021,0.388649,0.219795,0.298152,0.392119,0.371251,0.239527,0.120003
X_feature_price_high_to_initial126_exclude21,X_feature_price_freq_loss_fl63,0.126051,0.098343,0.066422,0.024483,-0.001527,0.105369,0.059407,0.187990,0.110145,0.206544,0.108348,0.015062,0.048277,0.065153,0.035211,0.128930,0.053999,0.131089,0.138238,0.122664,0.175975,0.113104,0.140157,0.092532
X_feature_price_high_to_initial126_exclude21,X_feature_price_freq_loss_fl21,-0.032692,-0.024792,0.039031,-0.008865,0.043658,0.004590,0.032174,-0.065003,0.010339,-0.057988,-0.021807,0.052994,0.035135,0.017709,0.027039,0.008814,0.050700,-0.017168,-0.021376,0.018162,-0.034547,-0.009993,-0.045536,0.022826
X_feature_price_high_to_initial126_exclude21,X_feature_price_price_to_min63,-0.209031,-0.298540,-0.251151,-0.079498,-0.042019,-0.297246,-0.173706,-0.270547,-0.172844,-0.261172,-0.051649,-0.236892,-0.216258,-0.170971,-0.098883,-0.266340,-0.191972,-0.126895,-0.106598,-0.160524,-0.175952,-0.063506,-0.177315,-0.244585
X_feature_price_high_to_initial126_exclude21,X_feature_price_macd_10_21,0.136269,0.175405,0.067912,0.014546,0.006466,0.040572,0.028632,0.122556,0.033554,0.181755,0.033267,-0.013939,0.052617,0.062012,0.010116,0.091569,0.030251,0.090610,0.105696,0.096696,0.108804,0.057689,0.123066,0.063605
X_feature_price_high_to_initial126_exclude21,X_feature_price_sharpe_ratio_compound_r63_volatility63_rolling,0.194595,0.221515,0.142184,0.067583,0.045261,0.131531,0.095092,0.215563,0.108092,0.254719,0.072536,0.069875,0.126161,0.138247,0.083877,0.192456,0.097928,0.172339,0.162216,0.191813,0.198777,0.121037,0.207327,0.160318
X_feature_price_high_to_initial126_exclude21,X_feature_price_price_to_ma63,-0.109620,-0.153713,-0.060874,-0.004171,0.014553,-0.132200,-0.038361,-0.139934,-0.035033,-0.165054,0.021495,-0.058179,-0.067590,-0.053294,-0.011074,-0.146995,-0.044601,-0.073605,-0.094766,-0.094467,-0.096719,-0.053349,-0.130189,-0.094566
X_feature_price_high_to_initial126_exclude21,X_feature_price_bb_pct126,0.232338,0.269815,0.150070,0.115984,0.084386,0.095660,0.090807,0.242840,0.126287,0.256843,0.137798,0.027853,0.115320,0.122509,0.093274,0.125556,0.102176,0.230288,0.187915,0.178444,0.236786,0.159329,0.231982,0.103838
X_feature_price_high_to_initial126_exclude21,X_feature_price_price_to_min252,0.566194,0.628445,0.593924,0.420049,0.386569,0.633179,0.599101,0.685305,0.616151,0.663654,0.313149,0.473982,0.591988,0.596309,0.514869,0.696518,0.629961,0.564247,0.484724,0.638713,0.641644,0.511924,0.428308,0.659688
X_feature_price_high_to_initial126_exclude21,X_feature_price_ret90_shift0,0.312892,0.335878,0.235488,0.124914,0.129003,0.340619,0.267015,0.392516,0.252285,0.407204,0.139263,0.257295,0.271558,0.313588,0.224154,0.434898,0.289353,0.303354,0.268864,0.373590,0.359218,0.254558,0.293832,0.378538
X_feature_price_high_to_initial126_exclude21,X_feature_price_price_to_ma252,0.515349,0.562905,0.489738,0.305896,0.287235,0.503496,0.513691,0.596987,0.527801,0.594327,0.322168,0.374047,0.524102,0.534680,0.433568,0.630925,0.539750,0.521610,0.478464,0.605934,0.579903,0.500527,0.483291,0.617067
X_feature_price_high_to_initial126_exclude21,X_feature_price_sharpe_ratio_compound_r126_volatility126_rolling,0.524080,0.550973,0.445137,0.390531,0.292568,0.465006,0.438101,0.577987,0.478527,0.582245,0.377238,0.380037,0.462237,0.495052,0.438212,0.561948,0.480321,0.542485,0.482337,0.576725,0.572149,0.473910,0.505175,0.534897
X_feature_price_high_to_initial126_exclude21,X_feature_price_macd_21_126,0.357618,0.462828,0.457760,0.243898,0.234960,0.192699,0.209500,0.346170,0.346022,0.377493,0.356450,0.189001,0.243090,0.295184,0.275111,0.210707,0.215097,0.397311,0.356117,0.334964,0.424249,0.393990,0.358769,0.197593
X_feature_price_high_to_initial126_exclude21,X_feature_price_final_to_high90_exclude10,0.052049,0.006917,-0.067351,-0.024390,-0.027769,-0.121352,-0.068487,0.011661,-0.051915,0.075912,0.003592,-0.127153,-0.061084,-0.009414,-0.017339,0.019224,-0.047721,0.090973,0.098243,0.092939,0.082880,0.086227,0.098617,-0.026782
X_feature_price_high_to_initial126_exclude21,X_feature_price_price_to_max252,0.210165,0.236301,0.158635,0.104364,0.084758,0.022981,0.064071,0.196165,0.150102,0.219370,0.195272,0.000416,0.078577,0.124492,0.177042,0.129892,0.107610,0.267175,0.253997,0.255047,0.263204,0.276691,0.249737,0.080201
X_feature_price_high_to_initial126_exclude21,X_feature_price_final_to_high252_exclude21,0.251122,0.259539,0.226069,0.124050,0.105205,0.043363,0.139370,0.246697,0.235891,0.278491,0.243161,-0.020627,0.145891,0.187076,0.221545,0.202429,0.196517,0.326445,0.291504,0.346065,0.332450,0.343897,0.284234,0.143709
X_feature_price_high_to_initial126_exclude21,X_feature_price_lag1,-0.009591,0.005853,-0.056903,-0.004133,0.036110,-0.027962,0.003653,-0.022979,-0.000079,0.012380,0.005139,0.025033,0.003320,0.043348,0.016273,-0.016546,-0.001644,-0.048622,-0.004168,0.009356,-0.049175,0.018063,-0.001583,-0.010076
X_feature_price_high_to_initial126_exclude21,X_feature_price_ret21_shift0,-0.050945,-0.089030,-0.005622,-0.009590,0.037769,-0.049426,0.015605,-0.054323,0.021671,-0.058161,0.041087,0.010151,0.012533,0.015069,0.032859,-0.024587,0.025638,-0.011882,-0.011289,0.023419,-0.017649,0.015193,-0.050932,-0.005151
X_feature_price_high_to_initial126_exclude21,X_feature_price_ret10_shift0,-0.057100,-0.054288,-0.007635,-0.028185,0.049504,-0.027184,0.006275,-0.035067,0.007789,-0.046273,0.022135,0.009617,0.005408,0.010500,0.008887,-0.017559,0.018745,-0.014405,0.007382,0.012700,-0.017764,-0.002509,-0.046252,0.009108
X_feature_price_high_to_initial126_exclude21,X_feature_price_ret5_shift0,-0.049588,-0.041762,-0.001009,-0.014143,0.051366,-0.021469,0.009548,-0.028610,-0.002931,-0.039054,0.018157,0.009911,0.002318,0.003304,0.002731,-0.019126,0.019485,-0.013667,0.009555,0.002711,-0.020279,-0.012958,-0.030484,0.001831
X_feature_price_high_to_initial126_exclude21,X_feature_price_downside_vol10,-0.138940,-0.272107,-0.322061,-0.088892,-0.119435,-0.310151,-0.213790,-0.222538,-0.234873,-0.139315,-0.118348,-0.294605,-0.238068,-0.164629,-0.127545,-0.189121,-0.221138,-0.050902,-0.041340,-0.097155,-0.142076,-0.030754,-0.067948,-0.263010
X_feature_price_high_to_initial126_exclude21,X_feature_price_downside_vol21,-0.177409,-0.320722,-0.370443,-0.109419,-0.124427,-0.368785,-0.258072,-0.275565,-0.277671,-0.183656,-0.147078,-0.337828,-0.281087,-0.208163,-0.141896,-0.235313,-0.262273,-0.068445,-0.029914,-0.112590,-0.178441,-0.042822,-0.095191,-0.298896
X_feature_price_high_to_initial126_exclude21,X_feature_price_vol10,-0.190514,-0.330724,-0.364818,-0.104620,-0.122143,-0.365097,-0.252202,-0.272809,-0.262179,-0.180739,-0.120862,-0.332681,-0.273727,-0.197859,-0.140104,-0.238749,-0.257659,-0.072043,-0.022078,-0.113558,-0.186009,-0.022479,-0.094478,-0.311749
X_feature_price_high_to_initial126_exclude21,X_feature_price_upside_vol10,-0.184437,-0.295786,-0.319694,-0.093573,-0.096810,-0.317759,-0.206776,-0.232534,-0.217028,-0.158374,-0.093817,-0.287189,-0.230632,-0.158406,-0.118435,-0.205397,-0.209343,-0.068347,-0.004348,-0.089984,-0.164441,-0.010040,-0.085907,-0.270093
X_feature_price_high_to_initial126_exclude21,X_feature_price_upside_vol21,-0.206598,-0.337733,-0.359420,-0.108336,-0.120956,-0.366060,-0.239890,-0.268611,-0.246445,-0.177565,-0.103003,-0.326098,-0.270704,-0.192013,-0.122364,-0.238705,-0.239482,-0.074253,0.006675,-0.091271,-0.180635,0.006678,-0.089880,-0.307422
X_feature_price_high_to_initial126_exclude21,X_feature_price_upside_vol63,-0.266259,-0.402224,-0.428932,-0.134100,-0.155130,-0.440792,-0.317849,-0.365226,-0.307660,-0.280133,-0.128563,-0.379780,-0.373105,-0.288277,-0.169116,-0.338949,-0.346247,-0.129443,-0.070314,-0.192669,-0.257743,-0.062826,-0.125761,-0.390091
X_feature_price_high_to_initial126_exclude21,X_feature_price_atr5,-0.181498,-0.341895,-0.377776,-0.110953,-0.134646,-0.379268,-0.250120,-0.298206,-0.276903,-0.211429,-0.138653,-0.360585,-0.308744,-0.249944,-0.154103,-0.264167,-0.286021,-0.076947,-0.043020,-0.123912,-0.212084,-0.023979,-0.123368,-0.350408
X_feature_price_high_to_initial126_exclude21,X_feature_price_downside_vol126,-0.147688,-0.321967,-0.364685,-0.077330,-0.093180,-0.322691,-0.192132,-0.210358,-0.173671,-0.119215,-0.126492,-0.322411,-0.250234,-0.163621,-0.067008,-0.126877,-0.168647,0.045359,0.048906,0.075350,-0.087697,0.059744,-0.014208,-0.256590
X_feature_price_high_to_initial126_exclude21,X_feature_price_downside_vol63,-0.193553,-0.350226,-0.399547,-0.119856,-0.113103,-0.381590,-0.261078,-0.289740,-0.259619,-0.190201,-0.150243,-0.334455,-0.280458,-0.207276,-0.105586,-0.216131,-0.264399,-0.039949,-0.001602,-0.030489,-0.165202,-0.003320,-0.056925,-0.289103
X_feature_price_high_to_initial126_exclude21,X_feature_price_atr21,-0.213073,-0.378217,-0.416456,-0.122893,-0.144545,-0.419156,-0.280895,-0.342579,-0.307779,-0.254393,-0.153983,-0.390911,-0.341690,-0.280684,-0.165370,-0.305641,-0.321307,-0.095260,-0.036885,-0.133016,-0.237289,-0.025121,-0.141479,-0.380623
X_feature_price_high_to_initial126_exclude21,X_feature_price_atr126,-0.242860,-0.404418,-0.436793,-0.125315,-0.168433,-0.426190,-0.281208,-0.362518,-0.306962,-0.289925,-0.181843,-0.408000,-0.379999,-0.322760,-0.171108,-0.317822,-0.320272,-0.096771,-0.057164,-0.123789,-0.240781,-0.023031,-0.140483,-0.400670
X_feature_price_high_to_initial126_exclude21,X_feature_price_vol252,-0.257919,-0.435762,-0.460543,-0.154227,-0.208467,-0.468301,-0.304095,-0.370104,-0.306663,-0.292549,-0.199451,-0.417214,-0.385148,-0.307224,-0.185476,-0.326359,-0.326988,-0.132018,-0.105054,-0.184302,-0.276299,-0.097832,-0.158551,-0.424224
X_feature_price_high_to_initial126_exclude21,X_feature_market_cap_log_identity,0.158278,0.165764,0.170144,-0.050902,-0.121369,-0.041053,-0.050099,-0.014562,0.033726,0.055942,0.032983,-0.125517,-0.068420,0.017484,0.026458,-0.028498,0.036150,0.056115,-0.029284,0.038333,0.085000,0.127070,0.075303,-0.068384
X_feature_price_high_to_initial126_exclude21,X_feature_market_cap_log_std21,-0.140552,-0.285009,-0.307907,-0.092255,-0.092061,-0.314243,-0.217969,-0.248622,-0.226214,-0.146179,-0.087873,-0.266212,-0.212412,-0.165777,-0.099220,-0.159937,-0.212239,-0.018511,0.011479,-0.045348,-0.137594,0.019466,-0.083183,-0.226493
X_feature_price_high_to_initial126_exclude21,X_feature_market_cap_log_std126,-0.267154,-0.439572,-0.434382,-0.169444,-0.173164,-0.531819,-0.451066,-0.523419,-0.397890,-0.407991,-0.128494,-0.433234,-0.456175,-0.330765,-0.312320,-0.551990,-0.471877,-0.216056,-0.227000,-0.375944,-0.350846,-0.185926,-0.266454,-0.570246
X_feature_price_high_to_initial126_exclude21,X_feature_market_cap_log_std504,-0.345880,-0.403324,-0.425978,-0.158847,-0.233582,-0.470716,-0.396254,-0.451455,-0.345623,-0.340977,-0.138957,-0.351328,-0.420673,-0.359010,-0.251708,-0.387618,-0.358490,-0.227696,-0.163917,-0.279963,-0.349830,-0.151950,-0.225400,-0.486303
X_feature_price_high_to_initial126_exclude21,X_feature_market_cap_log_std252,-0.370007,-0.422764,-0.403908,-0.222333,-0.224111,-0.501677,-0.526069,-0.555060,-0.427823,-0.492403,-0.021195,-0.367864,-0.531448,-0.422898,-0.283034,-0.619043,-0.543515,-0.243558,-0.190543,-0.422017,-0.421804,-0.185315,-0.201497,-0.655209
X_feature_price_high_to_initial126_exclude21,X_feature_market_cap_log_diff_126,0.478142,0.539142,0.465643,0.318528,0.319189,0.565422,0.507452,0.612483,0.498655,0.604581,0.325565,0.425338,0.514219,0.537524,0.452569,0.645795,0.541026,0.529459,0.494303,0.599184,0.580560,0.495206,0.504854,0.601393
X_feature_price_high_to_initial126_exclude21,X_feature_market_cap_log_to_min126,-0.365088,-0.465057,-0.426489,-0.221353,-0.194895,-0.501188,-0.421882,-0.527325,-0.379111,-0.487253,-0.190415,-0.402393,-0.443138,-0.407763,-0.333860,-0.552484,-0.444751,-0.361614,-0.314203,-0.464037,-0.427316,-0.281955,-0.341692,-0.525103
X_feature_price_high_to_initial126_exclude21,X_feature_market_cap_log_to_max504,0.208546,0.198122,0.226195,0.061341,0.065067,-0.060612,0.120071,0.240038,0.212474,0.253851,0.222925,-0.126233,0.131891,0.188554,0.195856,0.120737,0.152663,0.303048,0.194430,0.239087,0.293087,0.314390,0.228845,0.098035
X_feature_price_high_to_initial126_exclude21,X_feature_market_cap_log_diff_504,0.396497,0.347186,0.507278,0.094698,0.119515,0.038950,0.341127,0.488757,0.401845,0.375098,0.337550,-0.108653,0.201765,0.435478,0.278375,0.202908,0.334859,0.406992,0.170495,0.245916,0.395008,0.372529,0.273519,0.193082
X_feature_price_high_to_initial126_exclude21,X_feature_market_cap_log_to_min504,0.458780,0.524649,0.584105,0.279331,0.330243,0.555027,0.469265,0.552028,0.490415,0.494770,0.367056,0.455152,0.495611,0.471238,0.441064,0.471766,0.454952,0.473463,0.434917,0.450846,0.512065,0.471986,0.422299,0.541104
X_feature_price_high_to_initial126_exclude21,X_feature_pv_pv_corr21,-0.020686,-0.054932,-0.007902,-0.006094,-0.015448,-0.013992,0.034484,0.041388,0.051431,-0.012522,0.059135,-0.027595,-0.001360,0.032525,0.030152,0.021804,0.041438,0.029458,0.015935,0.032988,0.043462,0.037980,-0.013528,0.011967
X_feature_price_high_to_initial126_exclude21,X_feature_pv_pv_corr126,-0.325802,-0.343950,-0.255178,-0.252249,-0.272371,-0.324643,-0.290572,-0.299284,-0.258557,-0.366501,-0.174190,-0.295454,-0.330630,-0.302982,-0.268415,-0.350538,-0.325208,-0.307465,-0.305409,-0.391373,-0.267996,-0.223611,-0.273633,-0.315803
X_feature_price_high_to_initial126_exclude21,X_feature_pv_pv_corr63,-0.109892,-0.149237,-0.064279,-0.039952,-0.087696,-0.126530,-0.054382,-0.059560,-0.035261,-0.143375,0.006294,-0.109792,-0.127887,-0.072174,-0.052072,-0.101228,-0.065421,-0.065298,-0.080405,-0.125316,-0.041637,-0.032809,-0.115718,-0.094884
X_feature_price_high_to_initial126_exclude21,X_feature_liquidity_turnover_level63,-0.137246,-0.370360,-0.414114,-0.181309,-0.208897,-0.349449,-0.258680,-0.319137,-0.232082,-0.192597,-0.169079,-0.258680,-0.220034,-0.169795,-0.119980,-0.165042,-0.208977,-0.044121,-0.081030,-0.073188,-0.125390,0.000790,-0.150112,-0.229067
X_feature_price_high_to_initial126_exclude21,X_feature_volume_log_volume_ratio_max126,0.029993,0.027012,0.021655,0.021674,0.005398,0.007572,-0.047495,-0.031595,0.003116,-0.084450,-0.021112,-0.032274,-0.046732,-0.047201,-0.030092,-0.068475,-0.055313,-0.130546,-0.058546,-0.056590,-0.080476,-0.064687,-0.107590,-0.091760
X_feature_price_high_to_initial126_exclude21,X_feature_volume_log_volume_ratio_max252,0.042737,0.028200,0.010242,0.009560,-0.008037,-0.001052,-0.043199,-0.044948,0.013251,-0.086318,-0.011559,-0.028017,-0.065385,-0.050502,-0.032711,-0.099778,-0.067485,-0.137534,-0.074097,-0.067058,-0.109561,-0.087354,-0.149797,-0.111659
X_feature_price_high_to_initial126_exclude21,X_feature_pv_illiquidity_mean21,0.154072,0.234356,0.239965,0.000648,-0.048098,0.027038,-0.017821,0.037348,0.042888,0.045445,0.060512,-0.115183,-0.059571,0.014139,0.022807,-0.041933,0.028375,0.028346,-0.002261,0.013059,0.064424,0.106792,0.092908,-0.079771
X_feature_price_high_to_initial126_exclude21,X_feature_volume_log_volume_std504,0.011375,0.073888,-0.050224,-0.067338,-0.114761,-0.053099,-0.151881,-0.135826,-0.061098,-0.095382,-0.020404,-0.095952,-0.101907,-0.123484,-0.092823,-0.132930,-0.094501,-0.140211,-0.023951,-0.071446,-0.054917,-0.068987,-0.110515,-0.065190
X_feature_price_high_to_initial126_exclude21,X_feature_volume_log_volume_std126,0.046915,0.103319,0.023793,-0.057791,-0.083871,-0.058594,-0.115563,-0.096854,-0.025166,-0.085031,-0.021559,-0.109766,-0.059109,-0.087626,-0.071322,-0.099366,-0.095285,-0.129316,-0.035696,-0.057792,-0.019459,-0.063273,-0.104839,-0.086716
X_feature_price_high_to_initial126_exclude21,X_feature_volume_log_volume_std63,0.054012,0.102031,0.031358,-0.056631,-0.083725,-0.074043,-0.108598,-0.087346,-0.013652,-0.074062,-0.022651,-0.094985,-0.048562,-0.069701,-0.070906,-0.091394,-0.083220,-0.117900,-0.048446,-0.050670,-0.026237,-0.066640,-0.103162,-0.049254
X_feature_price_high_to_initial126_exclude21,X_feature_market_corr504,0.017886,0.105656,0.141241,0.034746,0.019976,-0.059491,-0.196722,-0.193132,-0.054034,-0.097437,-0.106156,-0.052435,-0.040701,-0.050647,-0.085818,-0.073480,-0.121183,-0.145608,-0.151776,0.075744,0.033542,-0.030605,-0.091530,-0.065429
X_feature_price_high_to_initial126_exclude21,X_feature_market_corr252,0.046476,0.145909,0.167677,0.026520,-0.036992,-0.082642,-0.143139,-0.178581,-0.041974,-0.106822,-0.097411,-0.035202,0.074721,-0.091039,-0.094982,-0.015012,-0.121387,-0.138945,-0.119305,0.185004,0.066088,-0.008890,-0.117351,-0.059684
X_feature_price_high_to_initial126_exclude21,X_feature_short_interest_to_volume_log_ratio_std252,0.008122,0.033774,-0.082216,-0.081362,-0.115055,-0.057985,-0.132817,-0.106438,-0.026698,-0.040036,0.008739,-0.098286,-0.031208,-0.063086,-0.039550,-0.112479,-0.096281,-0.064766,-0.032676,-0.071807,-0.057399,-0.047581,-0.081007,-0.118335
X_feature_price_high_to_initial126_exclude21,X_feature_short_interest_to_volume_log_ratio_std63,-0.000802,0.021441,-0.085671,-0.064474,-0.050327,-0.072211,-0.117398,-0.090777,-0.029658,-0.047434,-0.010268,-0.081081,-0.013854,-0.080309,-0.067098,-0.100702,-0.101216,-0.097874,-0.039043,-0.074058,-0.052419,-0.049504,-0.103173,-0.073762
X_feature_price_high_to_initial126_exclude21,X_feature_short_interest_to_volume_log_ratio,0.059633,0.118910,0.163476,0.029518,0.015311,0.034757,0.032974,0.069144,0.098613,0.043334,0.056466,-0.033184,-0.058813,0.024319,0.026094,0.010465,0.041649,0.012876,-0.015036,0.056355,0.011047,-0.014713,-0.049056,0.022214
X_feature_price_high_to_initial126_exclude21,X_feature_short_interest_to_volume_log_ratio_mean252,0.007307,0.131248,0.189805,0.047503,0.042901,-0.013990,0.018422,0.053421,0.075156,0.057796,0.004162,-0.078688,-0.095603,-0.014718,-0.023764,-0.014573,-0.015830,-0.046013,-0.045763,-0.001041,-0.054962,-0.050170,-0.057304,0.005958
X_feature_price_high_to_initial126_exclude21,X_feature_short_interest_to_volume_log_ratio_mean63,0.046677,0.137519,0.177924,0.037475,0.000845,0.007410,0.029128,0.075248,0.086897,0.045082,0.041168,-0.064155,-0.083979,0.003738,-0.003788,-0.015134,0.019049,-0.016420,-0.031482,0.035426,-0.013681,-0.028561,-0.062051,0.022055
X_feature_price_high_to_initial126_exclude21,X_feature_short_interest_log_diff21,0.033700,0.003127,0.012405,0.028240,0.034039,0.034103,0.032827,0.038689,0.041550,0.060666,0.045361,0.050472,0.060382,0.071695,0.059329,0.086887,0.071140,0.066401,0.041287,0.087609,0.072577,0.025403,0.056555,0.043827
X_feature_price_high_to_initial126_exclude21,X_feature_short_interest_log_diff252,0.039764,0.010499,-0.045641,-0.065072,-0.035690,0.012888,-0.067172,0.011670,0.012989,0.049989,0.090669,-0.003054,0.057776,0.086806,0.071146,0.056798,0.076393,0.088232,0.062689,0.142222,0.171921,0.065792,0.017828,0.065741
X_feature_price_high_to_initial126_exclude21,X_feature_short_interest_log_diff63,0.081710,0.021708,0.017623,0.025223,0.069368,0.055352,0.041785,0.052896,0.049713,0.082005,0.101297,0.085131,0.105894,0.109985,0.092245,0.147835,0.133313,0.137550,0.089839,0.152084,0.158208,0.078560,0.091919,0.109556
X_feature_price_high_to_initial126_exclude21,X_feature_short_interest_log_diff126,0.038724,-0.028307,-0.060365,-0.079208,-0.055309,-0.010730,-0.041417,0.013214,0.010173,0.043725,0.102674,0.038785,0.071259,0.063674,0.046650,0.113725,0.125754,0.156404,0.101626,0.173596,0.198891,0.100090,0.098332,0.152625
X_feature_price_high_to_initial90_exclude10,X_feature_price_freq_loss_fl756,-0.001250,0.188580,-0.066085,-0.000521,0.007494,0.191455,-0.109093,-0.189388,-0.150622,-0.163906,-0.061238,0.104274,-0.040250,-0.148093,0.001352,0.026900,0.015081,-0.128574,0.065067,-0.052066,-0.050489,-0.150859,-0.035688,0.075455
X_feature_price_high_to_initial90_exclude10,X_feature_price_freq_loss_fl252,-0.206069,-0.164876,-0.253411,-0.037257,-0.046515,-0.132892,-0.223211,-0.260571,-0.270477,-0.229762,-0.161490,-0.077511,-0.208478,-0.172783,-0.088124,-0.168100,-0.163712,-0.247078,-0.060928,-0.233812,-0.257976,-0.195954,-0.104693,-0.157542
X_feature_price_high_to_initial90_exclude10,X_feature_price_high_to_initial252_exclude21,-0.415848,-0.417030,-0.411744,-0.096176,-0.170778,-0.241441,-0.380190,-0.437950,-0.339968,-0.378762,-0.223880,-0.097166,-0.386936,-0.363847,-0.214391,-0.362315,-0.351652,-0.303564,-0.075599,-0.330416,-0.318342,-0.257099,-0.258649,-0.290195
X_feature_price_high_to_initial90_exclude10,X_feature_price_trend_streak200_504,-0.159227,-0.078731,-0.284398,0.041293,0.024151,0.208742,-0.134269,-0.176137,-0.169699,-0.148066,-0.070308,0.143913,-0.143306,-0.151817,-0.020718,0.091667,-0.029688,-0.192757,0.119839,-0.055522,-0.081942,-0.161580,-0.007664,0.080515
X_feature_price_high_to_initial90_exclude10,X_feature_price_ret252_shift0,-0.491121,-0.453677,-0.471966,-0.140747,-0.156202,-0.246483,-0.473260,-0.475433,-0.450035,-0.489299,-0.277474,-0.017485,-0.460017,-0.442556,-0.239161,-0.445051,-0.448754,-0.428694,-0.200263,-0.457260,-0.457237,-0.374968,-0.291452,-0.426039
X_feature_price_high_to_initial90_exclude10,X_feature_price_macd_21_252,-0.322264,-0.324560,-0.445606,-0.091488,-0.074401,0.067390,-0.179283,-0.252214,-0.311219,-0.316039,-0.241203,-0.090596,-0.168402,-0.231679,-0.092047,-0.088118,-0.190587,-0.343153,-0.084757,-0.226183,-0.302948,-0.295634,-0.187817,-0.051238
X_feature_price_high_to_initial90_exclude10,X_feature_price_trend_streak200_126,-0.431189,-0.389902,-0.456187,-0.134212,-0.149599,-0.168111,-0.356082,-0.360704,-0.391525,-0.355095,-0.323806,-0.132431,-0.329850,-0.299682,-0.159597,-0.255128,-0.325202,-0.386662,-0.181944,-0.353566,-0.402501,-0.327842,-0.219098,-0.225707
X_feature_price_high_to_initial90_exclude10,X_feature_price_trend_streak200_252,-0.323141,-0.243711,-0.380474,0.029009,-0.034329,0.048989,-0.256350,-0.235347,-0.251414,-0.170677,-0.180371,0.050411,-0.225153,-0.183686,-0.062533,-0.065477,-0.201315,-0.249236,0.036164,-0.175846,-0.223005,-0.191290,-0.073508,-0.022562
X_feature_price_high_to_initial90_exclude10,X_feature_price_freq_loss_fl63,-0.222954,-0.191882,-0.160757,-0.088563,-0.098113,-0.190423,-0.202169,-0.258859,-0.234756,-0.295519,-0.186155,-0.128831,-0.171664,-0.160355,-0.147777,-0.247048,-0.179892,-0.264960,-0.161235,-0.252935,-0.268963,-0.177865,-0.186798,-0.228874
X_feature_price_high_to_initial90_exclude10,X_feature_price_freq_loss_fl21,0.049404,0.036980,0.010365,-0.005883,-0.021397,0.022185,0.022156,0.075884,0.031525,0.109851,0.027644,0.000508,0.014346,0.022757,-0.017085,0.047299,0.006792,0.056919,0.018893,0.042671,0.073503,0.012061,0.040528,0.049802
X_feature_price_high_to_initial90_exclude10,X_feature_price_price_to_min63,0.264833,0.387411,0.277060,0.171621,0.172106,0.389221,0.284551,0.363431,0.293811,0.384785,0.132464,0.354513,0.331104,0.301034,0.282073,0.404085,0.309343,0.252982,0.240075,0.344298,0.305290,0.202253,0.279183,0.399211
X_feature_price_high_to_initial90_exclude10,X_feature_price_macd_10_21,-0.259675,-0.296772,-0.166057,-0.104734,-0.113355,-0.135587,-0.187754,-0.240625,-0.182380,-0.309141,-0.142827,-0.090132,-0.203630,-0.195875,-0.169114,-0.249237,-0.214363,-0.255115,-0.177568,-0.260046,-0.261971,-0.195985,-0.254177,-0.222287
X_feature_price_high_to_initial90_exclude10,X_feature_price_sharpe_ratio_compound_r63_volatility63_rolling,-0.356481,-0.373178,-0.254627,-0.245993,-0.183888,-0.274941,-0.287244,-0.365742,-0.305783,-0.409122,-0.196659,-0.224831,-0.313733,-0.306925,-0.291302,-0.390448,-0.320285,-0.368463,-0.282329,-0.400073,-0.374072,-0.297266,-0.346441,-0.370607
X_feature_price_high_to_initial90_exclude10,X_feature_price_price_to_ma63,0.190031,0.229997,0.125342,0.077476,0.083718,0.190431,0.161556,0.220529,0.160141,0.283606,0.058427,0.174403,0.191011,0.190445,0.150658,0.279426,0.189210,0.192742,0.145831,0.250362,0.219968,0.152595,0.215542,0.248824
X_feature_price_high_to_initial90_exclude10,X_feature_price_bb_pct126,-0.393705,-0.447140,-0.327414,-0.277391,-0.258854,-0.266402,-0.300489,-0.403987,-0.348665,-0.421944,-0.236406,-0.206722,-0.337253,-0.302400,-0.304998,-0.303950,-0.333282,-0.415556,-0.325703,-0.384306,-0.424150,-0.352850,-0.374158,-0.310805
X_feature_price_high_to_initial90_exclude10,X_feature_price_price_to_min252,-0.526000,-0.631534,-0.553919,-0.409588,-0.445451,-0.634742,-0.542122,-0.646495,-0.591117,-0.630012,-0.370492,-0.548516,-0.548871,-0.558385,-0.542394,-0.628989,-0.569578,-0.540496,-0.489619,-0.581185,-0.598951,-0.513758,-0.454637,-0.544803
X_feature_price_high_to_initial90_exclude10,X_feature_price_ret90_shift0,-0.578302,-0.600937,-0.502016,-0.390070,-0.408775,-0.612462,-0.584187,-0.648885,-0.590740,-0.666459,-0.376483,-0.554277,-0.583084,-0.563750,-0.581996,-0.714422,-0.614667,-0.585898,-0.548273,-0.671522,-0.620563,-0.552940,-0.578839,-0.662833
X_feature_price_high_to_initial90_exclude10,X_feature_price_price_to_ma252,-0.546174,-0.551452,-0.493317,-0.262838,-0.269650,-0.461366,-0.548664,-0.578526,-0.552428,-0.610328,-0.322778,-0.325010,-0.554950,-0.537940,-0.412877,-0.633898,-0.561958,-0.527811,-0.413417,-0.602361,-0.575210,-0.489530,-0.439658,-0.619214
X_feature_price_high_to_initial90_exclude10,X_feature_price_sharpe_ratio_compound_r126_volatility126_rolling,-0.592757,-0.617907,-0.554632,-0.375690,-0.306196,-0.516251,-0.529194,-0.619006,-0.575091,-0.636058,-0.485461,-0.471018,-0.546572,-0.563361,-0.475010,-0.616265,-0.579396,-0.619210,-0.492651,-0.627717,-0.633837,-0.541038,-0.530288,-0.612230
X_feature_price_high_to_initial90_exclude10,X_feature_price_macd_21_126,-0.395000,-0.465638,-0.474611,-0.211986,-0.227628,-0.190096,-0.261352,-0.345356,-0.390524,-0.403913,-0.360111,-0.187990,-0.288231,-0.310132,-0.255070,-0.225343,-0.251077,-0.409144,-0.284160,-0.332335,-0.429372,-0.380641,-0.327526,-0.192813
X_feature_price_high_to_initial90_exclude10,X_feature_price_final_to_high90_exclude10,-0.221257,-0.157009,-0.108741,-0.105544,-0.092943,0.013739,-0.128624,-0.143275,-0.145760,-0.214760,-0.140148,0.024637,-0.109951,-0.135167,-0.117398,-0.173668,-0.162109,-0.282755,-0.177403,-0.263371,-0.249101,-0.249293,-0.192677,-0.141094
X_feature_price_high_to_initial90_exclude10,X_feature_price_price_to_max252,-0.282804,-0.245447,-0.209719,-0.075735,-0.053311,0.005375,-0.165160,-0.209508,-0.221405,-0.275096,-0.177882,0.091271,-0.170309,-0.180181,-0.129475,-0.190294,-0.192452,-0.309196,-0.165607,-0.304597,-0.303567,-0.278443,-0.204091,-0.158608
X_feature_price_high_to_initial90_exclude10,X_feature_price_final_to_high252_exclude21,-0.346195,-0.257463,-0.268771,-0.101433,-0.064467,-0.011958,-0.258952,-0.273598,-0.298392,-0.319006,-0.223240,0.107541,-0.235918,-0.239205,-0.161245,-0.284919,-0.294503,-0.373282,-0.176291,-0.387117,-0.359183,-0.327338,-0.226038,-0.226732
X_feature_price_high_to_initial90_exclude10,X_feature_price_lag1,-0.002668,-0.002593,0.023904,0.003125,-0.021556,0.031486,-0.008885,0.014281,-0.003176,0.006660,0.013280,-0.003459,-0.014456,-0.020698,-0.002578,0.020522,-0.012582,0.014627,0.002423,-0.001706,0.038594,-0.012897,-0.015871,-0.008727
X_feature_price_high_to_initial90_exclude10,X_feature_price_ret21_shift0,0.064789,0.107847,0.043485,0.009899,-0.007998,0.065143,0.032365,0.076202,0.034227,0.141853,-0.003895,0.054510,0.051474,0.071660,0.008341,0.090930,0.040223,0.043621,0.033865,0.061093,0.077543,0.010351,0.095742,0.081122
X_feature_price_high_to_initial90_exclude10,X_feature_price_ret10_shift0,0.011848,0.036419,-0.001355,-0.008452,-0.030872,0.008212,-0.013522,0.014059,-0.015657,0.065054,-0.021346,0.011580,-0.013659,0.013198,-0.035416,0.011381,-0.027295,-0.012979,-0.022651,-0.001156,0.018419,-0.025781,0.017796,0.013319
X_feature_price_high_to_initial90_exclude10,X_feature_price_ret5_shift0,0.011632,0.033154,-0.005286,-0.006049,-0.028565,0.013499,-0.008983,0.018279,-0.007831,0.055478,-0.014584,0.007720,-0.009284,0.011882,-0.026725,0.013050,-0.020061,-0.009403,-0.018794,0.006059,0.022329,-0.017178,0.016572,0.005987
X_feature_price_high_to_initial90_exclude10,X_feature_price_downside_vol10,0.117625,0.289420,0.262507,0.137232,0.140631,0.327595,0.186969,0.228200,0.201114,0.129542,0.126353,0.314898,0.213784,0.132897,0.172183,0.179510,0.182952,0.050336,0.110699,0.074071,0.109755,0.047067,0.086499,0.215373
X_feature_price_high_to_initial90_exclude10,X_feature_price_downside_vol21,0.135506,0.329959,0.295492,0.153127,0.152314,0.384692,0.212070,0.272076,0.226323,0.165261,0.152007,0.361186,0.233506,0.162436,0.184740,0.199073,0.190935,0.041782,0.110814,0.065424,0.123903,0.030560,0.094593,0.241578
X_feature_price_high_to_initial90_exclude10,X_feature_price_vol10,0.145468,0.334683,0.291595,0.139086,0.152874,0.374308,0.206455,0.266939,0.214177,0.176012,0.130100,0.355166,0.241771,0.170510,0.185971,0.212088,0.205976,0.052221,0.113956,0.083450,0.142676,0.031576,0.115550,0.259066
X_feature_price_high_to_initial90_exclude10,X_feature_price_upside_vol10,0.132611,0.290384,0.253248,0.116271,0.132190,0.317517,0.165501,0.219405,0.166954,0.159730,0.098429,0.303528,0.203065,0.142166,0.146174,0.169139,0.162282,0.032520,0.086210,0.064393,0.127564,0.010582,0.094916,0.217752
X_feature_price_high_to_initial90_exclude10,X_feature_price_upside_vol21,0.177525,0.363346,0.298885,0.148690,0.166651,0.394806,0.223155,0.292785,0.226708,0.220352,0.129163,0.365979,0.279159,0.206322,0.199071,0.238108,0.225658,0.069985,0.139746,0.111640,0.175898,0.034542,0.154706,0.281425
X_feature_price_high_to_initial90_exclude10,X_feature_price_upside_vol63,0.256365,0.465576,0.371799,0.184882,0.211247,0.492632,0.313481,0.423655,0.331097,0.341438,0.192390,0.458711,0.396991,0.331719,0.307238,0.365271,0.361537,0.174493,0.251940,0.252433,0.314931,0.171246,0.250709,0.400629
X_feature_price_high_to_initial90_exclude10,X_feature_price_atr5,0.138971,0.346601,0.303813,0.140390,0.167485,0.393871,0.207067,0.296845,0.237890,0.209132,0.161633,0.389235,0.281742,0.225905,0.216187,0.247463,0.236349,0.069068,0.146676,0.105651,0.176188,0.048300,0.166932,0.294967
X_feature_price_high_to_initial90_exclude10,X_feature_price_downside_vol126,0.095103,0.343799,0.271449,0.101242,0.142207,0.364180,0.131052,0.204841,0.117828,0.108791,0.141242,0.396425,0.222409,0.136696,0.186949,0.099297,0.098849,-0.056942,0.088640,-0.059395,0.062678,-0.029030,0.124335,0.217371
X_feature_price_high_to_initial90_exclude10,X_feature_price_downside_vol63,0.106200,0.333743,0.291689,0.115033,0.125873,0.367036,0.157538,0.233669,0.161397,0.134926,0.139050,0.360154,0.206234,0.140419,0.149533,0.119198,0.128509,-0.039100,0.040755,-0.051209,0.080878,-0.035460,0.081188,0.196429
X_feature_price_high_to_initial90_exclude10,X_feature_price_atr21,0.173735,0.394126,0.340460,0.157156,0.186150,0.442721,0.243380,0.357531,0.277697,0.265317,0.187751,0.429058,0.322222,0.267993,0.253167,0.294312,0.272061,0.086772,0.171692,0.121696,0.208409,0.055479,0.199398,0.328684
X_feature_price_high_to_initial90_exclude10,X_feature_price_atr126,0.206229,0.450688,0.363454,0.165195,0.235235,0.473884,0.245081,0.382638,0.276481,0.293804,0.242097,0.478684,0.351168,0.307793,0.293012,0.297523,0.275537,0.109268,0.218044,0.143908,0.240387,0.098804,0.261151,0.363050
X_feature_price_high_to_initial90_exclude10,X_feature_price_vol252,0.222133,0.468243,0.383685,0.191172,0.253844,0.494043,0.259973,0.387606,0.276698,0.306190,0.239608,0.460947,0.348111,0.284653,0.296863,0.305742,0.291629,0.135419,0.240442,0.185028,0.272836,0.145283,0.266810,0.370432
X_feature_price_high_to_initial90_exclude10,X_feature_market_cap_log_identity,-0.181520,-0.124939,-0.163456,0.073885,0.100273,0.058082,0.031000,0.020482,-0.043762,-0.040444,0.016760,0.140595,0.057743,-0.010500,0.031665,0.035459,-0.035393,-0.032194,0.081316,-0.022056,-0.073429,-0.079864,-0.025685,0.044203
X_feature_price_high_to_initial90_exclude10,X_feature_market_cap_log_std21,0.110664,0.293689,0.251984,0.120595,0.124469,0.353244,0.190735,0.263671,0.202323,0.164977,0.118228,0.316785,0.216701,0.161469,0.164299,0.174063,0.177536,0.024861,0.129556,0.071579,0.133380,0.015209,0.120327,0.236276
X_feature_price_high_to_initial90_exclude10,X_feature_market_cap_log_std126,0.225985,0.479766,0.369572,0.200543,0.233847,0.621747,0.481297,0.563501,0.396730,0.442297,0.062049,0.526972,0.502166,0.347856,0.430629,0.651347,0.493164,0.205537,0.356896,0.445811,0.365026,0.243116,0.362593,0.665347
X_feature_price_high_to_initial90_exclude10,X_feature_market_cap_log_std504,0.243607,0.391581,0.341296,0.176745,0.244538,0.476068,0.314334,0.399252,0.276398,0.292426,0.176214,0.431381,0.350003,0.293103,0.275761,0.304659,0.263545,0.183031,0.233944,0.236128,0.266501,0.154716,0.265081,0.399132
X_feature_price_high_to_initial90_exclude10,X_feature_market_cap_log_std252,0.243061,0.421813,0.333780,0.199090,0.251089,0.520894,0.381552,0.490407,0.340990,0.396667,0.077870,0.451718,0.401569,0.322674,0.346600,0.490546,0.394025,0.178639,0.272138,0.314472,0.343518,0.181117,0.246939,0.483637
X_feature_price_high_to_initial90_exclude10,X_feature_market_cap_log_diff_126,-0.548757,-0.591970,-0.541846,-0.371379,-0.394846,-0.602240,-0.581792,-0.652997,-0.589381,-0.656135,-0.413969,-0.507736,-0.596692,-0.590668,-0.527658,-0.681969,-0.618080,-0.606596,-0.513438,-0.648677,-0.635842,-0.551574,-0.533250,-0.669154
X_feature_price_high_to_initial90_exclude10,X_feature_market_cap_log_to_min126,0.443386,0.597166,0.513596,0.380030,0.396970,0.654718,0.576677,0.650107,0.546930,0.622175,0.311706,0.582231,0.588897,0.545851,0.557291,0.702043,0.603025,0.500076,0.491433,0.638036,0.574964,0.463779,0.494068,0.689928
X_feature_price_high_to_initial90_exclude10,X_feature_market_cap_log_to_max504,-0.257390,-0.183399,-0.233227,-0.016531,-0.022676,0.112345,-0.183898,-0.228079,-0.238263,-0.273256,-0.169664,0.194669,-0.179117,-0.219717,-0.104051,-0.152886,-0.213103,-0.312011,-0.063890,-0.250533,-0.301973,-0.254634,-0.157391,-0.144765
X_feature_price_high_to_initial90_exclude10,X_feature_market_cap_log_diff_504,-0.331670,-0.289652,-0.396644,-0.078246,-0.072889,0.023287,-0.308301,-0.425754,-0.329990,-0.365413,-0.215951,0.146005,-0.233216,-0.378918,-0.181101,-0.174208,-0.293202,-0.353618,-0.029625,-0.230771,-0.307164,-0.286600,-0.180691,-0.180659
X_feature_price_high_to_initial90_exclude10,X_feature_market_cap_log_to_min504,-0.405586,-0.490023,-0.487951,-0.248138,-0.326289,-0.509658,-0.415655,-0.496962,-0.424860,-0.471080,-0.358956,-0.528054,-0.434574,-0.423309,-0.407769,-0.408541,-0.398094,-0.427925,-0.381565,-0.408165,-0.434083,-0.422206,-0.419184,-0.458653
X_feature_price_high_to_initial90_exclude10,X_feature_pv_pv_corr21,0.068582,0.095438,0.018661,0.020693,0.037178,0.043348,0.006523,0.009439,0.016871,0.070462,-0.008055,0.040045,0.050403,0.020920,0.000228,0.023733,0.017446,0.023213,0.034779,0.041283,-0.002945,-0.007778,0.056973,0.035402
X_feature_price_high_to_initial90_exclude10,X_feature_pv_pv_corr126,0.378842,0.390860,0.326381,0.319719,0.320597,0.356972,0.363761,0.372399,0.340755,0.410064,0.297907,0.323034,0.378903,0.371494,0.343175,0.391048,0.400592,0.401066,0.384738,0.432006,0.337839,0.300695,0.314923,0.375235
X_feature_price_high_to_initial90_exclude10,X_feature_pv_pv_corr63,0.244549,0.273981,0.145272,0.173131,0.193977,0.227727,0.202321,0.209057,0.197954,0.256798,0.150656,0.203468,0.238485,0.206187,0.203755,0.238171,0.237858,0.213627,0.245201,0.280682,0.176138,0.165930,0.220517,0.218422
X_feature_price_high_to_initial90_exclude10,X_feature_liquidity_turnover_level63,0.116092,0.387991,0.348970,0.186569,0.217728,0.340663,0.217256,0.323220,0.203545,0.203955,0.181975,0.263139,0.222355,0.174126,0.176967,0.165979,0.192944,0.052792,0.165861,0.078808,0.127646,0.034011,0.196931,0.215508
X_feature_price_high_to_initial90_exclude10,X_feature_volume_log_volume_ratio_max126,-0.021788,-0.016792,-0.035870,-0.005128,-0.004468,0.012729,0.042037,0.054346,0.019167,0.089907,0.042581,0.061011,0.070430,0.052566,0.054220,0.083490,0.075421,0.128975,0.073364,0.075912,0.100158,0.079865,0.121746,0.110249
X_feature_price_high_to_initial90_exclude10,X_feature_volume_log_volume_ratio_max252,-0.025444,-0.018918,-0.013094,0.012099,0.023596,0.020656,0.040950,0.066343,0.014591,0.089418,0.026283,0.053078,0.068538,0.049681,0.062653,0.108441,0.089267,0.119451,0.077771,0.083667,0.119388,0.092763,0.147367,0.105736
X_feature_price_high_to_initial90_exclude10,X_feature_pv_illiquidity_mean21,-0.182370,-0.199900,-0.223554,0.030960,0.035409,0.003195,0.002725,-0.038020,-0.050076,-0.044596,-0.014697,0.140437,0.040666,-0.016708,0.021904,0.040523,-0.043893,-0.013866,0.052137,-0.004759,-0.065809,-0.068751,-0.054177,0.047101
X_feature_price_high_to_initial90_exclude10,X_feature_volume_log_volume_std504,-0.047195,-0.070738,0.023976,0.061925,0.081771,0.039931,0.122771,0.133012,0.057883,0.083075,0.031808,0.095264,0.096965,0.110944,0.116667,0.133055,0.091931,0.114043,0.042175,0.072236,0.054267,0.079335,0.099392,0.062159
X_feature_price_high_to_initial90_exclude10,X_feature_volume_log_volume_std126,-0.064134,-0.097791,-0.033779,0.066349,0.064632,0.063619,0.101072,0.114116,0.036765,0.079124,0.041776,0.110629,0.075137,0.087381,0.086957,0.110998,0.095229,0.103495,0.035943,0.059392,0.024276,0.068820,0.094251,0.087797
X_feature_price_high_to_initial90_exclude10,X_feature_volume_log_volume_std63,-0.061738,-0.093941,-0.039600,0.059451,0.055024,0.060692,0.094935,0.105774,0.029843,0.080360,0.049359,0.087502,0.054150,0.061175,0.091352,0.102998,0.091684,0.101246,0.050767,0.058485,0.027666,0.065735,0.089558,0.074584
X_feature_price_high_to_initial90_exclude10,X_feature_market_corr504,-0.015852,-0.097876,-0.107097,-0.047077,-0.034203,0.031558,0.178054,0.187880,0.061132,0.099834,0.109074,0.033944,0.030855,0.067061,0.067113,0.087655,0.144330,0.146431,0.128826,-0.026835,0.021724,0.019729,0.070584,0.084682
X_feature_price_high_to_initial90_exclude10,X_feature_market_corr252,-0.022483,-0.140856,-0.118838,-0.043086,0.021888,0.071664,0.155959,0.190286,0.054006,0.114625,0.108892,0.019172,-0.040487,0.121168,0.055644,0.065020,0.150368,0.135037,0.103088,-0.108261,-0.001922,0.004165,0.099921,0.078802
X_feature_price_high_to_initial90_exclude10,X_feature_short_interest_to_volume_log_ratio_std252,-0.035424,-0.027035,0.066829,0.085515,0.093115,0.067096,0.119009,0.108159,0.025721,0.032593,0.016545,0.105681,0.044237,0.053163,0.080140,0.127337,0.075532,0.061299,0.064111,0.084600,0.059467,0.068718,0.112398,0.110625
X_feature_price_high_to_initial90_exclude10,X_feature_short_interest_to_volume_log_ratio_std63,-0.020431,-0.019575,0.063506,0.071429,0.038414,0.072968,0.095044,0.103035,0.035501,0.057448,0.028736,0.084075,0.026573,0.054010,0.081279,0.113567,0.075954,0.091028,0.050630,0.089691,0.047403,0.055448,0.081251,0.086581
X_feature_price_high_to_initial90_exclude10,X_feature_short_interest_to_volume_log_ratio,-0.023223,-0.101110,-0.118881,-0.002589,0.013425,0.002274,-0.007401,-0.052522,-0.051754,-0.032030,0.016665,0.031722,0.067098,0.006544,0.011886,0.019060,0.002567,0.013120,0.044948,-0.010572,0.037772,0.025510,0.052985,0.005291
X_feature_price_high_to_initial90_exclude10,X_feature_short_interest_to_volume_log_ratio_mean252,-0.004064,-0.129591,-0.155515,-0.063135,-0.042341,0.007428,-0.019455,-0.063615,-0.061551,-0.059928,0.041618,0.040103,0.073978,0.020056,0.023795,0.021286,0.020973,0.025506,0.050388,0.021996,0.070023,0.037487,0.039860,0.001465
X_feature_price_high_to_initial90_exclude10,X_feature_short_interest_to_volume_log_ratio_mean63,-0.012302,-0.124972,-0.128618,-0.033046,0.011125,0.012700,-0.002975,-0.065699,-0.049304,-0.036032,0.042539,0.047812,0.080719,0.020546,0.029510,0.049418,0.033358,0.040475,0.069086,0.022145,0.071623,0.045762,0.082130,0.012126
X_feature_price_high_to_initial90_exclude10,X_feature_short_interest_log_diff21,-0.050005,-0.022595,-0.016753,-0.021119,-0.032871,-0.027539,-0.023329,-0.026849,-0.013438,-0.046851,-0.065328,-0.040667,-0.065442,-0.059489,-0.056769,-0.098436,-0.085002,-0.082100,-0.073356,-0.112270,-0.096658,-0.061550,-0.072337,-0.059083
X_feature_price_high_to_initial90_exclude10,X_feature_short_interest_log_diff252,-0.015876,0.006782,0.057130,0.109151,0.064966,0.027946,0.085444,0.009957,0.008453,-0.032793,-0.010304,0.022946,-0.016606,-0.039803,-0.018075,-0.006633,-0.023293,-0.049946,0.003514,-0.094553,-0.101710,-0.038886,0.036657,-0.011717
X_feature_price_high_to_initial90_exclude10,X_feature_short_interest_log_diff63,0.009492,0.063258,0.067244,0.101936,0.077834,0.055124,0.063648,0.016031,0.035542,-0.021009,-0.076386,-0.031482,-0.041838,-0.025155,-0.014324,-0.089530,-0.103947,-0.112597,-0.085833,-0.135027,-0.147802,-0.091264,-0.107474,-0.124091
X_feature_price_high_to_initial90_exclude10,X_feature_short_interest_log_diff126,-0.019250,0.035412,0.079352,0.110215,0.072233,0.019034,0.077691,0.012507,0.024184,-0.015221,-0.027169,0.007657,-0.012134,-0.001298,0.011494,-0.039666,-0.053473,-0.074213,-0.029854,-0.102337,-0.126364,-0.063061,-0.012412,-0.082623
X_feature_price_freq_loss_fl756,X_feature_price_freq_loss_fl252,0.666709,0.499436,0.526972,0.534277,0.653415,0.541253,0.653412,0.708347,0.639907,0.578431,0.643737,0.487104,0.544444,0.678166,0.626302,0.593183,0.550240,0.639297,0.669275,0.665474,0.595917,0.625156,0.694891,0.525817
X_feature_price_freq_loss_fl756,X_feature_price_high_to_initial252_exclude21,0.132217,-0.060914,0.097461,0.180680,0.090648,0.036347,0.059857,0.396952,0.294376,0.304374,0.321412,-0.046792,0.030239,0.240933,0.246919,0.127277,0.040178,0.247479,0.226618,0.051108,0.233758,0.299207,0.305835,-0.077872
X_feature_price_freq_loss_fl756,X_feature_price_trend_streak200_504,0.467285,0.397622,0.351303,0.388824,0.626259,0.600034,0.507430,0.571505,0.609931,0.546150,0.581288,0.468117,0.312967,0.500714,0.606038,0.518803,0.467532,0.541694,0.609083,0.537731,0.503429,0.603024,0.640947,0.538862
X_feature_price_freq_loss_fl756,X_feature_price_ret252_shift0,0.294654,0.086783,0.233232,0.261776,0.403217,0.213565,0.266098,0.468107,0.367538,0.361829,0.409810,0.107545,0.159111,0.408223,0.388862,0.200423,0.192618,0.431088,0.390877,0.251339,0.346477,0.443635,0.449711,-0.034211
X_feature_price_freq_loss_fl756,X_feature_price_macd_21_252,0.385444,0.220222,0.282254,0.392163,0.547323,0.538941,0.448004,0.479631,0.463030,0.456405,0.516774,0.231252,0.299098,0.457035,0.523508,0.385501,0.340633,0.468383,0.539375,0.455376,0.440156,0.527024,0.559841,0.356114
X_feature_price_freq_loss_fl756,X_feature_price_trend_streak200_126,0.364823,0.093205,0.228360,0.280071,0.408705,0.218302,0.338696,0.478185,0.344337,0.313792,0.391469,0.034590,0.241633,0.416296,0.424245,0.283880,0.265348,0.435619,0.357709,0.292356,0.338550,0.409093,0.419505,0.139705
X_feature_price_freq_loss_fl756,X_feature_price_trend_streak200_252,0.419948,0.212321,0.236609,0.364173,0.466353,0.364979,0.361300,0.535702,0.448244,0.376229,0.481377,0.139019,0.245356,0.470741,0.510866,0.407257,0.316202,0.487634,0.487114,0.308453,0.437035,0.448773,0.512251,0.313216
X_feature_price_freq_loss_fl756,X_feature_price_freq_loss_fl63,0.317866,0.220693,0.277614,0.271652,0.335834,0.269558,0.398899,0.388874,0.299145,0.342354,0.283098,0.243377,0.295438,0.357606,0.303052,0.278210,0.307300,0.388425,0.313744,0.389254,0.279897,0.382163,0.371540,0.288661
X_feature_price_freq_loss_fl756,X_feature_price_freq_loss_fl21,-0.169699,-0.116166,-0.176356,-0.143732,-0.205382,-0.164609,-0.240007,-0.230840,-0.180257,-0.211694,-0.150520,-0.143836,-0.173390,-0.206004,-0.178910,-0.166103,-0.197280,-0.230244,-0.179749,-0.225565,-0.161944,-0.222163,-0.222528,-0.178722
X_feature_price_freq_loss_fl756,X_feature_price_price_to_min63,0.099292,0.168931,-0.046543,0.086484,0.047404,0.134773,-0.073341,-0.136047,-0.109606,-0.169477,0.020783,0.088200,-0.048654,-0.116403,0.043985,0.031350,-0.002653,-0.039211,0.123608,-0.053798,-0.041483,-0.048998,0.012319,0.057286
X_feature_price_freq_loss_fl756,X_feature_price_macd_10_21,0.116369,-0.008011,0.112179,0.092027,0.209775,0.137939,0.248908,0.196681,0.150378,0.199283,0.093156,0.113915,0.140200,0.217455,0.169766,0.122508,0.174549,0.221776,0.102907,0.232529,0.161410,0.207288,0.179171,0.075534
X_feature_price_freq_loss_fl756,X_feature_price_sharpe_ratio_compound_r63_volatility63_rolling,0.157730,-0.000856,0.131327,0.143211,0.218405,0.144712,0.274999,0.231774,0.175245,0.237082,0.139476,0.077516,0.171551,0.255059,0.189011,0.154662,0.184931,0.271372,0.126699,0.262528,0.178688,0.256206,0.214919,0.093352
X_feature_price_freq_loss_fl756,X_feature_price_price_to_ma63,-0.082958,0.000417,-0.092097,-0.070389,-0.189607,-0.043387,-0.187351,-0.186635,-0.122546,-0.195652,-0.130915,-0.043542,-0.117799,-0.199142,-0.103923,-0.057038,-0.127672,-0.214709,-0.059229,-0.183177,-0.140192,-0.181063,-0.149593,-0.046003
X_feature_price_freq_loss_fl756,X_feature_price_bb_pct126,0.146311,0.000062,0.136324,0.134611,0.250064,0.138724,0.283183,0.260157,0.182809,0.228139,0.144325,0.097085,0.175621,0.253458,0.214015,0.152819,0.202811,0.293716,0.146996,0.264960,0.201935,0.272336,0.226187,0.119721
X_feature_price_freq_loss_fl756,X_feature_price_price_to_min252,0.082898,-0.140630,0.128061,0.059675,0.027113,-0.159767,0.178014,0.353931,0.255336,0.275557,0.099861,-0.124482,0.088744,0.262144,0.145773,0.023738,0.086541,0.228002,-0.039773,0.141174,0.176170,0.258537,0.061379,-0.145114
X_feature_price_freq_loss_fl756,X_feature_price_ret90_shift0,0.177480,-0.005577,0.130093,0.132438,0.256050,0.010774,0.259391,0.267750,0.172999,0.244397,0.203444,0.037026,0.160605,0.262183,0.159830,0.079690,0.148472,0.305717,0.111450,0.224674,0.187182,0.269330,0.209262,0.028671
X_feature_price_freq_loss_fl756,X_feature_price_price_to_ma252,0.260591,0.040563,0.201449,0.213863,0.388369,0.116420,0.312602,0.405215,0.299351,0.317367,0.319313,0.081646,0.189311,0.367313,0.318560,0.139749,0.190026,0.406175,0.257540,0.280493,0.280791,0.394171,0.369920,-0.023913
X_feature_price_freq_loss_fl756,X_feature_price_sharpe_ratio_compound_r126_volatility126_rolling,0.272117,0.014257,0.180757,0.200003,0.333590,0.148772,0.363169,0.355994,0.257565,0.278345,0.237508,0.077022,0.222604,0.347533,0.300549,0.211101,0.227639,0.383463,0.219982,0.299350,0.248684,0.357086,0.304152,0.076614
X_feature_price_freq_loss_fl756,X_feature_price_macd_21_126,0.253438,0.057435,0.201716,0.216720,0.345593,0.193350,0.266320,0.358114,0.279225,0.273861,0.252866,0.029294,0.177103,0.278060,0.351685,0.171315,0.217153,0.375503,0.279893,0.255845,0.274247,0.358943,0.348769,0.070922
X_feature_price_freq_loss_fl756,X_feature_price_final_to_high90_exclude10,0.300943,0.218007,0.148689,0.196290,0.371952,0.326147,0.320370,0.225968,0.155846,0.199526,0.235848,0.210428,0.230777,0.278355,0.300665,0.232698,0.270587,0.365082,0.275169,0.345255,0.261882,0.297857,0.323975,0.192076
X_feature_price_freq_loss_fl756,X_feature_price_price_to_max252,0.353448,0.232339,0.211077,0.246389,0.444930,0.353456,0.371464,0.336907,0.236365,0.250823,0.328005,0.172646,0.286508,0.361128,0.398667,0.263561,0.306609,0.439542,0.367306,0.364879,0.335618,0.381325,0.423101,0.200269
X_feature_price_freq_loss_fl756,X_feature_price_final_to_high252_exclude21,0.379135,0.257247,0.217337,0.257919,0.444740,0.389206,0.369200,0.354494,0.247789,0.256391,0.356111,0.165082,0.294816,0.359626,0.420150,0.292290,0.294004,0.446888,0.403394,0.370842,0.348954,0.396659,0.419192,0.221047
X_feature_price_freq_loss_fl756,X_feature_price_lag1,-0.020558,-0.022038,-0.021131,-0.015521,-0.060535,-0.004802,-0.053895,-0.039410,-0.015863,-0.042544,-0.025261,-0.006274,-0.022895,-0.047926,0.045169,-0.006167,-0.009135,-0.048988,-0.045556,-0.042098,-0.038487,-0.007845,-0.032331,-0.015803
X_feature_price_freq_loss_fl756,X_feature_price_ret21_shift0,-0.044826,0.007227,-0.069300,-0.036672,-0.131703,-0.028955,-0.128152,-0.134543,-0.089623,-0.139816,-0.083327,-0.036182,-0.077260,-0.142127,-0.074580,-0.045928,-0.096572,-0.154549,-0.030329,-0.121650,-0.102387,-0.113913,-0.103622,-0.054757
X_feature_price_freq_loss_fl756,X_feature_price_ret10_shift0,-0.028732,-0.001411,-0.050277,-0.035743,-0.106183,-0.021187,-0.096501,-0.096790,-0.066115,-0.114961,-0.063502,-0.027635,-0.051542,-0.103263,-0.055327,-0.034855,-0.065383,-0.116370,-0.026655,-0.078993,-0.078589,-0.083898,-0.076565,-0.056818
X_feature_price_freq_loss_fl756,X_feature_price_ret5_shift0,-0.018662,-0.007568,-0.039456,-0.032763,-0.076649,-0.014569,-0.073199,-0.071124,-0.050456,-0.086078,-0.049858,-0.024417,-0.038244,-0.080415,-0.048001,-0.025118,-0.050398,-0.090527,-0.027884,-0.058268,-0.062749,-0.059548,-0.068203,-0.042816
X_feature_price_freq_loss_fl756,X_feature_price_downside_vol10,0.303060,0.280055,0.074038,0.176977,0.373106,0.349356,0.205927,0.047525,0.026883,0.039039,0.132806,0.196630,0.131570,0.166531,0.256935,0.231620,0.242226,0.275992,0.260143,0.267931,0.164625,0.189167,0.258623,0.222513
X_feature_price_freq_loss_fl756,X_feature_price_downside_vol21,0.356160,0.334105,0.081389,0.189654,0.406765,0.408822,0.233906,0.048889,0.033020,0.040885,0.145612,0.218247,0.151625,0.180485,0.302929,0.277653,0.281389,0.313537,0.298038,0.305528,0.198059,0.217584,0.289026,0.250154
X_feature_price_freq_loss_fl756,X_feature_price_vol10,0.354565,0.334970,0.082189,0.208336,0.407088,0.407301,0.227723,0.039997,0.028549,0.032054,0.146600,0.233790,0.152854,0.164790,0.305241,0.283532,0.286399,0.301789,0.331459,0.315166,0.198020,0.225289,0.288746,0.279472
X_feature_price_freq_loss_fl756,X_feature_price_upside_vol10,0.290381,0.284010,0.063780,0.188769,0.342659,0.352146,0.179627,0.013716,0.013286,0.002720,0.113115,0.209551,0.121097,0.117139,0.247242,0.229567,0.224962,0.225509,0.289091,0.259893,0.145575,0.182955,0.226258,0.238480
X_feature_price_freq_loss_fl756,X_feature_price_upside_vol21,0.352447,0.348822,0.084865,0.223536,0.411639,0.415463,0.231241,0.042759,0.038737,0.032869,0.149551,0.252506,0.152051,0.147387,0.310318,0.291558,0.279779,0.288237,0.365012,0.317043,0.200605,0.228890,0.272997,0.300073
X_feature_price_freq_loss_fl756,X_feature_price_upside_vol63,0.404081,0.409266,0.115125,0.248772,0.451821,0.487964,0.283023,0.090803,0.069845,0.069531,0.202327,0.285866,0.175624,0.169800,0.364342,0.360751,0.334697,0.359008,0.439215,0.373415,0.257479,0.256024,0.317414,0.358637
X_feature_price_freq_loss_fl756,X_feature_price_atr5,0.372825,0.352171,0.091786,0.211787,0.424182,0.448110,0.283293,0.062300,0.048743,0.036351,0.180327,0.245548,0.169075,0.172711,0.334005,0.310346,0.322871,0.345286,0.383844,0.358385,0.253471,0.266873,0.322985,0.312755
X_feature_price_freq_loss_fl756,X_feature_price_downside_vol126,0.441537,0.384354,0.102642,0.203715,0.425251,0.459783,0.280123,0.090708,0.053681,0.068067,0.170936,0.216352,0.197733,0.210893,0.358173,0.394385,0.349186,0.403996,0.409385,0.355894,0.297588,0.257885,0.315327,0.300890
X_feature_price_freq_loss_fl756,X_feature_price_downside_vol63,0.400144,0.390765,0.089879,0.197881,0.423949,0.446537,0.266748,0.056221,0.049603,0.046057,0.163166,0.231225,0.176291,0.194300,0.344723,0.347437,0.324386,0.369063,0.360286,0.343440,0.254628,0.243943,0.301566,0.289520
X_feature_price_freq_loss_fl756,X_feature_price_atr21,0.424616,0.402538,0.106528,0.232299,0.452684,0.493453,0.319025,0.079556,0.065372,0.045550,0.198465,0.266723,0.190036,0.192163,0.371717,0.366325,0.368851,0.390514,0.434946,0.404933,0.299354,0.300194,0.362486,0.356222
X_feature_price_freq_loss_fl756,X_feature_price_atr126,0.458776,0.424966,0.129346,0.245336,0.459356,0.531901,0.355576,0.118726,0.060420,0.067381,0.209177,0.259186,0.206526,0.212239,0.399622,0.425486,0.395861,0.427663,0.489569,0.438302,0.351101,0.319254,0.384095,0.389068
X_feature_price_freq_loss_fl756,X_feature_price_vol252,0.475468,0.414444,0.127329,0.254141,0.453208,0.524505,0.361054,0.132333,0.080642,0.127552,0.203687,0.218980,0.241025,0.227823,0.398517,0.460654,0.406237,0.435932,0.490399,0.448621,0.351050,0.279953,0.355523,0.399578
X_feature_price_freq_loss_fl756,X_feature_market_cap_log_identity,-0.100172,-0.066103,-0.003367,-0.011909,-0.048840,-0.079374,-0.073922,-0.050766,-0.036221,0.062717,0.205999,0.175498,0.089438,0.066592,0.140473,0.079950,0.069135,0.112719,0.176063,0.155788,0.156146,0.238558,0.345062,0.249304
X_feature_price_freq_loss_fl756,X_feature_market_cap_log_std21,0.303670,0.311502,0.079446,0.192634,0.346712,0.319879,0.188573,0.017709,0.023482,0.032971,0.180553,0.195391,0.113751,0.122426,0.270342,0.198059,0.240579,0.276750,0.294681,0.256273,0.177049,0.192116,0.230102,0.174819
X_feature_price_freq_loss_fl756,X_feature_market_cap_log_std126,0.289535,0.321715,0.059772,0.198210,0.351628,0.315283,0.130219,-0.037070,0.019427,0.008152,0.181288,0.207197,0.124519,0.126892,0.241568,0.167256,0.242520,0.285287,0.313616,0.212104,0.194512,0.151792,0.267474,0.195153
X_feature_price_freq_loss_fl756,X_feature_market_cap_log_std504,0.017436,0.189236,0.044149,0.095356,0.218501,0.347042,0.047836,-0.221541,-0.166373,-0.116268,0.144126,0.196058,0.088645,-0.080647,0.142310,0.099489,0.023564,0.170023,0.359145,0.182380,-0.020990,0.098394,0.187270,0.202832
X_feature_price_freq_loss_fl756,X_feature_market_cap_log_std252,0.189287,0.321191,0.059789,0.146539,0.330158,0.333774,0.061370,-0.117433,-0.024127,-0.062771,0.235874,0.163894,0.107744,0.034450,0.218576,0.129691,0.176365,0.272095,0.348489,0.167879,0.124805,0.137241,0.303373,0.238563
X_feature_price_freq_loss_fl756,X_feature_market_cap_log_diff_126,0.235723,-0.002572,0.166187,0.153664,0.297720,-0.000331,0.276262,0.321692,0.229662,0.250052,0.267190,0.031248,0.140323,0.291395,0.227017,0.081441,0.125268,0.336726,0.150365,0.225576,0.212854,0.335174,0.279037,-0.005970
X_feature_price_freq_loss_fl756,X_feature_market_cap_log_to_min126,0.018429,0.152465,-0.093928,0.061812,0.027035,0.170382,-0.143870,-0.217697,-0.150747,-0.198994,-0.022108,0.120428,-0.056369,-0.160783,-0.015643,0.027167,-0.000352,-0.093771,0.113397,-0.091050,-0.083832,-0.124932,-0.003012,0.063460
X_feature_price_freq_loss_fl756,X_feature_market_cap_log_to_max504,0.376501,0.298751,0.273817,0.315551,0.486755,0.481459,0.394794,0.416312,0.344795,0.353061,0.406191,0.191754,0.209670,0.403697,0.480883,0.325676,0.295011,0.461061,0.491627,0.423522,0.390654,0.478561,0.523187,0.277464
X_feature_price_freq_loss_fl756,X_feature_market_cap_log_diff_504,0.283646,0.264326,0.264597,0.318756,0.514649,0.456295,0.322936,0.454535,0.492036,0.463055,0.516934,0.321517,0.104379,0.315335,0.456637,0.333399,0.221182,0.377225,0.503010,0.414303,0.385264,0.525642,0.587903,0.329760
X_feature_price_freq_loss_fl756,X_feature_market_cap_log_to_min504,0.163348,0.020205,0.152161,0.183968,0.224812,-0.062460,0.076191,0.406616,0.380920,0.347370,0.220815,-0.127372,-0.047903,0.255666,0.265367,0.117513,0.088726,0.253813,0.082798,0.099836,0.259268,0.335821,0.201720,-0.103087
X_feature_price_freq_loss_fl756,X_feature_pv_pv_corr21,0.018853,0.077231,0.035884,0.056065,0.004214,0.087064,0.015152,0.030980,0.030447,0.030985,0.061628,0.069434,0.036406,0.020435,0.043748,0.050022,0.015686,0.040590,0.092014,-0.025332,0.029484,0.041800,0.082650,0.081598
X_feature_price_freq_loss_fl756,X_feature_pv_pv_corr126,-0.028725,0.129135,0.092341,0.106231,0.019775,0.219600,0.042119,0.069528,0.065157,0.111588,0.108343,0.218423,0.084301,0.038760,0.104589,0.112701,0.045027,0.041588,0.185893,0.011491,0.040718,0.039700,0.193617,0.229675
X_feature_price_freq_loss_fl756,X_feature_pv_pv_corr63,0.001629,0.105063,0.076739,0.081571,0.013949,0.160226,0.011690,0.058330,0.061087,0.067189,0.094572,0.133819,0.058795,0.033607,0.080108,0.081875,0.026399,0.040611,0.142871,-0.018491,0.028450,0.051788,0.148024,0.154781
X_feature_price_freq_loss_fl756,X_feature_liquidity_turnover_level63,0.474044,0.403860,0.133728,0.156330,0.266900,0.299559,0.245517,0.088297,0.072182,0.123490,0.162671,0.157234,0.119271,0.130351,0.245552,0.283695,0.286325,0.303805,0.257737,0.235983,0.199104,0.223932,0.256011,0.268622
X_feature_price_freq_loss_fl756,X_feature_volume_log_volume_ratio_max126,-0.092512,-0.079268,-0.071837,-0.070708,-0.081486,-0.113131,-0.012255,0.059040,0.082185,0.107658,0.129169,0.069259,0.084143,0.028185,0.015864,0.040695,0.086421,0.077600,0.071921,0.056866,0.083079,0.012542,0.001150,0.042076
X_feature_price_freq_loss_fl756,X_feature_volume_log_volume_ratio_max252,-0.103164,-0.098536,-0.072207,-0.068147,-0.107070,-0.146744,-0.054698,0.046819,0.092696,0.105236,0.135741,0.048884,0.113376,0.035390,0.021013,0.029542,0.072494,0.080955,0.072751,0.047922,0.077689,0.004228,-0.019069,0.061394
X_feature_price_freq_loss_fl756,X_feature_pv_illiquidity_mean21,-0.295493,-0.195266,-0.048252,-0.022444,-0.072483,-0.135996,-0.163692,-0.113519,-0.092902,-0.036894,0.165286,0.149235,0.066643,0.028252,0.111423,0.021681,0.021819,0.056210,0.157885,0.127015,0.110849,0.195091,0.290192,0.200064
X_feature_price_freq_loss_fl756,X_feature_volume_log_volume_std504,-0.423126,-0.332086,-0.294915,-0.268095,-0.308568,-0.291217,-0.187182,-0.089885,0.044767,0.131989,0.190804,0.169780,0.142508,0.068565,0.065277,0.021269,0.046218,0.041623,0.059400,0.037170,0.097963,0.080866,0.053520,0.061737
X_feature_price_freq_loss_fl756,X_feature_volume_log_volume_std126,-0.326742,-0.262184,-0.196281,-0.157719,-0.197943,-0.197181,-0.072625,-0.011674,0.093943,0.144850,0.157382,0.195246,0.124997,0.077381,0.036773,0.028025,0.081327,0.021373,0.032027,0.104911,0.135393,0.037765,0.051323,0.074753
X_feature_price_freq_loss_fl756,X_feature_volume_log_volume_std63,-0.299556,-0.232784,-0.170857,-0.131160,-0.169873,-0.163930,-0.059312,-0.000410,0.082600,0.137107,0.144609,0.177488,0.103711,0.074076,0.032742,0.027184,0.073508,0.008628,0.045421,0.098008,0.117955,0.033578,0.054563,0.067624
X_feature_price_freq_loss_fl756,X_feature_market_corr504,-0.130979,-0.083195,-0.022919,-0.188092,-0.387507,-0.322047,-0.246813,-0.193725,0.107952,0.198725,0.166472,0.223430,0.176090,0.124515,0.111241,0.096681,0.217530,0.259542,0.184826,0.109325,0.202404,0.234160,0.187553,0.266352
X_feature_price_freq_loss_fl756,X_feature_market_corr252,-0.125296,-0.034236,0.006952,-0.182781,-0.318062,-0.219297,-0.215817,-0.078733,0.184450,0.149570,0.164228,0.228629,0.153222,0.103426,0.061194,0.080879,0.262244,0.238770,0.163308,0.033286,0.214592,0.210382,0.172865,0.239653
X_feature_price_freq_loss_fl756,X_feature_short_interest_to_volume_log_ratio_std252,-0.277066,-0.211135,-0.182446,-0.143128,-0.206213,-0.194482,-0.130419,-0.060939,0.063500,0.077314,0.091644,0.043496,0.092786,0.034278,0.071152,0.047792,0.079036,0.076990,0.068295,0.099976,0.102175,0.087405,0.092341,0.081195
X_feature_price_freq_loss_fl756,X_feature_short_interest_to_volume_log_ratio_std63,-0.229012,-0.162400,-0.162312,-0.107368,-0.135987,-0.122562,-0.048693,0.004435,0.082741,0.118231,0.097145,0.126747,0.067000,0.026806,0.043079,0.050003,0.083894,0.052414,0.046307,0.098212,0.097209,0.061107,0.049897,0.053387
X_feature_price_freq_loss_fl756,X_feature_short_interest_to_volume_log_ratio,-0.033677,-0.054055,0.007595,0.024858,-0.024651,-0.044022,-0.069478,-0.021527,-0.005620,0.029959,0.204240,0.138887,0.049346,-0.007406,-0.038953,-0.016397,0.017857,0.040409,0.038799,-0.000892,0.054837,0.012446,0.027655,0.014423
X_feature_price_freq_loss_fl756,X_feature_short_interest_to_volume_log_ratio_mean252,-0.067639,-0.037782,0.008823,0.005244,-0.070960,-0.018087,-0.050646,-0.055878,-0.013105,0.015179,0.174764,0.247704,0.065562,-0.025790,-0.089454,-0.048535,0.003232,0.015247,0.056960,0.002103,0.018238,0.019543,0.015007,0.044578
X_feature_price_freq_loss_fl756,X_feature_short_interest_to_volume_log_ratio_mean63,-0.039573,-0.052962,0.004663,0.035782,-0.020371,-0.036860,-0.073218,-0.034585,-0.005579,0.023204,0.210973,0.180442,0.060276,-0.011109,-0.066546,-0.023050,0.019872,0.034561,0.051794,-0.005948,0.056718,0.020054,0.026490,0.029691
X_feature_price_freq_loss_fl756,X_feature_short_interest_log_diff21,-0.009542,-0.021032,-0.012431,-0.008382,-0.012138,0.001599,-0.027449,-0.007151,0.003776,0.021179,0.028489,-0.024077,-0.006030,0.016310,0.036139,0.017842,0.018426,0.031658,-0.006410,0.028926,-0.011332,0.021765,0.021094,-0.008456
X_feature_price_freq_loss_fl756,X_feature_short_interest_log_diff252,0.000163,-0.074162,-0.096894,-0.000645,-0.005330,-0.042772,-0.083522,-0.060957,-0.014539,0.043396,0.199007,-0.056342,-0.038199,0.056221,0.084236,0.060277,0.081483,0.103548,0.041206,0.007885,0.073626,0.036345,0.111682,-0.021277
X_feature_price_freq_loss_fl756,X_feature_short_interest_log_diff63,-0.018279,-0.042307,-0.024949,-0.010271,-0.010529,0.003178,-0.052515,-0.011155,0.000795,0.038670,0.073044,-0.053388,-0.017960,0.028123,0.056144,0.033697,0.034907,0.047713,-0.010095,0.035744,0.001400,0.044875,0.035580,-0.031647
X_feature_price_freq_loss_fl756,X_feature_short_interest_log_diff126,-0.023138,-0.053091,-0.047558,-0.011572,-0.006801,-0.012670,-0.087021,-0.018520,0.002150,0.042984,0.124658,-0.075861,-0.033337,0.043758,0.066994,0.046943,0.056638,0.067644,-0.005537,0.039178,0.017530,0.056868,0.068722,-0.056640
X_feature_price_freq_loss_fl252,X_feature_price_high_to_initial252_exclude21,0.316244,0.349037,0.292840,0.282140,0.198346,0.292032,0.256667,0.490180,0.435276,0.434424,0.485937,0.156828,0.270818,0.305349,0.333272,0.349530,0.296269,0.451025,0.390956,0.348036,0.518538,0.457663,0.436679,0.276943
X_feature_price_freq_loss_fl252,X_feature_price_trend_streak200_504,0.364763,0.377458,0.266524,0.152363,0.543608,0.303638,0.320677,0.527602,0.443638,0.373538,0.512518,0.165830,0.287683,0.432236,0.459758,0.258941,0.298769,0.472000,0.494248,0.420907,0.468396,0.469661,0.531143,0.324972
X_feature_price_freq_loss_fl252,X_feature_price_ret252_shift0,0.560333,0.548035,0.603676,0.718029,0.632763,0.508254,0.518976,0.633493,0.617935,0.623577,0.648765,0.365177,0.488625,0.556055,0.601099,0.506026,0.500891,0.647693,0.627937,0.561628,0.650496,0.668423,0.599244,0.431458
X_feature_price_freq_loss_fl252,X_feature_price_macd_21_252,0.514820,0.469060,0.475244,0.606851,0.601661,0.386313,0.423063,0.533951,0.524709,0.525226,0.613351,0.268872,0.412156,0.476569,0.533564,0.387590,0.363520,0.546476,0.585047,0.511501,0.557206,0.623299,0.580850,0.452513
X_feature_price_freq_loss_fl252,X_feature_price_trend_streak200_126,0.571956,0.490349,0.577613,0.688044,0.587782,0.438272,0.482941,0.614883,0.563269,0.587131,0.613395,0.281206,0.487281,0.540401,0.568171,0.493160,0.512575,0.597861,0.562900,0.514868,0.592721,0.627915,0.567568,0.468690
X_feature_price_freq_loss_fl252,X_feature_price_trend_streak200_252,0.539557,0.503058,0.481491,0.638419,0.597928,0.406906,0.449219,0.621189,0.567125,0.562916,0.646337,0.295129,0.417370,0.529302,0.566010,0.455715,0.482073,0.607455,0.592087,0.483804,0.597506,0.616491,0.608273,0.473016
X_feature_price_freq_loss_fl252,X_feature_price_freq_loss_fl63,0.572248,0.511611,0.529891,0.569749,0.548190,0.508012,0.552116,0.559043,0.498497,0.556116,0.461831,0.470320,0.513793,0.509306,0.545665,0.537819,0.484051,0.564319,0.496313,0.567346,0.484715,0.549886,0.536359,0.498364
X_feature_price_freq_loss_fl252,X_feature_price_freq_loss_fl21,-0.333321,-0.296787,-0.326433,-0.298732,-0.335635,-0.292343,-0.330849,-0.338866,-0.294669,-0.334736,-0.253729,-0.279210,-0.294386,-0.303230,-0.324533,-0.327338,-0.278466,-0.344284,-0.273774,-0.337574,-0.275585,-0.316649,-0.321199,-0.292044
X_feature_price_freq_loss_fl252,X_feature_price_price_to_min63,-0.064413,-0.139672,-0.212274,0.175325,-0.009941,-0.130696,-0.167494,-0.204259,-0.193458,-0.185402,-0.004123,-0.073449,-0.152048,-0.130525,-0.052157,-0.138302,-0.125891,-0.121710,0.048111,-0.195416,-0.164168,-0.041472,-0.045167,-0.135766
X_feature_price_freq_loss_fl252,X_feature_price_macd_10_21,0.279384,0.250343,0.283971,0.272467,0.332858,0.223501,0.296781,0.270141,0.240448,0.296930,0.163426,0.200591,0.247871,0.263653,0.302662,0.251082,0.220041,0.295477,0.189970,0.319402,0.232552,0.276810,0.241683,0.219991
X_feature_price_freq_loss_fl252,X_feature_price_sharpe_ratio_compound_r63_volatility63_rolling,0.354876,0.286580,0.337062,0.392281,0.357573,0.275287,0.341435,0.323929,0.292282,0.349956,0.224412,0.210096,0.312554,0.312983,0.346497,0.322095,0.247068,0.364394,0.238901,0.375096,0.282593,0.336631,0.287634,0.267211
X_feature_price_freq_loss_fl252,X_feature_price_price_to_ma63,-0.261023,-0.241509,-0.282024,-0.240747,-0.315919,-0.211537,-0.252356,-0.263191,-0.213641,-0.278452,-0.207239,-0.185245,-0.223454,-0.246945,-0.230656,-0.214017,-0.192901,-0.294270,-0.145483,-0.292893,-0.225000,-0.223728,-0.203892,-0.209621
X_feature_price_freq_loss_fl252,X_feature_price_bb_pct126,0.358858,0.316674,0.361345,0.384869,0.385811,0.268101,0.353632,0.363034,0.308605,0.352522,0.233600,0.239077,0.333099,0.315335,0.373659,0.314241,0.276512,0.392792,0.264368,0.386583,0.311448,0.375854,0.285182,0.290759
X_feature_price_freq_loss_fl252,X_feature_price_price_to_min252,0.334437,0.295028,0.446767,0.207647,0.163561,0.258636,0.414542,0.483733,0.474663,0.432435,0.210910,0.121972,0.380331,0.337635,0.306171,0.320402,0.391610,0.405558,0.162675,0.448560,0.475670,0.368689,0.162040,0.296992
X_feature_price_freq_loss_fl252,X_feature_price_ret90_shift0,0.393219,0.315288,0.383199,0.417488,0.392913,0.262456,0.358549,0.371030,0.303629,0.367983,0.324784,0.224804,0.335202,0.324796,0.313968,0.283766,0.277820,0.416007,0.243084,0.382344,0.332771,0.357408,0.286422,0.265575
X_feature_price_freq_loss_fl252,X_feature_price_price_to_ma252,0.519798,0.472877,0.563071,0.642991,0.584784,0.439528,0.486034,0.548022,0.511342,0.517041,0.504599,0.346025,0.466821,0.471720,0.524594,0.423338,0.433534,0.570578,0.464685,0.524734,0.518246,0.560104,0.492607,0.373281
X_feature_price_freq_loss_fl252,X_feature_price_sharpe_ratio_compound_r126_volatility126_rolling,0.505557,0.393817,0.475139,0.525148,0.497110,0.369010,0.458624,0.475991,0.427529,0.471654,0.385725,0.258053,0.434491,0.430191,0.471554,0.439066,0.376472,0.507440,0.386057,0.469807,0.436258,0.500890,0.410350,0.364563
X_feature_price_freq_loss_fl252,X_feature_price_macd_21_126,0.428782,0.412797,0.474811,0.574272,0.500982,0.299146,0.349948,0.453469,0.417240,0.420409,0.402625,0.167308,0.349489,0.341208,0.470554,0.281227,0.306015,0.480748,0.427204,0.386799,0.438833,0.511315,0.439941,0.227997
X_feature_price_freq_loss_fl252,X_feature_price_final_to_high90_exclude10,0.423317,0.339181,0.308248,0.541131,0.500081,0.265868,0.335048,0.305468,0.235412,0.367645,0.331920,0.235586,0.318558,0.344748,0.424663,0.332659,0.277666,0.420025,0.358539,0.390213,0.285608,0.410984,0.378714,0.282265
X_feature_price_freq_loss_fl252,X_feature_price_price_to_max252,0.530902,0.491788,0.473044,0.679014,0.617428,0.386988,0.422721,0.455540,0.378301,0.475013,0.491925,0.298075,0.423736,0.455673,0.562290,0.414863,0.389221,0.541354,0.509052,0.479330,0.427016,0.554094,0.524672,0.372125
X_feature_price_freq_loss_fl252,X_feature_price_final_to_high252_exclude21,0.519954,0.474467,0.471771,0.684358,0.604571,0.382419,0.409179,0.460861,0.387908,0.497581,0.518221,0.254113,0.424804,0.454228,0.563266,0.420769,0.399274,0.543851,0.541888,0.474395,0.439827,0.573767,0.524950,0.386098
X_feature_price_freq_loss_fl252,X_feature_price_lag1,-0.047961,-0.058022,-0.078761,-0.036761,-0.077037,-0.029550,-0.057972,-0.053919,-0.044605,-0.052999,-0.028612,-0.021723,-0.039250,-0.061559,0.027677,-0.044484,-0.028152,-0.068498,-0.065192,-0.065253,-0.063604,-0.002966,-0.041142,-0.028227
X_feature_price_freq_loss_fl252,X_feature_price_ret21_shift0,-0.176210,-0.168932,-0.199836,-0.135357,-0.218906,-0.137164,-0.171818,-0.192556,-0.147508,-0.191614,-0.135516,-0.134499,-0.142120,-0.182943,-0.165108,-0.153910,-0.134847,-0.209750,-0.082282,-0.193273,-0.160958,-0.135374,-0.139658,-0.162449
X_feature_price_freq_loss_fl252,X_feature_price_ret10_shift0,-0.129533,-0.123787,-0.144545,-0.101287,-0.174775,-0.101038,-0.128702,-0.139359,-0.110143,-0.145437,-0.103797,-0.099691,-0.101811,-0.136185,-0.116063,-0.109662,-0.093243,-0.158658,-0.053580,-0.137763,-0.116104,-0.099914,-0.104646,-0.111373
X_feature_price_freq_loss_fl252,X_feature_price_ret5_shift0,-0.094162,-0.100931,-0.103135,-0.077411,-0.127799,-0.075912,-0.096403,-0.104828,-0.085636,-0.109715,-0.077116,-0.071990,-0.074783,-0.106746,-0.087975,-0.080789,-0.070551,-0.122614,-0.047181,-0.100419,-0.092084,-0.073136,-0.086584,-0.081644
X_feature_price_freq_loss_fl252,X_feature_price_downside_vol10,0.276822,0.102982,0.064685,0.475510,0.422087,0.119954,0.142461,0.053293,0.030834,0.149702,0.186878,0.114575,0.114738,0.196554,0.304464,0.198432,0.124518,0.258591,0.249062,0.223325,0.080222,0.265006,0.261491,0.119357
X_feature_price_freq_loss_fl252,X_feature_price_downside_vol21,0.312444,0.116647,0.061335,0.517185,0.457112,0.128327,0.160215,0.052432,0.033046,0.167826,0.202744,0.117341,0.130699,0.209752,0.353855,0.230367,0.128868,0.280000,0.292007,0.241216,0.084367,0.305266,0.286999,0.133494
X_feature_price_freq_loss_fl252,X_feature_price_vol10,0.290123,0.091468,0.046687,0.528605,0.452591,0.124460,0.149118,0.035572,0.021685,0.154972,0.201648,0.117343,0.117303,0.202027,0.342784,0.219846,0.139464,0.277297,0.314972,0.234978,0.074607,0.325182,0.290706,0.131549
X_feature_price_freq_loss_fl252,X_feature_price_upside_vol10,0.213736,0.050463,0.020404,0.465921,0.373049,0.095619,0.107976,-0.000686,-0.000727,0.104904,0.156048,0.093656,0.077314,0.149428,0.269548,0.163927,0.105696,0.202889,0.271577,0.170800,0.037391,0.273029,0.227043,0.092165
X_feature_price_freq_loss_fl252,X_feature_price_upside_vol21,0.271036,0.084180,0.045284,0.538600,0.453559,0.123360,0.156168,0.036382,0.022123,0.150728,0.202466,0.115333,0.105007,0.189996,0.340000,0.217306,0.140574,0.264526,0.346472,0.213026,0.064284,0.334929,0.281415,0.123319
X_feature_price_freq_loss_fl252,X_feature_price_upside_vol63,0.318612,0.114306,0.069679,0.592612,0.502252,0.161330,0.204228,0.099317,0.055375,0.204511,0.258180,0.135041,0.132624,0.221115,0.400990,0.281925,0.183598,0.325095,0.414398,0.244536,0.091033,0.367864,0.329946,0.175127
X_feature_price_freq_loss_fl252,X_feature_price_atr5,0.308171,0.107166,0.053339,0.551039,0.479032,0.141918,0.194537,0.056032,0.030071,0.186906,0.227327,0.105789,0.127225,0.212584,0.370200,0.236426,0.169637,0.313935,0.354462,0.263257,0.108734,0.361119,0.319254,0.146282
X_feature_price_freq_loss_fl252,X_feature_price_downside_vol126,0.367503,0.125658,0.074016,0.569619,0.476657,0.137408,0.198295,0.094019,0.061967,0.250703,0.217387,0.084063,0.156181,0.259088,0.397260,0.311572,0.174894,0.359430,0.393313,0.286132,0.130493,0.369821,0.309737,0.166028
X_feature_price_freq_loss_fl252,X_feature_price_downside_vol63,0.338892,0.133881,0.063064,0.544391,0.480978,0.134325,0.185679,0.058790,0.049570,0.199962,0.217219,0.107347,0.143455,0.233799,0.393427,0.275314,0.140792,0.327400,0.358994,0.267953,0.099779,0.353258,0.294650,0.157758
X_feature_price_freq_loss_fl252,X_feature_price_atr21,0.347238,0.129032,0.059119,0.587515,0.510864,0.155535,0.224426,0.075687,0.043692,0.221187,0.249365,0.112308,0.145108,0.233823,0.410624,0.279093,0.192955,0.349275,0.402849,0.291808,0.125431,0.407504,0.363323,0.162565
X_feature_price_freq_loss_fl252,X_feature_price_atr126,0.366184,0.131007,0.069544,0.613324,0.514951,0.174802,0.251108,0.116146,0.057716,0.277294,0.253538,0.096548,0.154146,0.257470,0.432597,0.318191,0.234535,0.373118,0.443458,0.310010,0.160050,0.428339,0.394899,0.200715
X_feature_price_freq_loss_fl252,X_feature_price_vol252,0.383214,0.121101,0.063282,0.613977,0.506417,0.152183,0.261945,0.146942,0.090443,0.320367,0.241155,0.079707,0.155320,0.276127,0.425974,0.342403,0.247879,0.386680,0.442047,0.301425,0.157062,0.383019,0.364753,0.230047
X_feature_price_freq_loss_fl252,X_feature_market_cap_log_identity,0.069042,0.165666,0.076766,0.113623,0.086518,-0.016694,0.009561,0.040658,0.064293,0.153504,0.256576,0.063984,0.036848,0.121374,0.202738,0.010094,0.093448,0.179273,0.155997,0.143053,0.179307,0.244379,0.312801,0.142094
X_feature_price_freq_loss_fl252,X_feature_market_cap_log_std21,0.259257,0.121756,0.065819,0.486991,0.417918,0.065201,0.116341,0.021787,0.004737,0.143319,0.226434,0.100539,0.082018,0.164591,0.298396,0.144715,0.106832,0.256230,0.279474,0.184759,0.061458,0.278261,0.219462,0.073015
X_feature_price_freq_loss_fl252,X_feature_market_cap_log_std126,0.254988,0.077423,0.022114,0.507578,0.407737,-0.004000,0.050450,-0.047903,-0.009815,0.079087,0.242796,0.060548,0.058596,0.166525,0.250729,0.035124,0.088007,0.264352,0.252630,0.089443,0.053557,0.226619,0.206442,0.011672
X_feature_price_freq_loss_fl252,X_feature_market_cap_log_std504,0.018632,-0.023155,-0.044426,0.416705,0.282570,0.017276,-0.043394,-0.176310,-0.124307,0.020109,0.196181,0.069951,-0.025352,-0.017787,0.203207,0.042409,-0.044373,0.120577,0.303782,0.018003,-0.158709,0.159008,0.189662,-0.030436
X_feature_price_freq_loss_fl252,X_feature_market_cap_log_std252,0.102314,0.073463,-0.020631,0.424633,0.372104,0.009834,-0.086687,-0.147314,-0.090491,-0.041758,0.320342,0.060084,-0.081314,0.037253,0.228110,-0.054826,-0.048347,0.210091,0.287893,-0.033832,-0.092525,0.194599,0.274366,-0.128930
X_feature_price_freq_loss_fl252,X_feature_market_cap_log_diff_126,0.430051,0.343444,0.448378,0.487517,0.444726,0.311289,0.398010,0.425812,0.385327,0.384877,0.409979,0.239839,0.359871,0.355876,0.365705,0.308151,0.308619,0.469040,0.325493,0.408168,0.402760,0.458715,0.366455,0.281511
X_feature_price_freq_loss_fl252,X_feature_market_cap_log_to_min126,-0.145380,-0.198855,-0.310683,0.100569,-0.055398,-0.170711,-0.264133,-0.300289,-0.264009,-0.246917,-0.075686,-0.084524,-0.220534,-0.173393,-0.114180,-0.185399,-0.179626,-0.202224,-0.017426,-0.273672,-0.260341,-0.149825,-0.072012,-0.186747
X_feature_price_freq_loss_fl252,X_feature_market_cap_log_to_max504,0.498227,0.472686,0.444631,0.636873,0.606661,0.364196,0.419934,0.494737,0.430228,0.493861,0.531054,0.192008,0.341599,0.468723,0.546837,0.419660,0.382540,0.546951,0.567924,0.493839,0.476108,0.606106,0.572036,0.441396
X_feature_price_freq_loss_fl252,X_feature_market_cap_log_diff_504,0.286625,0.386809,0.311835,0.112436,0.510935,0.328564,0.249815,0.406222,0.383031,0.304867,0.542285,0.216416,0.198934,0.257293,0.351982,0.258049,0.210332,0.426740,0.472485,0.411037,0.454328,0.467112,0.557752,0.358377
X_feature_price_freq_loss_fl252,X_feature_market_cap_log_to_min504,0.240788,0.326201,0.312570,0.091434,0.304769,0.284124,0.192436,0.398971,0.384330,0.287015,0.305465,0.111281,0.151599,0.222418,0.283048,0.226120,0.205950,0.368267,0.233227,0.331553,0.441125,0.394339,0.258122,0.196656
X_feature_price_freq_loss_fl252,X_feature_pv_pv_corr21,-0.030834,-0.001755,-0.023233,0.081719,-0.026057,0.028121,0.009198,0.026709,0.007707,0.021289,0.039248,-0.002896,0.032858,0.009494,0.013879,0.033591,0.020215,0.033470,0.062788,-0.036691,0.032187,0.042945,0.067656,0.054707
X_feature_price_freq_loss_fl252,X_feature_pv_pv_corr126,-0.125460,-0.025033,-0.023575,0.072633,-0.023793,0.057750,0.005718,0.063120,0.012157,0.034355,0.035508,0.055101,0.037241,0.013545,0.030107,0.053783,0.017189,0.008463,0.105677,-0.072281,0.008864,0.009213,0.155440,0.152141
X_feature_price_freq_loss_fl252,X_feature_pv_pv_corr63,-0.069649,-0.007694,-0.014272,0.115928,-0.030193,0.050459,-0.004235,0.055686,0.025327,0.041715,0.051308,0.019914,0.039664,0.016160,0.025827,0.057697,0.024319,0.022277,0.087811,-0.060908,0.030461,0.038516,0.126284,0.103583
X_feature_price_freq_loss_fl252,X_feature_liquidity_turnover_level63,0.354143,0.097045,-0.003496,0.405152,0.319173,0.054125,0.167481,0.065822,0.073766,0.268681,0.141333,0.012732,0.143959,0.179574,0.252901,0.255347,0.170624,0.246053,0.245128,0.218327,0.121915,0.263383,0.237017,0.176399
X_feature_price_freq_loss_fl252,X_feature_volume_log_volume_ratio_max126,-0.051978,-0.005968,-0.022532,0.000989,-0.024000,-0.085572,0.053159,0.103534,0.090161,0.093921,0.085511,0.013948,0.059990,0.059631,0.048111,0.063922,0.083741,0.039703,0.047277,0.026521,0.039545,0.019047,0.004743,0.042683
X_feature_price_freq_loss_fl252,X_feature_volume_log_volume_ratio_max252,-0.042921,-0.014945,-0.033294,0.018931,-0.043799,-0.105143,0.035982,0.098602,0.093793,0.103088,0.086225,0.006642,0.051163,0.051712,0.041613,0.045335,0.083413,0.038594,0.039553,0.006506,0.028217,0.006761,-0.024537,0.041239
X_feature_price_freq_loss_fl252,X_feature_pv_illiquidity_mean21,-0.096664,0.114071,0.076250,0.043181,0.026099,-0.030376,-0.070749,-0.022130,-0.000017,0.036183,0.241428,0.061607,-0.010409,0.068748,0.176084,-0.052845,0.048521,0.131539,0.135102,0.089594,0.134666,0.226117,0.266222,0.082522
X_feature_price_freq_loss_fl252,X_feature_volume_log_volume_std504,-0.243328,-0.106379,-0.207711,-0.170324,-0.210098,-0.209494,-0.067509,-0.011167,0.033965,0.081239,0.161770,0.037771,0.045034,0.087910,0.072654,-0.018537,0.081086,0.026201,0.044134,-0.023970,0.062190,0.069602,0.027997,0.043640
X_feature_price_freq_loss_fl252,X_feature_volume_log_volume_std126,-0.195049,-0.052802,-0.115105,-0.144063,-0.119806,-0.168662,0.028187,0.073933,0.095614,0.101096,0.139453,0.066036,0.075575,0.117731,0.076807,0.001859,0.091030,0.038188,0.034385,0.051234,0.119471,0.050668,0.046832,0.073456
X_feature_price_freq_loss_fl252,X_feature_volume_log_volume_std63,-0.175528,-0.029119,-0.096493,-0.103531,-0.094576,-0.136692,0.036059,0.078739,0.089988,0.102016,0.127830,0.064726,0.077267,0.105174,0.067086,0.008517,0.078217,0.029826,0.046888,0.053510,0.109025,0.051963,0.049106,0.078937
X_feature_price_freq_loss_fl252,X_feature_market_corr504,-0.053288,0.037613,-0.124733,-0.455118,-0.343728,-0.303081,-0.109663,-0.154314,0.070115,0.124744,0.005064,0.033287,0.094824,0.097835,0.058057,0.166970,0.215668,0.067147,0.086447,0.192278,0.241056,-0.009699,0.144233,0.245095
X_feature_price_freq_loss_fl252,X_feature_market_corr252,-0.041813,0.086139,-0.067853,-0.478976,-0.250780,-0.251566,-0.076130,-0.040841,0.142674,0.115166,0.026508,0.061868,0.167925,0.116963,0.059774,0.159726,0.239521,0.099957,0.108899,0.208945,0.280095,0.013918,0.167704,0.265537
X_feature_price_freq_loss_fl252,X_feature_short_interest_to_volume_log_ratio_std252,-0.129935,-0.031012,-0.108378,-0.017720,-0.120711,-0.135169,-0.035575,0.015937,0.066012,0.043000,0.125306,0.055028,0.061747,0.093738,0.138200,0.045831,0.085668,0.133733,0.092129,0.033315,0.072588,0.110156,0.088072,0.053348
X_feature_price_freq_loss_fl252,X_feature_short_interest_to_volume_log_ratio_std63,-0.121904,-0.031053,-0.110067,-0.050651,-0.065290,-0.100981,0.027329,0.072101,0.091368,0.081220,0.110336,0.070649,0.068810,0.073828,0.088514,0.036563,0.077844,0.067966,0.068459,0.050240,0.072096,0.098554,0.038954,0.060988
X_feature_price_freq_loss_fl252,X_feature_short_interest_to_volume_log_ratio,-0.023006,0.037503,0.056881,-0.091375,-0.034226,0.008950,-0.033401,0.000297,0.031498,0.037522,0.210387,0.042475,-0.047134,-0.028991,-0.029046,-0.039276,0.025325,0.030811,0.009848,0.019980,0.040257,-0.008986,0.035225,0.023118
X_feature_price_freq_loss_fl252,X_feature_short_interest_to_volume_log_ratio_mean252,-0.076738,0.051620,0.049521,-0.209818,-0.148894,-0.023947,-0.037744,-0.025811,0.016023,-0.022547,0.172708,0.086289,-0.072393,-0.052358,-0.096503,-0.070303,-0.022042,-0.043070,0.007980,0.004313,-0.011416,-0.029358,-0.011118,0.009365
X_feature_price_freq_loss_fl252,X_feature_short_interest_to_volume_log_ratio_mean63,-0.031603,0.052286,0.047669,-0.122567,-0.052088,0.004231,-0.043809,-0.001940,0.032079,0.011128,0.222060,0.057748,-0.058556,-0.039900,-0.057382,-0.050735,0.007207,0.019874,0.015147,0.014064,0.035806,-0.011103,0.023575,0.037205
X_feature_price_freq_loss_fl252,X_feature_short_interest_log_diff21,0.007745,0.002871,0.021262,0.005347,0.009682,0.009830,-0.010470,-0.000825,0.010271,0.054682,0.048785,0.002673,0.015575,0.031375,0.044685,0.045501,0.049650,0.050232,0.006135,0.054759,0.017708,0.032723,0.047880,0.020551
X_feature_price_freq_loss_fl252,X_feature_short_interest_log_diff252,0.056960,0.004680,-0.008012,0.107580,0.060474,0.001114,-0.078315,-0.066848,-0.001161,0.066650,0.249628,0.023703,0.026995,0.051045,0.111869,0.044726,0.106675,0.182798,0.086583,0.069936,0.156822,0.095221,0.166984,0.104277
X_feature_price_freq_loss_fl252,X_feature_short_interest_log_diff63,0.019602,-0.000300,0.030170,0.030471,0.027811,0.017652,-0.028400,-0.002657,0.026322,0.088702,0.112111,-0.006311,0.021024,0.047975,0.082510,0.066296,0.093871,0.091902,0.022373,0.079311,0.052675,0.060536,0.082167,0.020013
X_feature_price_freq_loss_fl252,X_feature_short_interest_log_diff126,0.041299,0.003386,0.031369,0.070385,0.049233,0.027018,-0.054339,-0.009109,0.032068,0.082902,0.191002,0.001949,0.033720,0.061419,0.108155,0.079141,0.127066,0.141606,0.042008,0.102888,0.094805,0.087636,0.129784,0.041340
X_feature_price_high_to_initial252_exclude21,X_feature_price_trend_streak200_504,0.398341,0.462784,0.607253,0.337679,0.201059,0.213570,0.175276,0.531114,0.456458,0.416825,0.518862,0.117078,0.248987,0.406537,0.442333,0.236555,0.262798,0.478391,0.391920,0.202736,0.484198,0.498857,0.431297,0.094364
X_feature_price_high_to_initial252_exclude21,X_feature_price_ret252_shift0,0.711004,0.723138,0.621740,0.460496,0.444556,0.547256,0.674922,0.760057,0.694814,0.708172,0.501005,0.232146,0.735948,0.660552,0.621275,0.779247,0.722224,0.693232,0.532000,0.729425,0.727978,0.640082,0.686349,0.764771
X_feature_price_high_to_initial252_exclude21,X_feature_price_macd_21_252,0.476922,0.583409,0.584848,0.376605,0.287634,0.280213,0.202841,0.474108,0.431270,0.500845,0.579990,0.229348,0.310335,0.392853,0.438229,0.393565,0.292897,0.481746,0.433837,0.378030,0.533384,0.544084,0.583885,0.334457
X_feature_price_high_to_initial252_exclude21,X_feature_price_trend_streak200_126,0.575880,0.594071,0.525337,0.363930,0.361616,0.426992,0.346300,0.590997,0.524568,0.558795,0.556638,0.206464,0.433713,0.451297,0.449018,0.559515,0.482277,0.601253,0.478855,0.552963,0.632698,0.557788,0.629722,0.432652
X_feature_price_high_to_initial252_exclude21,X_feature_price_trend_streak200_252,0.638731,0.709585,0.758056,0.555722,0.455847,0.533876,0.431288,0.654588,0.679447,0.621275,0.743253,0.473325,0.504579,0.516685,0.579999,0.548226,0.584388,0.671543,0.633000,0.597057,0.726900,0.723401,0.682367,0.461296
X_feature_price_high_to_initial252_exclude21,X_feature_price_freq_loss_fl63,0.112332,0.084182,-0.073199,0.007969,0.040129,0.033300,-0.020138,0.195350,0.026257,0.139208,0.099441,-0.024587,0.014608,0.008328,0.085973,0.097725,-0.032216,0.159371,0.030610,0.090586,0.098238,0.090736,0.187348,-0.050292
X_feature_price_high_to_initial252_exclude21,X_feature_price_freq_loss_fl21,-0.043114,-0.051092,0.119610,0.013759,-0.011224,0.029431,0.038476,-0.090938,0.043709,-0.039357,-0.027890,0.025354,0.013192,0.020786,-0.030652,-0.004821,0.068461,-0.076358,0.031753,0.006596,0.000226,0.001594,-0.086132,0.086985
X_feature_price_high_to_initial252_exclude21,X_feature_price_price_to_min63,-0.229494,-0.333876,-0.222252,-0.023747,-0.112762,-0.134638,-0.211617,-0.253947,-0.189279,-0.205476,-0.039010,-0.061279,-0.265409,-0.212391,-0.124157,-0.211052,-0.173287,-0.107863,0.070892,-0.153711,-0.084197,-0.008182,-0.071587,-0.135652
X_feature_price_high_to_initial252_exclude21,X_feature_price_macd_10_21,0.137082,0.208353,-0.030396,-0.023868,0.068850,0.009970,-0.040166,0.134310,-0.009287,0.117034,0.014935,-0.028214,0.032363,0.039879,0.092003,0.108834,-0.040747,0.110396,-0.040735,0.067410,0.027071,0.035687,0.111887,-0.050914
X_feature_price_high_to_initial252_exclude21,X_feature_price_sharpe_ratio_compound_r63_volatility63_rolling,0.179753,0.240491,0.006572,0.023216,0.089508,0.037106,-0.001242,0.196426,0.017845,0.171034,0.057754,-0.021616,0.079535,0.064473,0.135408,0.162409,-0.006001,0.167605,0.001121,0.121227,0.071795,0.075108,0.168328,-0.026041
X_feature_price_high_to_initial252_exclude21,X_feature_price_price_to_ma63,-0.132145,-0.186785,0.055063,0.002697,-0.082547,-0.048984,-0.004864,-0.145975,-0.011115,-0.113319,-0.004069,-0.012888,-0.093352,-0.032168,-0.097703,-0.137619,0.003112,-0.119916,0.060780,-0.084841,-0.009844,-0.016480,-0.103060,0.028205
X_feature_price_high_to_initial252_exclude21,X_feature_price_bb_pct126,0.192766,0.249537,-0.008521,-0.005683,0.090875,0.008789,-0.024428,0.205824,0.000642,0.157734,0.091771,-0.026321,0.085739,0.049067,0.128627,0.125760,-0.014772,0.182878,-0.012031,0.104166,0.091931,0.081717,0.168774,-0.054039
X_feature_price_high_to_initial252_exclude21,X_feature_price_price_to_min252,0.597526,0.597133,0.527740,0.301200,0.327938,0.350317,0.645872,0.655287,0.570824,0.575647,0.251089,0.149317,0.674798,0.584738,0.415982,0.643620,0.630345,0.533519,0.201660,0.631847,0.530582,0.412239,0.304662,0.636442
X_feature_price_high_to_initial252_exclude21,X_feature_price_ret90_shift0,0.261026,0.280623,0.059834,0.006364,0.103878,0.142635,0.116466,0.314374,0.091759,0.256511,0.085717,0.013212,0.191579,0.128822,0.174558,0.280899,0.124484,0.249317,0.002345,0.229506,0.155528,0.140579,0.240155,0.081740
X_feature_price_high_to_initial252_exclude21,X_feature_price_price_to_ma252,0.469794,0.492064,0.273436,0.190422,0.231881,0.322947,0.349037,0.522038,0.351265,0.445459,0.245463,0.055576,0.444322,0.351905,0.364990,0.523777,0.379670,0.454563,0.220335,0.460337,0.416217,0.366938,0.468728,0.365310
X_feature_price_high_to_initial252_exclude21,X_feature_price_sharpe_ratio_compound_r126_volatility126_rolling,0.363717,0.366834,0.174250,0.091592,0.203044,0.161164,0.133379,0.378387,0.161460,0.337990,0.189319,0.012703,0.214008,0.229370,0.232105,0.340113,0.164587,0.345393,0.132854,0.285040,0.271171,0.259990,0.344783,0.130280
X_feature_price_high_to_initial252_exclude21,X_feature_price_macd_21_126,0.340038,0.439433,0.308655,0.197120,0.223378,0.172016,0.107023,0.342831,0.236030,0.299047,0.324480,0.041631,0.225442,0.184532,0.266399,0.216625,0.147723,0.359892,0.223301,0.287714,0.338035,0.351731,0.405327,0.111841
X_feature_price_high_to_initial252_exclude21,X_feature_price_final_to_high90_exclude10,0.041114,0.002889,-0.229634,-0.041299,-0.004303,-0.080993,-0.201542,0.022058,-0.162164,0.023733,0.008821,-0.101901,-0.110517,-0.104493,0.060425,0.042839,-0.149512,0.118668,0.006502,0.031945,-0.005588,0.053051,0.150348,-0.190239
X_feature_price_high_to_initial252_exclude21,X_feature_price_price_to_max252,0.179275,0.189704,-0.086773,0.078691,0.082480,0.052001,-0.119582,0.167978,-0.033015,0.125434,0.146722,-0.071752,-0.000847,-0.008816,0.197827,0.141984,-0.035399,0.240793,0.133413,0.146872,0.152712,0.194466,0.321541,-0.091347
X_feature_price_high_to_initial252_exclude21,X_feature_price_final_to_high252_exclude21,0.196987,0.200990,-0.005886,0.119614,0.112472,0.142891,-0.088528,0.219256,0.046109,0.198714,0.214518,-0.005902,0.023708,0.038192,0.241945,0.206440,0.037262,0.289082,0.246164,0.215985,0.236724,0.292111,0.365569,-0.008757
X_feature_price_high_to_initial252_exclude21,X_feature_price_lag1,-0.010848,-0.026090,-0.015261,0.018510,0.004300,-0.000163,0.010568,-0.023879,0.021934,-0.004459,0.013318,-0.031742,-0.011082,0.041824,0.018665,-0.038446,-0.002279,-0.024048,0.000088,-0.010904,-0.019556,0.036910,-0.011996,0.032279
X_feature_price_high_to_initial252_exclude21,X_feature_price_ret21_shift0,-0.075452,-0.141231,0.065235,0.009635,-0.047628,-0.009230,0.007112,-0.076789,0.018792,-0.045021,0.012596,0.004202,-0.047838,-0.006145,-0.053056,-0.050266,0.032140,-0.069563,0.063344,-0.002541,0.027133,0.021285,-0.044547,0.043049
X_feature_price_high_to_initial252_exclude21,X_feature_price_ret10_shift0,-0.068691,-0.089913,0.045323,0.015946,-0.040974,-0.006654,0.000224,-0.046781,0.020737,-0.047293,0.009664,-0.002473,-0.039870,-0.001360,-0.038845,-0.037949,0.021313,-0.055147,0.049444,-0.007243,0.011635,0.008489,-0.037363,0.039013
X_feature_price_high_to_initial252_exclude21,X_feature_price_ret5_shift0,-0.053526,-0.069264,0.032882,0.011688,-0.030521,-0.000643,0.006433,-0.035516,0.017933,-0.038725,0.006685,-0.005495,-0.025218,-0.005373,-0.029319,-0.027084,0.020369,-0.041371,0.032274,-0.006926,-0.003746,0.004341,-0.032837,0.024261
X_feature_price_high_to_initial252_exclude21,X_feature_price_downside_vol10,-0.153271,-0.293009,-0.480968,-0.057124,-0.075623,-0.168485,-0.314151,-0.203881,-0.309012,-0.142310,-0.080892,-0.154355,-0.296911,-0.236944,-0.040554,-0.132960,-0.272294,0.011977,-0.011741,-0.117496,-0.143076,-0.015594,0.028594,-0.328611
X_feature_price_high_to_initial252_exclude21,X_feature_price_downside_vol21,-0.195798,-0.345443,-0.539273,-0.071691,-0.086163,-0.203807,-0.378616,-0.250584,-0.361543,-0.182586,-0.106563,-0.176792,-0.348634,-0.287132,-0.041624,-0.161383,-0.329109,-0.003648,-0.002719,-0.146788,-0.184325,-0.017001,0.021501,-0.383082
X_feature_price_high_to_initial252_exclude21,X_feature_price_vol10,-0.209103,-0.373052,-0.535529,-0.059868,-0.106176,-0.200099,-0.380180,-0.255868,-0.348205,-0.182542,-0.088560,-0.176378,-0.365689,-0.293542,-0.063778,-0.179399,-0.324766,-0.007539,0.028263,-0.151109,-0.182795,0.000426,0.022207,-0.389843
X_feature_price_high_to_initial252_exclude21,X_feature_price_upside_vol10,-0.200925,-0.344455,-0.462128,-0.047845,-0.110726,-0.172711,-0.321318,-0.221747,-0.285550,-0.163976,-0.069770,-0.154773,-0.326138,-0.258118,-0.064531,-0.163219,-0.269721,-0.018040,0.052331,-0.134480,-0.157017,0.012677,0.014858,-0.332151
X_feature_price_high_to_initial252_exclude21,X_feature_price_upside_vol21,-0.231134,-0.391774,-0.522849,-0.056040,-0.131531,-0.197966,-0.386602,-0.255662,-0.337807,-0.176684,-0.077996,-0.172541,-0.383243,-0.305153,-0.068023,-0.190045,-0.319412,-0.024200,0.079110,-0.149024,-0.172832,0.027951,0.026505,-0.394355
X_feature_price_high_to_initial252_exclude21,X_feature_price_upside_vol63,-0.289255,-0.434416,-0.589844,-0.065496,-0.162845,-0.230940,-0.471848,-0.310106,-0.408233,-0.229926,-0.081021,-0.200031,-0.460219,-0.376933,-0.088570,-0.254333,-0.410227,-0.054956,0.078200,-0.229500,-0.217722,-0.008572,0.012077,-0.447437
X_feature_price_high_to_initial252_exclude21,X_feature_price_atr5,-0.199707,-0.373886,-0.559714,-0.055507,-0.104553,-0.205185,-0.394529,-0.264128,-0.370949,-0.199304,-0.094549,-0.186514,-0.408773,-0.344943,-0.067981,-0.195168,-0.354247,-0.011544,0.039180,-0.166611,-0.200899,-0.005511,0.013824,-0.432496
X_feature_price_high_to_initial252_exclude21,X_feature_price_downside_vol126,-0.227718,-0.398741,-0.586131,-0.078527,-0.106394,-0.194325,-0.424159,-0.255766,-0.381641,-0.159026,-0.124502,-0.205448,-0.407733,-0.297533,-0.014825,-0.113027,-0.349012,0.035880,0.112522,-0.083088,-0.153962,0.034590,0.069173,-0.407906
X_feature_price_high_to_initial252_exclude21,X_feature_price_downside_vol63,-0.237487,-0.392592,-0.581152,-0.093044,-0.107441,-0.217839,-0.429017,-0.278783,-0.393367,-0.192358,-0.118961,-0.187144,-0.399792,-0.316797,-0.030033,-0.154897,-0.377833,-0.002143,0.058212,-0.130868,-0.195654,0.008845,0.019636,-0.412899
X_feature_price_high_to_initial252_exclude21,X_feature_price_atr21,-0.239490,-0.415984,-0.608502,-0.062895,-0.121396,-0.226903,-0.448808,-0.305821,-0.416455,-0.233320,-0.107480,-0.204599,-0.454087,-0.385009,-0.080277,-0.225969,-0.403285,-0.023275,0.055662,-0.184095,-0.225370,-0.000157,0.016712,-0.478671
X_feature_price_high_to_initial252_exclude21,X_feature_price_atr126,-0.281886,-0.441430,-0.634671,-0.067427,-0.144478,-0.217400,-0.474200,-0.323321,-0.448226,-0.256162,-0.125154,-0.226829,-0.497370,-0.413939,-0.067286,-0.241154,-0.426654,-0.035083,0.085659,-0.200475,-0.211926,0.008392,0.034417,-0.476777
X_feature_price_high_to_initial252_exclude21,X_feature_price_vol252,-0.282967,-0.439434,-0.648319,-0.070701,-0.160372,-0.201313,-0.484634,-0.304248,-0.421814,-0.210472,-0.148684,-0.224716,-0.496542,-0.382595,-0.046680,-0.207879,-0.400739,-0.039041,0.061856,-0.203014,-0.198432,-0.025337,0.044298,-0.424436
X_feature_price_high_to_initial252_exclude21,X_feature_market_cap_log_identity,0.144811,0.278473,0.129327,-0.047775,-0.189844,-0.085489,-0.110942,-0.008397,-0.000625,0.093176,0.135022,-0.109451,-0.081098,0.008686,0.096350,0.037796,0.055964,0.140577,0.032209,0.002984,0.164956,0.155287,0.223266,-0.037448
X_feature_price_high_to_initial252_exclude21,X_feature_market_cap_log_std21,-0.161432,-0.313227,-0.464320,-0.061181,-0.079520,-0.174851,-0.347867,-0.228114,-0.308157,-0.144555,-0.065605,-0.114282,-0.311437,-0.268670,-0.036798,-0.115648,-0.274974,0.018659,0.053640,-0.097794,-0.151846,0.045377,0.029005,-0.294376
X_feature_price_high_to_initial252_exclude21,X_feature_market_cap_log_std126,-0.215518,-0.385958,-0.520448,-0.072514,-0.118152,-0.254894,-0.471876,-0.413755,-0.390608,-0.300041,-0.100242,-0.147002,-0.393476,-0.341865,-0.143036,-0.337120,-0.397886,-0.106691,-0.035543,-0.251002,-0.222758,-0.111126,-0.043576,-0.371771
X_feature_price_high_to_initial252_exclude21,X_feature_market_cap_log_std504,-0.547395,-0.474847,-0.637265,-0.213356,-0.277973,-0.280805,-0.681991,-0.558861,-0.562802,-0.469025,-0.125190,-0.034776,-0.648329,-0.575736,-0.244004,-0.506262,-0.629911,-0.320760,-0.072544,-0.448965,-0.476163,-0.209454,-0.147441,-0.633423
X_feature_price_high_to_initial252_exclude21,X_feature_market_cap_log_std252,-0.446074,-0.435102,-0.592304,-0.201145,-0.213861,-0.295979,-0.701551,-0.556846,-0.540122,-0.502330,-0.032313,-0.172450,-0.648082,-0.549860,-0.197086,-0.570986,-0.628999,-0.270080,-0.093455,-0.497247,-0.427633,-0.203382,-0.051381,-0.691368
X_feature_price_high_to_initial252_exclude21,X_feature_market_cap_log_diff_126,0.365815,0.370511,0.233038,0.080507,0.146873,0.237022,0.246089,0.425089,0.228444,0.356091,0.184200,0.042962,0.315563,0.254521,0.223773,0.390521,0.261880,0.361260,0.108458,0.334023,0.281700,0.279575,0.352163,0.219086
X_feature_price_high_to_initial252_exclude21,X_feature_market_cap_log_to_min126,-0.334450,-0.431578,-0.357580,-0.054881,-0.161944,-0.217119,-0.339305,-0.423926,-0.283729,-0.334115,-0.122652,-0.098264,-0.371600,-0.325988,-0.204113,-0.356317,-0.305226,-0.249306,-0.007639,-0.303872,-0.204588,-0.158158,-0.167902,-0.259343
X_feature_price_high_to_initial252_exclude21,X_feature_market_cap_log_to_max504,0.224430,0.293241,0.116387,0.183743,0.145640,0.179453,-0.017475,0.304615,0.162299,0.272832,0.299044,0.069073,0.118864,0.124812,0.330086,0.257376,0.087533,0.354645,0.311989,0.245741,0.284434,0.398085,0.422580,0.075620
X_feature_price_high_to_initial252_exclude21,X_feature_market_cap_log_diff_504,0.576850,0.573034,0.688061,0.370821,0.265672,0.323135,0.429885,0.645288,0.596319,0.514002,0.526702,0.132421,0.273142,0.530800,0.497331,0.483441,0.532164,0.563056,0.409858,0.350889,0.561171,0.544168,0.538073,0.425507
X_feature_price_high_to_initial252_exclude21,X_feature_market_cap_log_to_min504,0.628696,0.635273,0.731533,0.458307,0.442326,0.498172,0.672242,0.686463,0.674772,0.602690,0.429252,0.190280,0.705756,0.580461,0.548712,0.653553,0.655264,0.593201,0.382591,0.644393,0.613556,0.569501,0.442667,0.666307
X_feature_price_high_to_initial252_exclude21,X_feature_pv_pv_corr21,-0.015006,-0.052734,0.014315,0.043325,-0.058395,0.026438,0.029241,0.053721,0.040436,0.004104,0.053091,-0.024272,-0.033761,0.013665,0.002832,0.013901,0.052864,0.035356,0.058961,0.036971,0.070994,0.056528,0.035677,0.013018
X_feature_price_high_to_initial252_exclude21,X_feature_pv_pv_corr126,-0.162858,-0.145766,-0.102656,0.024765,-0.138011,-0.083777,-0.098240,-0.057396,-0.016009,-0.136547,0.007341,-0.091278,-0.186861,-0.115539,-0.081495,-0.146189,-0.101409,-0.090524,-0.022718,-0.165242,-0.042623,-0.051776,-0.073443,-0.098781
X_feature_price_high_to_initial252_exclude21,X_feature_pv_pv_corr63,-0.059856,-0.083922,-0.014208,0.056310,-0.088660,-0.013245,0.002211,0.023405,0.038102,-0.047746,0.051399,-0.058431,-0.091666,-0.031965,-0.026999,-0.039213,0.006310,-0.000629,0.034770,-0.047717,0.050675,0.019721,0.007994,-0.031737
X_feature_price_high_to_initial252_exclude21,X_feature_liquidity_turnover_level63,-0.123735,-0.385176,-0.575327,-0.186279,-0.204115,-0.277716,-0.391249,-0.283808,-0.328807,-0.126998,-0.122457,-0.206626,-0.260599,-0.208008,-0.075686,-0.095176,-0.200602,-0.015605,-0.000076,-0.087156,-0.066780,0.013219,-0.002132,-0.276455
X_feature_price_high_to_initial252_exclude21,X_feature_volume_log_volume_ratio_max126,0.016354,0.038226,-0.011789,-0.028657,-0.064727,-0.063148,-0.103451,-0.041261,-0.002389,-0.009167,-0.033138,-0.052748,-0.031893,-0.022877,-0.048509,-0.045827,-0.070756,-0.096599,-0.054393,-0.033052,-0.045983,-0.056381,-0.081829,-0.078243
X_feature_price_high_to_initial252_exclude21,X_feature_volume_log_volume_ratio_max252,0.052023,0.058904,-0.000992,0.029129,-0.023503,-0.003497,-0.057083,-0.015225,0.037354,0.001769,-0.020564,-0.037151,-0.028980,0.001771,-0.018975,-0.048593,-0.050656,-0.102818,-0.068847,-0.042219,-0.055914,-0.061087,-0.109493,-0.126948
X_feature_price_high_to_initial252_exclude21,X_feature_pv_illiquidity_mean21,0.134923,0.340373,0.246256,0.028835,-0.119564,-0.004299,-0.040276,0.030146,0.027373,0.052848,0.144913,-0.071486,-0.080222,-0.018318,0.095302,0.003718,0.012841,0.119613,0.043035,-0.027882,0.110547,0.148513,0.196125,-0.055968
X_feature_price_high_to_initial252_exclude21,X_feature_volume_log_volume_std504,-0.042201,0.086601,-0.086498,-0.141728,-0.210758,-0.160243,-0.209138,-0.154143,-0.090921,-0.079319,-0.023839,-0.075959,-0.129607,-0.118642,-0.090709,-0.131547,-0.129700,-0.104689,-0.058770,-0.052850,-0.056042,-0.064861,-0.115554,-0.126985
X_feature_price_high_to_initial252_exclude21,X_feature_volume_log_volume_std126,0.042256,0.157659,0.026114,-0.061375,-0.170046,-0.136757,-0.153032,-0.097393,-0.011758,-0.035710,-0.042547,-0.071709,-0.074572,-0.055537,-0.090113,-0.074701,-0.110823,-0.089792,-0.062381,-0.040695,0.001766,-0.050185,-0.076059,-0.090632
X_feature_price_high_to_initial252_exclude21,X_feature_volume_log_volume_std63,0.053703,0.162507,0.045880,-0.041611,-0.155167,-0.113089,-0.141932,-0.073753,0.008073,-0.029667,-0.041216,-0.055975,-0.068276,-0.039670,-0.090199,-0.058009,-0.096767,-0.071402,-0.042047,-0.032935,0.014219,-0.040129,-0.058871,-0.056308
X_feature_price_high_to_initial252_exclude21,X_feature_market_corr504,0.066055,0.208030,0.196945,-0.054773,0.018012,-0.185579,-0.188022,-0.215536,-0.032653,-0.028223,-0.152528,-0.072858,-0.006166,0.057054,-0.162276,-0.042810,-0.043803,-0.155167,-0.152112,0.161254,0.220358,-0.088664,-0.021117,-0.114646
X_feature_price_high_to_initial252_exclude21,X_feature_market_corr252,0.120183,0.273146,0.243868,-0.048929,-0.052911,-0.166564,-0.048075,-0.162810,0.055989,-0.024424,-0.139415,-0.071736,0.166091,0.034746,-0.149458,0.029696,0.024643,-0.120023,-0.151936,0.286445,0.270733,-0.030306,-0.027015,0.010459
X_feature_price_high_to_initial252_exclude21,X_feature_short_interest_to_volume_log_ratio_std252,-0.017878,0.046077,-0.161000,-0.099293,-0.164985,-0.053653,-0.162093,-0.097156,-0.039490,0.003903,0.003386,-0.045150,-0.029640,-0.064983,-0.007492,-0.045024,-0.127015,-0.001431,-0.022951,-0.034704,-0.053394,-0.002077,-0.050547,-0.107171
X_feature_price_high_to_initial252_exclude21,X_feature_short_interest_to_volume_log_ratio_std63,-0.010454,0.046082,-0.107421,-0.075459,-0.132289,-0.097995,-0.160166,-0.084578,-0.020246,-0.000677,-0.024029,-0.035045,-0.047143,-0.047458,-0.098042,-0.073545,-0.136632,-0.058343,-0.042744,-0.053479,-0.040779,-0.034911,-0.078917,-0.095325
X_feature_price_high_to_initial252_exclude21,X_feature_short_interest_to_volume_log_ratio,0.101156,0.183329,0.265395,0.090820,0.033469,0.040103,0.076939,0.078967,0.162720,0.092816,0.171306,-0.058894,-0.003953,0.083816,0.037116,0.061299,0.111164,0.042957,0.009285,0.099815,0.115961,-0.010153,0.013344,0.033218
X_feature_price_high_to_initial252_exclude21,X_feature_short_interest_to_volume_log_ratio_mean252,0.044467,0.167355,0.283497,0.083488,0.017686,-0.031411,0.040934,0.033452,0.110684,0.041734,0.104709,-0.101195,-0.070698,0.002469,-0.039430,-0.002083,0.021939,-0.056587,-0.026097,0.036364,0.037891,-0.080735,-0.052380,-0.026580
X_feature_price_high_to_initial252_exclude21,X_feature_short_interest_to_volume_log_ratio_mean63,0.113797,0.212698,0.304860,0.131450,0.044789,0.027712,0.092131,0.090149,0.173462,0.089320,0.176701,-0.066509,-0.021707,0.075576,0.026229,0.055776,0.105573,0.039287,0.010318,0.097850,0.124694,-0.018094,-0.002430,0.040174
X_feature_price_high_to_initial252_exclude21,X_feature_short_interest_log_diff21,0.006129,-0.009342,-0.014130,-0.008754,0.011976,0.019563,0.020291,0.035748,0.030484,0.041374,0.035228,0.008110,0.035550,0.037683,0.031071,0.053078,0.041048,0.032740,0.002203,0.056725,0.020015,0.013485,0.056737,0.006968
X_feature_price_high_to_initial252_exclude21,X_feature_short_interest_log_diff252,0.036499,0.032690,-0.050156,-0.052251,-0.043386,0.015173,-0.020785,0.021155,0.089569,0.086804,0.206265,0.072817,0.117282,0.172078,0.104821,0.140409,0.206174,0.216494,0.080778,0.218341,0.266149,0.142688,0.161433,0.212984
X_feature_price_high_to_initial252_exclude21,X_feature_short_interest_log_diff63,0.022696,0.006351,-0.015187,-0.020233,0.028499,0.039272,0.029495,0.050664,0.068576,0.083649,0.095220,0.016397,0.062778,0.086238,0.045624,0.099059,0.085426,0.083613,-0.010051,0.097788,0.077436,0.028048,0.084686,0.037509
X_feature_price_high_to_initial252_exclude21,X_feature_short_interest_log_diff126,0.058086,0.030544,-0.014597,-0.003733,0.049896,0.045149,0.035166,0.066054,0.103880,0.115576,0.163175,0.037728,0.107023,0.131127,0.088826,0.146204,0.149579,0.151046,0.018649,0.164757,0.139075,0.069080,0.117580,0.108941
X_feature_price_trend_streak200_504,X_feature_price_ret252_shift0,0.498895,0.515636,0.530581,0.200116,0.611801,0.376466,0.347671,0.609968,0.524175,0.465339,0.540367,0.207666,0.394030,0.573401,0.610398,0.280943,0.374974,0.620686,0.509678,0.403593,0.521552,0.572691,0.559469,0.093921
X_feature_price_trend_streak200_504,X_feature_price_macd_21_252,0.609137,0.721811,0.709644,0.515321,0.829332,0.802385,0.644104,0.708750,0.682138,0.646330,0.756214,0.529775,0.718916,0.744487,0.809293,0.627892,0.534451,0.681215,0.759659,0.718200,0.705307,0.756050,0.753339,0.600211
X_feature_price_trend_streak200_504,X_feature_price_trend_streak200_126,0.594444,0.538440,0.541256,0.248479,0.659355,0.424200,0.478073,0.691103,0.566285,0.493166,0.600813,0.213004,0.537273,0.647593,0.689568,0.451040,0.498899,0.674997,0.548746,0.535590,0.587065,0.587870,0.589613,0.280430
X_feature_price_trend_streak200_504,X_feature_price_trend_streak200_252,0.751991,0.796796,0.768864,0.557854,0.791635,0.710114,0.626213,0.862158,0.770931,0.703365,0.785524,0.505995,0.677529,0.844786,0.840285,0.736232,0.699082,0.805758,0.793880,0.683268,0.794525,0.757672,0.769113,0.648469
X_feature_price_trend_streak200_504,X_feature_price_freq_loss_fl63,0.173658,0.071775,-0.051900,-0.061338,0.239031,0.073919,0.179013,0.214396,0.117297,0.179492,0.124150,0.022265,0.140007,0.162451,0.154961,0.043655,0.098182,0.246134,0.116853,0.226118,0.106649,0.204132,0.241491,0.094544
X_feature_price_trend_streak200_504,X_feature_price_freq_loss_fl21,-0.074534,-0.019551,0.088856,0.062067,-0.129595,-0.037440,-0.092384,-0.108324,-0.050650,-0.099410,-0.041136,-0.004174,-0.056410,-0.079923,-0.068044,-0.017225,-0.043666,-0.126051,-0.040828,-0.108630,-0.032732,-0.094993,-0.130269,-0.061899
X_feature_price_trend_streak200_504,X_feature_price_price_to_min63,0.015271,-0.033774,-0.129316,0.109141,0.136773,0.188118,-0.029567,-0.064159,-0.053479,-0.110450,0.078926,0.175593,-0.024208,-0.057372,0.103413,0.127181,0.033337,-0.020058,0.259238,0.012119,0.048649,0.027286,0.076230,0.073502
X_feature_price_trend_streak200_504,X_feature_price_macd_10_21,0.154575,0.105775,-0.012007,-0.078228,0.213352,0.093245,0.177937,0.164757,0.103919,0.153824,0.032654,0.038920,0.149354,0.184395,0.170148,0.075852,0.087976,0.200881,0.033072,0.221233,0.056097,0.156462,0.140061,0.017214
X_feature_price_trend_streak200_504,X_feature_price_sharpe_ratio_compound_r63_volatility63_rolling,0.185466,0.112941,0.015930,-0.050488,0.228498,0.073460,0.191775,0.194341,0.123688,0.189384,0.082087,-0.005036,0.178286,0.217353,0.188380,0.072725,0.098640,0.254523,0.053537,0.258139,0.077886,0.201638,0.173799,0.022042
X_feature_price_trend_streak200_504,X_feature_price_price_to_ma63,-0.118617,-0.071916,0.037869,0.097261,-0.199583,0.013777,-0.106374,-0.129016,-0.065753,-0.140715,-0.075862,0.034766,-0.092615,-0.147778,-0.071891,0.023408,-0.042980,-0.183926,0.045868,-0.145397,-0.029062,-0.113938,-0.088982,0.008788
X_feature_price_trend_streak200_504,X_feature_price_bb_pct126,0.219045,0.126603,0.021420,-0.071844,0.263240,0.106081,0.225608,0.246479,0.161694,0.198219,0.103709,0.035926,0.216563,0.229035,0.231751,0.116937,0.138633,0.297460,0.086549,0.278290,0.123206,0.236471,0.187644,0.067496
X_feature_price_trend_streak200_504,X_feature_price_price_to_min252,0.266336,0.231514,0.385083,-0.024050,0.028179,-0.163491,0.232410,0.388309,0.328700,0.296158,0.113360,-0.155839,0.254039,0.320971,0.235084,-0.002578,0.197145,0.360193,-0.094948,0.206061,0.244987,0.293681,0.062030,-0.060545
X_feature_price_trend_streak200_504,X_feature_price_ret90_shift0,0.254163,0.131341,0.075880,-0.045752,0.312567,-0.023722,0.213046,0.256985,0.161438,0.216369,0.178548,-0.019364,0.232276,0.251507,0.181605,0.005990,0.118806,0.326315,0.040369,0.230504,0.130768,0.241628,0.184372,-0.020742
X_feature_price_trend_streak200_504,X_feature_price_price_to_ma252,0.397189,0.332185,0.288332,0.053795,0.534461,0.173691,0.330444,0.471246,0.373230,0.341943,0.370691,0.094699,0.352009,0.431675,0.458158,0.122672,0.259917,0.519559,0.263475,0.361442,0.332523,0.436475,0.415162,-0.003428
X_feature_price_trend_streak200_504,X_feature_price_sharpe_ratio_compound_r126_volatility126_rolling,0.359840,0.226293,0.188762,0.010122,0.425421,0.128725,0.344058,0.382522,0.283925,0.277118,0.240969,0.023472,0.340633,0.370683,0.399943,0.153557,0.223428,0.450282,0.201481,0.363805,0.242766,0.367804,0.320902,0.024721
X_feature_price_trend_streak200_504,X_feature_price_macd_21_126,0.416843,0.400621,0.353855,0.144599,0.521838,0.292537,0.323164,0.479108,0.400710,0.349648,0.358452,0.088718,0.371533,0.375808,0.516140,0.230275,0.305252,0.515271,0.365301,0.396387,0.376724,0.466237,0.436304,0.111974
X_feature_price_trend_streak200_504,X_feature_price_final_to_high90_exclude10,0.307536,0.184567,-0.080119,0.001845,0.484501,0.315859,0.264370,0.260700,0.155421,0.208469,0.227881,0.177687,0.277482,0.295328,0.357189,0.218315,0.221259,0.381295,0.274379,0.396683,0.195186,0.285656,0.340296,0.119315
X_feature_price_trend_streak200_504,X_feature_price_price_to_max252,0.423003,0.356494,0.103557,0.096987,0.637392,0.436247,0.364961,0.432253,0.306408,0.308500,0.392031,0.200104,0.391824,0.422279,0.549416,0.288911,0.332494,0.530311,0.429808,0.484607,0.349934,0.428078,0.493962,0.171381
X_feature_price_trend_streak200_504,X_feature_price_final_to_high252_exclude21,0.463531,0.403887,0.184729,0.143354,0.666232,0.511190,0.396359,0.494443,0.357666,0.351277,0.456752,0.230889,0.439525,0.464025,0.608715,0.359450,0.390226,0.572355,0.521854,0.527115,0.425062,0.486087,0.526029,0.218429
X_feature_price_trend_streak200_504,X_feature_price_lag1,-0.010002,-0.022116,-0.008236,0.004152,-0.044773,0.009014,-0.029892,-0.020799,0.000975,-0.007972,-0.002671,0.010650,0.009896,-0.021737,0.071780,0.014865,0.004971,-0.039080,-0.029530,-0.026226,-0.009075,0.020000,-0.001487,0.016842
X_feature_price_trend_streak200_504,X_feature_price_ret21_shift0,-0.063382,-0.043595,0.051527,0.081187,-0.120231,0.022020,-0.061038,-0.077069,-0.036805,-0.091397,-0.031671,0.022603,-0.037217,-0.098718,-0.033147,0.017974,-0.019514,-0.115934,0.059515,-0.080951,-0.004883,-0.049882,-0.052763,-0.016105
X_feature_price_trend_streak200_504,X_feature_price_ret10_shift0,-0.047036,-0.022103,0.035087,0.054347,-0.093391,0.020089,-0.043053,-0.049411,-0.020136,-0.067506,-0.024361,0.018722,-0.012551,-0.065294,-0.016465,0.011905,-0.006112,-0.085246,0.047397,-0.045295,-0.007692,-0.036629,-0.035980,-0.019694
X_feature_price_trend_streak200_504,X_feature_price_ret5_shift0,-0.035438,-0.020226,0.024044,0.036599,-0.065404,0.015342,-0.030711,-0.033917,-0.015762,-0.050080,-0.018494,0.009076,-0.003137,-0.054444,-0.015465,0.011741,0.001055,-0.068166,0.030809,-0.031481,-0.011801,-0.024774,-0.036085,-0.015370
X_feature_price_trend_streak200_504,X_feature_price_downside_vol10,0.163201,0.031322,-0.317637,-0.018130,0.458731,0.317379,0.131985,0.057201,0.014190,0.030038,0.154601,0.190957,0.115978,0.179432,0.288154,0.229466,0.143392,0.237534,0.307097,0.317797,0.085146,0.188620,0.279893,0.140180
X_feature_price_trend_streak200_504,X_feature_price_downside_vol21,0.198823,0.047500,-0.347469,-0.014111,0.513483,0.381329,0.153431,0.076986,0.026999,0.045224,0.174010,0.218294,0.147384,0.197827,0.360413,0.284006,0.180233,0.279019,0.368110,0.378961,0.106187,0.224816,0.321599,0.155461
X_feature_price_trend_streak200_504,X_feature_price_vol10,0.174636,0.031405,-0.342641,0.011050,0.504911,0.370664,0.143981,0.062261,0.015722,0.021740,0.176978,0.225414,0.133037,0.177480,0.346718,0.285862,0.179802,0.253810,0.411885,0.375141,0.116047,0.230580,0.323652,0.178508
X_feature_price_trend_streak200_504,X_feature_price_upside_vol10,0.128380,0.017415,-0.292142,0.032189,0.427202,0.318542,0.113248,0.034228,0.002747,-0.004237,0.145079,0.205339,0.108345,0.127957,0.283355,0.231465,0.147386,0.179377,0.375001,0.305252,0.091677,0.192979,0.258527,0.155766
X_feature_price_trend_streak200_504,X_feature_price_upside_vol21,0.180277,0.035453,-0.319174,0.045538,0.510715,0.377618,0.144554,0.066635,0.019401,0.014995,0.181127,0.237934,0.122015,0.151107,0.350879,0.290782,0.179546,0.224717,0.462291,0.366941,0.134906,0.240487,0.313705,0.190106
X_feature_price_trend_streak200_504,X_feature_price_upside_vol63,0.221279,0.064349,-0.338931,0.052037,0.564618,0.447542,0.175759,0.115409,0.040593,0.051528,0.218479,0.268887,0.124248,0.165614,0.399413,0.361036,0.205598,0.274020,0.529197,0.425042,0.174863,0.251059,0.365665,0.236049
X_feature_price_trend_streak200_504,X_feature_price_atr5,0.188777,0.042677,-0.344456,0.014953,0.543353,0.420117,0.190443,0.103609,0.044727,0.046794,0.204593,0.240599,0.141084,0.183230,0.383885,0.331733,0.225185,0.311101,0.477585,0.436780,0.164168,0.270665,0.356173,0.197657
X_feature_price_trend_streak200_504,X_feature_price_downside_vol126,0.279560,0.083211,-0.336043,0.025319,0.603540,0.490947,0.251383,0.202125,0.097814,0.126198,0.219396,0.249894,0.252144,0.277727,0.489259,0.459321,0.307887,0.400353,0.546172,0.524251,0.255833,0.320793,0.398317,0.215244
X_feature_price_trend_streak200_504,X_feature_price_downside_vol63,0.233925,0.073568,-0.353238,0.002886,0.567205,0.444516,0.202095,0.127738,0.063450,0.074833,0.203588,0.247486,0.210171,0.230757,0.448181,0.375892,0.236008,0.343919,0.468421,0.460221,0.177886,0.280068,0.358253,0.191067
X_feature_price_trend_streak200_504,X_feature_price_atr21,0.223908,0.058894,-0.367010,0.024812,0.584949,0.469949,0.217411,0.133568,0.063344,0.064913,0.225235,0.262169,0.160648,0.205618,0.430488,0.392246,0.262597,0.348410,0.543456,0.502181,0.203781,0.310299,0.404844,0.226260
X_feature_price_trend_streak200_504,X_feature_price_atr126,0.247987,0.071875,-0.362385,0.034749,0.612619,0.529765,0.263891,0.191289,0.066656,0.109236,0.227531,0.260473,0.175371,0.225637,0.466137,0.459725,0.303479,0.377791,0.600016,0.568415,0.275967,0.337198,0.453840,0.265990
X_feature_price_trend_streak200_504,X_feature_price_vol252,0.281359,0.085416,-0.362643,0.055328,0.603444,0.542294,0.289133,0.226378,0.092722,0.152249,0.214057,0.219258,0.200749,0.248837,0.468857,0.495311,0.332840,0.361756,0.582545,0.582026,0.301113,0.302672,0.434144,0.332710
X_feature_price_trend_streak200_504,X_feature_market_cap_log_identity,0.294382,0.387597,0.344953,0.068040,0.061513,-0.038349,-0.017874,0.073357,0.097374,0.221881,0.359069,0.223761,0.087822,0.202165,0.309471,0.282052,0.295580,0.357594,0.313865,0.285667,0.284399,0.347578,0.429335,0.372832
X_feature_price_trend_streak200_504,X_feature_market_cap_log_std21,0.176663,0.042852,-0.279472,0.016628,0.466422,0.328033,0.134820,0.067159,0.027627,0.051646,0.198588,0.218486,0.128651,0.148423,0.339906,0.236062,0.170009,0.278143,0.381043,0.324094,0.111212,0.226931,0.276358,0.092057
X_feature_price_trend_streak200_504,X_feature_market_cap_log_std126,0.240114,0.105507,-0.258655,0.098045,0.517269,0.375584,0.122774,0.047096,0.059479,0.071462,0.203945,0.259290,0.144323,0.209701,0.307418,0.272118,0.238599,0.300994,0.420023,0.307464,0.212950,0.183141,0.304272,0.192925
X_feature_price_trend_streak200_504,X_feature_market_cap_log_std504,-0.269485,-0.119823,-0.367819,-0.094873,0.324987,0.426092,-0.068278,-0.285139,-0.241379,-0.191042,0.153447,0.372686,-0.004637,-0.251877,0.147129,0.003437,-0.193496,0.000120,0.386811,0.163959,-0.197356,0.051099,0.214083,0.029668
X_feature_price_trend_streak200_504,X_feature_market_cap_log_std252,0.073243,0.093523,-0.255475,0.077538,0.491883,0.413711,0.020267,-0.068754,-0.017929,-0.022446,0.298385,0.201118,0.018351,0.055883,0.300420,0.184512,0.124157,0.242200,0.459184,0.227092,0.095358,0.160755,0.358064,0.151883
X_feature_price_trend_streak200_504,X_feature_market_cap_log_diff_126,0.334403,0.220698,0.245884,0.007695,0.402486,0.011926,0.302096,0.348964,0.280621,0.251744,0.284677,0.014589,0.286166,0.331202,0.324020,0.041121,0.172095,0.424645,0.135935,0.284983,0.224253,0.361421,0.294117,-0.020815
X_feature_price_trend_streak200_504,X_feature_market_cap_log_to_min126,-0.080143,-0.096347,-0.254112,0.111092,0.091701,0.218712,-0.144117,-0.177923,-0.133278,-0.164911,0.011761,0.193403,-0.115155,-0.131409,-0.011197,0.115333,-0.011114,-0.124424,0.217331,-0.069076,-0.022295,-0.085589,0.038464,0.079063
X_feature_price_trend_streak200_504,X_feature_market_cap_log_to_max504,0.469059,0.517549,0.345059,0.319440,0.734485,0.712378,0.507803,0.580627,0.502076,0.479433,0.537812,0.418609,0.526543,0.521970,0.711020,0.468272,0.426739,0.635157,0.666781,0.638941,0.491526,0.641189,0.666543,0.379343
X_feature_price_trend_streak200_504,X_feature_market_cap_log_diff_504,0.637923,0.702128,0.799463,0.739743,0.809411,0.774965,0.635974,0.665661,0.723400,0.662613,0.752583,0.677478,0.582866,0.607602,0.757216,0.658076,0.544345,0.699435,0.781984,0.716797,0.685648,0.800316,0.801944,0.673943
X_feature_price_trend_streak200_504,X_feature_market_cap_log_to_min504,0.467236,0.435769,0.643971,0.433526,0.372874,0.066432,0.262446,0.555872,0.542988,0.475036,0.334406,-0.124127,0.184282,0.483850,0.466293,0.308185,0.347188,0.516138,0.196790,0.299770,0.501154,0.520163,0.268413,0.103728
X_feature_price_trend_streak200_504,X_feature_pv_pv_corr21,0.066126,0.052562,0.065130,0.109053,0.026250,0.075255,0.031600,0.066521,0.041647,0.036730,0.079969,0.059349,0.027947,0.025575,0.039419,0.054442,0.043414,0.072771,0.129082,-0.024064,0.047844,0.052505,0.095835,0.071136
X_feature_price_trend_streak200_504,X_feature_pv_pv_corr126,-0.000943,0.054754,0.008488,0.163969,-0.005367,0.123334,-0.052845,0.030661,-0.009336,0.050771,0.064263,0.142269,-0.062553,-0.005378,-0.020995,0.065276,-0.014267,-0.022952,0.180525,-0.073303,-0.029365,-0.032610,0.163982,0.186860
X_feature_price_trend_streak200_504,X_feature_pv_pv_corr63,0.061357,0.070212,0.075561,0.143798,0.018836,0.113060,0.000099,0.072093,0.045470,0.058263,0.096292,0.099107,-0.006815,0.030502,0.028470,0.077866,0.027045,0.055020,0.171710,-0.050015,0.026391,0.030455,0.153634,0.133305
X_feature_price_trend_streak200_504,X_feature_liquidity_turnover_level63,0.309049,0.093380,-0.344033,-0.160969,0.278441,0.167973,0.135882,0.139843,0.085762,0.161506,0.163786,0.060237,0.089750,0.162507,0.294257,0.349082,0.334809,0.335313,0.353885,0.393457,0.278023,0.275025,0.304810,0.252125
X_feature_price_trend_streak200_504,X_feature_volume_log_volume_ratio_max126,0.108696,0.078212,0.055895,0.029329,-0.007092,-0.048649,0.028182,0.118302,0.126234,0.117592,0.061436,-0.008955,0.057486,0.074686,0.030376,0.096522,0.166670,0.070574,0.046447,0.108965,0.124354,0.021589,0.002059,0.082097
X_feature_price_trend_streak200_504,X_feature_volume_log_volume_ratio_max252,0.113279,0.077488,0.068330,0.059073,-0.020686,-0.051396,0.018014,0.120898,0.145265,0.135329,0.077969,-0.046940,0.048698,0.091535,0.046630,0.074460,0.169812,0.082612,0.041411,0.096021,0.125829,0.020445,-0.004736,0.096961
X_feature_price_trend_streak200_504,X_feature_pv_illiquidity_mean21,0.147761,0.325950,0.400095,0.167859,0.048483,-0.031626,-0.055527,-0.010913,0.022450,0.107117,0.311981,0.233321,0.063555,0.128552,0.254026,0.188438,0.174521,0.265222,0.286017,0.221822,0.196168,0.301333,0.370925,0.287143
X_feature_price_trend_streak200_504,X_feature_volume_log_volume_std504,-0.017573,0.042830,0.014465,-0.114655,-0.245167,-0.225609,-0.117061,-0.012718,0.076643,0.125540,0.110291,0.041282,0.004197,0.076637,0.097860,0.094761,0.154424,0.093734,0.037594,0.095385,0.094509,0.087324,0.051804,0.076500
X_feature_price_trend_streak200_504,X_feature_volume_log_volume_std126,0.090463,0.139735,0.136077,0.055331,-0.112348,-0.114567,-0.031681,0.069115,0.138550,0.149765,0.085644,0.119990,0.037512,0.116893,0.067206,0.136935,0.170297,0.080631,0.027298,0.164887,0.136703,0.067770,0.054829,0.114387
X_feature_price_trend_streak200_504,X_feature_volume_log_volume_std63,0.098266,0.145478,0.142107,0.059140,-0.093409,-0.095046,-0.030241,0.070670,0.127150,0.136959,0.081536,0.118851,0.033111,0.104582,0.060745,0.128235,0.151967,0.061881,0.045791,0.143771,0.120528,0.061307,0.059767,0.098730
X_feature_price_trend_streak200_504,X_feature_market_corr504,0.294984,0.325579,0.331921,-0.029114,-0.328512,-0.146379,-0.123251,0.006064,0.216214,0.307180,0.106013,0.058607,0.026440,0.187709,0.055029,0.099128,0.441848,0.363511,0.207567,0.280692,0.520763,0.246208,0.134091,0.276842
X_feature_price_trend_streak200_504,X_feature_market_corr252,0.289028,0.379341,0.370425,-0.019603,-0.253608,-0.073399,-0.090595,0.112014,0.293984,0.275949,0.105412,0.097440,0.056851,0.185208,0.018987,0.142209,0.489819,0.376289,0.188442,0.215165,0.526632,0.236954,0.146488,0.324788
X_feature_price_trend_streak200_504,X_feature_short_interest_to_volume_log_ratio_std252,0.068872,0.054482,-0.022147,-0.041415,-0.120336,-0.091167,-0.048746,0.038758,0.111768,0.119281,0.068376,0.083912,0.074283,0.064913,0.117117,0.138361,0.139934,0.148166,0.076020,0.172143,0.123993,0.113451,0.101142,0.088002
X_feature_price_trend_streak200_504,X_feature_short_interest_to_volume_log_ratio_std63,0.072587,0.082213,0.003740,0.020162,-0.065135,-0.057016,-0.022658,0.068000,0.111792,0.113348,0.056806,0.094801,0.053253,0.027188,0.070623,0.127376,0.128549,0.059043,0.022332,0.149395,0.086709,0.079662,0.039386,0.058694
X_feature_price_trend_streak200_504,X_feature_short_interest_to_volume_log_ratio,0.084776,0.075363,0.223495,0.121561,-0.011987,-0.024629,0.008380,0.039678,0.077853,0.145450,0.249163,0.047198,-0.028132,0.041683,0.028561,0.073333,0.154364,0.143700,0.109676,0.138037,0.224086,0.106660,0.086869,0.084263
X_feature_price_trend_streak200_504,X_feature_short_interest_to_volume_log_ratio_mean252,0.075147,0.089404,0.250367,0.144170,-0.128146,-0.003716,-0.024890,-0.014448,0.053258,0.123700,0.221320,0.131591,-0.100591,-0.004905,-0.043188,0.035511,0.124492,0.101465,0.105021,0.137830,0.214655,0.111213,0.062904,0.109398
X_feature_price_trend_streak200_504,X_feature_short_interest_to_volume_log_ratio_mean63,0.099144,0.088289,0.252608,0.152708,-0.022143,-0.017116,-0.002530,0.030440,0.077642,0.151093,0.265025,0.071723,-0.052236,0.037604,-0.002968,0.076198,0.162120,0.148356,0.120616,0.153920,0.251343,0.127191,0.089946,0.114717
X_feature_price_trend_streak200_504,X_feature_short_interest_log_diff21,-0.015887,-0.022838,-0.021672,-0.022351,-0.002481,0.012417,0.005529,0.014378,0.013617,0.026101,0.024384,-0.001300,0.038874,0.027493,0.052592,0.011326,0.018650,0.026173,-0.007277,0.048345,-0.011013,0.024022,0.036987,-0.018948
X_feature_price_trend_streak200_504,X_feature_short_interest_log_diff252,0.007106,-0.021847,-0.041348,-0.081653,0.041718,-0.030696,0.038149,0.019392,0.062129,0.106464,0.214314,0.010180,0.142067,0.156100,0.156209,0.127298,0.162344,0.175830,0.096832,0.145886,0.147519,0.097837,0.165718,0.053571
X_feature_price_trend_streak200_504,X_feature_short_interest_log_diff63,-0.027497,-0.025911,-0.028055,-0.042641,-0.001742,0.009545,0.019459,0.024959,0.022762,0.041547,0.081556,-0.023238,0.058071,0.048517,0.099826,0.026916,0.047611,0.048461,0.007606,0.072260,0.008660,0.041405,0.057075,-0.045354
X_feature_price_trend_streak200_504,X_feature_short_interest_log_diff126,-0.011594,-0.028140,-0.040512,-0.054208,0.022655,-0.014925,0.011597,0.036697,0.038662,0.069786,0.143205,-0.042103,0.081634,0.085853,0.120524,0.064670,0.095785,0.097651,0.034108,0.118715,0.038010,0.073380,0.099703,-0.043825
X_feature_price_ret252_shift0,X_feature_price_macd_21_252,0.719331,0.773807,0.796559,0.734587,0.774043,0.553579,0.519668,0.678808,0.702162,0.704852,0.761448,0.501711,0.554253,0.689391,0.749298,0.529624,0.535592,0.756793,0.747853,0.633092,0.757877,0.805036,0.818366,0.418053
X_feature_price_ret252_shift0,X_feature_price_trend_streak200_126,0.815076,0.817736,0.834161,0.853368,0.837039,0.743899,0.706142,0.805392,0.809214,0.798470,0.795684,0.637730,0.704664,0.763002,0.807723,0.739041,0.757338,0.849101,0.842243,0.796900,0.849936,0.849939,0.832361,0.646302
X_feature_price_ret252_shift0,X_feature_price_trend_streak200_252,0.759442,0.774231,0.779781,0.753909,0.802039,0.674022,0.648496,0.747341,0.756594,0.681819,0.731453,0.570437,0.640899,0.699158,0.772964,0.594601,0.702535,0.785487,0.743796,0.695158,0.764372,0.782727,0.749696,0.467650
X_feature_price_ret252_shift0,X_feature_price_freq_loss_fl63,0.412130,0.303153,0.303939,0.409677,0.333295,0.232144,0.280975,0.396419,0.327037,0.440401,0.393747,0.089834,0.256702,0.290107,0.354710,0.313807,0.253255,0.430306,0.342124,0.339047,0.371629,0.401498,0.429796,0.206532
X_feature_price_ret252_shift0,X_feature_price_freq_loss_fl21,-0.261985,-0.195422,-0.178871,-0.210078,-0.214681,-0.132325,-0.177760,-0.252463,-0.198846,-0.287659,-0.216040,-0.050165,-0.157778,-0.182601,-0.223796,-0.203027,-0.151524,-0.267954,-0.193160,-0.202053,-0.226613,-0.229665,-0.271005,-0.124790
X_feature_price_ret252_shift0,X_feature_price_price_to_min63,-0.352425,-0.417902,-0.419659,0.086320,-0.072117,-0.211059,-0.380595,-0.409855,-0.371372,-0.422352,-0.088234,0.078042,-0.403868,-0.341017,-0.209977,-0.401339,-0.382087,-0.275797,-0.048358,-0.364181,-0.335443,-0.165910,-0.154433,-0.381328
X_feature_price_ret252_shift0,X_feature_price_macd_10_21,0.469356,0.430644,0.363059,0.348686,0.418919,0.280838,0.343962,0.412552,0.344384,0.465459,0.351994,0.215305,0.330738,0.385264,0.422600,0.381459,0.328880,0.447282,0.345441,0.400435,0.384404,0.402906,0.396509,0.270633
X_feature_price_ret252_shift0,X_feature_price_sharpe_ratio_compound_r63_volatility63_rolling,0.562271,0.495681,0.440410,0.460607,0.468945,0.340539,0.418424,0.499339,0.421048,0.547706,0.463834,0.224324,0.416486,0.479756,0.491783,0.461729,0.391004,0.546308,0.436091,0.484989,0.475644,0.494920,0.498596,0.323580
X_feature_price_ret252_shift0,X_feature_price_price_to_ma63,-0.498555,-0.436371,-0.374568,-0.337926,-0.433438,-0.304367,-0.376625,-0.440209,-0.365913,-0.485878,-0.482562,-0.169127,-0.377607,-0.411332,-0.390802,-0.413875,-0.365076,-0.463039,-0.311614,-0.422510,-0.412104,-0.378157,-0.401614,-0.312666
X_feature_price_ret252_shift0,X_feature_price_bb_pct126,0.612233,0.551807,0.471368,0.495021,0.523709,0.377004,0.455967,0.550121,0.470980,0.568716,0.457442,0.252883,0.460740,0.486422,0.537799,0.475696,0.428407,0.595528,0.492930,0.519655,0.526462,0.563988,0.537425,0.324298
X_feature_price_ret252_shift0,X_feature_price_price_to_min252,0.782270,0.711821,0.806262,0.433065,0.377353,0.460951,0.886135,0.816733,0.815053,0.810856,0.372935,0.045601,0.873138,0.756845,0.615684,0.807096,0.875918,0.750557,0.418884,0.864258,0.808638,0.649062,0.392276,0.861871
X_feature_price_ret252_shift0,X_feature_price_ret90_shift0,0.674263,0.570778,0.528147,0.539186,0.555279,0.430400,0.542347,0.598654,0.501820,0.627646,0.660296,0.295498,0.528617,0.571006,0.504456,0.542974,0.508565,0.637259,0.475300,0.576449,0.579402,0.576514,0.565525,0.424525
X_feature_price_ret252_shift0,X_feature_price_price_to_ma252,0.888061,0.858811,0.805455,0.848036,0.861465,0.788517,0.815669,0.854144,0.818569,0.849611,0.887862,0.742097,0.810830,0.830814,0.838823,0.823378,0.802632,0.879390,0.809986,0.845402,0.847505,0.861842,0.877884,0.740104
X_feature_price_ret252_shift0,X_feature_price_sharpe_ratio_compound_r126_volatility126_rolling,0.747953,0.679791,0.634278,0.640065,0.675540,0.525894,0.590389,0.687880,0.620668,0.712950,0.671871,0.355659,0.579530,0.678071,0.665324,0.633977,0.577989,0.746897,0.662716,0.664201,0.686389,0.716645,0.708032,0.495848
X_feature_price_ret252_shift0,X_feature_price_macd_21_126,0.648442,0.722286,0.701279,0.721318,0.695001,0.498450,0.474172,0.610249,0.614171,0.607738,0.602213,0.368824,0.496249,0.520469,0.664428,0.402072,0.461740,0.693925,0.686373,0.573030,0.669338,0.726183,0.698374,0.331348
X_feature_price_ret252_shift0,X_feature_price_final_to_high90_exclude10,0.502294,0.379758,0.295891,0.601135,0.605861,0.350949,0.281761,0.382600,0.309022,0.455738,0.627987,0.433230,0.281982,0.399107,0.515980,0.360502,0.288757,0.562824,0.555553,0.432262,0.438627,0.540074,0.559030,0.175673
X_feature_price_ret252_shift0,X_feature_price_price_to_max252,0.695020,0.672961,0.548171,0.803528,0.817714,0.632907,0.444090,0.614089,0.543633,0.640862,0.852619,0.790966,0.455798,0.573647,0.765244,0.535365,0.481175,0.752608,0.797465,0.618112,0.668159,0.763679,0.816763,0.338742
X_feature_price_ret252_shift0,X_feature_price_final_to_high252_exclude21,0.623971,0.609117,0.544282,0.783151,0.782453,0.623125,0.394488,0.581164,0.527106,0.612018,0.824791,0.768830,0.415538,0.545339,0.731727,0.506157,0.472999,0.724805,0.795264,0.596196,0.641026,0.756122,0.757010,0.329353
X_feature_price_ret252_shift0,X_feature_price_lag1,-0.062825,-0.073845,-0.097015,-0.037215,-0.083925,-0.029662,-0.053979,-0.067458,-0.058458,-0.067654,-0.058673,0.008347,-0.042986,-0.055087,0.026730,-0.081473,-0.042645,-0.088099,-0.076144,-0.061287,-0.084465,-0.007100,-0.055289,-0.016378
X_feature_price_ret252_shift0,X_feature_price_ret21_shift0,-0.337493,-0.310215,-0.253227,-0.201303,-0.288560,-0.180659,-0.247855,-0.306105,-0.247035,-0.338888,-0.314251,-0.107325,-0.245137,-0.294119,-0.266812,-0.280801,-0.245109,-0.319075,-0.180985,-0.261323,-0.283411,-0.218759,-0.263501,-0.217542
X_feature_price_ret252_shift0,X_feature_price_ret10_shift0,-0.249056,-0.213494,-0.181270,-0.145613,-0.217525,-0.123980,-0.174516,-0.211597,-0.170207,-0.243824,-0.220556,-0.083326,-0.167640,-0.205274,-0.175783,-0.197562,-0.159703,-0.231734,-0.105792,-0.181191,-0.199730,-0.150189,-0.183915,-0.127678
X_feature_price_ret252_shift0,X_feature_price_ret5_shift0,-0.180689,-0.163751,-0.122391,-0.102923,-0.157529,-0.097953,-0.121267,-0.151349,-0.122170,-0.178156,-0.155040,-0.063999,-0.118282,-0.157454,-0.123153,-0.138117,-0.107405,-0.172274,-0.075405,-0.126669,-0.150592,-0.104153,-0.141232,-0.089599
X_feature_price_ret252_shift0,X_feature_price_downside_vol10,0.159883,-0.054336,-0.112786,0.467513,0.449983,0.101993,-0.000604,0.019161,-0.003609,0.118224,0.368933,0.363434,-0.050610,0.138358,0.303566,0.067000,0.006396,0.310609,0.370933,0.164478,0.115487,0.308484,0.341397,-0.140802
X_feature_price_ret252_shift0,X_feature_price_downside_vol21,0.173222,-0.057091,-0.127920,0.515234,0.501444,0.121882,-0.001262,0.021597,-0.000919,0.129924,0.408338,0.404423,-0.057385,0.138743,0.368276,0.081102,0.004598,0.348305,0.453935,0.186013,0.134168,0.362698,0.375116,-0.154531
X_feature_price_ret252_shift0,X_feature_price_vol10,0.068924,-0.162345,-0.195210,0.488414,0.441071,0.056256,-0.091585,-0.078245,-0.082827,0.022159,0.334938,0.342719,-0.144034,0.055892,0.278097,-0.028065,-0.080573,0.260956,0.401845,0.103239,0.041411,0.316759,0.312973,-0.245609
X_feature_price_ret252_shift0,X_feature_price_upside_vol10,-0.033141,-0.217714,-0.222304,0.402071,0.318367,-0.002287,-0.148467,-0.144373,-0.136470,-0.067671,0.210617,0.255419,-0.193356,-0.028889,0.168815,-0.106731,-0.140036,0.133986,0.302074,0.007924,-0.055408,0.214765,0.197830,-0.278920
X_feature_price_ret252_shift0,X_feature_price_upside_vol21,-0.014920,-0.227420,-0.234802,0.464940,0.384197,0.011803,-0.167557,-0.157440,-0.154699,-0.064973,0.264243,0.281404,-0.226471,-0.037617,0.211759,-0.121760,-0.170519,0.156858,0.354767,0.004923,-0.057221,0.254131,0.231030,-0.332540
X_feature_price_ret252_shift0,X_feature_price_upside_vol63,-0.017516,-0.228213,-0.255389,0.504879,0.416857,0.034151,-0.195415,-0.170184,-0.172661,-0.078199,0.298023,0.311685,-0.271411,-0.069779,0.236811,-0.143798,-0.219535,0.161867,0.368828,-0.040313,-0.082725,0.235032,0.266400,-0.348074
X_feature_price_ret252_shift0,X_feature_price_atr5,0.096052,-0.136561,-0.185873,0.521352,0.479042,0.086108,-0.062824,-0.058498,-0.068678,0.036804,0.375324,0.360643,-0.162121,0.035450,0.305361,-0.030540,-0.078729,0.299608,0.445681,0.114527,0.064408,0.349358,0.333213,-0.270999
X_feature_price_ret252_shift0,X_feature_price_downside_vol126,0.186361,-0.051961,-0.112894,0.578908,0.562101,0.200168,0.016579,0.070763,0.056573,0.196095,0.460269,0.435667,-0.080101,0.179129,0.434129,0.140408,0.041065,0.439097,0.575495,0.280508,0.211429,0.454852,0.452188,-0.176927
X_feature_price_ret252_shift0,X_feature_price_downside_vol63,0.174051,-0.047812,-0.124820,0.552942,0.549936,0.166076,0.008955,0.042515,0.024124,0.163758,0.450100,0.433700,-0.065533,0.157086,0.428112,0.112631,0.012951,0.409326,0.557577,0.245745,0.175605,0.435922,0.410433,-0.164120
X_feature_price_ret252_shift0,X_feature_price_atr21,0.099664,-0.139304,-0.200072,0.548231,0.509701,0.101848,-0.070633,-0.066804,-0.072713,0.038361,0.403448,0.381408,-0.181358,0.029198,0.333976,-0.032360,-0.093362,0.318331,0.496294,0.121450,0.072286,0.391912,0.365899,-0.302932
X_feature_price_ret252_shift0,X_feature_price_atr126,0.068900,-0.156591,-0.208846,0.552554,0.493764,0.124052,-0.083403,-0.060753,-0.070545,0.038158,0.386936,0.370477,-0.214916,0.017126,0.347280,-0.042162,-0.092279,0.312388,0.504406,0.112000,0.080099,0.385923,0.375687,-0.305491
X_feature_price_ret252_shift0,X_feature_price_vol252,0.068294,-0.158774,-0.231110,0.539857,0.475131,0.114173,-0.095198,-0.046501,-0.049317,0.052349,0.369754,0.358372,-0.240412,0.037894,0.331126,-0.037533,-0.085556,0.278345,0.462061,0.080201,0.065358,0.330699,0.371184,-0.300964
X_feature_price_ret252_shift0,X_feature_market_cap_log_identity,0.335321,0.406151,0.275779,0.187898,0.122779,0.100329,0.040857,0.118223,0.170129,0.243359,0.385216,0.240865,0.052490,0.205268,0.278500,0.134635,0.210414,0.281081,0.248120,0.193638,0.264319,0.302650,0.431734,0.038419
X_feature_price_ret252_shift0,X_feature_market_cap_log_std21,0.096460,-0.096848,-0.136828,0.469802,0.449380,0.042096,-0.094304,-0.074163,-0.076065,0.038695,0.398295,0.336581,-0.132621,0.047461,0.265413,-0.030576,-0.069834,0.270171,0.357608,0.083669,0.053426,0.282377,0.245868,-0.205876
X_feature_price_ret252_shift0,X_feature_market_cap_log_std126,0.088227,-0.146775,-0.155513,0.507169,0.469022,-0.016369,-0.193680,-0.230892,-0.120661,-0.098263,0.484639,0.308737,-0.198745,0.030179,0.169087,-0.255858,-0.175415,0.210175,0.297637,-0.068524,0.006053,0.200016,0.206733,-0.347394
X_feature_price_ret252_shift0,X_feature_market_cap_log_std504,-0.294875,-0.273621,-0.272643,0.362593,0.274370,0.016454,-0.396321,-0.355008,-0.264570,-0.212763,0.347888,0.429563,-0.429487,-0.273694,0.098598,-0.329907,-0.390001,-0.034082,0.276368,-0.224121,-0.266180,0.115797,0.132105,-0.526132
X_feature_price_ret252_shift0,X_feature_market_cap_log_std252,-0.178740,-0.173244,-0.205720,0.374740,0.404798,0.017545,-0.466893,-0.354534,-0.261760,-0.286840,0.556463,0.394181,-0.504750,-0.199988,0.162166,-0.467618,-0.427560,0.060466,0.303720,-0.303995,-0.204443,0.170908,0.279474,-0.676033
X_feature_price_ret252_shift0,X_feature_market_cap_log_diff_126,0.722746,0.648263,0.659898,0.650252,0.666939,0.536661,0.647883,0.682803,0.633165,0.681803,0.755717,0.395969,0.628224,0.664204,0.593742,0.627759,0.614355,0.728372,0.604200,0.661104,0.677386,0.705459,0.691432,0.546331
X_feature_price_ret252_shift0,X_feature_market_cap_log_to_min126,-0.467565,-0.519878,-0.580812,-0.026898,-0.163610,-0.285269,-0.552803,-0.570001,-0.499677,-0.555554,-0.197752,0.046459,-0.545075,-0.457203,-0.327013,-0.528092,-0.528215,-0.431564,-0.180013,-0.527710,-0.496606,-0.337839,-0.241661,-0.517165
X_feature_price_ret252_shift0,X_feature_market_cap_log_to_max504,0.663967,0.639557,0.598448,0.742878,0.773531,0.568179,0.474528,0.659112,0.616316,0.669592,0.850148,0.640984,0.455038,0.627143,0.754127,0.554748,0.529239,0.769745,0.759318,0.608652,0.697435,0.783995,0.808487,0.402924
X_feature_price_ret252_shift0,X_feature_market_cap_log_diff_504,0.620630,0.645118,0.645225,0.208146,0.657444,0.518141,0.459400,0.646110,0.579546,0.547177,0.740686,0.496703,0.407453,0.589050,0.599734,0.528779,0.550193,0.678003,0.579010,0.535901,0.631543,0.625599,0.765534,0.403556
X_feature_price_ret252_shift0,X_feature_market_cap_log_to_min504,0.636469,0.682036,0.680746,0.259139,0.507378,0.509937,0.584034,0.670068,0.631486,0.617466,0.449795,0.046894,0.618914,0.584157,0.592474,0.668918,0.629540,0.656067,0.461083,0.691105,0.686329,0.628048,0.506234,0.701613
X_feature_price_ret252_shift0,X_feature_pv_pv_corr21,-0.144344,-0.150238,-0.124458,0.013508,-0.109055,-0.082928,-0.111994,-0.080483,-0.101233,-0.125861,-0.079500,-0.034819,-0.100276,-0.090851,-0.092728,-0.094706,-0.090372,-0.063639,-0.039007,-0.112127,-0.067959,-0.052167,-0.035321,-0.082552
X_feature_price_ret252_shift0,X_feature_pv_pv_corr126,-0.358767,-0.315404,-0.271790,-0.110058,-0.247999,-0.258499,-0.314084,-0.225212,-0.259375,-0.294061,-0.246337,-0.107947,-0.266070,-0.266435,-0.254690,-0.276805,-0.288944,-0.258947,-0.157667,-0.356292,-0.270054,-0.257828,-0.112153,-0.217829
X_feature_price_ret252_shift0,X_feature_pv_pv_corr63,-0.243845,-0.233869,-0.195799,-0.003561,-0.184834,-0.168020,-0.210232,-0.149393,-0.162432,-0.208041,-0.172685,-0.057639,-0.188608,-0.174213,-0.180634,-0.173157,-0.192211,-0.158925,-0.103495,-0.248710,-0.169373,-0.151082,-0.060003,-0.143408
X_feature_price_ret252_shift0,X_feature_liquidity_turnover_level63,0.137717,-0.170583,-0.259493,0.318892,0.254964,-0.050397,-0.090191,-0.084186,-0.015361,0.093855,0.235899,0.161961,-0.068728,0.054148,0.224602,0.051891,0.021708,0.256261,0.317500,0.150929,0.115377,0.282651,0.208951,-0.152704
X_feature_price_ret252_shift0,X_feature_volume_log_volume_ratio_max126,0.070533,0.103952,0.063886,0.079967,0.074312,0.054127,0.022144,0.056270,0.076624,0.029348,0.103409,0.013363,0.029133,0.046616,0.029032,0.014981,0.015283,-0.043873,0.045103,0.019528,0.017016,0.007794,-0.046868,-0.023397
X_feature_price_ret252_shift0,X_feature_volume_log_volume_ratio_max252,0.077121,0.110648,0.064082,0.109525,0.077729,0.084626,0.029502,0.069463,0.096373,0.035475,0.105129,0.008700,0.006539,0.052751,0.024673,-0.015599,0.012136,-0.065034,0.034206,-0.005046,-0.017600,-0.004707,-0.095349,-0.060308
X_feature_price_ret252_shift0,X_feature_pv_illiquidity_mean21,0.207913,0.391077,0.303841,0.134863,0.083002,0.107593,0.009457,0.084694,0.099245,0.136688,0.338790,0.228808,-0.000188,0.131935,0.220038,0.062893,0.132145,0.203526,0.225039,0.117040,0.196560,0.259874,0.379690,-0.001947
X_feature_price_ret252_shift0,X_feature_volume_log_volume_std504,-0.024133,0.097395,-0.100468,-0.116441,-0.205085,-0.110142,-0.125818,-0.058324,0.004288,-0.003506,0.138411,-0.009746,-0.043603,0.008467,0.034640,-0.056319,0.002442,-0.052285,0.080648,-0.007571,0.015030,0.016872,-0.036706,-0.014211
X_feature_price_ret252_shift0,X_feature_volume_log_volume_std126,0.043919,0.159624,0.015224,-0.076144,-0.064074,-0.030427,-0.039901,0.007925,0.069860,0.023986,0.145006,0.047790,0.008226,0.067141,0.046296,0.005905,0.019348,-0.033722,0.045354,0.037097,0.076860,0.023358,-0.018001,-0.008242
X_feature_price_ret252_shift0,X_feature_volume_log_volume_std63,0.059079,0.169710,0.030120,-0.032540,-0.036075,-0.011445,-0.026233,0.018763,0.071838,0.024192,0.139071,0.053313,0.011302,0.069703,0.042655,0.017247,0.015344,-0.021984,0.054315,0.040521,0.081020,0.034125,-0.005026,0.019942
X_feature_price_ret252_shift0,X_feature_market_corr504,0.126638,0.253283,0.052440,-0.358943,-0.215675,-0.101484,-0.127921,-0.141897,0.101672,0.008152,0.006170,-0.046457,0.057200,0.060606,0.013983,0.071325,0.069498,0.051393,0.124429,0.301580,0.204227,0.006391,0.037209,0.056790
X_feature_price_ret252_shift0,X_feature_market_corr252,0.148570,0.307284,0.107681,-0.379316,-0.108156,-0.013275,-0.044101,-0.075181,0.149540,0.008242,0.043551,0.009808,0.199831,0.053610,0.025920,0.133930,0.108229,0.099615,0.153811,0.390344,0.260352,0.044267,0.049014,0.128476
X_feature_price_ret252_shift0,X_feature_short_interest_to_volume_log_ratio_std252,0.043519,0.097047,-0.073226,0.026033,-0.097755,0.011533,-0.074744,-0.000699,0.055983,0.058040,0.167623,0.138724,0.027700,0.053563,0.111305,0.009796,0.021429,0.086752,0.104643,0.030762,0.043688,0.090679,0.117355,-0.024083
X_feature_price_ret252_shift0,X_feature_short_interest_to_volume_log_ratio_std63,0.054933,0.107678,-0.054017,0.001109,0.011527,0.030780,-0.030946,0.017569,0.069513,0.059258,0.137653,0.081095,0.040230,0.034423,0.063615,0.015878,0.016207,0.012654,0.070966,0.039109,0.064829,0.082360,0.025703,-0.001870
X_feature_price_ret252_shift0,X_feature_short_interest_to_volume_log_ratio,0.032748,0.145604,0.164881,-0.115280,-0.036678,0.026726,0.006161,0.049315,0.111244,0.089494,0.137477,-0.041512,-0.024440,0.049068,0.003402,0.049147,0.074866,0.053568,0.043654,0.125158,0.087493,-0.002203,-0.024550,0.070175
X_feature_price_ret252_shift0,X_feature_short_interest_to_volume_log_ratio_mean252,-0.010325,0.146754,0.164092,-0.214643,-0.148915,-0.031150,-0.030683,0.002522,0.067235,0.057181,0.077351,-0.040056,-0.077722,0.004472,-0.070868,0.010587,0.006093,-0.017909,0.019175,0.090856,0.028867,-0.025722,-0.059876,0.033702
X_feature_price_ret252_shift0,X_feature_short_interest_to_volume_log_ratio_mean63,0.037880,0.166810,0.177708,-0.140652,-0.064422,0.015517,-0.001672,0.054152,0.107951,0.078526,0.127835,-0.036161,-0.044098,0.043783,-0.024315,0.045525,0.060377,0.039010,0.040266,0.126324,0.087387,-0.002526,-0.043229,0.087273
X_feature_price_ret252_shift0,X_feature_short_interest_log_diff21,0.010191,-0.001405,0.002807,-0.003774,0.018487,0.020179,0.014481,0.023197,0.034402,0.068214,0.062628,0.014708,0.042590,0.050908,0.064365,0.068370,0.070578,0.078520,0.043206,0.098979,0.053873,0.056406,0.086634,0.025060
X_feature_price_ret252_shift0,X_feature_short_interest_log_diff252,0.049221,0.042764,-0.018334,0.059837,0.054865,0.019903,-0.032132,0.015637,0.080911,0.117099,0.230938,0.074496,0.121500,0.154484,0.155454,0.144248,0.186485,0.239173,0.183010,0.238895,0.262236,0.165505,0.209174,0.199519
X_feature_price_ret252_shift0,X_feature_short_interest_log_diff63,0.024797,0.006361,0.007396,0.014210,0.035473,0.028944,0.016444,0.039971,0.074800,0.109447,0.126006,0.023100,0.065719,0.074324,0.112397,0.119663,0.128309,0.132471,0.081573,0.155043,0.120096,0.098123,0.131676,0.066300
X_feature_price_ret252_shift0,X_feature_short_interest_log_diff126,0.057643,0.026652,0.008382,0.047127,0.067514,0.035546,0.011246,0.059768,0.099342,0.128129,0.190181,0.050716,0.115666,0.111420,0.150693,0.161567,0.187429,0.193822,0.136466,0.212095,0.182501,0.146587,0.185148,0.143771
X_feature_price_macd_21_252,X_feature_price_trend_streak200_126,0.795460,0.794839,0.830000,0.785654,0.816715,0.636410,0.679450,0.788875,0.784462,0.759720,0.815707,0.605923,0.712581,0.766224,0.820015,0.663267,0.653977,0.800360,0.783549,0.752248,0.808018,0.845012,0.824365,0.590838
X_feature_price_macd_21_252,X_feature_price_trend_streak200_252,0.771070,0.824956,0.828668,0.816788,0.843137,0.756487,0.709683,0.760096,0.753301,0.721427,0.848321,0.670530,0.768818,0.779035,0.850022,0.703746,0.620208,0.746176,0.809472,0.750775,0.797938,0.834330,0.824274,0.725429
X_feature_price_macd_21_252,X_feature_price_freq_loss_fl63,0.329372,0.225037,0.205524,0.310096,0.300805,0.161281,0.246092,0.296817,0.268381,0.358914,0.270785,0.142593,0.233412,0.245108,0.251249,0.168366,0.206444,0.361765,0.269451,0.287948,0.288130,0.346543,0.367564,0.152685
X_feature_price_macd_21_252,X_feature_price_freq_loss_fl21,-0.181384,-0.096226,-0.062709,-0.106584,-0.157444,-0.078928,-0.123254,-0.151392,-0.117663,-0.200754,-0.113042,-0.050865,-0.111940,-0.126820,-0.124197,-0.087091,-0.098634,-0.186994,-0.112459,-0.137456,-0.130157,-0.157614,-0.202026,-0.086823
X_feature_price_macd_21_252,X_feature_price_price_to_min63,-0.077556,-0.225241,-0.276306,0.198670,0.075012,0.076830,-0.051644,-0.137080,-0.116671,-0.198162,-0.025402,-0.013607,-0.072107,-0.088915,0.034089,-0.016485,-0.077448,-0.105040,0.122911,-0.096104,-0.113002,-0.002228,-0.017622,-0.032052
X_feature_price_macd_21_252,X_feature_price_macd_10_21,0.333284,0.324885,0.266978,0.241449,0.344256,0.215759,0.294881,0.296097,0.263417,0.346926,0.228297,0.221863,0.281634,0.292104,0.313809,0.216006,0.240645,0.351672,0.230948,0.333108,0.280257,0.318582,0.310222,0.132807
X_feature_price_macd_21_252,X_feature_price_sharpe_ratio_compound_r63_volatility63_rolling,0.385728,0.362324,0.331132,0.342212,0.367386,0.217203,0.317698,0.332974,0.315836,0.394430,0.295741,0.259994,0.324467,0.339463,0.331661,0.217425,0.252913,0.420955,0.289561,0.381734,0.339452,0.386705,0.369391,0.133472
X_feature_price_macd_21_252,X_feature_price_price_to_ma63,-0.274982,-0.276675,-0.218371,-0.162539,-0.295409,-0.096489,-0.210208,-0.245861,-0.193928,-0.306079,-0.237305,-0.155592,-0.207334,-0.244345,-0.189611,-0.122735,-0.183047,-0.312573,-0.133444,-0.252988,-0.240785,-0.228302,-0.240762,-0.097050
X_feature_price_macd_21_252,X_feature_price_bb_pct126,0.441351,0.415914,0.364604,0.371869,0.428734,0.275729,0.394198,0.411352,0.392692,0.435088,0.334627,0.270059,0.385586,0.368478,0.407785,0.284533,0.319992,0.495235,0.351060,0.436905,0.402356,0.470171,0.420446,0.200994
X_feature_price_macd_21_252,X_feature_price_price_to_min252,0.499518,0.542456,0.655928,0.261588,0.186978,0.047092,0.395367,0.511762,0.533193,0.542123,0.313397,0.076585,0.399621,0.432326,0.363541,0.310277,0.433837,0.538189,0.199252,0.477822,0.560669,0.474743,0.234011,0.255599
X_feature_price_macd_21_252,X_feature_price_ret90_shift0,0.476876,0.423770,0.414919,0.403819,0.447727,0.146773,0.364032,0.405861,0.389639,0.445344,0.414681,0.265521,0.366906,0.389226,0.330324,0.207322,0.309216,0.516438,0.308549,0.403016,0.424789,0.457972,0.406839,0.122935
X_feature_price_macd_21_252,X_feature_price_price_to_ma252,0.671206,0.678581,0.670072,0.661801,0.725954,0.402109,0.536099,0.637591,0.649069,0.633127,0.636737,0.465166,0.541680,0.604210,0.650776,0.411645,0.508194,0.726518,0.587998,0.608985,0.661317,0.717751,0.706540,0.289543
X_feature_price_macd_21_252,X_feature_price_sharpe_ratio_compound_r126_volatility126_rolling,0.636757,0.565080,0.565741,0.537229,0.583813,0.341337,0.535203,0.553774,0.572821,0.571652,0.510297,0.376495,0.518574,0.550003,0.577116,0.395699,0.467744,0.668661,0.517695,0.583361,0.578057,0.651411,0.596107,0.256009
X_feature_price_macd_21_252,X_feature_price_macd_21_126,0.659069,0.715104,0.725630,0.720416,0.718744,0.501266,0.512207,0.651260,0.660815,0.620399,0.616359,0.428581,0.524907,0.551238,0.697553,0.412979,0.490858,0.722034,0.661387,0.604731,0.677765,0.742296,0.705526,0.318147
X_feature_price_macd_21_252,X_feature_price_final_to_high90_exclude10,0.492658,0.386367,0.247324,0.532781,0.605452,0.431545,0.441695,0.423303,0.380195,0.430626,0.420214,0.367739,0.456020,0.436608,0.516796,0.353339,0.353865,0.544782,0.501770,0.503575,0.445305,0.522674,0.525614,0.216274
X_feature_price_macd_21_252,X_feature_price_price_to_max252,0.638306,0.607552,0.473614,0.687643,0.776985,0.586905,0.541047,0.589824,0.552285,0.555283,0.620138,0.489534,0.572407,0.559771,0.718687,0.453868,0.472767,0.691555,0.676733,0.624566,0.613914,0.699512,0.729529,0.315816
X_feature_price_macd_21_252,X_feature_price_final_to_high252_exclude21,0.646367,0.616963,0.531017,0.718689,0.789097,0.640501,0.552795,0.624374,0.598002,0.580839,0.665286,0.506247,0.597155,0.575690,0.750384,0.493194,0.503509,0.714351,0.736405,0.649460,0.664171,0.746905,0.733105,0.352890
X_feature_price_macd_21_252,X_feature_price_lag1,-0.021832,-0.025701,-0.044750,0.003220,-0.035577,0.003392,-0.025747,-0.023909,-0.013907,-0.011157,-0.004677,0.019622,0.003999,-0.034906,0.081176,-0.015407,0.001852,-0.047923,-0.043516,-0.031051,-0.031101,0.033537,-0.015089,0.008866
X_feature_price_macd_21_252,X_feature_price_ret21_shift0,-0.177380,-0.161848,-0.103612,-0.051680,-0.167009,-0.035313,-0.108271,-0.142008,-0.089523,-0.185397,-0.126558,-0.067268,-0.104932,-0.157348,-0.100106,-0.068384,-0.103090,-0.185551,-0.033531,-0.136728,-0.127304,-0.093566,-0.136429,-0.077954
X_feature_price_macd_21_252,X_feature_price_ret10_shift0,-0.110762,-0.080053,-0.047324,-0.011862,-0.108018,0.001176,-0.055082,-0.076570,-0.038873,-0.110867,-0.070147,-0.009077,-0.043647,-0.086433,-0.040549,-0.034891,-0.039760,-0.113618,0.014563,-0.071795,-0.063871,-0.042769,-0.076201,-0.033021
X_feature_price_macd_21_252,X_feature_price_ret5_shift0,-0.069833,-0.051819,-0.017628,0.000363,-0.066744,0.009030,-0.030699,-0.046755,-0.021082,-0.073203,-0.042469,0.004789,-0.016640,-0.061977,-0.020445,-0.015211,-0.011710,-0.078654,0.018410,-0.043164,-0.041100,-0.017877,-0.056087,-0.013277
X_feature_price_macd_21_252,X_feature_price_downside_vol10,0.197976,-0.017627,-0.177373,0.379063,0.472126,0.294385,0.191479,0.085710,0.076928,0.112584,0.197288,0.195666,0.200220,0.247891,0.338554,0.193606,0.118851,0.270438,0.345264,0.290074,0.121801,0.289852,0.316494,0.077611
X_feature_price_macd_21_252,X_feature_price_downside_vol21,0.240276,0.005021,-0.186127,0.437681,0.541125,0.368226,0.239743,0.125754,0.113835,0.146751,0.226856,0.244325,0.255390,0.279991,0.431787,0.244782,0.158383,0.325728,0.437563,0.358621,0.162489,0.360198,0.364247,0.105305
X_feature_price_macd_21_252,X_feature_price_vol10,0.186420,-0.051958,-0.210334,0.447001,0.514288,0.338484,0.207772,0.084097,0.087292,0.096994,0.206993,0.211749,0.217521,0.246382,0.396813,0.220236,0.135773,0.287668,0.445433,0.329643,0.134630,0.361550,0.347089,0.088971
X_feature_price_macd_21_252,X_feature_price_upside_vol10,0.112872,-0.073722,-0.189872,0.409994,0.427168,0.282484,0.157845,0.042858,0.060302,0.045439,0.155988,0.176874,0.161267,0.177944,0.318143,0.162584,0.098606,0.204578,0.390288,0.251866,0.089850,0.306312,0.270725,0.065228
X_feature_price_macd_21_252,X_feature_price_upside_vol21,0.155778,-0.076202,-0.212017,0.465136,0.504835,0.329596,0.192551,0.071730,0.079158,0.068217,0.184687,0.182435,0.182220,0.199984,0.381375,0.201654,0.119383,0.245302,0.461882,0.298846,0.114364,0.360471,0.313156,0.069732
X_feature_price_macd_21_252,X_feature_price_upside_vol63,0.190410,-0.078647,-0.245553,0.495932,0.544084,0.387069,0.226124,0.101197,0.086493,0.091321,0.201313,0.192150,0.183184,0.202002,0.419051,0.248193,0.126953,0.275915,0.494993,0.331120,0.115155,0.357533,0.357074,0.104443
X_feature_price_macd_21_252,X_feature_price_atr5,0.207656,-0.032843,-0.206995,0.470951,0.551834,0.387558,0.262543,0.118560,0.114088,0.117406,0.235583,0.228075,0.235816,0.242801,0.432351,0.253246,0.157731,0.328257,0.500361,0.375244,0.174766,0.405198,0.378099,0.105631
X_feature_price_macd_21_252,X_feature_price_downside_vol126,0.322165,0.041822,-0.142134,0.540223,0.639775,0.506680,0.377628,0.274791,0.251897,0.273445,0.281324,0.303509,0.371104,0.369148,0.576092,0.414103,0.308848,0.492141,0.635841,0.547673,0.337371,0.526223,0.494176,0.186525
X_feature_price_macd_21_252,X_feature_price_downside_vol63,0.283411,0.039694,-0.163377,0.504520,0.614511,0.450362,0.322590,0.202606,0.194573,0.209832,0.267966,0.304904,0.335005,0.325243,0.537594,0.326876,0.228493,0.426658,0.576017,0.468684,0.259875,0.472993,0.423689,0.142817
X_feature_price_macd_21_252,X_feature_price_atr21,0.240368,-0.021891,-0.223138,0.511963,0.598996,0.436127,0.306902,0.157498,0.144674,0.146257,0.255358,0.246958,0.266184,0.269396,0.484491,0.303222,0.191772,0.371658,0.573375,0.436263,0.214372,0.468919,0.426264,0.125340
X_feature_price_macd_21_252,X_feature_price_atr126,0.230278,-0.032288,-0.224397,0.523921,0.604565,0.489304,0.339994,0.194297,0.155205,0.169625,0.246803,0.249100,0.274028,0.266775,0.512081,0.332269,0.216609,0.390189,0.608177,0.477540,0.258848,0.492801,0.464917,0.166708
X_feature_price_macd_21_252,X_feature_price_vol252,0.243589,-0.040109,-0.243965,0.520443,0.583188,0.490264,0.352745,0.213175,0.177749,0.193060,0.224955,0.226207,0.278800,0.283894,0.503062,0.339527,0.246297,0.380954,0.575081,0.464601,0.258342,0.440305,0.452290,0.226689
X_feature_price_macd_21_252,X_feature_market_cap_log_identity,0.327860,0.416450,0.300876,0.155606,0.078776,-0.010930,0.030733,0.091086,0.156570,0.255578,0.324289,0.181434,0.159524,0.212300,0.321522,0.229316,0.222747,0.258529,0.264521,0.279535,0.273928,0.344423,0.460576,0.271288
X_feature_price_macd_21_252,X_feature_market_cap_log_std21,0.224056,-0.005980,-0.151910,0.434811,0.494968,0.300994,0.207543,0.100069,0.102133,0.125055,0.248580,0.203715,0.211551,0.218632,0.387889,0.200561,0.142250,0.305547,0.402037,0.302409,0.141453,0.342647,0.287032,0.050690
X_feature_price_macd_21_252,X_feature_market_cap_log_std126,0.313367,0.022769,-0.144574,0.509150,0.548961,0.310623,0.251824,0.111128,0.176059,0.144365,0.270087,0.089880,0.234965,0.318654,0.388407,0.191220,0.216055,0.377360,0.432605,0.264854,0.240422,0.332924,0.313582,0.123957
X_feature_price_macd_21_252,X_feature_market_cap_log_std504,-0.180320,-0.190198,-0.260543,0.336224,0.333627,0.373402,0.010491,-0.139454,-0.072672,-0.091720,0.229520,0.368821,0.053038,-0.133208,0.240150,-0.022932,-0.140553,0.085745,0.385830,0.071512,-0.162805,0.197022,0.211023,-0.049854
X_feature_price_macd_21_252,X_feature_market_cap_log_std252,0.037458,-0.039564,-0.174324,0.390192,0.491070,0.358189,0.015502,-0.053044,0.019923,-0.058961,0.394405,0.173592,-0.025461,0.097682,0.354324,-0.012988,-0.012035,0.235816,0.429772,0.077399,0.020636,0.271928,0.373778,-0.105367
X_feature_price_macd_21_252,X_feature_market_cap_log_diff_126,0.566855,0.530682,0.575383,0.517675,0.565426,0.224545,0.474485,0.510078,0.544868,0.518342,0.540578,0.332736,0.432994,0.495505,0.483413,0.301318,0.436845,0.634768,0.431962,0.505380,0.544931,0.610471,0.553392,0.209391
X_feature_price_macd_21_252,X_feature_market_cap_log_to_min126,-0.199207,-0.343975,-0.459801,0.084680,-0.011394,0.055517,-0.217738,-0.285739,-0.261946,-0.326171,-0.151488,-0.043533,-0.195246,-0.195216,-0.097481,-0.113732,-0.206244,-0.259679,0.002085,-0.252074,-0.277202,-0.171506,-0.088496,-0.097834
X_feature_price_macd_21_252,X_feature_market_cap_log_to_max504,0.644306,0.676939,0.622452,0.775404,0.820755,0.771466,0.638614,0.684243,0.675959,0.654477,0.713824,0.579375,0.722981,0.627968,0.799927,0.572528,0.537498,0.736328,0.781933,0.709430,0.700296,0.813859,0.816090,0.512829
X_feature_price_macd_21_252,X_feature_market_cap_log_diff_504,0.565514,0.703284,0.719398,0.428184,0.763176,0.724681,0.473782,0.539693,0.564624,0.573061,0.776554,0.607870,0.610271,0.527410,0.663188,0.554465,0.443055,0.625024,0.717888,0.648875,0.654174,0.706646,0.815985,0.574472
X_feature_price_macd_21_252,X_feature_market_cap_log_to_min504,0.495726,0.609099,0.682977,0.322748,0.444653,0.219713,0.225248,0.494711,0.488211,0.514740,0.462353,0.091609,0.210358,0.459179,0.477097,0.400469,0.383006,0.544736,0.361734,0.451217,0.599308,0.566321,0.413897,0.277819
X_feature_price_macd_21_252,X_feature_pv_pv_corr21,-0.023209,-0.041004,-0.041675,0.101019,-0.031350,0.021716,-0.021021,0.009655,0.001176,-0.022269,0.006695,-0.019218,0.009883,-0.015684,-0.006381,0.025304,-0.011742,0.012488,0.051268,-0.063584,0.001914,0.017747,0.030184,0.024479
X_feature_price_macd_21_252,X_feature_pv_pv_corr126,-0.237362,-0.202433,-0.227677,-0.023868,-0.146539,-0.034965,-0.196208,-0.123959,-0.209004,-0.153234,-0.117033,-0.110070,-0.107640,-0.145332,-0.150785,-0.075042,-0.186254,-0.203146,-0.048005,-0.243989,-0.203223,-0.171506,-0.018395,0.046672
X_feature_price_macd_21_252,X_feature_pv_pv_corr63,-0.091805,-0.113216,-0.124655,0.070918,-0.097567,0.003241,-0.105325,-0.039529,-0.081450,-0.074763,-0.053721,-0.078669,-0.047268,-0.056156,-0.071974,0.014760,-0.077338,-0.081387,-0.000476,-0.147606,-0.097723,-0.062301,0.023728,0.045867
X_feature_price_macd_21_252,X_feature_liquidity_turnover_level63,0.279743,-0.020994,-0.264652,0.249551,0.304367,0.167684,0.230088,0.151291,0.177947,0.227506,0.116871,0.048496,0.195929,0.226559,0.349989,0.308955,0.262205,0.338061,0.398312,0.384727,0.271142,0.371185,0.279865,0.191542
X_feature_price_macd_21_252,X_feature_volume_log_volume_ratio_max126,0.054080,0.092566,0.075788,0.069668,0.042573,-0.004327,0.100011,0.133409,0.132992,0.094084,0.070300,-0.012516,0.079368,0.072761,0.066654,0.100425,0.124613,0.015713,0.055616,0.108648,0.088430,0.045164,-0.011645,0.057741
X_feature_price_macd_21_252,X_feature_volume_log_volume_ratio_max252,0.056725,0.083596,0.065561,0.093341,0.026166,-0.010745,0.071377,0.117355,0.144714,0.100944,0.085644,-0.027874,0.069957,0.072029,0.060808,0.075827,0.102517,-0.011697,0.028056,0.079924,0.055655,0.029056,-0.047068,0.065642
X_feature_price_macd_21_252,X_feature_pv_illiquidity_mean21,0.179397,0.365539,0.342912,0.147367,0.045382,-0.015493,-0.053880,0.007266,0.058021,0.125638,0.308287,0.190154,0.098789,0.133569,0.259257,0.123403,0.116548,0.165583,0.231104,0.193062,0.184536,0.295402,0.407197,0.186832
X_feature_price_macd_21_252,X_feature_volume_log_volume_std504,-0.032112,0.068284,-0.057216,-0.145025,-0.235988,-0.204958,-0.070538,0.028270,0.076352,0.103800,0.115674,-0.002736,0.045685,0.081846,0.115502,0.065446,0.109081,-0.021149,0.029154,0.079776,0.067631,0.077794,0.019445,0.074622
X_feature_price_macd_21_252,X_feature_volume_log_volume_std126,0.024932,0.142180,0.052226,-0.051190,-0.102037,-0.083547,0.023585,0.103078,0.121737,0.111506,0.096348,0.045461,0.083778,0.120005,0.102580,0.114251,0.125758,-0.010930,0.021785,0.151557,0.109733,0.069897,0.027148,0.092600
X_feature_price_macd_21_252,X_feature_volume_log_volume_std63,0.041292,0.149877,0.061219,-0.017924,-0.078440,-0.069188,0.028741,0.104304,0.113201,0.106568,0.088310,0.057585,0.080976,0.111945,0.089534,0.109301,0.117529,-0.011625,0.039937,0.144980,0.101060,0.072214,0.036950,0.095602
X_feature_price_macd_21_252,X_feature_market_corr504,0.139439,0.283363,0.132821,-0.341765,-0.284931,-0.132779,-0.005121,-0.010111,0.218349,0.163929,-0.000564,-0.017849,0.073052,0.099491,0.063057,0.210364,0.280538,0.155786,0.148606,0.340273,0.352913,0.040967,0.076062,0.277676
X_feature_price_macd_21_252,X_feature_market_corr252,0.139919,0.337462,0.170370,-0.358747,-0.199136,-0.048290,0.018990,0.083231,0.251535,0.160421,0.026498,0.008363,0.100036,0.114609,0.054190,0.250412,0.309217,0.197498,0.161840,0.325450,0.382890,0.060702,0.084799,0.297149
X_feature_price_macd_21_252,X_feature_short_interest_to_volume_log_ratio_std252,0.034391,0.082101,-0.037556,0.010461,-0.116757,-0.049214,0.009435,0.068145,0.113258,0.109560,0.114553,0.085218,0.106939,0.104761,0.165250,0.124468,0.119939,0.099830,0.076727,0.149835,0.102148,0.147720,0.127276,0.074227
X_feature_price_macd_21_252,X_feature_short_interest_to_volume_log_ratio_std63,0.042461,0.099537,-0.030105,0.012214,-0.029877,-0.025647,0.058242,0.113534,0.116073,0.116949,0.075023,0.048887,0.095463,0.069326,0.117541,0.115114,0.133116,0.041682,0.054247,0.167665,0.105104,0.132127,0.037796,0.069319
X_feature_price_macd_21_252,X_feature_short_interest_to_volume_log_ratio,0.017732,0.097478,0.167508,-0.067994,-0.030623,-0.027900,-0.026554,-0.002757,0.052157,0.102183,0.195539,-0.022603,-0.039041,0.000672,-0.010823,0.047588,0.063472,0.046298,0.066844,0.125706,0.128657,0.033340,0.024092,0.054792
X_feature_price_macd_21_252,X_feature_short_interest_to_volume_log_ratio_mean252,-0.003329,0.111698,0.171937,-0.141759,-0.153207,-0.047659,-0.078165,-0.039414,0.023916,0.094433,0.136087,-0.010356,-0.114921,-0.024670,-0.085479,0.008727,0.047323,0.005056,0.051401,0.116804,0.086769,0.012757,-0.010850,0.043920
X_feature_price_macd_21_252,X_feature_short_interest_to_volume_log_ratio_mean63,0.020821,0.117216,0.178508,-0.096975,-0.059029,-0.030983,-0.063445,-0.023164,0.034620,0.095587,0.193315,-0.030880,-0.066612,-0.008853,-0.054384,0.038968,0.051531,0.030000,0.061178,0.125538,0.125015,0.032013,0.007975,0.079198
X_feature_price_macd_21_252,X_feature_short_interest_log_diff21,-0.002287,-0.020233,-0.003389,-0.001009,0.010517,0.020931,0.023228,0.022594,0.027101,0.051787,0.044982,0.035671,0.046081,0.035815,0.067543,0.045124,0.044030,0.058567,0.032022,0.090388,0.032029,0.047501,0.066854,-0.005786
X_feature_price_macd_21_252,X_feature_short_interest_log_diff252,0.042459,0.019124,-0.019773,0.014958,0.069436,0.014291,0.029317,0.010101,0.063372,0.120089,0.230520,0.074756,0.152589,0.131933,0.158852,0.133542,0.112011,0.190554,0.154566,0.182401,0.221406,0.152914,0.194653,0.131661
X_feature_price_macd_21_252,X_feature_short_interest_log_diff63,0.008928,-0.005850,0.005694,0.003893,0.025333,0.036648,0.039156,0.042448,0.042527,0.082415,0.115513,0.047772,0.081016,0.059425,0.129390,0.084662,0.087819,0.099466,0.065710,0.135172,0.085470,0.093251,0.107101,-0.003806
X_feature_price_macd_21_252,X_feature_short_interest_log_diff126,0.002110,0.009408,-0.002813,0.009957,0.048170,0.030235,0.003980,0.039763,0.051182,0.102390,0.179301,0.029183,0.114744,0.071864,0.139148,0.117140,0.111430,0.148485,0.097954,0.177503,0.140634,0.140200,0.160029,0.036846
X_feature_price_trend_streak200_126,X_feature_price_trend_streak200_252,0.863556,0.809177,0.810923,0.809363,0.842038,0.726398,0.777624,0.839762,0.807658,0.765876,0.827721,0.656700,0.754458,0.792635,0.854648,0.733103,0.806344,0.851220,0.795345,0.784279,0.825452,0.828170,0.825760,0.621177
X_feature_price_trend_streak200_126,X_feature_price_freq_loss_fl63,0.343996,0.181170,0.244520,0.333255,0.226571,0.133962,0.257687,0.309542,0.251092,0.351420,0.232816,0.029543,0.229575,0.243019,0.247775,0.236353,0.223932,0.319071,0.237738,0.233406,0.273697,0.311012,0.307577,0.180513
X_feature_price_trend_streak200_126,X_feature_price_freq_loss_fl21,-0.161469,-0.060140,-0.088226,-0.117605,-0.092917,-0.038407,-0.102068,-0.145855,-0.092892,-0.171840,-0.078020,0.021774,-0.083924,-0.108681,-0.106578,-0.108201,-0.078561,-0.150086,-0.080252,-0.087390,-0.110063,-0.127203,-0.149364,-0.064150
X_feature_price_trend_streak200_126,X_feature_price_price_to_min63,-0.094523,-0.166160,-0.223964,0.260797,0.101893,-0.009139,-0.082618,-0.135003,-0.077749,-0.133733,0.032045,0.056948,-0.082758,-0.056578,0.076276,-0.069182,-0.078619,-0.054834,0.129133,-0.079051,-0.099470,0.059619,0.022768,-0.055382
X_feature_price_trend_streak200_126,X_feature_price_macd_10_21,0.328752,0.237408,0.239830,0.209499,0.262394,0.164001,0.292518,0.266595,0.201816,0.291735,0.146915,0.078751,0.265262,0.264307,0.256084,0.237659,0.223252,0.278243,0.187515,0.267341,0.229260,0.252028,0.216244,0.188312
X_feature_price_trend_streak200_126,X_feature_price_sharpe_ratio_compound_r63_volatility63_rolling,0.393591,0.275178,0.305557,0.365093,0.292905,0.180108,0.341598,0.324477,0.265788,0.345859,0.201471,0.099834,0.320622,0.303614,0.288580,0.274827,0.252107,0.354725,0.252884,0.329404,0.297310,0.319696,0.272332,0.209223
X_feature_price_trend_streak200_126,X_feature_price_price_to_ma63,-0.256540,-0.195402,-0.209299,-0.136028,-0.215891,-0.095923,-0.209010,-0.216701,-0.130672,-0.237329,-0.155148,-0.030746,-0.177281,-0.193570,-0.128814,-0.152416,-0.154751,-0.240266,-0.094496,-0.191859,-0.193663,-0.152416,-0.140456,-0.137288
X_feature_price_trend_streak200_126,X_feature_price_bb_pct126,0.460044,0.352671,0.361208,0.372610,0.353701,0.257010,0.428438,0.408910,0.347961,0.394092,0.241239,0.138999,0.398105,0.339186,0.361022,0.338361,0.326520,0.430897,0.328748,0.391225,0.371794,0.413158,0.322023,0.292719
X_feature_price_trend_streak200_126,X_feature_price_price_to_min252,0.604256,0.585183,0.673237,0.333061,0.297026,0.399582,0.612382,0.644604,0.644955,0.621054,0.303817,0.193177,0.588253,0.512649,0.467597,0.557335,0.654680,0.612995,0.347783,0.684137,0.680625,0.522533,0.285049,0.543615
X_feature_price_trend_streak200_126,X_feature_price_ret90_shift0,0.515307,0.399817,0.430416,0.428163,0.417927,0.253183,0.463271,0.443941,0.380835,0.428344,0.383683,0.195862,0.429746,0.389433,0.329982,0.325021,0.371166,0.476653,0.327142,0.419518,0.432795,0.426646,0.342618,0.302554
X_feature_price_trend_streak200_126,X_feature_price_price_to_ma252,0.750434,0.730125,0.747017,0.783856,0.769254,0.636685,0.721475,0.739643,0.728807,0.696276,0.661894,0.599830,0.694902,0.672430,0.715200,0.622968,0.687903,0.765475,0.691462,0.733203,0.740107,0.753865,0.705632,0.576866
X_feature_price_trend_streak200_126,X_feature_price_sharpe_ratio_compound_r126_volatility126_rolling,0.714090,0.615776,0.636621,0.680149,0.630650,0.480657,0.668383,0.646509,0.630668,0.628022,0.537614,0.380589,0.638886,0.593744,0.642061,0.556660,0.580787,0.690524,0.593949,0.649989,0.643785,0.678910,0.597970,0.491297
X_feature_price_trend_streak200_126,X_feature_price_macd_21_126,0.673481,0.715887,0.737167,0.750333,0.706924,0.533962,0.540742,0.644946,0.649034,0.615127,0.604820,0.421824,0.579022,0.564419,0.695537,0.435229,0.491997,0.702980,0.691055,0.603435,0.667855,0.737447,0.679941,0.389563
X_feature_price_trend_streak200_126,X_feature_price_final_to_high90_exclude10,0.479566,0.311216,0.265605,0.558708,0.524543,0.296734,0.424189,0.383079,0.313793,0.413622,0.366303,0.246461,0.407794,0.410727,0.472665,0.372368,0.338224,0.480946,0.452780,0.424758,0.379347,0.480986,0.429497,0.313618
X_feature_price_trend_streak200_126,X_feature_price_price_to_max252,0.655682,0.619656,0.555600,0.784848,0.761201,0.559280,0.577865,0.609603,0.560974,0.591667,0.629753,0.531847,0.575670,0.577460,0.735277,0.516236,0.529514,0.687468,0.697665,0.609685,0.604663,0.712851,0.691965,0.464425
X_feature_price_trend_streak200_126,X_feature_price_final_to_high252_exclude21,0.696619,0.672789,0.632676,0.829963,0.802955,0.617545,0.638537,0.679189,0.649272,0.675719,0.700900,0.561519,0.643475,0.638313,0.797153,0.600236,0.622590,0.747110,0.783272,0.689192,0.687222,0.790172,0.745090,0.558441
X_feature_price_trend_streak200_126,X_feature_price_lag1,-0.017117,-0.016088,-0.060126,-0.002563,-0.029121,-0.001765,-0.026663,-0.022015,-0.023638,-0.014080,-0.005185,0.036098,0.000351,-0.026468,0.083416,-0.025980,0.006670,-0.053560,-0.035821,-0.018455,-0.034412,0.040282,-0.006711,-0.010867
X_feature_price_trend_streak200_126,X_feature_price_ret21_shift0,-0.144950,-0.103004,-0.105386,-0.040381,-0.106254,-0.026654,-0.087709,-0.119589,-0.045774,-0.129209,-0.065384,0.008920,-0.065460,-0.115772,-0.055637,-0.072869,-0.065006,-0.140787,-0.003404,-0.075728,-0.095218,-0.043096,-0.065872,-0.075046
X_feature_price_trend_streak200_126,X_feature_price_ret10_shift0,-0.096842,-0.054732,-0.061748,-0.023193,-0.074575,-0.003140,-0.046895,-0.068355,-0.021187,-0.080090,-0.040454,0.021114,-0.025590,-0.064929,-0.019309,-0.040765,-0.020242,-0.093783,0.029059,-0.035729,-0.052609,-0.020007,-0.040529,-0.020545
X_feature_price_trend_streak200_126,X_feature_price_ret5_shift0,-0.066621,-0.044487,-0.033747,-0.014351,-0.047963,-0.002815,-0.026890,-0.046365,-0.015619,-0.057243,-0.025071,0.017074,-0.011475,-0.049573,-0.011219,-0.023901,-0.003119,-0.070219,0.023320,-0.023402,-0.040630,-0.008960,-0.035837,-0.008869
X_feature_price_trend_streak200_126,X_feature_price_downside_vol10,0.185342,-0.046555,-0.103637,0.442179,0.382207,0.098007,0.150612,0.059914,0.042266,0.134464,0.161503,0.111203,0.109773,0.207345,0.311479,0.151704,0.080871,0.250986,0.279717,0.187652,0.078788,0.276943,0.240126,0.064478
X_feature_price_trend_streak200_126,X_feature_price_downside_vol21,0.220467,-0.037515,-0.115970,0.496307,0.436983,0.128878,0.189466,0.083151,0.060767,0.160106,0.181292,0.136785,0.148568,0.234503,0.392649,0.188932,0.107348,0.292918,0.354498,0.233121,0.102057,0.336598,0.271425,0.101675
X_feature_price_trend_streak200_126,X_feature_price_vol10,0.175504,-0.070831,-0.127324,0.511403,0.421657,0.115366,0.163125,0.056339,0.052652,0.136586,0.178942,0.120127,0.128684,0.217507,0.380812,0.168645,0.100126,0.270973,0.379271,0.219489,0.083453,0.358788,0.277267,0.077650
X_feature_price_trend_streak200_126,X_feature_price_upside_vol10,0.110141,-0.079247,-0.116162,0.464586,0.353093,0.094061,0.120265,0.025027,0.037432,0.091673,0.142780,0.102314,0.090258,0.168132,0.316649,0.123006,0.078580,0.199948,0.346575,0.173255,0.051136,0.313891,0.228189,0.046014
X_feature_price_trend_streak200_126,X_feature_price_upside_vol21,0.153028,-0.071290,-0.118351,0.530439,0.422484,0.120187,0.150904,0.053976,0.056945,0.125349,0.181756,0.110842,0.113604,0.195091,0.390569,0.157066,0.102847,0.242638,0.414764,0.210321,0.077986,0.378455,0.274606,0.062504
X_feature_price_trend_streak200_126,X_feature_price_upside_vol63,0.176071,-0.064811,-0.135501,0.574847,0.461958,0.146709,0.166465,0.083711,0.070672,0.147922,0.210112,0.128839,0.102079,0.195791,0.437648,0.191168,0.097580,0.277144,0.442289,0.209367,0.082140,0.384614,0.322300,0.102607
X_feature_price_trend_streak200_126,X_feature_price_atr5,0.194385,-0.056918,-0.120002,0.534540,0.455065,0.138987,0.208555,0.082982,0.077612,0.162218,0.198167,0.118757,0.139656,0.213762,0.414235,0.202252,0.132132,0.319555,0.425470,0.256997,0.113516,0.396209,0.305232,0.102392
X_feature_price_trend_streak200_126,X_feature_price_downside_vol126,0.328671,0.046053,-0.047695,0.627503,0.570272,0.284468,0.360623,0.259487,0.230462,0.335644,0.262633,0.221760,0.281395,0.361309,0.579420,0.396780,0.292194,0.484652,0.578660,0.474379,0.290129,0.533647,0.435518,0.246981
X_feature_price_trend_streak200_126,X_feature_price_downside_vol63,0.269191,0.001181,-0.097015,0.562759,0.518414,0.198615,0.280568,0.152440,0.134638,0.229203,0.226658,0.184212,0.234759,0.288477,0.508858,0.288321,0.184784,0.383508,0.492192,0.355140,0.180828,0.449781,0.334947,0.178331
X_feature_price_trend_streak200_126,X_feature_price_atr21,0.223991,-0.045442,-0.129601,0.574457,0.495656,0.165762,0.245831,0.113421,0.099854,0.193352,0.219891,0.129615,0.164330,0.239199,0.466490,0.242629,0.160750,0.355441,0.487031,0.298543,0.144148,0.458220,0.348887,0.122987
X_feature_price_trend_streak200_126,X_feature_price_atr126,0.232532,-0.037006,-0.118263,0.606090,0.520986,0.209997,0.279662,0.161382,0.128618,0.231481,0.224253,0.141717,0.155707,0.248654,0.503268,0.278732,0.202337,0.390230,0.526295,0.338615,0.187877,0.494496,0.414199,0.160193
X_feature_price_trend_streak200_126,X_feature_price_vol252,0.236151,-0.058099,-0.144333,0.591077,0.488198,0.179798,0.261361,0.175522,0.141369,0.235136,0.200589,0.115338,0.129119,0.257257,0.475656,0.261668,0.204707,0.355825,0.477001,0.293121,0.167276,0.423979,0.386524,0.130397
X_feature_price_trend_streak200_126,X_feature_market_cap_log_identity,0.313897,0.378182,0.260190,0.178557,0.104349,0.106884,0.095782,0.126569,0.189869,0.279575,0.271411,0.096952,0.141424,0.219131,0.294533,0.215197,0.264429,0.268353,0.227921,0.269590,0.250557,0.296891,0.389086,0.178195
X_feature_price_trend_streak200_126,X_feature_market_cap_log_std21,0.202403,-0.022576,-0.078663,0.491185,0.423328,0.120743,0.171767,0.067711,0.072067,0.153385,0.209488,0.133168,0.157239,0.200989,0.375977,0.168906,0.116694,0.303475,0.353103,0.222743,0.099200,0.344467,0.233681,0.104100
X_feature_price_trend_streak200_126,X_feature_market_cap_log_std126,0.232203,-0.038989,-0.099243,0.548253,0.477349,0.093164,0.107071,-0.001704,0.069400,0.104073,0.259191,0.075868,0.117285,0.261098,0.336678,0.072513,0.100038,0.307208,0.342095,0.133954,0.106017,0.311170,0.214939,0.056926
X_feature_price_trend_streak200_126,X_feature_market_cap_log_std504,-0.188786,-0.201791,-0.186320,0.409569,0.287576,0.068511,-0.066767,-0.196970,-0.096607,-0.038972,0.205073,0.202403,-0.089569,-0.104578,0.217421,-0.105572,-0.162138,0.043861,0.282373,-0.055369,-0.213148,0.198587,0.158235,-0.119891
X_feature_price_trend_streak200_126,X_feature_market_cap_log_std252,-0.065953,-0.097336,-0.118105,0.411365,0.408984,0.073225,-0.178799,-0.192307,-0.096395,-0.134188,0.417987,0.157504,-0.212708,0.007032,0.282596,-0.227985,-0.200971,0.142390,0.323598,-0.141925,-0.130349,0.245653,0.291916,-0.331974
X_feature_price_trend_streak200_126,X_feature_market_cap_log_diff_126,0.624457,0.576784,0.637075,0.618351,0.607882,0.443629,0.617047,0.598658,0.599656,0.551931,0.575040,0.367982,0.572891,0.530731,0.536978,0.459830,0.542744,0.650965,0.522782,0.590870,0.618311,0.641611,0.552604,0.440740
X_feature_price_trend_streak200_126,X_feature_market_cap_log_to_min126,-0.252331,-0.328259,-0.429081,0.114560,-0.028278,-0.137443,-0.331645,-0.345315,-0.277645,-0.306847,-0.111760,-0.039129,-0.295742,-0.202843,-0.105834,-0.229392,-0.275299,-0.246920,-0.051012,-0.311012,-0.326181,-0.153444,-0.101220,-0.237407
X_feature_price_trend_streak200_126,X_feature_market_cap_log_to_max504,0.637308,0.591580,0.603009,0.729911,0.724899,0.544704,0.598442,0.663915,0.623395,0.633283,0.657500,0.405707,0.546815,0.617344,0.747332,0.577091,0.567962,0.719998,0.694139,0.627057,0.646875,0.750979,0.708145,0.524119
X_feature_price_trend_streak200_126,X_feature_market_cap_log_diff_504,0.518851,0.533092,0.557594,0.167343,0.587266,0.446188,0.345818,0.520241,0.450106,0.396401,0.647197,0.316109,0.390721,0.436482,0.531901,0.448669,0.391111,0.584818,0.526416,0.500408,0.571230,0.547681,0.658133,0.297802
X_feature_price_trend_streak200_126,X_feature_market_cap_log_to_min504,0.491919,0.565700,0.581564,0.186442,0.424395,0.444109,0.292791,0.518290,0.459553,0.421081,0.421321,0.186622,0.304042,0.403286,0.455594,0.452125,0.399017,0.542045,0.400940,0.523782,0.596027,0.518708,0.398119,0.359301
X_feature_price_trend_streak200_126,X_feature_pv_pv_corr21,-0.023285,-0.003991,-0.025779,0.109044,-0.006808,0.007730,-0.011857,0.036979,0.032716,0.006218,0.033343,0.008953,0.040902,0.007743,0.019843,0.028858,0.029321,0.048513,0.066246,-0.009951,0.027347,0.035121,0.040518,0.059889
X_feature_price_trend_streak200_126,X_feature_pv_pv_corr126,-0.304834,-0.271542,-0.256907,-0.102994,-0.229650,-0.224672,-0.315726,-0.178529,-0.248353,-0.210718,-0.187338,-0.180734,-0.186015,-0.184649,-0.198552,-0.165023,-0.234527,-0.201138,-0.118117,-0.322743,-0.241477,-0.206775,-0.075251,-0.044325
X_feature_price_trend_streak200_126,X_feature_pv_pv_corr63,-0.120595,-0.086227,-0.094427,0.080645,-0.093305,-0.064991,-0.140448,-0.018642,-0.043446,-0.051649,-0.032551,-0.029909,-0.051415,-0.046384,-0.042109,-0.017472,-0.058149,-0.024432,0.010041,-0.127720,-0.063583,-0.038271,0.028181,0.050718
X_feature_price_trend_streak200_126,X_feature_liquidity_turnover_level63,0.254622,-0.067286,-0.191601,0.342670,0.243763,0.019100,0.189270,0.089032,0.130410,0.230231,0.098492,0.013748,0.163529,0.196602,0.332466,0.277787,0.222624,0.300767,0.329538,0.297870,0.188765,0.329822,0.238069,0.165103
X_feature_price_trend_streak200_126,X_feature_volume_log_volume_ratio_max126,0.086597,0.122091,0.080687,0.089868,0.092075,0.073300,0.124882,0.135842,0.115406,0.078746,0.078647,0.014419,0.106111,0.103606,0.076255,0.125898,0.143838,0.006544,0.064702,0.100780,0.074855,0.050067,0.013136,0.119639
X_feature_price_trend_streak200_126,X_feature_volume_log_volume_ratio_max252,0.087846,0.111197,0.073400,0.111679,0.084880,0.074280,0.088073,0.118596,0.112030,0.076302,0.091379,0.010403,0.060677,0.083544,0.057848,0.071175,0.109437,-0.022293,0.042779,0.062866,0.027012,0.020307,-0.040596,0.084859
X_feature_price_trend_streak200_126,X_feature_pv_illiquidity_mean21,0.177854,0.359253,0.292957,0.137958,0.082782,0.116566,0.014292,0.058628,0.105484,0.166748,0.265573,0.108738,0.068516,0.150814,0.243751,0.112701,0.174604,0.193994,0.212268,0.185072,0.185287,0.271738,0.344017,0.114022
X_feature_price_trend_streak200_126,X_feature_volume_log_volume_std504,-0.037171,0.112638,-0.070178,-0.107830,-0.184879,-0.063756,-0.039299,-0.004090,0.044105,0.061410,0.076989,-0.057720,0.052558,0.072636,0.101267,0.058436,0.125730,-0.030627,0.092238,0.053820,0.041961,0.062316,0.001433,0.111191
X_feature_price_trend_streak200_126,X_feature_volume_log_volume_std126,0.021858,0.161063,0.023981,-0.070967,-0.068084,0.019558,0.043879,0.088399,0.097733,0.078831,0.087306,-0.023741,0.101362,0.133657,0.099313,0.124095,0.152180,-0.004969,0.057108,0.114320,0.100460,0.058115,0.022066,0.131695
X_feature_price_trend_streak200_126,X_feature_volume_log_volume_std63,0.031720,0.166778,0.031310,-0.037731,-0.055939,0.014810,0.043017,0.091256,0.095878,0.078785,0.075434,-0.018086,0.104515,0.124641,0.083480,0.123247,0.137618,-0.007441,0.055326,0.105177,0.091296,0.056250,0.030357,0.150663
X_feature_price_trend_streak200_126,X_feature_market_corr504,0.140919,0.211265,0.030348,-0.370818,-0.195306,-0.070257,-0.039534,-0.085015,0.154871,0.067498,-0.037116,-0.064675,0.094713,0.073158,0.048777,0.215918,0.222610,0.106260,0.120324,0.350909,0.244788,-0.062215,0.053354,0.314373
X_feature_price_trend_streak200_126,X_feature_market_corr252,0.153895,0.240030,0.071229,-0.397930,-0.105395,0.000735,0.003431,0.016940,0.183730,0.071453,-0.004060,-0.028283,0.170191,0.108144,0.041665,0.285608,0.243698,0.153105,0.147652,0.402861,0.296253,-0.030711,0.070213,0.293868
X_feature_price_trend_streak200_126,X_feature_short_interest_to_volume_log_ratio_std252,0.045649,0.128112,-0.029853,0.035009,-0.099459,0.029569,0.016221,0.048543,0.101058,0.094810,0.115068,0.077740,0.107429,0.118661,0.163492,0.113739,0.139616,0.103620,0.120203,0.106577,0.078690,0.121127,0.102688,0.130419
X_feature_price_trend_streak200_126,X_feature_short_interest_to_volume_log_ratio_std63,0.038108,0.119672,-0.036753,0.011808,-0.006020,0.051077,0.065206,0.095590,0.095834,0.099404,0.062187,0.011687,0.131715,0.078128,0.108189,0.136173,0.144152,0.034139,0.069897,0.125726,0.078426,0.121124,0.008115,0.150344
X_feature_price_trend_streak200_126,X_feature_short_interest_to_volume_log_ratio,0.009881,0.091721,0.124685,-0.101508,0.000195,0.023459,-0.025378,0.014172,0.065917,0.085138,0.147943,-0.047584,-0.055469,0.022588,0.012123,0.045547,0.080124,0.069956,0.061420,0.150297,0.110517,0.011666,0.027417,0.094088
X_feature_price_trend_streak200_126,X_feature_short_interest_to_volume_log_ratio_mean252,-0.058442,0.093642,0.102980,-0.220198,-0.139107,-0.032289,-0.077315,-0.044170,0.022746,0.050302,0.065383,-0.079989,-0.104985,-0.016833,-0.073037,0.015519,0.011123,-0.019642,0.021910,0.121838,0.040463,-0.030164,-0.031276,0.060372
X_feature_price_trend_streak200_126,X_feature_short_interest_to_volume_log_ratio_mean63,-0.008829,0.089711,0.108827,-0.158963,-0.043796,-0.003522,-0.068429,-0.011238,0.038778,0.062237,0.127466,-0.076300,-0.092584,0.005096,-0.037772,0.025031,0.041363,0.037547,0.050850,0.141734,0.092936,-0.002153,0.000920,0.099261
X_feature_price_trend_streak200_126,X_feature_short_interest_log_diff21,0.023503,0.029318,0.040163,0.025833,0.035050,0.047373,0.035802,0.032055,0.043352,0.072716,0.064677,0.042547,0.066095,0.053776,0.080766,0.080329,0.090636,0.080968,0.040305,0.094648,0.049065,0.047447,0.068177,0.025172
X_feature_price_trend_streak200_126,X_feature_short_interest_log_diff252,0.069831,0.055154,0.004567,0.062707,0.078634,0.031919,-0.023727,0.011281,0.044951,0.114418,0.204755,0.065398,0.109528,0.135154,0.182359,0.143534,0.172419,0.226895,0.198774,0.226955,0.249780,0.167751,0.220137,0.172703
X_feature_price_trend_streak200_126,X_feature_short_interest_log_diff63,0.057428,0.045240,0.065728,0.048119,0.063984,0.076072,0.047379,0.050313,0.072482,0.119402,0.137716,0.079106,0.103348,0.084338,0.160555,0.141327,0.171583,0.149275,0.094017,0.157888,0.119755,0.111153,0.130955,0.069931
X_feature_price_trend_streak200_126,X_feature_short_interest_log_diff126,0.075110,0.038844,0.042593,0.049112,0.071226,0.047987,0.018488,0.049547,0.068128,0.131193,0.197330,0.088683,0.120502,0.105743,0.175616,0.175520,0.225092,0.220756,0.154932,0.225486,0.202668,0.174080,0.208434,0.150639
X_feature_price_trend_streak200_252,X_feature_price_freq_loss_fl63,0.282128,0.124592,0.067484,0.205610,0.232584,0.051619,0.199498,0.258567,0.140712,0.219820,0.175775,-0.005809,0.155337,0.198004,0.196505,0.145714,0.142340,0.280667,0.138222,0.200598,0.174312,0.226047,0.273718,0.083822
X_feature_price_trend_streak200_252,X_feature_price_freq_loss_fl21,-0.131192,-0.047951,0.022985,-0.057813,-0.122098,-0.002484,-0.080621,-0.128539,-0.040046,-0.107401,-0.057078,0.020300,-0.051401,-0.098667,-0.083425,-0.063908,-0.046201,-0.137793,-0.035162,-0.081924,-0.062549,-0.090106,-0.144490,-0.036538
X_feature_price_trend_streak200_252,X_feature_price_price_to_min63,-0.053078,-0.138813,-0.180499,0.284058,0.109644,0.120718,-0.050954,-0.088206,-0.051011,-0.054721,0.055886,0.152570,-0.060663,-0.052208,0.104850,0.034526,-0.049434,-0.002482,0.242245,-0.032729,-0.013157,0.085844,0.063500,0.017598
X_feature_price_trend_streak200_252,X_feature_price_macd_10_21,0.262684,0.186966,0.088520,0.088056,0.251617,0.079577,0.207431,0.200261,0.107283,0.166106,0.078914,0.021183,0.176646,0.219874,0.210065,0.157874,0.132610,0.214284,0.057538,0.220289,0.122995,0.162582,0.162534,0.055475
X_feature_price_trend_streak200_252,X_feature_price_sharpe_ratio_compound_r63_volatility63_rolling,0.314330,0.208938,0.134138,0.200055,0.268684,0.063689,0.243654,0.240446,0.137625,0.201259,0.134279,0.004165,0.220343,0.253820,0.230678,0.174568,0.153700,0.278463,0.088934,0.261679,0.161671,0.211924,0.195651,0.061305
X_feature_price_trend_streak200_252,X_feature_price_price_to_ma63,-0.201653,-0.152057,-0.056718,-0.037041,-0.219109,0.000662,-0.139384,-0.159873,-0.055936,-0.137407,-0.107953,0.032844,-0.118489,-0.167692,-0.094748,-0.059662,-0.087998,-0.192072,0.022218,-0.153605,-0.089513,-0.089680,-0.098902,-0.030734
X_feature_price_trend_streak200_252,X_feature_price_bb_pct126,0.365197,0.243266,0.153245,0.178244,0.305207,0.113475,0.310543,0.304407,0.187481,0.231201,0.161783,0.035816,0.275313,0.272956,0.283281,0.226756,0.208289,0.331972,0.136045,0.305504,0.218764,0.270115,0.222201,0.117316
X_feature_price_trend_streak200_252,X_feature_price_price_to_min252,0.488353,0.445917,0.568225,0.145792,0.148903,0.097719,0.488958,0.486515,0.500778,0.396697,0.213531,0.009311,0.467385,0.370589,0.318654,0.280014,0.509023,0.454140,0.079185,0.467047,0.466441,0.375626,0.155294,0.250464
X_feature_price_trend_streak200_252,X_feature_price_ret90_shift0,0.408947,0.264435,0.222606,0.229859,0.346959,0.064745,0.327842,0.321385,0.207529,0.251434,0.261154,0.034597,0.301805,0.289821,0.237829,0.152890,0.236457,0.370011,0.113203,0.285980,0.247263,0.272318,0.229610,0.057999
X_feature_price_trend_streak200_252,X_feature_price_price_to_ma252,0.620474,0.552489,0.506216,0.539502,0.650567,0.384987,0.549176,0.577275,0.518210,0.460402,0.503796,0.341189,0.515492,0.504384,0.572835,0.362151,0.499491,0.617743,0.433907,0.519741,0.522050,0.558722,0.543627,0.226388
X_feature_price_trend_streak200_252,X_feature_price_sharpe_ratio_compound_r126_volatility126_rolling,0.567130,0.402814,0.374699,0.389528,0.518386,0.212415,0.482706,0.464717,0.374642,0.372729,0.351083,0.144441,0.434614,0.429425,0.489472,0.328170,0.367285,0.524095,0.315987,0.432896,0.397279,0.461779,0.414688,0.136099
X_feature_price_trend_streak200_252,X_feature_price_macd_21_126,0.594746,0.595399,0.563861,0.593668,0.641170,0.427778,0.462546,0.561474,0.516683,0.477075,0.500478,0.299569,0.482956,0.471208,0.621161,0.357347,0.406772,0.617054,0.523488,0.516732,0.524766,0.609900,0.572017,0.249869
X_feature_price_trend_streak200_252,X_feature_price_final_to_high90_exclude10,0.401684,0.230563,0.046111,0.390993,0.497498,0.244992,0.318226,0.305037,0.165275,0.283707,0.272823,0.172572,0.300179,0.348185,0.410565,0.295057,0.232812,0.415266,0.314117,0.368021,0.259354,0.342910,0.364530,0.124775
X_feature_price_trend_streak200_252,X_feature_price_price_to_max252,0.563930,0.492312,0.293078,0.601757,0.709918,0.478330,0.457532,0.509848,0.376624,0.434505,0.497214,0.400807,0.444315,0.499612,0.653035,0.411333,0.402875,0.595332,0.544161,0.517888,0.459053,0.554411,0.595966,0.243543
X_feature_price_trend_streak200_252,X_feature_price_final_to_high252_exclude21,0.603983,0.543881,0.390162,0.664234,0.753300,0.567840,0.509764,0.578782,0.462390,0.518519,0.579362,0.471220,0.508097,0.542577,0.722906,0.490776,0.487067,0.656880,0.654712,0.577524,0.550073,0.644117,0.646194,0.323318
X_feature_price_trend_streak200_252,X_feature_price_lag1,-0.013610,-0.027696,-0.030825,0.006390,-0.035948,0.011302,-0.026825,-0.022705,-0.004261,-0.004925,-0.000393,0.003751,0.001640,-0.032289,0.085421,-0.011836,0.003320,-0.051511,-0.021566,-0.031964,-0.020790,0.041452,-0.011172,0.016753
X_feature_price_trend_streak200_252,X_feature_price_ret21_shift0,-0.114561,-0.095683,-0.006136,0.010654,-0.127217,0.026727,-0.056021,-0.093798,-0.012088,-0.074120,-0.044636,0.031111,-0.041430,-0.111486,-0.043806,-0.025774,-0.034163,-0.117435,0.055067,-0.074720,-0.035392,-0.021487,-0.054252,-0.032655
X_feature_price_trend_streak200_252,X_feature_price_ret10_shift0,-0.080152,-0.056442,0.000113,0.005697,-0.097241,0.026344,-0.028069,-0.058461,-0.001230,-0.050107,-0.030879,0.025365,-0.014333,-0.070669,-0.020109,-0.015116,-0.009227,-0.083950,0.051700,-0.039095,-0.020373,-0.012395,-0.040158,-0.016537
X_feature_price_trend_streak200_252,X_feature_price_ret5_shift0,-0.056511,-0.046455,0.004980,0.004813,-0.067182,0.017310,-0.015985,-0.040318,-0.001782,-0.036221,-0.021590,0.016581,-0.005463,-0.057078,-0.014192,-0.006467,0.004116,-0.066367,0.033966,-0.026378,-0.022503,-0.006766,-0.037076,-0.011093
X_feature_price_trend_streak200_252,X_feature_price_downside_vol10,0.174434,-0.042838,-0.272070,0.357009,0.427564,0.169317,0.108926,0.056123,-0.016927,0.096933,0.145022,0.141428,0.074398,0.215537,0.314109,0.193334,0.053323,0.260503,0.283085,0.217617,0.069603,0.233642,0.260073,0.054631
X_feature_price_trend_streak200_252,X_feature_price_downside_vol21,0.205995,-0.038617,-0.302015,0.400238,0.480127,0.212423,0.134537,0.076786,-0.008858,0.121673,0.160986,0.170240,0.100862,0.241218,0.390647,0.239289,0.071531,0.300170,0.346729,0.261683,0.084786,0.284285,0.293759,0.065962
X_feature_price_trend_streak200_252,X_feature_price_vol10,0.172763,-0.069239,-0.301337,0.424455,0.465545,0.205739,0.118081,0.057907,-0.010570,0.112221,0.163116,0.163756,0.082849,0.220270,0.376981,0.231365,0.069142,0.289819,0.391296,0.250573,0.084407,0.304669,0.303320,0.070005
X_feature_price_trend_streak200_252,X_feature_price_upside_vol10,0.115497,-0.078918,-0.259041,0.393948,0.388946,0.179243,0.088224,0.028206,-0.012443,0.078819,0.131930,0.145180,0.055519,0.162657,0.310158,0.179575,0.056872,0.220400,0.361891,0.194212,0.061246,0.269019,0.245483,0.056970
X_feature_price_trend_streak200_252,X_feature_price_upside_vol21,0.159803,-0.070227,-0.281823,0.456044,0.462687,0.216953,0.114735,0.061120,-0.001318,0.112751,0.167275,0.164009,0.067227,0.191080,0.386454,0.229708,0.071953,0.272434,0.446303,0.236397,0.094088,0.329503,0.302422,0.067672
X_feature_price_trend_streak200_252,X_feature_price_upside_vol63,0.188335,-0.050962,-0.306350,0.502563,0.502700,0.265394,0.131659,0.113511,0.007391,0.159497,0.204596,0.180870,0.061051,0.205020,0.440751,0.290006,0.067789,0.329373,0.506892,0.263165,0.120120,0.347301,0.359197,0.098714
X_feature_price_trend_streak200_252,X_feature_price_atr5,0.190597,-0.053801,-0.302986,0.446223,0.501315,0.238258,0.160318,0.093664,0.010557,0.150593,0.186417,0.168577,0.091274,0.223711,0.416248,0.271854,0.103413,0.342089,0.448126,0.295318,0.125826,0.340272,0.341647,0.079883
X_feature_price_trend_streak200_252,X_feature_price_downside_vol126,0.295553,0.004508,-0.272514,0.498330,0.575476,0.334539,0.261913,0.211171,0.085771,0.265618,0.211106,0.227515,0.202958,0.327562,0.546692,0.415095,0.193214,0.457619,0.558715,0.415367,0.243050,0.436096,0.406038,0.120601
X_feature_price_trend_streak200_252,X_feature_price_downside_vol63,0.246099,-0.015767,-0.301218,0.446520,0.538478,0.275037,0.198927,0.131970,0.034843,0.177762,0.191785,0.204040,0.165804,0.280566,0.491288,0.332107,0.115812,0.379216,0.464315,0.341585,0.154152,0.375742,0.333422,0.093427
X_feature_price_trend_streak200_252,X_feature_price_atr21,0.219149,-0.045323,-0.325292,0.482595,0.538877,0.271668,0.189992,0.124514,0.024879,0.183639,0.207061,0.182268,0.108265,0.248371,0.467010,0.322807,0.124234,0.384297,0.512433,0.339982,0.159173,0.394674,0.388948,0.095615
X_feature_price_trend_streak200_252,X_feature_price_atr126,0.230373,-0.033793,-0.318022,0.517076,0.562669,0.324521,0.226912,0.182020,0.033440,0.246742,0.215365,0.187059,0.111465,0.258345,0.510472,0.371480,0.158734,0.429358,0.570540,0.378325,0.222952,0.433041,0.453879,0.135914
X_feature_price_trend_streak200_252,X_feature_price_vol252,0.258572,-0.023611,-0.328377,0.525924,0.554651,0.340533,0.242422,0.225374,0.070512,0.298446,0.192866,0.174236,0.128325,0.281777,0.517668,0.399809,0.187748,0.429136,0.549136,0.388357,0.238829,0.396723,0.438073,0.228968
X_feature_price_trend_streak200_252,X_feature_market_cap_log_identity,0.288123,0.421063,0.254387,0.149769,0.067895,0.057924,0.062420,0.109868,0.148602,0.288385,0.328301,0.102918,0.126895,0.215658,0.323235,0.235037,0.289705,0.313982,0.260023,0.249725,0.299867,0.298465,0.413656,0.286455
X_feature_price_trend_streak200_252,X_feature_market_cap_log_std21,0.192489,-0.029704,-0.232797,0.400051,0.449403,0.198862,0.116885,0.067673,0.009427,0.141982,0.187482,0.192224,0.100269,0.190069,0.371939,0.207187,0.081960,0.301890,0.373862,0.233709,0.084798,0.300787,0.260889,0.031404
X_feature_price_trend_streak200_252,X_feature_market_cap_log_std126,0.233759,0.002285,-0.235409,0.483882,0.496688,0.240830,0.117842,0.033961,0.034611,0.156004,0.200388,0.158783,0.128917,0.271165,0.342177,0.192023,0.117289,0.333497,0.399065,0.225812,0.149245,0.265456,0.269748,0.149098
X_feature_price_trend_streak200_252,X_feature_market_cap_log_std504,-0.290096,-0.215533,-0.375453,0.287391,0.294957,0.220857,-0.187110,-0.265624,-0.259463,-0.108106,0.177317,0.367091,-0.133115,-0.210316,0.194907,-0.137638,-0.320704,-0.000177,0.341908,-0.057264,-0.275509,0.108995,0.198089,-0.151805
X_feature_price_trend_streak200_252,X_feature_market_cap_log_std252,-0.030780,-0.037805,-0.266321,0.376460,0.459509,0.246294,-0.128483,-0.107120,-0.110336,-0.017796,0.333401,0.165327,-0.133142,0.084452,0.333772,-0.012534,-0.125893,0.210354,0.412686,0.017382,-0.038993,0.219638,0.340547,-0.112134
X_feature_price_trend_streak200_252,X_feature_market_cap_log_diff_126,0.500756,0.383027,0.410253,0.362361,0.469608,0.172191,0.457764,0.426742,0.379226,0.323518,0.397696,0.127620,0.398109,0.375546,0.390816,0.215180,0.346730,0.498968,0.258117,0.374894,0.377099,0.439268,0.381099,0.113135
X_feature_price_trend_streak200_252,X_feature_market_cap_log_to_min126,-0.180196,-0.233137,-0.347119,0.224116,0.045762,0.083224,-0.232037,-0.230724,-0.174930,-0.147005,-0.043858,0.114691,-0.196368,-0.128573,-0.023842,-0.035393,-0.162597,-0.139473,0.151143,-0.150570,-0.144521,-0.063099,-0.004329,-0.011528
X_feature_price_trend_streak200_252,X_feature_market_cap_log_to_max504,0.585159,0.595249,0.477935,0.701467,0.774866,0.663051,0.550099,0.637523,0.552096,0.572389,0.630281,0.502230,0.577490,0.583672,0.763912,0.557426,0.504693,0.690105,0.716414,0.635536,0.585226,0.725953,0.722260,0.450381
X_feature_price_trend_streak200_252,X_feature_market_cap_log_diff_504,0.601942,0.671727,0.731214,0.398585,0.690200,0.633810,0.449672,0.592598,0.608736,0.467192,0.731044,0.504998,0.460285,0.520847,0.642189,0.595345,0.516288,0.626567,0.676654,0.578632,0.655982,0.660032,0.729625,0.587486
X_feature_price_trend_streak200_252,X_feature_market_cap_log_to_min504,0.537789,0.573506,0.708019,0.308388,0.446101,0.337493,0.389704,0.555007,0.578326,0.432446,0.417488,0.038644,0.352429,0.465496,0.478727,0.472063,0.497190,0.546864,0.322472,0.525559,0.607609,0.552560,0.346582,0.336231
X_feature_price_trend_streak200_252,X_feature_pv_pv_corr21,0.013239,0.018236,0.025469,0.147585,-0.004306,0.048712,0.013749,0.064035,0.049028,0.042580,0.062238,0.027670,0.030308,0.013990,0.030940,0.054861,0.046937,0.073915,0.108019,-0.014682,0.049444,0.053040,0.077380,0.056296
X_feature_price_trend_streak200_252,X_feature_pv_pv_corr126,-0.177940,-0.078909,-0.115454,0.097555,-0.101340,-0.025973,-0.183312,-0.009746,-0.079552,-0.023080,-0.024218,-0.034966,-0.094953,-0.055235,-0.081568,0.002020,-0.098507,-0.058656,0.076777,-0.157935,-0.085700,-0.088721,0.067458,0.124817
X_feature_price_trend_streak200_252,X_feature_pv_pv_corr63,-0.047430,0.000191,-0.006915,0.179541,-0.042464,0.036035,-0.067381,0.058049,0.025533,0.042398,0.045245,0.020126,-0.019488,0.003057,0.002301,0.055048,0.001584,0.043899,0.118508,-0.071585,0.006989,0.014044,0.111651,0.090838
X_feature_price_trend_streak200_252,X_feature_liquidity_turnover_level63,0.276870,-0.046673,-0.355047,0.233679,0.267032,0.044209,0.145109,0.112817,0.060050,0.263657,0.098209,-0.008494,0.108167,0.192559,0.320128,0.324602,0.245916,0.310778,0.348400,0.319868,0.234572,0.287927,0.294127,0.159265
X_feature_price_trend_streak200_252,X_feature_volume_log_volume_ratio_max126,0.087509,0.100031,0.070370,0.055312,0.020646,0.008169,0.091077,0.134046,0.111121,0.117961,0.051669,-0.008288,0.088742,0.092709,0.051576,0.125286,0.146900,0.054486,0.052406,0.117462,0.103135,0.044479,0.029675,0.087999
X_feature_price_trend_streak200_252,X_feature_volume_log_volume_ratio_max252,0.109716,0.107635,0.083199,0.106413,0.039106,0.036995,0.092519,0.147431,0.136071,0.144507,0.070418,0.006555,0.097016,0.111350,0.062496,0.109671,0.151886,0.050589,0.034353,0.095633,0.084348,0.033249,0.013559,0.080854
X_feature_price_trend_streak200_252,X_feature_pv_illiquidity_mean21,0.148816,0.397280,0.329256,0.153380,0.041836,0.085139,-0.000636,0.034174,0.075721,0.158793,0.312577,0.140319,0.070044,0.141111,0.276780,0.134859,0.173374,0.244471,0.234318,0.174826,0.211171,0.278872,0.347858,0.210849
X_feature_price_trend_streak200_252,X_feature_volume_log_volume_std504,-0.064740,0.090415,-0.067265,-0.150591,-0.249226,-0.135153,-0.067196,0.003372,0.037025,0.087189,0.080353,-0.029939,0.016651,0.083412,0.102189,0.079715,0.127604,0.038577,0.052961,0.074191,0.058065,0.063825,0.030813,0.064553
X_feature_price_trend_streak200_252,X_feature_volume_log_volume_std126,0.030791,0.171358,0.061353,-0.049644,-0.125886,-0.040176,0.024067,0.100532,0.117656,0.124142,0.065302,0.028666,0.064959,0.133416,0.085018,0.139431,0.155371,0.048840,0.034961,0.132614,0.128932,0.068834,0.054498,0.125207
X_feature_price_trend_streak200_252,X_feature_volume_log_volume_std63,0.041829,0.177552,0.073854,-0.015514,-0.107149,-0.026721,0.022662,0.100876,0.114572,0.118533,0.058248,0.035456,0.065013,0.115318,0.073783,0.132681,0.137702,0.038888,0.052167,0.120122,0.122512,0.068047,0.057612,0.125571
X_feature_price_trend_streak200_252,X_feature_market_corr504,0.187740,0.258870,0.156926,-0.360253,-0.244992,-0.154687,-0.035803,-0.061717,0.165980,0.185934,-0.050580,-0.045930,0.094688,0.125883,-0.014249,0.238605,0.354907,0.148967,0.150912,0.382585,0.400914,-0.036936,0.125420,0.236394
X_feature_price_trend_streak200_252,X_feature_market_corr252,0.218800,0.318040,0.215712,-0.367509,-0.163011,-0.075245,0.035115,0.066921,0.257171,0.208257,-0.019260,-0.013746,0.171986,0.163757,-0.017215,0.289338,0.427095,0.205642,0.155959,0.414127,0.454533,0.011333,0.149949,0.305665
X_feature_price_trend_streak200_252,X_feature_short_interest_to_volume_log_ratio_std252,0.046448,0.104260,-0.072321,0.009003,-0.118410,0.001217,0.015034,0.066564,0.096378,0.117476,0.090290,0.075353,0.103371,0.115937,0.165462,0.156382,0.129041,0.161672,0.095990,0.139270,0.100063,0.135701,0.092942,0.100756
X_feature_price_trend_streak200_252,X_feature_short_interest_to_volume_log_ratio_std63,0.036726,0.105159,-0.040554,0.003094,-0.066971,0.002794,0.029650,0.090460,0.100891,0.111787,0.044493,0.041293,0.072278,0.058720,0.084358,0.141828,0.109540,0.065426,0.049763,0.135719,0.085599,0.115461,0.026217,0.087933
X_feature_price_trend_streak200_252,X_feature_short_interest_to_volume_log_ratio,0.040205,0.122942,0.227453,-0.025263,-0.002120,0.034275,0.010543,0.033302,0.107540,0.129393,0.233694,-0.022776,-0.007709,0.031115,0.027103,0.078626,0.142029,0.107148,0.077071,0.157623,0.183483,0.029523,0.084221,0.070129
X_feature_price_trend_streak200_252,X_feature_short_interest_to_volume_log_ratio_mean252,-0.023162,0.109392,0.212281,-0.139989,-0.163635,-0.026038,-0.061735,-0.044034,0.049106,0.045958,0.155905,-0.047818,-0.091597,-0.028268,-0.067766,0.019596,0.058992,0.001776,0.050248,0.127892,0.130544,-0.022166,0.023490,0.042215
X_feature_price_trend_streak200_252,X_feature_short_interest_to_volume_log_ratio_mean63,0.037525,0.133140,0.242426,-0.053949,-0.023898,0.023344,-0.019385,0.014524,0.095822,0.115851,0.234185,-0.030930,-0.037645,0.018525,-0.011235,0.073463,0.124028,0.091376,0.080509,0.162808,0.194138,0.025117,0.075700,0.093687
X_feature_price_trend_streak200_252,X_feature_short_interest_log_diff21,0.006239,0.003545,0.006403,0.000416,0.012414,0.037482,0.036412,0.028292,0.040671,0.050367,0.051110,0.026376,0.047534,0.039240,0.064116,0.044018,0.063767,0.057937,0.010588,0.070158,0.011861,0.033022,0.049091,-0.006996
X_feature_price_trend_streak200_252,X_feature_short_interest_log_diff252,0.079099,0.066896,0.011891,0.059191,0.095341,0.047332,0.027758,0.031141,0.096779,0.149210,0.269035,0.121640,0.159582,0.165719,0.195349,0.191971,0.247660,0.270723,0.174918,0.236096,0.244455,0.191362,0.240441,0.188585
X_feature_price_trend_streak200_252,X_feature_short_interest_log_diff63,0.018051,0.019803,0.018100,0.017414,0.026187,0.059366,0.048064,0.047234,0.076030,0.092520,0.123037,0.042846,0.080016,0.060649,0.128119,0.078445,0.127597,0.108581,0.035121,0.113869,0.053151,0.065961,0.088324,-0.015533
X_feature_price_trend_streak200_252,X_feature_short_interest_log_diff126,0.048485,0.041780,0.024047,0.045934,0.069402,0.060273,0.035265,0.063425,0.098829,0.136866,0.202575,0.057882,0.116491,0.098806,0.158422,0.133474,0.195841,0.183256,0.078485,0.180651,0.112380,0.123782,0.154766,0.029085
X_feature_price_freq_loss_fl63,X_feature_price_freq_loss_fl21,-0.571659,-0.575575,-0.598868,-0.556896,-0.582292,-0.568459,-0.581881,-0.585086,-0.577467,-0.603969,-0.564308,-0.555550,-0.572546,-0.562306,-0.582924,-0.579993,-0.573327,-0.588781,-0.576066,-0.583244,-0.568110,-0.579503,-0.575798,-0.572543
X_feature_price_freq_loss_fl63,X_feature_price_price_to_min63,-0.303638,-0.406975,-0.371092,-0.153408,-0.303003,-0.418524,-0.403933,-0.440174,-0.423222,-0.447875,-0.281004,-0.366708,-0.391241,-0.329171,-0.369138,-0.437912,-0.394837,-0.383028,-0.342560,-0.470123,-0.439460,-0.334004,-0.338212,-0.444285
X_feature_price_freq_loss_fl63,X_feature_price_macd_10_21,0.496684,0.524924,0.566267,0.511206,0.512812,0.456488,0.516247,0.498872,0.510001,0.562272,0.464378,0.422960,0.464065,0.455344,0.499763,0.469710,0.522283,0.512951,0.477039,0.510307,0.512772,0.491044,0.496529,0.508969
X_feature_price_freq_loss_fl63,X_feature_price_sharpe_ratio_compound_r63_volatility63_rolling,0.642973,0.633183,0.679893,0.578946,0.624755,0.615739,0.646888,0.619947,0.653404,0.682758,0.602888,0.557191,0.610231,0.579301,0.628787,0.633632,0.628595,0.638999,0.597755,0.651184,0.638670,0.624252,0.613630,0.646120
X_feature_price_freq_loss_fl63,X_feature_price_price_to_ma63,-0.492827,-0.525996,-0.549315,-0.501212,-0.515646,-0.472639,-0.497906,-0.503083,-0.490818,-0.552898,-0.491901,-0.453180,-0.475925,-0.453640,-0.493224,-0.486240,-0.502890,-0.520501,-0.481700,-0.530996,-0.516072,-0.486682,-0.486830,-0.516506
X_feature_price_freq_loss_fl63,X_feature_price_bb_pct126,0.549270,0.557711,0.616844,0.574531,0.540575,0.508861,0.557468,0.554944,0.567775,0.601349,0.499997,0.476097,0.530297,0.483163,0.548997,0.533747,0.558121,0.570461,0.530755,0.566386,0.556841,0.561935,0.519379,0.555367
X_feature_price_freq_loss_fl63,X_feature_price_price_to_min252,0.362695,0.333572,0.344932,0.298291,0.287852,0.309612,0.281120,0.421456,0.369531,0.446423,0.368627,0.258745,0.268132,0.269278,0.347652,0.305503,0.284153,0.407684,0.355026,0.342668,0.431787,0.356479,0.295595,0.209755
X_feature_price_freq_loss_fl63,X_feature_price_ret90_shift0,0.538462,0.500886,0.569352,0.524919,0.478546,0.441617,0.509159,0.514602,0.526981,0.577269,0.526135,0.378042,0.474266,0.456466,0.481367,0.481671,0.493194,0.563498,0.473174,0.521286,0.531466,0.505413,0.481626,0.501831
X_feature_price_freq_loss_fl63,X_feature_price_price_to_ma252,0.527318,0.445259,0.521062,0.538807,0.445877,0.397086,0.462042,0.512108,0.506067,0.577981,0.501334,0.269684,0.433865,0.427863,0.478323,0.452101,0.446065,0.531777,0.478060,0.474958,0.515585,0.513502,0.512840,0.435314
X_feature_price_freq_loss_fl63,X_feature_price_sharpe_ratio_compound_r126_volatility126_rolling,0.515124,0.438079,0.519413,0.447336,0.393767,0.415636,0.482130,0.497368,0.503862,0.569191,0.503188,0.314892,0.429558,0.436048,0.444967,0.490396,0.473942,0.521712,0.465471,0.474367,0.506161,0.499436,0.473688,0.477888
X_feature_price_freq_loss_fl63,X_feature_price_macd_21_126,0.388365,0.337906,0.400898,0.420973,0.362609,0.240732,0.313082,0.372735,0.359412,0.426802,0.339270,0.145882,0.276580,0.288426,0.342529,0.224877,0.299474,0.391811,0.358316,0.307106,0.387090,0.391477,0.405569,0.209847
X_feature_price_freq_loss_fl63,X_feature_price_final_to_high90_exclude10,0.510340,0.485155,0.560306,0.540602,0.462740,0.368213,0.484463,0.454356,0.483184,0.548715,0.458295,0.310277,0.437811,0.449212,0.481041,0.467488,0.496606,0.523054,0.459412,0.493436,0.487707,0.511564,0.485635,0.489674
X_feature_price_freq_loss_fl63,X_feature_price_price_to_max252,0.538322,0.461196,0.547880,0.527710,0.416993,0.341084,0.501268,0.475328,0.487773,0.567088,0.444465,0.161313,0.460273,0.463152,0.459164,0.481843,0.496439,0.524623,0.438144,0.502666,0.490118,0.523725,0.495076,0.494808
X_feature_price_freq_loss_fl63,X_feature_price_final_to_high252_exclude21,0.458184,0.339956,0.463897,0.450310,0.337777,0.245942,0.420639,0.397172,0.418269,0.497452,0.355991,0.052306,0.381369,0.396394,0.372178,0.412586,0.408385,0.459642,0.346806,0.411113,0.401980,0.437745,0.411460,0.405436
X_feature_price_freq_loss_fl63,X_feature_price_lag1,-0.081364,-0.104687,-0.108255,-0.073455,-0.092601,-0.082317,-0.092012,-0.087038,-0.096251,-0.092643,-0.068373,-0.062252,-0.076347,-0.088894,-0.026735,-0.091140,-0.086826,-0.084473,-0.112236,-0.102443,-0.101056,-0.075685,-0.094460,-0.077128
X_feature_price_freq_loss_fl63,X_feature_price_ret21_shift0,-0.320645,-0.356693,-0.357365,-0.301110,-0.344476,-0.306395,-0.328570,-0.343695,-0.312477,-0.372277,-0.331665,-0.283688,-0.306173,-0.304058,-0.332352,-0.325042,-0.335402,-0.355860,-0.313645,-0.353613,-0.350434,-0.316899,-0.323108,-0.340243
X_feature_price_freq_loss_fl63,X_feature_price_ret10_shift0,-0.225276,-0.254247,-0.248001,-0.209367,-0.252873,-0.214015,-0.237035,-0.242594,-0.221514,-0.268986,-0.235466,-0.192164,-0.217352,-0.215785,-0.232874,-0.228998,-0.232633,-0.255196,-0.215259,-0.256971,-0.238312,-0.222235,-0.228522,-0.233090
X_feature_price_freq_loss_fl63,X_feature_price_ret5_shift0,-0.164988,-0.194054,-0.184136,-0.158119,-0.183081,-0.156244,-0.177631,-0.183005,-0.165834,-0.200212,-0.174997,-0.137037,-0.158317,-0.163203,-0.166707,-0.166194,-0.171262,-0.189069,-0.163607,-0.193172,-0.174431,-0.163104,-0.172300,-0.168800
X_feature_price_freq_loss_fl63,X_feature_price_downside_vol10,0.227989,0.108640,0.229503,0.349200,0.262887,0.087525,0.178598,0.089616,0.150613,0.168694,0.169102,0.049201,0.142086,0.187887,0.223603,0.167935,0.212448,0.228496,0.206589,0.256049,0.129499,0.272146,0.220056,0.168622
X_feature_price_freq_loss_fl63,X_feature_price_downside_vol21,0.246693,0.112747,0.241629,0.372885,0.273519,0.085893,0.202864,0.089997,0.170452,0.184996,0.173807,0.032704,0.158070,0.201230,0.240515,0.190264,0.234493,0.242938,0.229054,0.267797,0.144140,0.300192,0.231336,0.180690
X_feature_price_freq_loss_fl63,X_feature_price_vol10,0.214655,0.059249,0.215850,0.360191,0.266835,0.061635,0.166075,0.044702,0.132881,0.134506,0.153112,0.034032,0.120417,0.183720,0.218201,0.152207,0.198757,0.215223,0.193842,0.227554,0.102694,0.287018,0.205740,0.151815
X_feature_price_freq_loss_fl63,X_feature_price_upside_vol10,0.137565,0.001711,0.158993,0.290073,0.204035,0.021909,0.096756,-0.014351,0.075183,0.062743,0.092819,0.013388,0.061318,0.125645,0.147884,0.087737,0.119977,0.136139,0.115706,0.132609,0.034130,0.203645,0.132399,0.085173
X_feature_price_freq_loss_fl63,X_feature_price_upside_vol21,0.184291,0.024701,0.206409,0.343240,0.259131,0.042799,0.145833,0.011657,0.107995,0.102907,0.126973,0.018226,0.091518,0.159342,0.188537,0.126084,0.159617,0.181969,0.154591,0.166078,0.052249,0.240351,0.168478,0.115434
X_feature_price_freq_loss_fl63,X_feature_price_upside_vol63,0.195587,0.015451,0.211723,0.367797,0.266979,0.042422,0.170246,0.029938,0.117032,0.123426,0.118477,0.010642,0.105450,0.164988,0.188914,0.155011,0.179795,0.192413,0.149173,0.158333,0.038791,0.245515,0.196731,0.132870
X_feature_price_freq_loss_fl63,X_feature_price_atr5,0.224884,0.075344,0.232772,0.379071,0.278949,0.067853,0.198225,0.049861,0.142896,0.157790,0.162868,0.023847,0.118844,0.187444,0.214064,0.154818,0.211897,0.227114,0.196492,0.235019,0.121524,0.308996,0.209958,0.152279
X_feature_price_freq_loss_fl63,X_feature_price_downside_vol126,0.242556,0.058076,0.240424,0.362175,0.220688,0.056015,0.207381,0.078731,0.188928,0.216379,0.136628,-0.024301,0.134785,0.215337,0.198687,0.204914,0.239154,0.271138,0.176211,0.226017,0.144244,0.286579,0.188961,0.163212
X_feature_price_freq_loss_fl63,X_feature_price_downside_vol63,0.258305,0.116664,0.252997,0.385391,0.264826,0.085689,0.237865,0.101321,0.208279,0.226367,0.153994,0.015834,0.162094,0.224553,0.236244,0.234112,0.267388,0.284349,0.229165,0.281304,0.159075,0.314207,0.220987,0.205488
X_feature_price_freq_loss_fl63,X_feature_price_atr21,0.252708,0.082556,0.250782,0.398993,0.289073,0.078117,0.228350,0.065526,0.165907,0.185432,0.165796,0.021610,0.136519,0.204724,0.231434,0.184429,0.243804,0.250843,0.215339,0.258882,0.135102,0.337823,0.236048,0.167455
X_feature_price_freq_loss_fl63,X_feature_price_atr126,0.210530,0.032174,0.231312,0.371249,0.235885,0.059648,0.217709,0.052421,0.164683,0.179375,0.120874,-0.008468,0.130215,0.202434,0.205241,0.179683,0.231187,0.231183,0.182930,0.224011,0.117413,0.309460,0.198747,0.156028
X_feature_price_freq_loss_fl63,X_feature_price_vol252,0.203628,0.012474,0.206330,0.352095,0.230399,0.036388,0.218565,0.044422,0.161328,0.149287,0.113971,-0.008848,0.110182,0.197878,0.194071,0.145910,0.197678,0.216518,0.167779,0.193354,0.084702,0.272636,0.176789,0.128335
X_feature_price_freq_loss_fl63,X_feature_market_cap_log_identity,0.144042,0.086433,0.071418,0.083109,0.093061,-0.033040,0.056529,0.044763,0.098402,0.117980,0.131667,0.025194,0.046234,0.109962,0.081699,0.007404,0.115250,0.088229,0.055916,0.126265,0.116942,0.154432,0.192803,0.091351
X_feature_price_freq_loss_fl63,X_feature_market_cap_log_std21,0.197863,0.086132,0.214170,0.333580,0.247866,-0.016653,0.116702,0.006713,0.085548,0.107209,0.201684,-0.012175,0.054980,0.159154,0.155383,0.057406,0.145823,0.197395,0.130031,0.128338,0.077505,0.183688,0.109979,0.045188
X_feature_price_freq_loss_fl63,X_feature_market_cap_log_std126,0.153203,-0.007043,0.146342,0.308683,0.183783,-0.117541,0.024476,-0.079378,0.021220,0.027198,0.223063,-0.080115,0.005574,0.127428,0.072994,-0.082800,0.074023,0.168279,0.065216,0.000530,0.015623,0.127580,0.077615,-0.106927
X_feature_price_freq_loss_fl63,X_feature_market_cap_log_std504,0.054718,-0.033795,0.143950,0.278884,0.121150,-0.032785,0.076948,-0.077259,0.076564,0.043134,0.099505,-0.074863,0.062252,0.079079,0.120136,0.083376,0.098147,0.093915,0.120283,0.062410,-0.010944,0.164339,0.085072,0.052636
X_feature_price_freq_loss_fl63,X_feature_market_cap_log_std252,0.094920,-0.000607,0.124655,0.272485,0.162315,-0.046766,0.059549,-0.082512,0.041120,0.002742,0.185692,-0.093459,0.016131,0.099735,0.097848,-0.012231,0.082454,0.159129,0.095743,0.048668,-0.032935,0.173079,0.145389,0.002937
X_feature_price_freq_loss_fl63,X_feature_market_cap_log_diff_126,0.442346,0.369218,0.442155,0.456796,0.380659,0.346180,0.411570,0.441319,0.432245,0.493272,0.459089,0.273639,0.369226,0.365298,0.381924,0.388218,0.392628,0.483978,0.411398,0.415517,0.465950,0.449601,0.436577,0.405898
X_feature_price_freq_loss_fl63,X_feature_market_cap_log_to_min126,-0.306096,-0.365840,-0.370510,-0.204110,-0.312581,-0.360574,-0.393334,-0.437441,-0.416300,-0.447827,-0.330506,-0.301724,-0.360085,-0.296489,-0.349821,-0.377997,-0.360853,-0.398140,-0.345403,-0.423140,-0.465572,-0.353066,-0.297960,-0.410991
X_feature_price_freq_loss_fl63,X_feature_market_cap_log_to_max504,0.470124,0.361087,0.413212,0.422395,0.373269,0.215600,0.440292,0.434343,0.410439,0.502169,0.382442,0.061239,0.325078,0.421615,0.354601,0.379060,0.434673,0.475542,0.339414,0.422695,0.434430,0.441484,0.456562,0.422717
X_feature_price_freq_loss_fl63,X_feature_market_cap_log_diff_504,0.197707,0.193307,0.030833,0.006228,0.293335,0.145123,0.157251,0.253685,0.133117,0.274044,0.266693,0.077110,0.190411,0.131192,0.174479,0.114533,0.112006,0.327422,0.194344,0.273687,0.221947,0.255200,0.381321,0.138025
X_feature_price_freq_loss_fl63,X_feature_market_cap_log_to_min504,0.201256,0.244801,0.078865,0.058275,0.276183,0.221301,0.086702,0.271385,0.147220,0.277460,0.289065,0.226053,0.060008,0.118995,0.214496,0.137802,0.096091,0.311608,0.249004,0.216435,0.262794,0.254144,0.315865,0.100772
X_feature_price_freq_loss_fl63,X_feature_pv_pv_corr21,-0.099567,-0.129632,-0.098590,-0.048529,-0.107421,-0.070988,-0.094648,-0.077064,-0.072805,-0.069181,-0.101078,-0.059317,-0.053852,-0.043539,-0.055853,-0.051463,-0.090401,-0.041316,-0.067312,-0.115230,-0.048066,-0.034762,-0.018593,-0.024726
X_feature_price_freq_loss_fl63,X_feature_pv_pv_corr126,-0.168765,-0.128743,-0.094852,-0.067633,-0.036671,-0.068901,-0.086975,-0.073419,-0.078100,-0.105940,-0.133623,-0.013180,-0.037605,-0.070929,-0.055739,-0.061638,-0.088234,-0.102089,-0.052489,-0.099680,-0.089352,-0.072183,0.024120,-0.023516
X_feature_price_freq_loss_fl63,X_feature_pv_pv_corr63,-0.181917,-0.196728,-0.168623,-0.102123,-0.137931,-0.128974,-0.173763,-0.114446,-0.125761,-0.137447,-0.166716,-0.084241,-0.093597,-0.110713,-0.100305,-0.100463,-0.148324,-0.116402,-0.104530,-0.170765,-0.113697,-0.078392,-0.037291,-0.060267
X_feature_price_freq_loss_fl63,X_feature_liquidity_turnover_level63,0.196640,0.016185,0.146963,0.270077,0.165175,0.030371,0.146709,0.026729,0.137740,0.136857,0.079387,0.015847,0.079682,0.137176,0.143620,0.134307,0.143384,0.169905,0.094527,0.152315,0.067744,0.201345,0.112302,0.117539
X_feature_price_freq_loss_fl63,X_feature_volume_log_volume_ratio_max126,-0.033929,-0.021794,-0.023600,0.002925,-0.030075,-0.034024,0.038544,0.039264,0.039311,0.024557,0.003084,-0.013988,-0.001302,0.013994,0.001766,0.023864,0.040181,-0.012124,0.003614,-0.014043,0.002535,-0.012912,-0.038015,0.010237
X_feature_price_freq_loss_fl63,X_feature_volume_log_volume_ratio_max252,-0.044741,-0.036445,-0.036061,0.000033,-0.062906,-0.055919,0.018683,0.026166,0.021201,0.020544,0.006385,-0.014050,0.000212,0.002158,-0.016454,-0.000093,0.004281,-0.023405,0.012698,-0.031813,-0.018818,-0.018425,-0.067112,0.034840
X_feature_price_freq_loss_fl63,X_feature_pv_illiquidity_mean21,0.053015,0.063284,0.036686,0.022994,0.057219,-0.062549,-0.004656,0.005647,0.045823,0.055973,0.113173,-0.007924,0.020688,0.072806,0.060519,-0.025859,0.097697,0.049620,0.059826,0.099922,0.103841,0.137645,0.170280,0.067818
X_feature_price_freq_loss_fl63,X_feature_volume_log_volume_std504,-0.062332,-0.055311,-0.086552,-0.071245,-0.090183,-0.111759,0.000425,-0.029289,0.035754,0.049170,0.074396,0.001724,0.016426,0.077935,-0.003317,-0.000029,0.083505,-0.024046,0.015147,-0.011967,0.043992,0.042714,-0.005507,0.051172
X_feature_price_freq_loss_fl63,X_feature_volume_log_volume_std126,-0.058188,-0.042747,-0.083278,-0.091076,-0.044923,-0.091551,0.041751,0.019073,0.045467,0.061978,0.061644,0.011686,0.029536,0.073618,0.017298,0.016475,0.096359,0.005957,0.020356,0.042049,0.071715,0.024395,0.004779,0.036443
X_feature_price_freq_loss_fl63,X_feature_volume_log_volume_std63,-0.043890,-0.019567,-0.074897,-0.059898,-0.015268,-0.061811,0.058153,0.036469,0.042024,0.057944,0.065773,0.027632,0.046537,0.085872,0.028618,0.036128,0.094140,0.010343,0.029550,0.059243,0.080972,0.037632,0.026916,0.043936
X_feature_price_freq_loss_fl63,X_feature_market_corr504,-0.003021,-0.005805,-0.162174,-0.257417,-0.224795,-0.085348,-0.070338,-0.118008,0.038868,0.025038,-0.003479,0.032836,0.021100,0.053099,0.041249,0.122336,0.078007,0.046270,0.040787,0.110946,0.014074,0.044082,0.056867,0.145138
X_feature_price_freq_loss_fl63,X_feature_market_corr252,-0.013772,0.010912,-0.157486,-0.276973,-0.197009,-0.075222,-0.074495,-0.078048,0.043618,0.025072,0.009738,0.033121,0.025164,0.047854,0.051362,0.110714,0.067993,0.063497,0.064245,0.104541,0.029003,0.038893,0.055191,0.119267
X_feature_price_freq_loss_fl63,X_feature_short_interest_to_volume_log_ratio_std252,-0.008665,-0.016519,-0.017082,0.004544,-0.053953,-0.080086,-0.003732,-0.008660,0.041343,0.036100,0.061625,0.006676,0.009417,0.080680,0.036811,0.006164,0.094711,0.055414,0.038986,0.008821,0.045959,0.050498,0.057697,0.054436
X_feature_price_freq_loss_fl63,X_feature_short_interest_to_volume_log_ratio_std63,0.001890,-0.001745,-0.037339,-0.017247,0.001741,-0.045795,0.061847,0.036801,0.067802,0.065569,0.064111,0.015273,0.044202,0.077653,0.061417,0.044107,0.130095,0.040929,0.052827,0.043619,0.074954,0.073518,0.039739,0.055060
X_feature_price_freq_loss_fl63,X_feature_short_interest_to_volume_log_ratio,-0.041299,-0.002568,-0.078622,-0.091856,-0.070551,-0.036933,-0.046429,-0.018255,-0.030643,0.021687,0.012398,0.007655,-0.050843,-0.052345,-0.068369,-0.059981,-0.048112,-0.021032,-0.021906,-0.029057,-0.057658,-0.010578,-0.045179,-0.004993
X_feature_price_freq_loss_fl63,X_feature_short_interest_to_volume_log_ratio_mean252,-0.027841,0.048641,-0.053795,-0.129981,-0.091282,-0.013958,-0.005574,-0.002075,-0.004515,0.046871,0.034937,0.054264,-0.029989,-0.020906,-0.065477,-0.029145,-0.002068,-0.014794,0.007322,-0.004630,-0.042152,0.023548,-0.050342,0.028640
X_feature_price_freq_loss_fl63,X_feature_short_interest_to_volume_log_ratio_mean63,-0.018447,0.050151,-0.067242,-0.085187,-0.053864,-0.011528,-0.029432,-0.000578,-0.014551,0.033538,0.030031,0.027036,-0.032044,-0.034779,-0.065336,-0.059146,-0.043776,-0.012666,-0.003326,-0.021427,-0.056081,0.002876,-0.057400,0.007065
X_feature_price_freq_loss_fl63,X_feature_short_interest_log_diff21,-0.053343,-0.079476,-0.044668,-0.053271,-0.058349,-0.071189,-0.081702,-0.045734,-0.053577,0.004083,0.017286,-0.017151,-0.036854,-0.019674,0.004381,0.021192,0.024468,0.036226,0.018444,0.040727,0.021205,0.037193,0.061635,0.024963
X_feature_price_freq_loss_fl63,X_feature_short_interest_log_diff252,0.018194,-0.029994,-0.019014,0.063244,0.018179,-0.043432,-0.061375,-0.039981,-0.036446,0.062069,0.080777,0.001571,-0.029671,-0.012742,0.030350,-0.020586,-0.021146,0.087319,0.023316,0.035267,0.021894,0.027278,0.071178,-0.025091
X_feature_price_freq_loss_fl63,X_feature_short_interest_log_diff63,-0.022132,-0.068514,-0.032582,-0.020867,-0.034503,-0.048494,-0.091560,-0.035114,-0.032630,0.028823,0.026489,-0.032936,-0.042055,-0.033516,0.002033,0.011172,0.023361,0.046003,0.002677,0.036593,0.032195,0.048324,0.056954,0.013689
X_feature_price_freq_loss_fl63,X_feature_short_interest_log_diff126,0.002567,-0.039583,-0.014222,0.022295,-0.006328,-0.016839,-0.090629,-0.029924,-0.031468,0.041819,0.044791,-0.023851,-0.030707,-0.020243,0.023370,-0.009034,0.016075,0.052483,0.002828,0.027816,0.042638,0.045626,0.071291,-0.005834
X_feature_price_freq_loss_fl21,X_feature_price_price_to_min63,0.379554,0.426202,0.411947,0.312111,0.357364,0.373203,0.416284,0.417802,0.417742,0.451189,0.399056,0.333000,0.381185,0.332005,0.379690,0.378843,0.383130,0.415229,0.374483,0.423184,0.446250,0.376180,0.330095,0.411517
X_feature_price_freq_loss_fl21,X_feature_price_macd_10_21,-0.382717,-0.402266,-0.460131,-0.369822,-0.389443,-0.340283,-0.392557,-0.382038,-0.410654,-0.453290,-0.350622,-0.299288,-0.340166,-0.341007,-0.373549,-0.367169,-0.390399,-0.410945,-0.350978,-0.398300,-0.401585,-0.362671,-0.354154,-0.418743
X_feature_price_freq_loss_fl21,X_feature_price_sharpe_ratio_compound_r63_volatility63_rolling,-0.388537,-0.385427,-0.427519,-0.285330,-0.391421,-0.358804,-0.394366,-0.381327,-0.409553,-0.456245,-0.382914,-0.298794,-0.361092,-0.343500,-0.373612,-0.386096,-0.380317,-0.408186,-0.355510,-0.381829,-0.403379,-0.369748,-0.366732,-0.401768
X_feature_price_freq_loss_fl21,X_feature_price_price_to_ma63,0.523260,0.527711,0.570791,0.488274,0.493083,0.487015,0.510648,0.498436,0.526236,0.561221,0.483689,0.463052,0.487768,0.454411,0.503391,0.491297,0.501680,0.517854,0.482643,0.515991,0.530598,0.489907,0.479380,0.539745
X_feature_price_freq_loss_fl21,X_feature_price_bb_pct126,-0.477182,-0.467868,-0.521411,-0.440229,-0.457904,-0.462404,-0.476743,-0.464258,-0.491670,-0.528028,-0.447221,-0.419034,-0.446475,-0.423437,-0.465975,-0.491965,-0.472487,-0.471109,-0.440465,-0.473152,-0.480902,-0.450313,-0.454763,-0.518056
X_feature_price_freq_loss_fl21,X_feature_price_price_to_min252,-0.294282,-0.250614,-0.242110,-0.267498,-0.220776,-0.189339,-0.196567,-0.280688,-0.239965,-0.317786,-0.346227,-0.189773,-0.176971,-0.201786,-0.232402,-0.196866,-0.177017,-0.296659,-0.264672,-0.225255,-0.292470,-0.255229,-0.234172,-0.141116
X_feature_price_freq_loss_fl21,X_feature_price_ret90_shift0,-0.342807,-0.302829,-0.367766,-0.294190,-0.285889,-0.265521,-0.312993,-0.316977,-0.333341,-0.392307,-0.306991,-0.196869,-0.292353,-0.274258,-0.288720,-0.298667,-0.311766,-0.353639,-0.290441,-0.309629,-0.340141,-0.298972,-0.298519,-0.324288
X_feature_price_freq_loss_fl21,X_feature_price_price_to_ma252,-0.361074,-0.299681,-0.360627,-0.305310,-0.293891,-0.260805,-0.314201,-0.340843,-0.339953,-0.406947,-0.308377,-0.165661,-0.291219,-0.280644,-0.320209,-0.305151,-0.297361,-0.351205,-0.309289,-0.299790,-0.349573,-0.324612,-0.340094,-0.306258
X_feature_price_freq_loss_fl21,X_feature_price_sharpe_ratio_compound_r126_volatility126_rolling,-0.319772,-0.271213,-0.332332,-0.225497,-0.237991,-0.257565,-0.292705,-0.311199,-0.311332,-0.380548,-0.294846,-0.190102,-0.256710,-0.265879,-0.264231,-0.300904,-0.290636,-0.314058,-0.297242,-0.273246,-0.314173,-0.288598,-0.300958,-0.295965
X_feature_price_freq_loss_fl21,X_feature_price_macd_21_126,-0.223221,-0.184575,-0.218210,-0.209013,-0.210599,-0.129707,-0.197336,-0.226641,-0.191740,-0.268990,-0.171059,-0.084326,-0.164428,-0.154190,-0.184191,-0.141777,-0.201100,-0.222651,-0.200631,-0.169697,-0.214971,-0.215274,-0.232705,-0.152048
X_feature_price_freq_loss_fl21,X_feature_price_final_to_high90_exclude10,-0.301313,-0.262493,-0.366241,-0.248400,-0.263218,-0.250172,-0.304977,-0.282399,-0.324767,-0.377499,-0.226681,-0.175840,-0.277819,-0.282062,-0.288730,-0.329024,-0.326077,-0.317841,-0.266865,-0.312137,-0.308449,-0.282326,-0.296229,-0.339208
X_feature_price_freq_loss_fl21,X_feature_price_price_to_max252,-0.408528,-0.324784,-0.421649,-0.301500,-0.293061,-0.298723,-0.402339,-0.380294,-0.395681,-0.465924,-0.274871,-0.136681,-0.363896,-0.357028,-0.337041,-0.432986,-0.404509,-0.388419,-0.317472,-0.385725,-0.389650,-0.358791,-0.350107,-0.446368
X_feature_price_freq_loss_fl21,X_feature_price_final_to_high252_exclude21,-0.093013,-0.011859,-0.143840,-0.095403,-0.087498,-0.006469,-0.073788,-0.080431,-0.101505,-0.162949,-0.060100,0.082753,-0.056798,-0.092518,-0.083211,-0.082745,-0.075997,-0.145732,-0.069580,-0.070434,-0.072301,-0.106569,-0.105222,-0.056476
X_feature_price_freq_loss_fl21,X_feature_price_lag1,0.154549,0.181896,0.175471,0.147471,0.150347,0.132864,0.136950,0.156282,0.165198,0.163773,0.124914,0.144322,0.137132,0.149917,0.121278,0.155319,0.163803,0.148728,0.173891,0.152075,0.157325,0.140690,0.153758,0.135040
X_feature_price_freq_loss_fl21,X_feature_price_ret21_shift0,0.631343,0.641742,0.657926,0.597621,0.604497,0.600187,0.615284,0.605285,0.623414,0.631792,0.573096,0.582977,0.576375,0.550194,0.609353,0.603502,0.608530,0.609326,0.586783,0.632787,0.632615,0.605716,0.556660,0.656920
X_feature_price_freq_loss_fl21,X_feature_price_ret10_shift0,0.425460,0.441286,0.449734,0.407254,0.413706,0.404738,0.424873,0.430097,0.437534,0.442036,0.398231,0.398897,0.396064,0.371688,0.431163,0.422264,0.416087,0.434586,0.411331,0.437163,0.432421,0.422036,0.386386,0.439869
X_feature_price_freq_loss_fl21,X_feature_price_ret5_shift0,0.299637,0.323596,0.316675,0.302005,0.305735,0.283877,0.303961,0.317604,0.312935,0.320128,0.290619,0.279793,0.281282,0.271114,0.308884,0.300979,0.306678,0.312265,0.302134,0.315359,0.312073,0.293668,0.291289,0.319447
X_feature_price_freq_loss_fl21,X_feature_price_downside_vol10,-0.208500,-0.125936,-0.271388,-0.239497,-0.220085,-0.138765,-0.195605,-0.140998,-0.203644,-0.192189,-0.122242,-0.085391,-0.159443,-0.164849,-0.224888,-0.214168,-0.251855,-0.221837,-0.215679,-0.253925,-0.175547,-0.266411,-0.183942,-0.199338
X_feature_price_freq_loss_fl21,X_feature_price_downside_vol21,-0.206595,-0.114397,-0.273604,-0.233036,-0.212845,-0.135904,-0.213115,-0.133216,-0.212820,-0.203002,-0.108032,-0.063409,-0.159584,-0.170948,-0.215588,-0.223501,-0.257684,-0.215668,-0.202701,-0.257774,-0.188333,-0.261851,-0.181121,-0.213826
X_feature_price_freq_loss_fl21,X_feature_price_vol10,-0.132142,-0.020831,-0.206554,-0.185736,-0.183610,-0.063201,-0.121746,-0.044182,-0.121993,-0.103386,-0.061090,-0.024928,-0.093896,-0.131402,-0.143232,-0.143116,-0.180812,-0.154913,-0.135034,-0.164694,-0.096455,-0.203822,-0.137014,-0.116841
X_feature_price_freq_loss_fl21,X_feature_price_upside_vol10,-0.024147,0.071082,-0.106507,-0.089257,-0.099002,0.016579,-0.012253,0.057272,-0.014536,0.005541,0.019782,0.033498,-0.008058,-0.058610,-0.032729,-0.032049,-0.055695,-0.041426,-0.006747,-0.025162,0.016051,-0.075866,-0.058655,-0.001217
X_feature_price_freq_loss_fl21,X_feature_price_upside_vol21,-0.032431,0.075460,-0.128356,-0.105898,-0.120405,0.016905,-0.030680,0.053735,-0.024155,-0.003913,0.008180,0.033471,-0.020595,-0.076155,-0.048293,-0.043680,-0.064004,-0.049063,-0.023648,-0.020466,0.019833,-0.072863,-0.074969,-0.014495
X_feature_price_freq_loss_fl21,X_feature_price_upside_vol63,-0.073448,0.043585,-0.170775,-0.141726,-0.142199,-0.026620,-0.077007,0.003061,-0.071486,-0.053449,-0.021587,-0.003896,-0.052480,-0.099466,-0.089293,-0.096368,-0.109607,-0.080247,-0.063560,-0.074702,-0.018225,-0.119305,-0.107567,-0.074777
X_feature_price_freq_loss_fl21,X_feature_price_atr5,-0.140047,-0.042361,-0.225704,-0.193784,-0.204117,-0.066034,-0.137068,-0.050326,-0.128063,-0.123279,-0.082116,-0.015203,-0.076547,-0.126616,-0.135954,-0.127264,-0.175452,-0.160697,-0.136981,-0.157744,-0.116917,-0.203842,-0.130106,-0.115989
X_feature_price_freq_loss_fl21,X_feature_price_downside_vol126,-0.121340,-0.002702,-0.213009,-0.150978,-0.131555,-0.053720,-0.115403,-0.045041,-0.139060,-0.138156,-0.059495,0.002740,-0.071308,-0.135392,-0.115605,-0.129433,-0.164368,-0.154580,-0.101276,-0.116536,-0.101914,-0.151529,-0.113316,-0.109228
X_feature_price_freq_loss_fl21,X_feature_price_downside_vol63,-0.125899,-0.031971,-0.216568,-0.163222,-0.155202,-0.065684,-0.136912,-0.065096,-0.154690,-0.159456,-0.064623,-0.010333,-0.087535,-0.140898,-0.129102,-0.157155,-0.183398,-0.173827,-0.122362,-0.147804,-0.119321,-0.166514,-0.125705,-0.137372
X_feature_price_freq_loss_fl21,X_feature_price_atr21,-0.136791,-0.022116,-0.226004,-0.183761,-0.185732,-0.063086,-0.146753,-0.046462,-0.131873,-0.125760,-0.067583,-0.013190,-0.079308,-0.132426,-0.132713,-0.141898,-0.185900,-0.156902,-0.128201,-0.160999,-0.112502,-0.193872,-0.138543,-0.114598
X_feature_price_freq_loss_fl21,X_feature_price_atr126,-0.093168,0.018164,-0.202609,-0.152641,-0.143614,-0.049237,-0.118317,-0.017530,-0.119989,-0.099666,-0.051632,-0.004148,-0.064689,-0.125632,-0.112588,-0.109121,-0.147889,-0.124245,-0.102087,-0.115271,-0.077830,-0.157884,-0.103192,-0.096273
X_feature_price_freq_loss_fl21,X_feature_price_vol252,-0.091249,0.027953,-0.186885,-0.144603,-0.144026,-0.037075,-0.120876,-0.014654,-0.115887,-0.080147,-0.043613,-0.005756,-0.050482,-0.121722,-0.106353,-0.084605,-0.132631,-0.118217,-0.094436,-0.100822,-0.060906,-0.141017,-0.103015,-0.074560
X_feature_price_freq_loss_fl21,X_feature_market_cap_log_identity,-0.095399,-0.049525,-0.045088,-0.036669,-0.066569,0.012908,-0.031460,-0.034711,-0.062217,-0.089591,-0.069168,-0.020160,-0.024252,-0.072788,-0.045271,-0.010421,-0.082078,-0.046867,-0.032591,-0.078427,-0.082187,-0.081761,-0.112298,-0.065932
X_feature_price_freq_loss_fl21,X_feature_market_cap_log_std21,-0.089255,-0.020685,-0.173097,-0.136453,-0.168455,0.076019,-0.008144,0.031296,-0.028215,-0.051861,-0.147459,0.077653,0.035743,-0.088875,-0.043613,0.035951,-0.066382,-0.119576,-0.031822,-0.013868,-0.069260,-0.029543,0.005765,0.033136
X_feature_price_freq_loss_fl21,X_feature_market_cap_log_std126,-0.077241,0.019538,-0.138024,-0.120650,-0.102993,0.017580,-0.040275,0.026593,-0.043937,-0.046538,-0.075099,0.032146,-0.026019,-0.090731,-0.059966,-0.019737,-0.094371,-0.104335,-0.047671,-0.042379,-0.023762,-0.072296,-0.078704,0.009572
X_feature_price_freq_loss_fl21,X_feature_market_cap_log_std504,-0.028923,0.040708,-0.144591,-0.117574,-0.078836,0.001218,-0.047219,0.042764,-0.070740,-0.028500,-0.042376,0.040579,-0.035861,-0.055735,-0.072095,-0.067586,-0.082154,-0.056088,-0.079601,-0.047087,-0.014943,-0.090661,-0.036777,-0.040962
X_feature_price_freq_loss_fl21,X_feature_market_cap_log_std252,-0.048898,0.032519,-0.122150,-0.104679,-0.101288,-0.005912,-0.044086,0.036189,-0.051767,-0.028962,-0.066828,0.052719,-0.019612,-0.068796,-0.070765,-0.026006,-0.090763,-0.097057,-0.062115,-0.041388,-0.003340,-0.102431,-0.077743,-0.038103
X_feature_price_freq_loss_fl21,X_feature_market_cap_log_diff_126,-0.278066,-0.226804,-0.281934,-0.243527,-0.224613,-0.207191,-0.248598,-0.272644,-0.264080,-0.335800,-0.262575,-0.146618,-0.230262,-0.217282,-0.223995,-0.235538,-0.240504,-0.285226,-0.265342,-0.240915,-0.287432,-0.261911,-0.278643,-0.247178
X_feature_price_freq_loss_fl21,X_feature_market_cap_log_to_min126,0.298125,0.301444,0.303762,0.267244,0.280592,0.244414,0.302523,0.321522,0.323278,0.367646,0.359067,0.222312,0.280723,0.251995,0.271743,0.255718,0.272913,0.336702,0.293912,0.300982,0.371324,0.295047,0.238350,0.294232
X_feature_price_freq_loss_fl21,X_feature_market_cap_log_to_max504,-0.350265,-0.251640,-0.308222,-0.223475,-0.253033,-0.166483,-0.340615,-0.326133,-0.315519,-0.388862,-0.224483,-0.048114,-0.226188,-0.311694,-0.240754,-0.317779,-0.336980,-0.338792,-0.219732,-0.296665,-0.326241,-0.270255,-0.313640,-0.358576
X_feature_price_freq_loss_fl21,X_feature_market_cap_log_diff_504,-0.129025,-0.125333,0.017151,-0.008419,-0.182662,-0.091779,-0.104371,-0.155423,-0.078750,-0.191172,-0.146566,-0.051924,-0.126458,-0.074392,-0.106885,-0.081001,-0.070614,-0.207249,-0.104468,-0.161050,-0.127487,-0.146560,-0.245939,-0.108669
X_feature_price_freq_loss_fl21,X_feature_market_cap_log_to_min504,-0.148706,-0.171324,-0.022178,-0.078080,-0.191389,-0.130698,-0.066921,-0.171269,-0.084993,-0.204292,-0.243803,-0.165664,-0.047012,-0.082772,-0.141194,-0.090134,-0.056680,-0.216920,-0.166142,-0.128873,-0.161331,-0.167863,-0.242038,-0.073894
X_feature_price_freq_loss_fl21,X_feature_pv_pv_corr21,0.180667,0.221595,0.230054,0.193933,0.183688,0.189366,0.215290,0.172259,0.186123,0.190247,0.164486,0.147342,0.149735,0.124135,0.168770,0.172614,0.185097,0.154446,0.163213,0.192682,0.157546,0.152594,0.107450,0.170105
X_feature_price_freq_loss_fl21,X_feature_pv_pv_corr126,0.105922,0.080657,0.067614,0.048963,0.004965,0.043636,0.048393,0.054038,0.058368,0.089675,0.074944,0.010703,0.032994,0.049735,0.042055,0.045412,0.059512,0.069310,0.043330,0.048371,0.060910,0.060311,0.000693,0.023038
X_feature_price_freq_loss_fl21,X_feature_pv_pv_corr63,0.105950,0.118772,0.110242,0.071042,0.071751,0.080953,0.108211,0.077632,0.085135,0.114034,0.089486,0.049258,0.060903,0.073138,0.072412,0.076334,0.086976,0.093619,0.070330,0.096866,0.089493,0.062019,0.032635,0.055262
X_feature_price_freq_loss_fl21,X_feature_liquidity_turnover_level63,-0.089525,0.027372,-0.139286,-0.111133,-0.107171,-0.026316,-0.077845,-0.001109,-0.093451,-0.078532,-0.024654,-0.013931,-0.036454,-0.073566,-0.078586,-0.070770,-0.087083,-0.086884,-0.053792,-0.070639,-0.039552,-0.103058,-0.047854,-0.071829
X_feature_price_freq_loss_fl21,X_feature_volume_log_volume_ratio_max126,0.035639,0.020225,0.032489,0.009544,0.045554,0.010946,-0.008250,-0.015511,-0.011678,-0.005202,0.016516,-0.003622,-0.000013,-0.002532,0.005347,-0.003201,-0.008213,0.018535,-0.012334,0.025029,0.007462,0.011359,0.035060,-0.014395
X_feature_price_freq_loss_fl21,X_feature_volume_log_volume_ratio_max252,0.041812,0.024759,0.034937,0.011202,0.060466,0.025639,0.003280,-0.010380,-0.000784,-0.005085,0.011772,-0.002656,0.003977,0.001377,0.015894,0.013852,0.008222,0.026650,-0.018831,0.033639,0.018988,0.018498,0.053742,-0.025205
X_feature_price_freq_loss_fl21,X_feature_pv_illiquidity_mean21,-0.042919,-0.045482,0.001755,0.009750,-0.025023,0.041823,0.012525,-0.013585,-0.024482,-0.047736,-0.039576,0.016169,-0.003254,-0.045465,-0.021640,0.010091,-0.069884,-0.021872,-0.020274,-0.057582,-0.068520,-0.061448,-0.091182,-0.040283
X_feature_price_freq_loss_fl21,X_feature_volume_log_volume_std504,0.027487,0.034856,0.060087,0.038540,0.053258,0.063728,0.005327,0.011374,-0.023103,-0.039394,-0.034169,-0.001572,-0.005012,-0.052798,0.009924,0.000788,-0.052131,0.019737,-0.018136,0.011946,-0.033880,-0.020618,0.019286,-0.045100
X_feature_price_freq_loss_fl21,X_feature_volume_log_volume_std126,0.028845,0.027065,0.068904,0.052826,0.032777,0.048149,-0.017544,-0.014747,-0.027098,-0.047126,-0.026988,0.000989,-0.008709,-0.045001,-0.004070,-0.006824,-0.059023,-0.001990,-0.022084,-0.021092,-0.044953,-0.010333,0.012492,-0.037808
X_feature_price_freq_loss_fl21,X_feature_volume_log_volume_std63,0.020567,0.017749,0.067743,0.040213,0.022562,0.042292,-0.028785,-0.022690,-0.018958,-0.042282,-0.036950,0.002572,-0.010723,-0.046274,-0.013193,-0.014427,-0.061763,-0.009151,-0.024504,-0.033308,-0.046845,-0.019704,-0.000057,-0.033139
X_feature_price_freq_loss_fl21,X_feature_market_corr504,-0.003771,0.010887,0.130666,0.103738,0.147022,0.038530,0.045466,0.071530,-0.026721,-0.008322,-0.014825,-0.009327,-0.012709,-0.029459,-0.024355,-0.062343,-0.041900,-0.021567,-0.046110,-0.047813,0.009401,-0.046309,-0.007780,-0.099920
X_feature_price_freq_loss_fl21,X_feature_market_corr252,0.003949,0.004576,0.127907,0.110925,0.131561,0.035709,0.044664,0.052552,-0.029509,-0.014970,-0.024473,0.000830,-0.012202,-0.028372,-0.032313,-0.053648,-0.038463,-0.032164,-0.060063,-0.039464,0.000861,-0.038548,0.001082,-0.099498
X_feature_price_freq_loss_fl21,X_feature_short_interest_to_volume_log_ratio_std252,0.000421,0.019705,0.011067,0.012828,0.025736,0.043169,0.011034,-0.000645,-0.017773,-0.029294,-0.026446,-0.006674,0.004609,-0.050593,-0.015968,0.003271,-0.064220,-0.029265,-0.029381,0.003783,-0.033951,-0.015917,-0.029164,-0.044906
X_feature_price_freq_loss_fl21,X_feature_short_interest_to_volume_log_ratio_std63,-0.000109,0.008189,0.026635,0.015094,0.009930,0.022732,-0.031994,-0.025319,-0.034239,-0.052683,-0.030156,-0.002944,-0.024176,-0.046225,-0.032875,-0.025121,-0.079221,-0.025039,-0.036068,-0.027842,-0.044883,-0.041491,-0.030317,-0.042763
X_feature_price_freq_loss_fl21,X_feature_short_interest_to_volume_log_ratio,0.009567,-0.026633,0.046721,0.020849,0.046681,0.003217,0.012927,-0.001529,0.018006,-0.027432,-0.001530,-0.021004,0.008904,0.014893,0.029228,0.038351,0.036056,0.020425,0.004929,0.026512,0.040975,0.003539,0.041862,-0.003027
X_feature_price_freq_loss_fl21,X_feature_short_interest_to_volume_log_ratio_mean252,0.005215,-0.035218,0.052485,0.051951,0.070659,0.003766,-0.003262,-0.009153,0.005548,-0.046214,-0.020738,-0.024525,0.014506,0.009479,0.033381,0.012832,-0.003973,0.005842,-0.011019,0.003166,0.017138,-0.023574,0.037309,-0.030324
X_feature_price_freq_loss_fl21,X_feature_short_interest_to_volume_log_ratio_mean63,-0.005872,-0.048838,0.047244,0.032898,0.040681,-0.000887,0.002038,-0.013955,0.007235,-0.040199,-0.028118,-0.012744,0.010122,0.012790,0.025268,0.028286,0.018961,-0.003346,-0.009650,0.008091,0.023613,-0.015227,0.039540,-0.022407
X_feature_price_freq_loss_fl21,X_feature_short_interest_log_diff21,-0.016650,-0.012275,-0.023690,-0.031629,-0.026463,-0.003837,0.001395,-0.015874,-0.019991,-0.032783,-0.009999,-0.009323,-0.003746,-0.020661,-0.022454,-0.030249,-0.013531,-0.019951,-0.020193,-0.029036,-0.008348,-0.026866,-0.018228,0.001688
X_feature_price_freq_loss_fl21,X_feature_short_interest_log_diff252,-0.030826,-0.010268,-0.025244,-0.055297,-0.037428,-0.000834,0.008574,0.005645,0.008194,-0.060681,-0.050619,-0.013339,0.001550,-0.011801,-0.033260,0.006850,0.013519,-0.055893,-0.020357,-0.021234,-0.005966,-0.015885,-0.030055,0.011946
X_feature_price_freq_loss_fl21,X_feature_short_interest_log_diff63,-0.020844,-0.008664,-0.024557,-0.029963,-0.023857,-0.017167,0.011760,-0.009593,-0.010099,-0.041478,-0.021574,-0.000782,-0.004230,-0.013870,-0.018282,-0.013117,-0.019445,-0.022968,-0.011375,-0.021904,-0.019004,-0.032607,-0.031623,0.001419
X_feature_price_freq_loss_fl21,X_feature_short_interest_log_diff126,-0.025025,-0.015180,-0.041347,-0.040118,-0.031221,-0.014131,0.020105,-0.010966,-0.007505,-0.046006,-0.033239,0.001131,-0.010747,-0.015705,-0.032057,-0.006961,-0.010468,-0.027065,-0.008270,-0.013651,-0.022527,-0.020133,-0.037681,0.006537
X_feature_price_price_to_min63,X_feature_price_macd_10_21,-0.542299,-0.705416,-0.645034,-0.447432,-0.493861,-0.561658,-0.611854,-0.673915,-0.645525,-0.683364,-0.514773,-0.508951,-0.591291,-0.576863,-0.569927,-0.658320,-0.629744,-0.657411,-0.566174,-0.657620,-0.668436,-0.573527,-0.527742,-0.674060
X_feature_price_price_to_min63,X_feature_price_sharpe_ratio_compound_r63_volatility63_rolling,-0.592682,-0.746255,-0.653715,-0.258551,-0.544321,-0.677344,-0.667767,-0.739213,-0.697425,-0.738282,-0.563503,-0.622227,-0.681665,-0.652466,-0.653996,-0.756574,-0.695830,-0.687570,-0.615378,-0.737517,-0.729687,-0.605954,-0.627320,-0.765939
X_feature_price_price_to_min63,X_feature_price_price_to_ma63,0.755937,0.817997,0.764755,0.591862,0.651004,0.819918,0.823827,0.846007,0.834732,0.826115,0.591005,0.759845,0.829872,0.770952,0.809059,0.887107,0.825819,0.795844,0.775361,0.858679,0.825502,0.798371,0.730639,0.851467
X_feature_price_price_to_min63,X_feature_price_bb_pct126,-0.616395,-0.748631,-0.666410,-0.392472,-0.537146,-0.629909,-0.647270,-0.734214,-0.678872,-0.746406,-0.617506,-0.591785,-0.667630,-0.647475,-0.621808,-0.719261,-0.690931,-0.686637,-0.603981,-0.716513,-0.744492,-0.585329,-0.591018,-0.724879
X_feature_price_price_to_min63,X_feature_price_price_to_min252,-0.647536,-0.685042,-0.666997,-0.575984,-0.617294,-0.631176,-0.528783,-0.613443,-0.592021,-0.630610,-0.781825,-0.727904,-0.553117,-0.602186,-0.564753,-0.577441,-0.531793,-0.597686,-0.634819,-0.518061,-0.589190,-0.546361,-0.699081,-0.506038
X_feature_price_price_to_min63,X_feature_price_ret90_shift0,-0.471513,-0.604038,-0.518518,-0.192336,-0.355057,-0.594431,-0.560147,-0.627767,-0.575389,-0.648459,-0.298916,-0.480364,-0.590453,-0.526617,-0.543120,-0.683301,-0.601659,-0.534957,-0.476423,-0.631429,-0.610414,-0.465406,-0.464964,-0.666325
X_feature_price_price_to_min63,X_feature_price_price_to_ma252,-0.473901,-0.580228,-0.556877,-0.054734,-0.228203,-0.505631,-0.554800,-0.594492,-0.548725,-0.619576,-0.231180,-0.259862,-0.590174,-0.497329,-0.426779,-0.639836,-0.583125,-0.448466,-0.346503,-0.555224,-0.559124,-0.373405,-0.350838,-0.650176
X_feature_price_price_to_min63,X_feature_price_sharpe_ratio_compound_r126_volatility126_rolling,-0.376969,-0.507425,-0.468180,-0.010601,-0.193126,-0.419379,-0.397298,-0.509279,-0.425732,-0.534322,-0.334836,-0.354095,-0.409367,-0.431614,-0.316687,-0.505116,-0.457234,-0.404444,-0.324221,-0.460240,-0.499181,-0.298889,-0.334272,-0.513413
X_feature_price_price_to_min63,X_feature_price_macd_21_126,-0.194284,-0.363829,-0.356498,0.072179,-0.101063,-0.128115,-0.192121,-0.273216,-0.240905,-0.305834,-0.165283,-0.113159,-0.206253,-0.181872,-0.116826,-0.151010,-0.209441,-0.208045,-0.112134,-0.230415,-0.287680,-0.133461,-0.157797,-0.197749
X_feature_price_price_to_min63,X_feature_price_final_to_high90_exclude10,-0.194810,-0.270020,-0.269160,0.056638,-0.103604,-0.161232,-0.268604,-0.341823,-0.298189,-0.372764,-0.076883,-0.058723,-0.253823,-0.251555,-0.234980,-0.390719,-0.345941,-0.316505,-0.210126,-0.380540,-0.378330,-0.239085,-0.183536,-0.367582
X_feature_price_price_to_min63,X_feature_price_price_to_max252,-0.320229,-0.348445,-0.362135,0.097529,-0.060673,-0.173513,-0.366253,-0.426497,-0.360142,-0.468773,-0.113802,0.071817,-0.356147,-0.343060,-0.203458,-0.464890,-0.429356,-0.353645,-0.169293,-0.449546,-0.463909,-0.246366,-0.179148,-0.457313
X_feature_price_price_to_min63,X_feature_price_final_to_high252_exclude21,-0.055692,-0.066249,-0.131471,0.278358,0.127103,0.065036,-0.094602,-0.167046,-0.103063,-0.197021,0.113977,0.285955,-0.087552,-0.100882,0.035689,-0.209417,-0.161581,-0.124140,0.090004,-0.202020,-0.173551,0.005221,0.041586,-0.173403
X_feature_price_price_to_min63,X_feature_price_lag1,0.193228,0.183698,0.222193,0.154277,0.181011,0.148824,0.148411,0.156317,0.145783,0.182133,0.191207,0.152532,0.158549,0.174987,0.168533,0.158297,0.177950,0.153421,0.154464,0.149645,0.220202,0.184932,0.155717,0.132514
X_feature_price_price_to_min63,X_feature_price_ret21_shift0,0.638450,0.672635,0.650310,0.555668,0.568282,0.629367,0.674955,0.667443,0.659114,0.685688,0.593843,0.566119,0.651000,0.619806,0.647729,0.661186,0.654304,0.663448,0.647634,0.655743,0.678216,0.665611,0.593941,0.633901
X_feature_price_price_to_min63,X_feature_price_ret10_shift0,0.521868,0.523949,0.533973,0.461924,0.479924,0.469756,0.517404,0.505911,0.497472,0.551543,0.536287,0.418682,0.499734,0.500038,0.501960,0.470680,0.494704,0.533852,0.499479,0.497973,0.544172,0.510221,0.467074,0.471341
X_feature_price_price_to_min63,X_feature_price_ret5_shift0,0.409616,0.406269,0.415693,0.364962,0.395551,0.347975,0.381261,0.381385,0.371325,0.424352,0.456054,0.305382,0.375294,0.392264,0.371718,0.334775,0.364845,0.409566,0.378467,0.369308,0.427736,0.378042,0.360438,0.348553
X_feature_price_price_to_min63,X_feature_price_downside_vol10,0.000368,0.110770,0.006718,0.157396,0.019465,0.106396,-0.050220,-0.028675,-0.026257,-0.085940,0.037799,0.232014,0.022999,-0.046340,-0.022616,-0.073637,-0.117925,-0.159725,-0.075203,-0.193199,-0.184647,-0.144931,0.012801,-0.062476
X_feature_price_price_to_min63,X_feature_price_downside_vol21,0.053243,0.169311,0.042917,0.212734,0.061498,0.152992,-0.038803,-0.009177,-0.012636,-0.066029,0.093943,0.291688,0.048014,-0.014636,0.007748,-0.088123,-0.116717,-0.148446,-0.059886,-0.193321,-0.174245,-0.127688,0.055220,-0.043920
X_feature_price_price_to_min63,X_feature_price_vol10,0.264036,0.392073,0.231865,0.359422,0.206421,0.339440,0.196781,0.246598,0.217816,0.193173,0.294143,0.431324,0.278346,0.190370,0.227277,0.172464,0.124310,0.090052,0.174281,0.036816,0.067685,0.095394,0.247875,0.174312
X_feature_price_price_to_min63,X_feature_price_upside_vol10,0.425203,0.522352,0.375670,0.482962,0.366040,0.461369,0.376445,0.419488,0.379607,0.377541,0.466820,0.509524,0.429446,0.365788,0.390557,0.349450,0.327279,0.316715,0.377368,0.256960,0.315889,0.312889,0.398809,0.350211
X_feature_price_price_to_min63,X_feature_price_upside_vol21,0.475597,0.577845,0.402415,0.521383,0.388686,0.524622,0.425440,0.493824,0.442568,0.427643,0.495637,0.582494,0.488863,0.420683,0.446386,0.416625,0.396542,0.373291,0.446439,0.318721,0.370124,0.392017,0.465883,0.408786
X_feature_price_price_to_min63,X_feature_price_upside_vol63,0.499198,0.610443,0.408576,0.530403,0.409607,0.567163,0.462465,0.544810,0.496131,0.478582,0.484824,0.613377,0.529395,0.463455,0.489900,0.481564,0.459013,0.434493,0.533608,0.424805,0.448196,0.464746,0.516647,0.466313
X_feature_price_price_to_min63,X_feature_price_atr5,0.222366,0.343422,0.195677,0.335517,0.177358,0.334633,0.178458,0.240293,0.216757,0.185177,0.260360,0.449041,0.296901,0.204354,0.243875,0.197690,0.144005,0.097969,0.205954,0.069121,0.070157,0.112286,0.270589,0.207520
X_feature_price_price_to_min63,X_feature_price_downside_vol126,0.239661,0.374114,0.181760,0.376126,0.242023,0.347401,0.177047,0.185563,0.152655,0.108156,0.248922,0.458784,0.273228,0.142932,0.253428,0.118010,0.098088,0.066834,0.254974,0.040183,0.041231,0.162288,0.306428,0.180945
X_feature_price_price_to_min63,X_feature_price_downside_vol63,0.178500,0.285145,0.132921,0.316624,0.171903,0.255283,0.069987,0.072184,0.059301,0.003646,0.200161,0.382916,0.162599,0.063549,0.133144,-0.015045,-0.013126,-0.054299,0.101794,-0.104070,-0.074037,0.035306,0.185592,0.059293
X_feature_price_price_to_min63,X_feature_price_atr21,0.287753,0.408986,0.233422,0.382299,0.223942,0.377173,0.214206,0.290537,0.256409,0.228156,0.314506,0.494308,0.340174,0.249018,0.287959,0.228341,0.182917,0.138817,0.254391,0.104640,0.118958,0.163484,0.320005,0.249011
X_feature_price_price_to_min63,X_feature_price_atr126,0.333394,0.459606,0.256602,0.427546,0.284588,0.422015,0.269803,0.334361,0.277724,0.261769,0.318179,0.508281,0.370021,0.266611,0.338636,0.283180,0.232152,0.208410,0.338357,0.176989,0.184086,0.259166,0.386436,0.307610
X_feature_price_price_to_min63,X_feature_price_vol252,0.344565,0.462265,0.272380,0.431341,0.282366,0.426624,0.264580,0.332492,0.274621,0.277554,0.332840,0.478540,0.366966,0.253424,0.337314,0.288745,0.249044,0.220126,0.343565,0.187128,0.212262,0.273471,0.394547,0.312231
X_feature_price_price_to_min63,X_feature_market_cap_log_identity,-0.116151,-0.123654,-0.164245,0.103244,0.023513,0.045025,0.025592,-0.006008,-0.049873,-0.041931,0.049904,0.155062,0.046624,-0.005393,0.031802,0.010433,-0.052750,-0.022245,0.116856,-0.012719,-0.060375,-0.005309,0.049210,0.012979
X_feature_price_price_to_min63,X_feature_market_cap_log_std21,0.249865,0.340324,0.208252,0.344045,0.184296,0.385814,0.235134,0.279681,0.242702,0.205013,0.193093,0.447146,0.313432,0.196471,0.255672,0.230237,0.175514,0.095596,0.237166,0.136945,0.093540,0.207394,0.326340,0.256622
X_feature_price_price_to_min63,X_feature_market_cap_log_std126,0.321477,0.441330,0.291600,0.429695,0.305283,0.511042,0.351690,0.407093,0.347085,0.319508,0.254936,0.559507,0.404706,0.262744,0.390202,0.429602,0.312550,0.244565,0.381945,0.306525,0.257814,0.341772,0.432504,0.441333
X_feature_price_price_to_min63,X_feature_market_cap_log_std504,0.239430,0.362537,0.225272,0.343674,0.237433,0.402817,0.259305,0.287525,0.230719,0.237352,0.228178,0.486608,0.328232,0.225029,0.265275,0.220962,0.186851,0.188220,0.263994,0.175830,0.154518,0.200207,0.312960,0.307909
X_feature_price_price_to_min63,X_feature_market_cap_log_std252,0.282373,0.395898,0.251466,0.384310,0.279845,0.420609,0.277928,0.332600,0.281059,0.267132,0.242918,0.511646,0.326196,0.239230,0.319326,0.320700,0.238788,0.188443,0.309481,0.198799,0.224539,0.204693,0.361236,0.318013
X_feature_price_price_to_min63,X_feature_market_cap_log_diff_126,-0.371013,-0.479405,-0.462764,-0.060880,-0.211650,-0.482690,-0.441772,-0.524090,-0.430915,-0.547138,-0.198386,-0.338650,-0.481382,-0.415872,-0.362221,-0.561076,-0.486024,-0.382620,-0.345465,-0.468160,-0.493221,-0.305185,-0.320086,-0.553298
X_feature_price_price_to_min63,X_feature_market_cap_log_to_min126,0.774445,0.770599,0.780620,0.808023,0.782044,0.754278,0.739692,0.769463,0.774143,0.791191,0.867717,0.792526,0.769012,0.775079,0.746323,0.739806,0.754549,0.798499,0.782543,0.737435,0.790104,0.773760,0.795196,0.750450
X_feature_price_price_to_min63,X_feature_market_cap_log_to_max504,-0.271798,-0.264406,-0.322888,0.165395,-0.007526,0.014139,-0.312745,-0.377534,-0.306781,-0.390672,-0.067317,0.234149,-0.214431,-0.327876,-0.103081,-0.321476,-0.382020,-0.293567,-0.000278,-0.307705,-0.381729,-0.122002,-0.114390,-0.375698
X_feature_price_price_to_min63,X_feature_market_cap_log_diff_504,-0.257228,-0.296714,-0.293507,-0.070625,-0.002765,-0.009983,-0.288532,-0.341409,-0.280368,-0.366348,-0.059758,0.173703,-0.220181,-0.288893,-0.142822,-0.164512,-0.270247,-0.257446,0.059159,-0.195030,-0.209727,-0.131436,-0.093381,-0.195217
X_feature_price_price_to_min63,X_feature_market_cap_log_to_min504,-0.388284,-0.497053,-0.432198,-0.314108,-0.370082,-0.495901,-0.376724,-0.420971,-0.381549,-0.472197,-0.565870,-0.689722,-0.425742,-0.372711,-0.390745,-0.372417,-0.353223,-0.404338,-0.416466,-0.348407,-0.339453,-0.365571,-0.574544,-0.421754
X_feature_price_price_to_min63,X_feature_pv_pv_corr21,0.352623,0.419143,0.397410,0.403134,0.335233,0.368901,0.407356,0.390319,0.397888,0.375838,0.344951,0.325122,0.364343,0.330165,0.360573,0.371917,0.378660,0.374511,0.376893,0.369743,0.319270,0.329734,0.290033,0.330299
X_feature_price_price_to_min63,X_feature_pv_pv_corr126,0.248722,0.301901,0.246520,0.218348,0.154968,0.270165,0.241896,0.290394,0.243950,0.307670,0.171169,0.261760,0.304814,0.274788,0.264276,0.325997,0.292051,0.292457,0.288843,0.267335,0.241288,0.226706,0.244930,0.327707
X_feature_price_price_to_min63,X_feature_pv_pv_corr63,0.333762,0.429765,0.360897,0.360451,0.299394,0.414129,0.414635,0.436187,0.417754,0.435578,0.287397,0.379688,0.424434,0.397821,0.414955,0.466620,0.433804,0.431056,0.415908,0.460955,0.373385,0.363488,0.352793,0.422455
X_feature_price_price_to_min63,X_feature_liquidity_turnover_level63,0.225835,0.406541,0.260123,0.333727,0.201401,0.315125,0.226754,0.295496,0.224580,0.199833,0.235292,0.288409,0.249424,0.175225,0.217370,0.187076,0.176895,0.134316,0.260744,0.129158,0.145130,0.152807,0.274327,0.203837
X_feature_price_price_to_min63,X_feature_volume_log_volume_ratio_max126,0.010306,0.019312,0.014164,0.035427,0.060219,0.060679,0.102641,0.079918,0.058485,0.079905,0.072304,0.057907,0.068940,0.049371,0.056825,0.094696,0.111466,0.109867,0.084810,0.120662,0.124408,0.097546,0.110166,0.078457
X_feature_price_price_to_min63,X_feature_volume_log_volume_ratio_max252,0.010411,0.004273,0.012939,0.041940,0.056436,0.050452,0.089413,0.072389,0.048127,0.068966,0.043376,0.032690,0.065597,0.041338,0.065690,0.110346,0.107767,0.101750,0.062812,0.107487,0.119838,0.100502,0.102220,0.072234
X_feature_price_price_to_min63,X_feature_pv_illiquidity_mean21,-0.119465,-0.170640,-0.154668,0.086588,0.032908,0.025986,0.024856,-0.035488,-0.041502,-0.026122,0.073633,0.195396,0.054533,0.014380,0.046738,0.022275,-0.041014,-0.004533,0.101571,0.001332,-0.050850,0.023885,0.046356,0.024889
X_feature_price_price_to_min63,X_feature_volume_log_volume_std504,-0.058214,-0.049904,0.023974,0.009655,0.005750,0.040184,0.116103,0.088122,0.038550,0.060919,0.035042,0.090657,0.088747,0.071007,0.101985,0.086945,0.083259,0.055489,0.045797,0.069009,0.047711,0.069592,0.091815,0.025659
X_feature_price_price_to_min63,X_feature_volume_log_volume_std126,-0.068958,-0.075353,-0.005919,0.030463,0.020455,0.078669,0.112003,0.083031,0.032818,0.056487,0.045300,0.125039,0.080533,0.057292,0.068624,0.078235,0.081140,0.042353,0.033216,0.057619,0.027121,0.056347,0.093720,0.042355
X_feature_price_price_to_min63,X_feature_volume_log_volume_std63,-0.073776,-0.080519,-0.012649,0.039359,0.008545,0.061436,0.094131,0.078970,0.038617,0.070954,0.038167,0.105614,0.070684,0.047730,0.056021,0.058602,0.083238,0.031466,0.037407,0.038790,0.010340,0.044546,0.087980,0.041612
X_feature_price_price_to_min63,X_feature_market_corr504,-0.020275,-0.086940,-0.047616,-0.250351,-0.043713,0.022305,0.140419,0.131591,0.061797,0.093619,0.005629,0.015570,-0.006179,0.010478,0.057318,0.053963,0.121671,0.084441,0.098082,-0.004254,0.104823,-0.103330,0.059098,0.042083
X_feature_price_price_to_min63,X_feature_market_corr252,-0.034499,-0.125978,-0.054573,-0.270869,-0.006438,0.071498,0.123966,0.158656,0.049834,0.102161,0.022146,0.031173,-0.061271,0.057657,0.040500,0.043403,0.118212,0.073211,0.084135,-0.057047,0.091706,-0.102991,0.117318,-0.003058
X_feature_price_price_to_min63,X_feature_short_interest_to_volume_log_ratio_std252,-0.018681,0.003348,0.056152,0.086774,0.030980,0.071115,0.125144,0.074241,0.033214,0.039124,0.067698,0.135849,0.062347,0.054910,0.076218,0.099446,0.075337,0.052927,0.073126,0.083918,0.051029,0.086542,0.155675,0.070006
X_feature_price_price_to_min63,X_feature_short_interest_to_volume_log_ratio_std63,-0.016674,0.007202,0.066774,0.070212,0.052046,0.086298,0.103224,0.093774,0.037820,0.055009,0.077786,0.110827,0.055521,0.038491,0.051743,0.079066,0.082773,0.061902,0.059273,0.084097,0.036659,0.075457,0.128508,0.060323
X_feature_price_price_to_min63,X_feature_short_interest_to_volume_log_ratio,-0.038947,-0.098460,-0.080379,-0.069018,0.045444,0.009706,0.001388,-0.040112,-0.039727,-0.056482,0.047648,0.014034,0.023835,0.006088,0.025218,0.043178,0.049730,0.030694,0.050624,0.047565,0.097830,0.030955,0.036524,0.016468
X_feature_price_price_to_min63,X_feature_short_interest_to_volume_log_ratio_mean252,-0.048849,-0.129127,-0.117569,-0.152899,-0.000668,-0.023758,-0.045603,-0.073795,-0.082096,-0.084600,0.028924,0.021688,0.015721,-0.002228,-0.006548,-0.008865,-0.001626,-0.038548,0.012834,0.018893,0.065134,-0.022196,-0.002823,-0.020259
X_feature_price_price_to_min63,X_feature_short_interest_to_volume_log_ratio_mean63,-0.079753,-0.161808,-0.138077,-0.133905,-0.009778,-0.041795,-0.057175,-0.096647,-0.092533,-0.094743,0.007443,-0.004549,-0.010373,-0.026369,-0.017726,0.006308,0.007427,-0.031661,0.013414,0.005740,0.060565,-0.013789,-0.003001,-0.022828
X_feature_price_price_to_min63,X_feature_short_interest_log_diff21,0.043943,0.066905,0.072745,0.061693,0.057533,0.079408,0.064602,0.026531,0.037705,0.020125,0.039033,0.031119,0.037875,0.043190,0.035383,0.002326,0.003542,0.007981,-0.003838,-0.022464,-0.018439,0.003923,0.002999,-0.010351
X_feature_price_price_to_min63,X_feature_short_interest_log_diff252,-0.003490,0.010139,0.035745,0.095840,0.056704,0.041216,0.049941,-0.001287,0.005267,-0.031451,0.061978,0.047748,-0.000293,-0.015249,0.044949,0.027824,0.019382,0.027610,0.065520,-0.020569,-0.004650,0.027874,0.104771,0.017043
X_feature_price_price_to_min63,X_feature_short_interest_log_diff63,0.009447,0.045147,0.053967,0.055815,0.034583,0.044576,0.060921,-0.001308,0.021976,0.001950,0.051589,0.027031,0.027306,0.025747,0.076103,-0.000904,0.014849,0.031395,0.028936,-0.016898,-0.020435,0.020558,0.046006,-0.001614
X_feature_price_price_to_min63,X_feature_short_interest_log_diff126,-0.016504,0.011670,0.041195,0.073155,0.030178,0.026797,0.063502,-0.008594,0.016223,-0.013967,0.062785,0.022379,0.004588,0.016796,0.046442,0.014489,0.028564,0.037799,0.035489,0.001175,-0.023719,0.027856,0.079537,-0.017400
X_feature_price_macd_10_21,X_feature_price_sharpe_ratio_compound_r63_volatility63_rolling,0.758522,0.812781,0.822106,0.640196,0.777228,0.712785,0.785405,0.803373,0.775929,0.819801,0.740170,0.715078,0.758610,0.760987,0.767580,0.769082,0.806223,0.816828,0.784785,0.777772,0.803626,0.783695,0.742586,0.768869
X_feature_price_macd_10_21,X_feature_price_price_to_ma63,-0.739315,-0.813819,-0.832448,-0.781413,-0.775205,-0.702793,-0.770577,-0.795858,-0.775151,-0.813969,-0.713697,-0.702920,-0.720075,-0.745758,-0.740751,-0.751659,-0.795645,-0.821877,-0.764090,-0.789269,-0.795776,-0.767117,-0.708262,-0.787833
X_feature_price_macd_10_21,X_feature_price_bb_pct126,0.760819,0.812784,0.822003,0.777980,0.770161,0.715195,0.775912,0.801678,0.777212,0.812325,0.715033,0.719576,0.739800,0.761373,0.771611,0.754292,0.801309,0.809527,0.774646,0.786042,0.787616,0.772329,0.724415,0.774340
X_feature_price_macd_10_21,X_feature_price_price_to_min252,0.509869,0.539964,0.472869,0.441422,0.439617,0.352746,0.371588,0.482152,0.437055,0.540426,0.513366,0.331228,0.369229,0.411599,0.447388,0.400875,0.397378,0.539913,0.495265,0.435127,0.507531,0.474056,0.410955,0.320040
X_feature_price_macd_10_21,X_feature_price_ret90_shift0,0.662261,0.670918,0.665528,0.618141,0.623809,0.532059,0.640049,0.655579,0.626743,0.694355,0.594198,0.485598,0.617399,0.612790,0.619250,0.611699,0.662740,0.694944,0.628661,0.648814,0.669397,0.651418,0.610498,0.619230
X_feature_price_macd_10_21,X_feature_price_price_to_ma252,0.634577,0.618386,0.620583,0.556550,0.588942,0.494688,0.591263,0.610191,0.582593,0.669495,0.532953,0.421780,0.571752,0.576632,0.604481,0.572959,0.596937,0.624979,0.588818,0.594952,0.612332,0.596011,0.563024,0.562087
X_feature_price_macd_10_21,X_feature_price_sharpe_ratio_compound_r126_volatility126_rolling,0.580677,0.568758,0.590587,0.420785,0.482393,0.478476,0.565651,0.573953,0.548212,0.637468,0.521148,0.433720,0.529989,0.561783,0.544103,0.555464,0.574164,0.585659,0.559721,0.564865,0.587194,0.558561,0.536951,0.532741
X_feature_price_macd_10_21,X_feature_price_macd_21_126,0.492927,0.498443,0.493544,0.430965,0.495441,0.384759,0.457815,0.479231,0.450467,0.517378,0.412999,0.281654,0.453248,0.443895,0.464970,0.380440,0.451108,0.473173,0.453829,0.470299,0.492341,0.468737,0.465620,0.369202
X_feature_price_macd_10_21,X_feature_price_final_to_high90_exclude10,0.640125,0.625784,0.690543,0.621479,0.639273,0.579994,0.668266,0.673231,0.649204,0.692456,0.553468,0.552637,0.615714,0.640764,0.667973,0.668877,0.701051,0.692619,0.651217,0.690267,0.685712,0.666420,0.613893,0.657720
X_feature_price_macd_10_21,X_feature_price_price_to_max252,0.618647,0.557250,0.632622,0.509680,0.527764,0.472430,0.642930,0.626818,0.596328,0.661942,0.465924,0.341887,0.587829,0.609009,0.571011,0.629977,0.648809,0.632045,0.529645,0.655081,0.631356,0.589269,0.513198,0.633037
X_feature_price_macd_10_21,X_feature_price_final_to_high252_exclude21,0.464717,0.341452,0.446823,0.355463,0.386689,0.301944,0.476769,0.448808,0.408116,0.481980,0.300596,0.175582,0.424575,0.453032,0.402313,0.464063,0.460429,0.465695,0.344407,0.469053,0.438392,0.416261,0.363095,0.420988
X_feature_price_macd_10_21,X_feature_price_lag1,-0.041809,-0.070825,-0.074294,-0.029737,-0.053085,-0.030626,-0.045119,-0.039127,-0.046423,-0.056798,-0.008890,-0.014535,-0.025332,-0.065412,0.016830,-0.053949,-0.048348,-0.054004,-0.053324,-0.045755,-0.068175,-0.048803,-0.046128,-0.038894
X_feature_price_macd_10_21,X_feature_price_ret21_shift0,-0.502656,-0.577519,-0.590679,-0.509932,-0.519295,-0.479391,-0.524703,-0.554657,-0.540520,-0.585595,-0.517960,-0.452694,-0.478643,-0.521106,-0.516257,-0.530951,-0.547048,-0.588303,-0.519869,-0.558297,-0.568781,-0.511260,-0.486940,-0.554767
X_feature_price_macd_10_21,X_feature_price_ret10_shift0,-0.240798,-0.296531,-0.304885,-0.245869,-0.261139,-0.211077,-0.254138,-0.283335,-0.269134,-0.322076,-0.254877,-0.199514,-0.220683,-0.269207,-0.242763,-0.258125,-0.267744,-0.316764,-0.234741,-0.272462,-0.292964,-0.245868,-0.240235,-0.275111
X_feature_price_macd_10_21,X_feature_price_ret5_shift0,-0.114119,-0.156027,-0.158343,-0.117113,-0.132283,-0.095719,-0.120443,-0.142339,-0.133332,-0.179484,-0.130874,-0.082849,-0.107798,-0.146991,-0.110478,-0.123796,-0.134387,-0.167525,-0.108028,-0.131037,-0.151545,-0.118477,-0.125005,-0.137505
X_feature_price_macd_10_21,X_feature_price_downside_vol10,0.218472,0.053223,0.239052,0.310175,0.328594,0.162914,0.254888,0.174798,0.224864,0.220820,0.197114,0.152352,0.176684,0.273246,0.281769,0.228120,0.276739,0.322524,0.284149,0.338277,0.246950,0.326568,0.247699,0.218928
X_feature_price_macd_10_21,X_feature_price_downside_vol21,0.290657,0.096815,0.297308,0.378502,0.401666,0.242107,0.359964,0.267075,0.313361,0.298661,0.252260,0.205956,0.261395,0.350845,0.376918,0.347039,0.390805,0.420400,0.402659,0.456912,0.348477,0.434472,0.313877,0.298952
X_feature_price_macd_10_21,X_feature_price_vol10,0.133916,-0.088371,0.148656,0.258863,0.288151,0.100993,0.183958,0.059995,0.141298,0.100904,0.113255,0.095045,0.103715,0.191644,0.218174,0.150112,0.199958,0.226844,0.212924,0.278086,0.157571,0.279431,0.168699,0.132654
X_feature_price_macd_10_21,X_feature_price_upside_vol10,0.021718,-0.175762,0.046317,0.152340,0.173410,0.003752,0.047685,-0.070725,0.017042,-0.036731,0.007784,0.008873,-0.012244,0.057207,0.085509,0.005715,0.050509,0.061703,0.063383,0.112682,0.001619,0.122996,0.048145,0.003504
X_feature_price_macd_10_21,X_feature_price_upside_vol21,-0.008825,-0.238236,0.022370,0.145411,0.176030,-0.045716,0.014535,-0.138576,-0.040796,-0.089947,-0.033437,-0.048530,-0.065391,0.015721,0.045542,-0.051787,0.004216,0.006825,-0.004557,0.047271,-0.057985,0.067891,-0.001475,-0.056366
X_feature_price_macd_10_21,X_feature_price_upside_vol63,-0.016033,-0.267153,0.017268,0.145037,0.151630,-0.033756,0.019685,-0.162681,-0.054906,-0.113182,-0.068596,-0.032439,-0.073788,0.000507,0.039916,-0.050784,-0.016635,-0.029647,-0.059599,0.017653,-0.112912,0.025993,0.001233,-0.057060
X_feature_price_macd_10_21,X_feature_price_atr5,0.154777,-0.052949,0.174259,0.279845,0.302024,0.117124,0.221196,0.077089,0.150663,0.114570,0.121163,0.094214,0.102665,0.181355,0.219788,0.144669,0.205620,0.231644,0.198640,0.270633,0.173184,0.287382,0.164564,0.123291
X_feature_price_macd_10_21,X_feature_price_downside_vol126,0.217984,-0.049980,0.224632,0.281626,0.295479,0.142614,0.279269,0.177382,0.243209,0.222579,0.158787,0.089825,0.161622,0.276505,0.254428,0.252859,0.298577,0.311503,0.206529,0.328345,0.253893,0.306973,0.162962,0.169495
X_feature_price_macd_10_21,X_feature_price_downside_vol63,0.278634,0.056700,0.285755,0.361602,0.384219,0.239534,0.382990,0.286994,0.331396,0.323673,0.224695,0.191482,0.270447,0.347381,0.358140,0.378989,0.414252,0.428199,0.366895,0.453364,0.364777,0.425523,0.276266,0.279622
X_feature_price_macd_10_21,X_feature_price_atr21,0.162052,-0.068926,0.180924,0.291974,0.322832,0.125869,0.244766,0.086199,0.159808,0.118051,0.118294,0.087209,0.105967,0.189047,0.230638,0.169131,0.233257,0.250446,0.210693,0.292057,0.195247,0.308526,0.173793,0.123126
X_feature_price_macd_10_21,X_feature_price_atr126,0.098698,-0.141000,0.147666,0.223232,0.232898,0.077552,0.192207,0.041180,0.139320,0.072521,0.066978,0.050738,0.074297,0.159818,0.181325,0.109801,0.179961,0.171441,0.120673,0.217498,0.132389,0.219258,0.091454,0.063950
X_feature_price_macd_10_21,X_feature_price_vol252,0.097475,-0.151960,0.122842,0.204437,0.223725,0.063238,0.192860,0.030095,0.129877,0.033165,0.059728,0.047249,0.060331,0.158974,0.167009,0.084027,0.152231,0.147073,0.097002,0.198763,0.094027,0.186414,0.071483,0.028795
X_feature_price_macd_10_21,X_feature_market_cap_log_identity,0.262522,0.202466,0.164759,0.089602,0.102908,0.039155,0.079933,0.095732,0.124294,0.140826,0.091599,0.111417,0.074312,0.128578,0.138388,0.112337,0.153727,0.128729,0.094132,0.168922,0.147636,0.156139,0.188648,0.085153
X_feature_price_macd_10_21,X_feature_market_cap_log_std21,0.150408,-0.055800,0.161531,0.257318,0.285949,0.071303,0.166972,0.048223,0.119348,0.083041,0.138684,0.087215,0.095215,0.180010,0.197873,0.127754,0.190830,0.209945,0.162509,0.208043,0.139731,0.213097,0.104785,0.067716
X_feature_price_macd_10_21,X_feature_market_cap_log_std126,0.071420,-0.147763,0.089283,0.197422,0.198960,-0.056776,0.032577,-0.075265,0.031044,-0.023707,0.174557,-0.029583,-0.022234,0.112971,0.061249,-0.099564,0.048468,0.105531,0.033690,0.032681,0.024629,0.094051,0.024597,-0.123796
X_feature_price_macd_10_21,X_feature_market_cap_log_std504,-0.012854,-0.149625,0.107212,0.180836,0.130061,0.011649,0.078042,-0.046146,0.067610,-0.017611,0.071062,0.004620,0.020098,0.036024,0.106250,0.023055,0.068504,0.056991,0.069406,0.055037,0.022119,0.125388,0.015460,-0.011739
X_feature_price_macd_10_21,X_feature_market_cap_log_std252,0.006107,-0.133517,0.086620,0.169320,0.167505,0.000996,0.061389,-0.060754,0.041313,-0.036669,0.127095,-0.014848,-0.007398,0.076547,0.088450,-0.049098,0.050979,0.097811,0.059972,0.059209,-0.010540,0.148552,0.061868,-0.053295
X_feature_price_macd_10_21,X_feature_market_cap_log_diff_126,0.516007,0.503053,0.522201,0.477862,0.497416,0.400817,0.492512,0.516257,0.485231,0.581101,0.462753,0.367230,0.479571,0.478002,0.487607,0.475980,0.504846,0.535673,0.512737,0.503033,0.543950,0.506004,0.507675,0.474930
X_feature_price_macd_10_21,X_feature_market_cap_log_to_min126,-0.491000,-0.601573,-0.562541,-0.452709,-0.471923,-0.433328,-0.531846,-0.575763,-0.554938,-0.617472,-0.515516,-0.390771,-0.536787,-0.476854,-0.505482,-0.516867,-0.543886,-0.607525,-0.538094,-0.559645,-0.625254,-0.541976,-0.436978,-0.550111
X_feature_price_macd_10_21,X_feature_market_cap_log_to_max504,0.538173,0.443332,0.508034,0.371998,0.445177,0.307247,0.562170,0.545730,0.496459,0.559277,0.375241,0.198849,0.409108,0.545106,0.442963,0.500447,0.562874,0.547023,0.357352,0.522939,0.534274,0.454745,0.438535,0.514375
X_feature_price_macd_10_21,X_feature_market_cap_log_diff_504,0.253370,0.286104,0.108834,0.036350,0.308436,0.180007,0.204686,0.253183,0.158963,0.320107,0.218462,0.177823,0.251316,0.203132,0.230067,0.211976,0.173743,0.327995,0.174134,0.310650,0.212096,0.250724,0.320607,0.118384
X_feature_price_macd_10_21,X_feature_market_cap_log_to_min504,0.286739,0.393670,0.185193,0.143791,0.348399,0.252885,0.127499,0.285347,0.186791,0.362179,0.356463,0.294354,0.144615,0.214959,0.293170,0.241926,0.169570,0.363511,0.340703,0.284977,0.272950,0.325892,0.394572,0.188658
X_feature_price_macd_10_21,X_feature_pv_pv_corr21,-0.306904,-0.375979,-0.374483,-0.312537,-0.305110,-0.305804,-0.347038,-0.345134,-0.341457,-0.316356,-0.319683,-0.243965,-0.258548,-0.272208,-0.274443,-0.291016,-0.319068,-0.304982,-0.307186,-0.333705,-0.263478,-0.251498,-0.200861,-0.244504
X_feature_price_macd_10_21,X_feature_pv_pv_corr126,-0.314964,-0.306885,-0.270529,-0.232069,-0.226535,-0.231325,-0.280295,-0.302586,-0.282626,-0.298259,-0.279176,-0.170315,-0.225007,-0.272216,-0.260615,-0.261767,-0.285728,-0.302412,-0.261174,-0.286631,-0.267839,-0.262701,-0.151399,-0.210050
X_feature_price_macd_10_21,X_feature_pv_pv_corr63,-0.392901,-0.447640,-0.434438,-0.373258,-0.381302,-0.377763,-0.454170,-0.449364,-0.425143,-0.414117,-0.415140,-0.320168,-0.363033,-0.375492,-0.376365,-0.384499,-0.427751,-0.421431,-0.403050,-0.442395,-0.392125,-0.347839,-0.257232,-0.306806
X_feature_price_macd_10_21,X_feature_liquidity_turnover_level63,0.107835,-0.135946,0.069112,0.155438,0.169013,0.057884,0.161131,0.021882,0.129410,0.071037,0.043542,0.062672,0.062511,0.103912,0.156063,0.123338,0.125194,0.146686,0.087137,0.193422,0.091375,0.164738,0.067693,0.068334
X_feature_price_macd_10_21,X_feature_volume_log_volume_ratio_max126,0.024382,0.015739,0.009745,0.034943,0.027910,-0.001517,0.025118,-0.005173,0.003973,-0.025955,0.006555,-0.016067,-0.006639,-0.003327,0.002403,0.000940,-0.002998,-0.045172,-0.006128,-0.019651,-0.020592,-0.029314,-0.073352,0.002055
X_feature_price_macd_10_21,X_feature_volume_log_volume_ratio_max252,0.004831,0.007440,-0.007331,0.009445,-0.013523,-0.034666,-0.007084,-0.020300,-0.024146,-0.036567,0.010623,-0.041698,-0.019325,-0.018734,-0.034575,-0.044522,-0.029146,-0.055070,-0.004996,-0.045475,-0.042946,-0.037792,-0.090091,0.014808
X_feature_price_macd_10_21,X_feature_pv_illiquidity_mean21,0.186273,0.193782,0.126305,0.044186,0.054669,-0.012520,-0.003145,0.053984,0.056018,0.085333,0.073778,0.055007,0.023779,0.091721,0.096314,0.057151,0.126908,0.092010,0.093323,0.122006,0.131556,0.131786,0.163468,0.057924
X_feature_price_macd_10_21,X_feature_volume_log_volume_std504,0.073547,0.065299,-0.017010,-0.023937,-0.070612,-0.044208,-0.013953,-0.011039,0.034103,0.011218,0.040108,0.004997,0.016742,0.039283,0.032665,0.033447,0.068876,-0.005222,0.043931,0.021110,0.036339,0.036016,0.008113,0.071167
X_feature_price_macd_10_21,X_feature_volume_log_volume_std126,0.075115,0.081916,-0.006668,-0.040273,-0.007250,-0.011638,0.025869,0.014075,0.040407,0.019642,0.045525,0.017680,0.024223,0.049669,0.056071,0.058222,0.081698,0.016110,0.037719,0.063226,0.057811,0.035884,0.001621,0.059289
X_feature_price_macd_10_21,X_feature_volume_log_volume_std63,0.082469,0.092268,0.001719,-0.010846,0.033325,0.028857,0.053081,0.027502,0.044432,0.019502,0.062037,0.042773,0.045649,0.057846,0.071368,0.079968,0.079453,0.031623,0.048189,0.090134,0.076230,0.058246,0.018493,0.061446
X_feature_price_macd_10_21,X_feature_market_corr504,0.077669,0.118641,-0.084503,-0.107880,-0.148924,0.001145,-0.048079,-0.053222,0.068899,-0.044575,0.001955,0.029661,0.048758,-0.017479,0.059315,0.112968,0.021008,0.060203,0.071840,0.146411,-0.037790,0.047694,0.058213,0.131535
X_feature_price_macd_10_21,X_feature_market_corr252,0.058006,0.137736,-0.088471,-0.117213,-0.104203,0.017108,-0.064978,-0.049189,0.061830,-0.047067,0.011908,0.029426,0.059282,-0.033104,0.066103,0.110564,0.012582,0.089045,0.100763,0.142063,-0.018913,0.048015,0.047851,0.127277
X_feature_price_macd_10_21,X_feature_short_interest_to_volume_log_ratio_std252,0.085765,0.046563,0.019020,0.005755,-0.024564,-0.022581,-0.006071,0.004569,0.040493,0.022921,0.040140,0.005020,0.026381,0.047517,0.046390,0.021293,0.087077,0.043390,0.043754,0.032916,0.043149,0.039572,0.038714,0.055333
X_feature_price_macd_10_21,X_feature_short_interest_to_volume_log_ratio_std63,0.104017,0.076946,0.023154,0.011492,0.060408,0.052534,0.084373,0.039804,0.081316,0.064264,0.061151,0.053175,0.067070,0.069716,0.100005,0.096104,0.138197,0.042274,0.071987,0.100979,0.094000,0.091726,0.044034,0.087552
X_feature_price_macd_10_21,X_feature_short_interest_to_volume_log_ratio,-0.030949,0.015698,-0.054432,-0.085255,-0.058377,-0.063092,-0.077316,-0.030810,-0.053821,0.024977,-0.052762,-0.012299,-0.063230,-0.051456,-0.056887,-0.054869,-0.079164,-0.024743,-0.022786,-0.001213,-0.058777,-0.037305,-0.055648,-0.016577
X_feature_price_macd_10_21,X_feature_short_interest_to_volume_log_ratio_mean252,-0.001133,0.070803,-0.025493,-0.074094,-0.097622,-0.003644,-0.026003,0.002217,-0.005975,0.079380,-0.031514,0.053582,-0.029376,-0.010308,-0.033552,0.017735,-0.001904,0.034071,0.019735,0.053527,-0.024511,0.037694,0.012486,0.033431
X_feature_price_macd_10_21,X_feature_short_interest_to_volume_log_ratio_mean63,0.007864,0.070603,-0.029928,-0.065216,-0.054518,-0.024408,-0.059664,-0.001116,-0.028020,0.054584,-0.035676,0.028419,-0.030724,-0.018459,-0.040604,-0.024099,-0.051631,0.013535,0.010262,0.034767,-0.042200,-0.003353,-0.027516,0.014550
X_feature_price_macd_10_21,X_feature_short_interest_log_diff21,-0.048879,-0.072001,-0.056180,-0.067685,-0.046413,-0.056881,-0.049330,-0.016604,-0.019304,0.006195,0.005670,-0.039158,-0.031961,-0.036867,0.011817,0.011297,0.019344,0.034677,0.027797,0.050733,0.026848,0.031578,0.047282,0.013743
X_feature_price_macd_10_21,X_feature_short_interest_log_diff252,0.034295,-0.012041,-0.005765,0.011967,0.041417,-0.035155,-0.042838,0.002522,-0.007128,0.067861,0.018893,-0.014962,0.008428,0.019998,0.039351,0.004837,-0.023335,0.062311,0.041095,0.075699,0.023018,0.025618,0.016673,-0.010228
X_feature_price_macd_10_21,X_feature_short_interest_log_diff63,-0.012516,-0.046863,-0.027860,-0.042586,-0.003706,-0.031276,-0.051001,-0.006708,-0.005655,0.028945,-0.000731,-0.024702,-0.028901,-0.030236,0.015566,0.011406,0.012112,0.022020,0.018254,0.068349,0.036467,0.034869,0.038261,0.011496
X_feature_price_macd_10_21,X_feature_short_interest_log_diff126,0.013174,-0.026503,-0.008271,-0.023068,0.030279,-0.017430,-0.063621,0.002146,-0.011465,0.040044,-0.005096,-0.021217,-0.008138,-0.018783,0.033702,0.005388,-0.005825,0.022956,0.041132,0.061715,0.046128,0.034776,0.023741,0.011691
X_feature_price_sharpe_ratio_compound_r63_volatility63_rolling,X_feature_price_price_to_ma63,-0.779255,-0.821734,-0.812246,-0.593384,-0.803026,-0.769199,-0.803533,-0.823261,-0.791649,-0.847220,-0.788545,-0.746571,-0.790438,-0.807530,-0.786622,-0.808260,-0.818390,-0.837724,-0.793524,-0.814430,-0.833271,-0.801110,-0.781201,-0.818920
X_feature_price_sharpe_ratio_compound_r63_volatility63_rolling,X_feature_price_bb_pct126,0.842257,0.867009,0.877258,0.734655,0.846791,0.806086,0.850684,0.873411,0.858154,0.877786,0.825535,0.804350,0.846243,0.839783,0.846778,0.833555,0.869461,0.881265,0.860692,0.860649,0.868591,0.856194,0.823258,0.840798
X_feature_price_sharpe_ratio_compound_r63_volatility63_rolling,X_feature_price_price_to_min252,0.592346,0.619334,0.552115,0.399546,0.524011,0.481604,0.450631,0.587463,0.526518,0.627017,0.606228,0.436102,0.467300,0.507394,0.563778,0.498095,0.471635,0.635713,0.590006,0.525443,0.621276,0.565297,0.518087,0.391600
X_feature_price_sharpe_ratio_compound_r63_volatility63_rolling,X_feature_price_ret90_shift0,0.799093,0.777352,0.780994,0.704445,0.735574,0.706882,0.769796,0.793917,0.776526,0.817831,0.735226,0.649902,0.768782,0.783736,0.767988,0.767621,0.789014,0.824594,0.770637,0.795948,0.809324,0.782239,0.764331,0.766101
X_feature_price_sharpe_ratio_compound_r63_volatility63_rolling,X_feature_price_price_to_ma252,0.749168,0.702200,0.708313,0.657042,0.665162,0.614434,0.697480,0.724868,0.702758,0.773102,0.660939,0.497382,0.700578,0.715162,0.716648,0.697992,0.691190,0.743256,0.707780,0.714646,0.734184,0.720176,0.700695,0.674605
X_feature_price_sharpe_ratio_compound_r63_volatility63_rolling,X_feature_price_sharpe_ratio_compound_r126_volatility126_rolling,0.719849,0.662470,0.692441,0.645456,0.572020,0.613257,0.677030,0.694023,0.678700,0.736860,0.714277,0.558634,0.660388,0.704628,0.655774,0.690880,0.679458,0.719554,0.678491,0.700102,0.715590,0.685062,0.684922,0.674478
X_feature_price_sharpe_ratio_compound_r63_volatility63_rolling,X_feature_price_macd_21_126,0.517227,0.533008,0.543509,0.513625,0.508471,0.342801,0.423992,0.484631,0.473508,0.513368,0.405071,0.287842,0.414695,0.437229,0.472494,0.305714,0.410621,0.515948,0.493571,0.455913,0.520915,0.514518,0.483601,0.300061
X_feature_price_sharpe_ratio_compound_r63_volatility63_rolling,X_feature_price_final_to_high90_exclude10,0.670512,0.623988,0.701323,0.658028,0.654833,0.567318,0.680032,0.673061,0.686707,0.704212,0.616015,0.527344,0.640582,0.680533,0.670268,0.670188,0.700158,0.727086,0.681644,0.708438,0.708708,0.713545,0.654067,0.655546
X_feature_price_sharpe_ratio_compound_r63_volatility63_rolling,X_feature_price_price_to_max252,0.708786,0.607524,0.682934,0.607610,0.575263,0.511119,0.711536,0.681702,0.683524,0.728304,0.573613,0.343422,0.677602,0.703715,0.625903,0.692578,0.701087,0.712444,0.610819,0.733313,0.710896,0.686327,0.616851,0.678268
X_feature_price_sharpe_ratio_compound_r63_volatility63_rolling,X_feature_price_final_to_high252_exclude21,0.553023,0.406047,0.532425,0.514985,0.430407,0.340802,0.551316,0.517715,0.521557,0.554438,0.390849,0.173154,0.512819,0.550415,0.464700,0.548094,0.530233,0.562849,0.434006,0.578332,0.524073,0.523256,0.447021,0.492051
X_feature_price_sharpe_ratio_compound_r63_volatility63_rolling,X_feature_price_lag1,-0.109074,-0.122590,-0.131249,-0.059649,-0.108795,-0.104048,-0.109937,-0.095796,-0.108251,-0.117449,-0.096251,-0.067767,-0.095203,-0.132211,-0.037469,-0.115080,-0.096158,-0.105834,-0.113151,-0.102557,-0.127740,-0.097715,-0.109603,-0.095953
X_feature_price_sharpe_ratio_compound_r63_volatility63_rolling,X_feature_price_ret21_shift0,-0.496051,-0.544467,-0.522977,-0.320431,-0.508418,-0.479675,-0.504898,-0.535200,-0.500189,-0.575728,-0.543943,-0.433721,-0.498153,-0.527765,-0.500528,-0.521848,-0.524499,-0.558270,-0.494248,-0.513545,-0.559156,-0.484929,-0.504419,-0.526484
X_feature_price_sharpe_ratio_compound_r63_volatility63_rolling,X_feature_price_ret10_shift0,-0.342982,-0.370978,-0.355790,-0.210303,-0.353688,-0.323043,-0.346801,-0.358143,-0.336474,-0.400540,-0.372172,-0.283790,-0.335751,-0.361887,-0.336457,-0.352090,-0.343627,-0.380918,-0.312846,-0.351692,-0.376071,-0.313900,-0.337188,-0.353015
X_feature_price_sharpe_ratio_compound_r63_volatility63_rolling,X_feature_price_ret5_shift0,-0.245363,-0.271113,-0.253807,-0.144832,-0.252372,-0.227895,-0.245026,-0.251351,-0.235617,-0.289329,-0.265862,-0.195340,-0.235020,-0.261801,-0.226975,-0.240647,-0.235196,-0.269385,-0.214461,-0.246306,-0.265428,-0.214664,-0.245630,-0.245768
X_feature_price_sharpe_ratio_compound_r63_volatility63_rolling,X_feature_price_downside_vol10,0.269121,0.065963,0.239751,0.368202,0.346425,0.173584,0.293402,0.190575,0.259976,0.247739,0.232823,0.144287,0.226036,0.323789,0.305500,0.264920,0.302436,0.359248,0.323197,0.385846,0.278348,0.374658,0.290855,0.248912
X_feature_price_sharpe_ratio_compound_r63_volatility63_rolling,X_feature_price_downside_vol21,0.309681,0.077173,0.269655,0.412404,0.390608,0.209211,0.363660,0.247247,0.325683,0.295207,0.259136,0.161856,0.282233,0.368036,0.363686,0.344086,0.377861,0.423591,0.407813,0.457683,0.345115,0.453615,0.329350,0.293745
X_feature_price_sharpe_ratio_compound_r63_volatility63_rolling,X_feature_price_vol10,0.133796,-0.112295,0.125315,0.335516,0.269479,0.052762,0.176525,0.030563,0.140340,0.084561,0.097495,0.032999,0.088546,0.196012,0.192512,0.131799,0.184657,0.233187,0.215267,0.276451,0.146424,0.295675,0.160189,0.116787
X_feature_price_sharpe_ratio_compound_r63_volatility63_rolling,X_feature_price_upside_vol10,-0.023526,-0.227983,0.003185,0.224673,0.116394,-0.074310,0.005964,-0.126741,-0.010581,-0.080104,-0.058815,-0.073577,-0.066826,0.021772,0.032056,-0.044129,0.004431,0.037442,0.034730,0.075698,-0.052712,0.110443,-0.006868,-0.049137
X_feature_price_sharpe_ratio_compound_r63_volatility63_rolling,X_feature_price_upside_vol21,-0.011078,-0.255904,0.015279,0.257114,0.147487,-0.076225,0.022570,-0.155820,-0.016615,-0.094355,-0.073344,-0.094523,-0.075805,0.012405,0.036087,-0.044317,-0.005314,0.028984,0.021253,0.073935,-0.076063,0.100408,-0.022947,-0.061889
X_feature_price_sharpe_ratio_compound_r63_volatility63_rolling,X_feature_price_upside_vol63,-0.043035,-0.326953,-0.026988,0.247075,0.114924,-0.114326,-0.013396,-0.229942,-0.078416,-0.169923,-0.150460,-0.139122,-0.124091,-0.056152,-0.013154,-0.086160,-0.076098,-0.050397,-0.078068,-0.019201,-0.189202,0.009336,-0.063693,-0.110877
X_feature_price_sharpe_ratio_compound_r63_volatility63_rolling,X_feature_price_atr5,0.164969,-0.071352,0.155807,0.363092,0.295885,0.073764,0.214538,0.046382,0.159963,0.103479,0.131252,0.030818,0.088964,0.193564,0.197840,0.128663,0.192293,0.249762,0.219013,0.276644,0.167624,0.317959,0.167964,0.108731
X_feature_price_sharpe_ratio_compound_r63_volatility63_rolling,X_feature_price_downside_vol126,0.263865,-0.045808,0.228808,0.393473,0.307678,0.134248,0.319536,0.189426,0.311662,0.256989,0.171108,0.046024,0.192082,0.327665,0.256422,0.295151,0.333693,0.371006,0.258685,0.392163,0.282701,0.365441,0.195126,0.201012
X_feature_price_sharpe_ratio_compound_r63_volatility63_rolling,X_feature_price_downside_vol63,0.360910,0.094155,0.313020,0.469488,0.433246,0.288387,0.464523,0.341076,0.437516,0.385912,0.256508,0.195722,0.344033,0.435865,0.417674,0.466334,0.487147,0.510337,0.475434,0.572644,0.425410,0.538790,0.365195,0.356324
X_feature_price_sharpe_ratio_compound_r63_volatility63_rolling,X_feature_price_atr21,0.180431,-0.085636,0.163901,0.381538,0.309315,0.092155,0.251455,0.059427,0.184684,0.115521,0.118940,0.029377,0.103168,0.203930,0.212630,0.159166,0.219371,0.268837,0.235957,0.305648,0.182690,0.344687,0.176872,0.115305
X_feature_price_sharpe_ratio_compound_r63_volatility63_rolling,X_feature_price_atr126,0.123796,-0.157517,0.132822,0.336766,0.222491,0.046418,0.206033,0.020862,0.175793,0.080408,0.054560,-0.011591,0.075610,0.178795,0.164558,0.120410,0.184175,0.205959,0.150204,0.246295,0.121955,0.260720,0.088008,0.064550
X_feature_price_sharpe_ratio_compound_r63_volatility63_rolling,X_feature_price_vol252,0.118015,-0.172990,0.101648,0.306965,0.212160,0.021916,0.200813,0.001192,0.163741,0.038001,0.040577,-0.004695,0.057971,0.176014,0.144616,0.090933,0.150176,0.171470,0.120868,0.214340,0.078569,0.217778,0.060277,0.022016
X_feature_price_sharpe_ratio_compound_r63_volatility63_rolling,X_feature_market_cap_log_identity,0.289612,0.216435,0.189788,0.078097,0.123284,0.025246,0.106101,0.113339,0.153835,0.168683,0.158545,0.090090,0.101894,0.164848,0.156530,0.113859,0.168105,0.156230,0.105020,0.207286,0.168245,0.183704,0.228877,0.112955
X_feature_price_sharpe_ratio_compound_r63_volatility63_rolling,X_feature_market_cap_log_std21,0.154621,-0.059817,0.152718,0.335179,0.290644,-0.015011,0.131320,0.000843,0.100324,0.066350,0.213664,-0.001684,0.041617,0.182845,0.151008,0.051397,0.147135,0.224293,0.161578,0.175406,0.131572,0.207328,0.084549,0.008628
X_feature_price_sharpe_ratio_compound_r63_volatility63_rolling,X_feature_market_cap_log_std126,0.077409,-0.167838,0.074102,0.306943,0.204333,-0.171684,-0.025002,-0.149156,-0.000857,-0.061167,0.251698,-0.145267,-0.088509,0.102955,-0.013858,-0.218316,-0.022276,0.112733,0.015272,-0.045374,-0.004830,0.074551,-0.022871,-0.237317
X_feature_price_sharpe_ratio_compound_r63_volatility63_rolling,X_feature_market_cap_log_std504,-0.011713,-0.172165,0.080786,0.254985,0.119065,-0.048685,0.060086,-0.090332,0.076443,-0.026615,0.107255,-0.072016,0.002176,0.038583,0.078833,0.010098,0.056493,0.054154,0.066779,0.048348,-0.003125,0.138070,0.006127,-0.044158
X_feature_price_sharpe_ratio_compound_r63_volatility63_rolling,X_feature_market_cap_log_std252,0.012736,-0.153393,0.069515,0.265438,0.167961,-0.073580,0.035774,-0.112364,0.039912,-0.061470,0.183879,-0.095830,-0.046952,0.083600,0.047806,-0.102531,0.022217,0.105990,0.054380,0.036394,-0.043089,0.157982,0.060494,-0.103062
X_feature_price_sharpe_ratio_compound_r63_volatility63_rolling,X_feature_market_cap_log_diff_126,0.626480,0.583871,0.607921,0.610558,0.577763,0.529319,0.595776,0.632664,0.599111,0.671823,0.591099,0.466708,0.597396,0.613077,0.598390,0.596672,0.600972,0.668120,0.615158,0.622678,0.666254,0.628332,0.636097,0.604845
X_feature_price_sharpe_ratio_compound_r63_volatility63_rolling,X_feature_market_cap_log_to_min126,-0.562378,-0.670922,-0.626673,-0.328750,-0.550237,-0.578689,-0.625058,-0.683233,-0.642214,-0.696582,-0.598693,-0.513071,-0.643304,-0.580142,-0.625114,-0.639716,-0.638521,-0.684863,-0.623009,-0.671354,-0.729640,-0.620133,-0.558925,-0.669087
X_feature_price_sharpe_ratio_compound_r63_volatility63_rolling,X_feature_market_cap_log_to_max504,0.619091,0.482661,0.553954,0.461325,0.483599,0.317936,0.623032,0.602460,0.573304,0.623011,0.483778,0.172330,0.487082,0.638339,0.490780,0.555895,0.615350,0.628026,0.424534,0.598393,0.611066,0.544684,0.525821,0.564820
X_feature_price_sharpe_ratio_compound_r63_volatility63_rolling,X_feature_market_cap_log_diff_504,0.296314,0.324408,0.160978,0.048852,0.344750,0.199253,0.247704,0.321286,0.196358,0.374507,0.315376,0.149054,0.308275,0.270821,0.282508,0.243768,0.213045,0.405837,0.221268,0.370600,0.270428,0.317456,0.397205,0.152250
X_feature_price_sharpe_ratio_compound_r63_volatility63_rolling,X_feature_market_cap_log_to_min504,0.336654,0.452924,0.248802,0.134329,0.416881,0.346727,0.177589,0.362048,0.231343,0.420043,0.448767,0.392600,0.193761,0.276948,0.379572,0.297952,0.214081,0.441651,0.416847,0.349333,0.350183,0.400153,0.492003,0.241298
X_feature_price_sharpe_ratio_compound_r63_volatility63_rolling,X_feature_pv_pv_corr21,-0.288330,-0.346872,-0.309039,-0.168520,-0.290198,-0.279967,-0.319530,-0.321122,-0.306677,-0.286351,-0.314204,-0.242194,-0.255417,-0.247411,-0.256534,-0.258431,-0.295445,-0.258343,-0.275451,-0.305163,-0.251496,-0.220835,-0.191017,-0.213975
X_feature_price_sharpe_ratio_compound_r63_volatility63_rolling,X_feature_pv_pv_corr126,-0.373932,-0.359976,-0.313331,-0.272289,-0.277161,-0.305960,-0.341814,-0.362668,-0.350358,-0.349174,-0.332265,-0.244749,-0.285228,-0.326205,-0.324484,-0.312729,-0.340034,-0.358670,-0.311962,-0.352306,-0.334448,-0.311510,-0.196887,-0.276398
X_feature_price_sharpe_ratio_compound_r63_volatility63_rolling,X_feature_pv_pv_corr63,-0.485256,-0.539086,-0.512375,-0.369567,-0.478700,-0.519136,-0.563248,-0.552557,-0.542740,-0.511349,-0.498853,-0.450446,-0.466968,-0.475439,-0.490547,-0.485079,-0.535433,-0.496721,-0.505926,-0.554977,-0.484514,-0.439763,-0.342817,-0.411083
X_feature_price_sharpe_ratio_compound_r63_volatility63_rolling,X_feature_liquidity_turnover_level63,0.131328,-0.151273,0.052476,0.237794,0.159773,0.023452,0.158734,0.000795,0.154838,0.069531,0.059046,0.019115,0.056464,0.120650,0.140982,0.119193,0.122419,0.174546,0.098132,0.208761,0.092369,0.199833,0.056860,0.061361
X_feature_price_sharpe_ratio_compound_r63_volatility63_rolling,X_feature_volume_log_volume_ratio_max126,0.029831,0.028861,0.022717,0.017524,0.040654,0.021177,0.046722,0.013444,0.025229,-0.018961,0.002012,-0.018041,-0.002421,0.008463,0.013939,0.017447,0.010386,-0.045357,-0.007224,-0.004280,-0.029382,-0.020531,-0.075691,0.015464
X_feature_price_sharpe_ratio_compound_r63_volatility63_rolling,X_feature_volume_log_volume_ratio_max252,0.010636,0.016679,-0.000303,-0.006397,-0.005958,-0.015842,0.010728,-0.008932,-0.004419,-0.027371,0.009108,-0.034604,-0.012909,-0.001605,-0.025702,-0.034127,-0.024340,-0.058634,-0.007885,-0.026804,-0.056782,-0.034316,-0.103052,0.030137
X_feature_price_sharpe_ratio_compound_r63_volatility63_rolling,X_feature_pv_illiquidity_mean21,0.194547,0.204807,0.152201,0.019993,0.073106,-0.019649,0.020745,0.069622,0.075728,0.103770,0.113883,0.036965,0.047204,0.115898,0.112439,0.060745,0.137983,0.104298,0.104355,0.155735,0.142426,0.151007,0.199487,0.085053
X_feature_price_sharpe_ratio_compound_r63_volatility63_rolling,X_feature_volume_log_volume_std504,0.061882,0.063022,-0.033253,-0.084540,-0.065036,-0.060954,-0.007304,-0.023027,0.030330,0.013598,0.067358,-0.011056,0.014784,0.040284,0.027238,0.020065,0.064150,-0.014484,0.044746,0.036801,0.029326,0.023483,0.000027,0.083823
X_feature_price_sharpe_ratio_compound_r63_volatility63_rolling,X_feature_volume_log_volume_std126,0.064865,0.081383,-0.009668,-0.103051,0.007395,-0.030420,0.031663,0.005938,0.031251,0.019658,0.065081,-0.006246,0.022209,0.054030,0.051739,0.051895,0.077829,0.008208,0.039350,0.080143,0.053878,0.026552,-0.003104,0.068988
X_feature_price_sharpe_ratio_compound_r63_volatility63_rolling,X_feature_volume_log_volume_std63,0.074807,0.097334,0.003737,-0.062991,0.060115,0.025157,0.064695,0.027580,0.036461,0.017879,0.078953,0.029012,0.049491,0.068954,0.073089,0.080289,0.078668,0.026101,0.058632,0.109113,0.079833,0.055140,0.022883,0.071422
X_feature_price_sharpe_ratio_compound_r63_volatility63_rolling,X_feature_market_corr504,0.076141,0.118795,-0.096627,-0.198147,-0.126155,-0.016463,-0.051050,-0.078504,0.073555,-0.048049,0.028713,0.008699,0.046392,-0.014705,0.059481,0.109496,0.008788,0.054260,0.060544,0.185223,-0.041142,0.051073,0.042538,0.146539
X_feature_price_sharpe_ratio_compound_r63_volatility63_rolling,X_feature_market_corr252,0.054321,0.143642,-0.093827,-0.216890,-0.080350,-0.003053,-0.071891,-0.074630,0.065232,-0.055275,0.031347,0.007592,0.053749,-0.032980,0.066857,0.106479,0.000383,0.083966,0.088296,0.179069,-0.020286,0.052822,0.026286,0.133741
X_feature_price_sharpe_ratio_compound_r63_volatility63_rolling,X_feature_short_interest_to_volume_log_ratio_std252,0.075904,0.041480,0.006876,-0.015046,-0.027866,-0.042947,-0.006330,-0.005603,0.042700,0.026574,0.053324,0.000961,0.024968,0.054254,0.046813,0.007977,0.087680,0.046040,0.041284,0.045679,0.042542,0.040804,0.036251,0.058218
X_feature_price_sharpe_ratio_compound_r63_volatility63_rolling,X_feature_short_interest_to_volume_log_ratio_std63,0.096190,0.069887,0.018056,-0.017176,0.086662,0.040360,0.093082,0.035894,0.074779,0.061843,0.073011,0.032446,0.075817,0.073072,0.106157,0.085759,0.144804,0.045949,0.089220,0.112951,0.104256,0.099168,0.051360,0.091877
X_feature_price_sharpe_ratio_compound_r63_volatility63_rolling,X_feature_short_interest_to_volume_log_ratio,-0.041013,0.023028,-0.058574,-0.149409,-0.077982,-0.067180,-0.075405,-0.018839,-0.047443,0.028783,-0.042095,-0.011813,-0.074863,-0.056519,-0.055444,-0.052976,-0.077156,-0.015275,-0.024071,0.015926,-0.069752,-0.034476,-0.053775,0.013811
X_feature_price_sharpe_ratio_compound_r63_volatility63_rolling,X_feature_short_interest_to_volume_log_ratio_mean252,-0.015107,0.088846,-0.020450,-0.129957,-0.088803,-0.017163,-0.025712,0.014118,-0.005080,0.079771,-0.014871,0.038208,-0.047505,-0.017215,-0.034616,0.012251,-0.012375,0.034224,0.013491,0.061707,-0.033221,0.026808,0.004559,0.064625
X_feature_price_sharpe_ratio_compound_r63_volatility63_rolling,X_feature_short_interest_to_volume_log_ratio_mean63,-0.007797,0.089032,-0.029486,-0.126206,-0.056384,-0.034334,-0.058915,0.010378,-0.029459,0.059969,-0.017712,0.017530,-0.046248,-0.026320,-0.042230,-0.029812,-0.065506,0.010065,-0.000054,0.039530,-0.056296,-0.016792,-0.039979,0.036610
X_feature_price_sharpe_ratio_compound_r63_volatility63_rolling,X_feature_short_interest_log_diff21,-0.069170,-0.104925,-0.079132,-0.072044,-0.085624,-0.095775,-0.084347,-0.044122,-0.050680,-0.008561,0.007463,-0.014142,-0.025140,-0.022294,0.013730,0.023684,0.044114,0.059548,0.049082,0.083276,0.056106,0.061344,0.089003,0.044658
X_feature_price_sharpe_ratio_compound_r63_volatility63_rolling,X_feature_short_interest_log_diff252,0.021967,-0.026393,-0.029346,-0.011878,0.019190,-0.058603,-0.059452,-0.013592,-0.016505,0.056094,0.027002,-0.010001,-0.005190,0.012773,0.028650,-0.005159,-0.027548,0.077071,0.050332,0.092796,0.035197,0.035833,0.020351,-0.016490
X_feature_price_sharpe_ratio_compound_r63_volatility63_rolling,X_feature_short_interest_log_diff63,-0.033455,-0.088696,-0.064880,-0.080370,-0.045123,-0.073606,-0.082797,-0.024462,-0.031601,0.010933,-0.008479,-0.039494,-0.046568,-0.047850,-0.005169,0.002740,0.015700,0.039945,0.025717,0.080153,0.052567,0.055460,0.056564,0.024669
X_feature_price_sharpe_ratio_compound_r63_volatility63_rolling,X_feature_short_interest_log_diff126,-0.001358,-0.050985,-0.040433,-0.050390,-0.004144,-0.031674,-0.082853,-0.009914,-0.030403,0.034107,-0.010503,-0.023360,-0.024234,-0.029205,0.016324,-0.008000,-0.007495,0.034473,0.043064,0.071378,0.053012,0.052403,0.039988,0.015082
X_feature_price_price_to_ma63,X_feature_price_bb_pct126,-0.833653,-0.867401,-0.863934,-0.787618,-0.831382,-0.818428,-0.850638,-0.869678,-0.843395,-0.893709,-0.796249,-0.822374,-0.838220,-0.854042,-0.831667,-0.868999,-0.872232,-0.858651,-0.832926,-0.869013,-0.875164,-0.830972,-0.812310,-0.885274
X_feature_price_price_to_ma63,X_feature_price_price_to_min252,-0.603708,-0.564848,-0.506958,-0.531696,-0.524662,-0.501941,-0.459565,-0.550937,-0.507334,-0.582109,-0.530379,-0.509945,-0.463077,-0.501074,-0.549726,-0.513627,-0.458980,-0.593507,-0.590811,-0.505175,-0.561317,-0.559299,-0.523761,-0.393070
X_feature_price_price_to_ma63,X_feature_price_ret90_shift0,-0.691132,-0.693397,-0.681031,-0.619034,-0.681516,-0.621199,-0.678112,-0.687280,-0.665186,-0.740715,-0.731734,-0.584199,-0.682022,-0.694079,-0.657767,-0.689588,-0.692246,-0.715277,-0.659276,-0.694020,-0.722886,-0.662246,-0.669558,-0.692283
X_feature_price_price_to_ma63,X_feature_price_price_to_ma252,-0.686253,-0.654397,-0.664207,-0.545092,-0.623589,-0.598283,-0.648160,-0.664086,-0.626606,-0.719831,-0.689414,-0.473922,-0.652356,-0.654088,-0.611564,-0.658945,-0.649186,-0.657117,-0.603774,-0.639689,-0.676088,-0.606989,-0.612740,-0.650635
X_feature_price_price_to_ma63,X_feature_price_sharpe_ratio_compound_r126_volatility126_rolling,-0.563777,-0.573885,-0.584979,-0.376349,-0.484637,-0.502114,-0.545096,-0.587743,-0.532386,-0.639078,-0.577068,-0.458031,-0.513110,-0.586284,-0.493468,-0.566688,-0.569256,-0.578449,-0.543970,-0.560473,-0.606870,-0.524034,-0.532634,-0.567331
X_feature_price_price_to_ma63,X_feature_price_macd_21_126,-0.383860,-0.418578,-0.414855,-0.333937,-0.412280,-0.225152,-0.322017,-0.379901,-0.319713,-0.414025,-0.307624,-0.200025,-0.299123,-0.320738,-0.302506,-0.206006,-0.324751,-0.394468,-0.337123,-0.333453,-0.399026,-0.345977,-0.335176,-0.244885
X_feature_price_price_to_ma63,X_feature_price_final_to_high90_exclude10,-0.534352,-0.537649,-0.601524,-0.493559,-0.570135,-0.416569,-0.532268,-0.558636,-0.531377,-0.608324,-0.616446,-0.387008,-0.499729,-0.563436,-0.512715,-0.534121,-0.579949,-0.602582,-0.525955,-0.567035,-0.608661,-0.528775,-0.504880,-0.548914
X_feature_price_price_to_ma63,X_feature_price_price_to_max252,-0.660242,-0.599822,-0.662490,-0.469019,-0.543878,-0.458779,-0.656360,-0.660290,-0.613629,-0.717914,-0.638586,-0.279436,-0.625044,-0.674083,-0.510821,-0.658692,-0.676721,-0.656856,-0.510814,-0.664477,-0.700371,-0.563451,-0.519750,-0.689940
X_feature_price_price_to_ma63,X_feature_price_final_to_high252_exclude21,-0.330355,-0.258376,-0.364237,-0.240158,-0.315956,-0.131178,-0.312664,-0.326919,-0.278780,-0.378445,-0.370097,0.000673,-0.269151,-0.359155,-0.219176,-0.303107,-0.324320,-0.383522,-0.207918,-0.341620,-0.349397,-0.270048,-0.214965,-0.297625
X_feature_price_price_to_ma63,X_feature_price_lag1,0.182467,0.202515,0.208349,0.142148,0.188291,0.163981,0.175544,0.163072,0.165032,0.192622,0.150406,0.168934,0.174176,0.219053,0.127889,0.190160,0.177012,0.164677,0.177795,0.164133,0.192517,0.176184,0.167996,0.162387
X_feature_price_price_to_ma63,X_feature_price_ret21_shift0,0.796542,0.802830,0.796938,0.752804,0.761998,0.789738,0.787273,0.800501,0.794526,0.812197,0.799288,0.766834,0.797017,0.799169,0.794584,0.796662,0.792660,0.799424,0.782572,0.783531,0.810248,0.767769,0.792683,0.791655
X_feature_price_price_to_ma63,X_feature_price_ret10_shift0,0.582774,0.590242,0.579688,0.530540,0.558729,0.575029,0.575232,0.582100,0.585445,0.611145,0.579677,0.554181,0.584619,0.589760,0.576388,0.582839,0.567768,0.592271,0.553185,0.570294,0.598432,0.554180,0.569505,0.585413
X_feature_price_price_to_ma63,X_feature_price_ret5_shift0,0.415417,0.431978,0.419555,0.378593,0.407659,0.411103,0.409744,0.414522,0.418188,0.444724,0.421647,0.393481,0.418421,0.429137,0.404631,0.410588,0.401841,0.425500,0.392365,0.406413,0.430526,0.394812,0.412736,0.423230
X_feature_price_price_to_ma63,X_feature_price_downside_vol10,-0.305487,-0.168408,-0.340171,-0.362591,-0.420121,-0.165916,-0.309835,-0.254852,-0.286404,-0.323861,-0.442665,-0.131722,-0.238257,-0.370336,-0.310586,-0.265716,-0.357716,-0.430790,-0.360006,-0.400468,-0.387679,-0.383982,-0.300260,-0.298244
X_feature_price_price_to_ma63,X_feature_price_downside_vol21,-0.322724,-0.168704,-0.359061,-0.378065,-0.450137,-0.171425,-0.352371,-0.289389,-0.319768,-0.355883,-0.468088,-0.112761,-0.261147,-0.394479,-0.329492,-0.309707,-0.405675,-0.472345,-0.403828,-0.439369,-0.436915,-0.419148,-0.309527,-0.314050
X_feature_price_price_to_ma63,X_feature_price_vol10,-0.063891,0.103008,-0.139680,-0.205149,-0.273730,0.076083,-0.074290,0.019988,-0.041449,-0.055051,-0.244940,0.087753,0.016952,-0.150837,-0.071383,0.002789,-0.126404,-0.205789,-0.137919,-0.171097,-0.163140,-0.177421,-0.070935,-0.052921
X_feature_price_price_to_ma63,X_feature_price_upside_vol10,0.159270,0.292608,0.055378,-0.014954,-0.051208,0.270882,0.167405,0.258569,0.187787,0.188409,-0.000373,0.255764,0.235985,0.098018,0.157954,0.251571,0.137701,0.074705,0.129029,0.108176,0.131704,0.091438,0.161612,0.192688
X_feature_price_price_to_ma63,X_feature_price_upside_vol21,0.157790,0.310029,0.041583,-0.039971,-0.091841,0.292661,0.174255,0.298820,0.211261,0.208622,-0.015922,0.282815,0.259855,0.112010,0.174737,0.285403,0.168943,0.097140,0.159380,0.149387,0.160693,0.131679,0.188958,0.212660
X_feature_price_price_to_ma63,X_feature_price_upside_vol63,0.114542,0.283107,-0.004948,-0.079430,-0.119225,0.245439,0.135351,0.264623,0.183448,0.188027,-0.050005,0.224557,0.227034,0.089923,0.145299,0.254419,0.155658,0.088407,0.173807,0.149523,0.168768,0.140902,0.142545,0.170734
X_feature_price_price_to_ma63,X_feature_price_atr5,-0.101052,0.050120,-0.178270,-0.235700,-0.308884,0.053700,-0.110640,-0.005756,-0.060320,-0.080996,-0.287229,0.086091,0.018494,-0.151302,-0.074941,0.010961,-0.126241,-0.221864,-0.131695,-0.164245,-0.185257,-0.191550,-0.074757,-0.044042
X_feature_price_price_to_ma63,X_feature_price_downside_vol126,-0.166028,0.025131,-0.238406,-0.225587,-0.294177,0.019741,-0.172529,-0.119254,-0.175380,-0.203489,-0.342857,0.069737,-0.051275,-0.258069,-0.107546,-0.100464,-0.214002,-0.293523,-0.128435,-0.222686,-0.258504,-0.185672,-0.088953,-0.097866
X_feature_price_price_to_ma63,X_feature_price_downside_vol63,-0.238070,-0.085380,-0.304169,-0.306010,-0.385074,-0.088067,-0.287145,-0.241597,-0.273176,-0.317902,-0.404768,-0.027534,-0.169214,-0.340889,-0.225073,-0.238359,-0.336631,-0.413561,-0.290051,-0.361171,-0.381022,-0.314312,-0.211722,-0.219497
X_feature_price_price_to_ma63,X_feature_price_atr21,-0.095724,0.070128,-0.181627,-0.230569,-0.310365,0.057090,-0.118856,-0.001874,-0.062536,-0.078804,-0.283619,0.097819,0.028375,-0.147146,-0.065693,0.009717,-0.128570,-0.219083,-0.121367,-0.158262,-0.180620,-0.175364,-0.061544,-0.029867
X_feature_price_price_to_ma63,X_feature_price_atr126,-0.038174,0.131334,-0.150914,-0.166336,-0.220334,0.100654,-0.064911,0.038789,-0.050348,-0.037645,-0.237468,0.119476,0.053366,-0.124121,-0.019720,0.060832,-0.077023,-0.148604,-0.031391,-0.092303,-0.111316,-0.086008,0.021828,0.020232
X_feature_price_price_to_ma63,X_feature_price_vol252,-0.032719,0.139921,-0.128137,-0.150397,-0.217148,0.112796,-0.068020,0.047519,-0.045211,-0.001500,-0.222683,0.104159,0.063113,-0.126788,-0.008212,0.080168,-0.050980,-0.125231,-0.015446,-0.076276,-0.077723,-0.060526,0.021202,0.046448
X_feature_price_price_to_ma63,X_feature_market_cap_log_identity,-0.252979,-0.194301,-0.179779,-0.096381,-0.130430,-0.026102,-0.079103,-0.100916,-0.112144,-0.149598,-0.195678,-0.048091,-0.061412,-0.138275,-0.101804,-0.070349,-0.142990,-0.142948,-0.062182,-0.142828,-0.152159,-0.137752,-0.161059,-0.081295
X_feature_price_price_to_ma63,X_feature_market_cap_log_std21,-0.061568,0.060363,-0.142939,-0.184473,-0.278025,0.166526,-0.000117,0.064127,0.018713,-0.023498,-0.340627,0.151856,0.097929,-0.113618,-0.001780,0.124239,-0.051279,-0.181094,-0.055058,-0.025031,-0.130927,-0.031765,0.048475,0.082574
X_feature_price_price_to_ma63,X_feature_market_cap_log_std126,-0.022168,0.120725,-0.096091,-0.153344,-0.200010,0.199577,0.045187,0.125056,0.044695,0.033920,-0.323441,0.188983,0.117092,-0.085905,0.058629,0.219489,0.020037,-0.093026,0.033047,0.051576,-0.026161,0.010608,0.044574,0.182472
X_feature_price_price_to_ma63,X_feature_market_cap_log_std504,0.036834,0.137747,-0.109198,-0.136450,-0.138322,0.136357,0.003679,0.089291,-0.016576,0.030365,-0.225163,0.150341,0.075322,-0.033963,0.001138,0.070699,-0.017553,-0.050615,-0.007560,0.002628,-0.029453,-0.043218,0.063621,0.080535
X_feature_price_price_to_ma63,X_feature_market_cap_log_std252,0.020069,0.121573,-0.089747,-0.129846,-0.170136,0.140588,0.016157,0.101268,0.016485,0.035346,-0.279038,0.173781,0.095261,-0.065564,0.024902,0.152595,-0.003290,-0.094783,0.003252,0.003007,-0.000110,-0.071653,0.024737,0.103445
X_feature_price_price_to_ma63,X_feature_market_cap_log_diff_126,-0.534089,-0.519852,-0.541899,-0.469548,-0.530825,-0.496818,-0.521648,-0.554223,-0.500517,-0.614459,-0.602344,-0.472409,-0.521918,-0.541947,-0.482579,-0.553877,-0.536146,-0.551911,-0.536442,-0.529253,-0.588111,-0.503648,-0.542737,-0.540698
X_feature_price_price_to_ma63,X_feature_market_cap_log_to_min126,0.628282,0.639936,0.612072,0.556325,0.569983,0.611254,0.649373,0.668017,0.667473,0.688896,0.544089,0.575935,0.671619,0.608862,0.651988,0.662135,0.646141,0.681084,0.662176,0.671088,0.708317,0.681854,0.570986,0.646659
X_feature_price_price_to_ma63,X_feature_market_cap_log_to_max504,-0.569986,-0.471184,-0.524232,-0.336667,-0.454050,-0.233203,-0.558311,-0.570198,-0.506251,-0.593817,-0.538436,-0.097599,-0.404223,-0.601499,-0.372319,-0.485975,-0.585227,-0.566286,-0.312860,-0.504101,-0.586959,-0.412341,-0.426263,-0.552164
X_feature_price_price_to_ma63,X_feature_market_cap_log_diff_504,-0.279389,-0.284425,-0.097648,-0.054589,-0.325772,-0.143609,-0.233916,-0.286553,-0.190069,-0.346689,-0.325689,-0.096166,-0.286682,-0.234635,-0.228059,-0.199032,-0.212662,-0.351110,-0.137475,-0.297866,-0.223005,-0.255690,-0.318314,-0.151781
X_feature_price_price_to_ma63,X_feature_market_cap_log_to_min504,-0.339725,-0.400446,-0.183983,-0.204476,-0.408577,-0.385166,-0.204786,-0.332730,-0.240292,-0.397593,-0.360554,-0.469767,-0.242811,-0.258181,-0.366085,-0.317613,-0.230977,-0.404155,-0.406942,-0.329747,-0.297588,-0.385449,-0.485047,-0.261313
X_feature_price_price_to_ma63,X_feature_pv_pv_corr21,0.412683,0.473399,0.463141,0.416562,0.406679,0.458376,0.481910,0.478611,0.471126,0.426079,0.399782,0.381496,0.402353,0.384358,0.421362,0.432520,0.443467,0.394878,0.417487,0.450299,0.380337,0.365496,0.316017,0.372672
X_feature_price_price_to_ma63,X_feature_pv_pv_corr126,0.314484,0.321571,0.274312,0.238441,0.249639,0.284330,0.303704,0.327336,0.304825,0.322277,0.304354,0.239155,0.270693,0.306217,0.295228,0.318294,0.315200,0.309736,0.292216,0.304795,0.306815,0.280510,0.210882,0.268923
X_feature_price_price_to_ma63,X_feature_pv_pv_corr63,0.410529,0.469234,0.436195,0.387244,0.412232,0.458836,0.492822,0.489752,0.469931,0.460812,0.420800,0.376098,0.415038,0.434255,0.445814,0.458383,0.470850,0.448781,0.441368,0.493876,0.440400,0.402887,0.324725,0.382234
X_feature_price_price_to_ma63,X_feature_liquidity_turnover_level63,-0.059129,0.131578,-0.080310,-0.127593,-0.168074,0.080270,-0.052873,0.043669,-0.055506,-0.034433,-0.167071,0.057818,0.031706,-0.080010,-0.042635,0.020702,-0.046851,-0.130782,-0.021274,-0.088329,-0.071508,-0.087862,0.027356,0.004835
X_feature_price_price_to_ma63,X_feature_volume_log_volume_ratio_max126,-0.029136,-0.023624,-0.021171,-0.032370,-0.036040,-0.009193,-0.007886,-0.000812,0.005136,0.026863,-0.024007,0.005670,0.009138,-0.005489,-0.002501,0.030001,0.032556,0.048069,0.015318,0.042873,0.029556,0.046005,0.072622,-0.001932
X_feature_price_price_to_ma63,X_feature_volume_log_volume_ratio_max252,-0.012704,-0.010614,-0.001792,-0.002821,0.003937,0.009743,0.016581,0.011017,0.018717,0.032705,-0.013133,0.009846,0.018381,0.002347,0.031165,0.061297,0.051691,0.057941,0.008656,0.052251,0.049658,0.057929,0.089579,-0.011556
X_feature_price_price_to_ma63,X_feature_pv_illiquidity_mean21,-0.164392,-0.170088,-0.107300,-0.025622,-0.055225,0.010987,-0.005836,-0.058957,-0.042050,-0.088278,-0.133610,0.016212,-0.009750,-0.083073,-0.050194,-0.027586,-0.110039,-0.090338,-0.047167,-0.093365,-0.122661,-0.087540,-0.126609,-0.046468
X_feature_price_price_to_ma63,X_feature_volume_log_volume_std504,-0.065917,-0.046160,0.018745,0.030231,0.061999,0.041698,0.031450,0.020008,-0.007806,-0.006214,-0.066136,0.028670,0.019317,-0.028436,0.012972,0.024512,-0.022411,0.013604,-0.032630,0.007147,-0.027385,0.006999,0.029860,-0.056276
X_feature_price_price_to_ma63,X_feature_volume_log_volume_std126,-0.067615,-0.064432,0.005806,0.052988,-0.003794,0.037212,0.008683,-0.000395,-0.011288,-0.013987,-0.078706,0.035318,0.014029,-0.034162,-0.015884,0.008513,-0.032534,-0.007601,-0.029059,-0.024210,-0.046258,-0.001850,0.033730,-0.043783
X_feature_price_price_to_ma63,X_feature_volume_log_volume_std63,-0.078380,-0.077382,-0.005394,0.028129,-0.045066,0.006530,-0.017364,-0.014410,-0.010805,-0.009258,-0.099843,0.017656,0.002333,-0.040927,-0.036378,-0.011879,-0.030693,-0.022686,-0.038973,-0.047812,-0.067739,-0.022587,0.012989,-0.045012
X_feature_price_price_to_ma63,X_feature_market_corr504,-0.083796,-0.090330,0.095417,0.078901,0.129683,0.015284,0.053701,0.072679,-0.030969,0.051574,-0.044853,-0.011995,-0.037326,0.006448,-0.035516,-0.029316,0.020867,-0.049047,-0.047229,-0.116511,0.056539,-0.089831,0.001696,-0.084292
X_feature_price_price_to_ma63,X_feature_market_corr252,-0.071537,-0.111336,0.089013,0.090683,0.075559,0.022434,0.069988,0.078386,-0.028053,0.049746,-0.065054,-0.005699,-0.046830,0.025552,-0.045017,-0.038830,0.022886,-0.079797,-0.070775,-0.128510,0.037195,-0.089491,0.027416,-0.092116
X_feature_price_price_to_ma63,X_feature_short_interest_to_volume_log_ratio_std252,-0.069212,-0.032464,-0.021792,0.005207,0.026438,0.039823,0.030220,0.003185,-0.018713,-0.025172,-0.084798,0.025800,0.008727,-0.036528,-0.007078,0.038905,-0.041200,-0.033258,-0.019925,0.000989,-0.040347,0.002507,0.008788,-0.027783
X_feature_price_price_to_ma63,X_feature_short_interest_to_volume_log_ratio_std63,-0.091513,-0.066280,-0.034192,0.000786,-0.066520,-0.007300,-0.037753,-0.022974,-0.047332,-0.051791,-0.114430,-0.004224,-0.022953,-0.050362,-0.060178,-0.009249,-0.077995,-0.036521,-0.060529,-0.041677,-0.090617,-0.044451,-0.023222,-0.057985
X_feature_price_price_to_ma63,X_feature_short_interest_to_volume_log_ratio,0.005062,-0.037431,0.049772,0.073256,0.060105,0.019296,0.046252,-0.000634,0.021597,-0.044187,0.051630,-0.010534,0.036028,0.037879,0.033702,0.039547,0.070898,0.018764,0.027478,0.009482,0.073829,0.033029,0.062209,0.002765
X_feature_price_price_to_ma63,X_feature_short_interest_to_volume_log_ratio_mean252,-0.013809,-0.081956,0.034811,0.070581,0.096997,-0.002246,0.012820,-0.024806,-0.015157,-0.082309,0.018611,-0.022170,0.032629,0.012559,0.019581,-0.017212,0.008115,-0.038260,-0.011625,-0.028822,0.028613,-0.034016,0.000846,-0.039157
X_feature_price_price_to_ma63,X_feature_short_interest_to_volume_log_ratio_mean63,-0.026175,-0.083464,0.032214,0.064967,0.052547,-0.003105,0.026012,-0.029650,-0.005843,-0.069777,0.023698,-0.020235,0.017390,0.012547,0.012209,0.012190,0.043504,-0.025275,-0.003514,-0.021236,0.042976,-0.002948,0.029785,-0.025984
X_feature_price_price_to_ma63,X_feature_short_interest_log_diff21,0.039804,0.054123,0.045758,0.047787,0.031634,0.056707,0.045932,0.020776,0.024540,-0.005440,-0.002556,0.036447,0.037252,0.033087,0.008084,-0.004017,-0.010483,-0.025224,-0.026580,-0.045109,-0.023642,-0.026254,-0.024936,-0.011299
X_feature_price_price_to_ma63,X_feature_short_interest_log_diff252,-0.030071,-0.001279,-0.009650,-0.020321,-0.050665,0.024407,0.031480,-0.004029,0.001259,-0.067251,-0.057329,0.010707,-0.011854,-0.021000,-0.020597,0.010798,0.022782,-0.059570,-0.021359,-0.060580,-0.015933,-0.011326,0.028673,0.016705
X_feature_price_price_to_ma63,X_feature_short_interest_log_diff63,0.003400,0.033048,0.012117,0.018312,-0.012548,0.017561,0.043181,-0.000536,0.008380,-0.030943,-0.006978,0.021577,0.026468,0.023298,0.018352,-0.004284,-0.006459,-0.012102,-0.010503,-0.053143,-0.030095,-0.027747,-0.003588,-0.006751
X_feature_price_price_to_ma63,X_feature_short_interest_log_diff126,-0.018446,0.007500,-0.010570,0.000190,-0.044270,0.007334,0.050103,-0.013867,0.003462,-0.045369,-0.023009,0.013787,-0.000828,0.015241,-0.018422,0.005674,0.010595,-0.015886,-0.029019,-0.039185,-0.034146,-0.021246,0.012151,-0.014548
X_feature_price_bb_pct126,X_feature_price_price_to_min252,0.647927,0.666579,0.588062,0.529811,0.540808,0.484585,0.472435,0.634586,0.563512,0.654412,0.684765,0.423871,0.494462,0.505631,0.578702,0.490603,0.505863,0.673142,0.608910,0.555415,0.671081,0.603937,0.513895,0.384209
X_feature_price_bb_pct126,X_feature_price_ret90_shift0,0.833817,0.840444,0.852828,0.824302,0.779180,0.732093,0.800830,0.836524,0.825549,0.835536,0.723990,0.649460,0.805643,0.768672,0.797856,0.735421,0.823894,0.856341,0.820502,0.814257,0.846625,0.840050,0.786031,0.759342
X_feature_price_bb_pct126,X_feature_price_price_to_ma252,0.814367,0.789422,0.783998,0.764660,0.742234,0.665800,0.759451,0.794025,0.779644,0.806876,0.664601,0.541720,0.757287,0.728424,0.778351,0.705863,0.752079,0.805630,0.787401,0.759810,0.797175,0.804755,0.755096,0.688134
X_feature_price_bb_pct126,X_feature_price_sharpe_ratio_compound_r126_volatility126_rolling,0.769246,0.774752,0.789737,0.637251,0.629446,0.672749,0.742685,0.778513,0.768501,0.775307,0.707516,0.603531,0.721524,0.711606,0.735527,0.674867,0.745593,0.788834,0.774788,0.740388,0.786311,0.785510,0.745239,0.676585
X_feature_price_bb_pct126,X_feature_price_macd_21_126,0.560462,0.601902,0.602595,0.579910,0.569706,0.397790,0.476815,0.552118,0.531208,0.546769,0.433621,0.309510,0.463345,0.449344,0.528312,0.330985,0.452496,0.584754,0.562419,0.501186,0.568883,0.593723,0.520019,0.323525
X_feature_price_bb_pct126,X_feature_price_final_to_high90_exclude10,0.654741,0.627273,0.710657,0.698445,0.659225,0.602942,0.697992,0.678085,0.694444,0.680873,0.528603,0.544595,0.646580,0.653239,0.692906,0.674042,0.715516,0.720411,0.703623,0.721665,0.690631,0.741460,0.654834,0.662673
X_feature_price_bb_pct126,X_feature_price_price_to_max252,0.796968,0.705576,0.776807,0.688303,0.648028,0.638853,0.831269,0.784479,0.789092,0.792386,0.561328,0.407136,0.777223,0.758429,0.720225,0.815195,0.811109,0.791314,0.709480,0.832703,0.791380,0.791499,0.687468,0.806435
X_feature_price_bb_pct126,X_feature_price_final_to_high252_exclude21,0.523811,0.414731,0.541230,0.489722,0.439195,0.333008,0.542885,0.515729,0.521921,0.509502,0.322614,0.146970,0.490657,0.484456,0.474447,0.487924,0.518250,0.565932,0.448823,0.554200,0.509697,0.554812,0.423750,0.449395
X_feature_price_bb_pct126,X_feature_price_lag1,-0.157376,-0.169250,-0.180990,-0.115298,-0.155203,-0.148428,-0.156872,-0.139510,-0.157362,-0.169851,-0.133616,-0.128614,-0.145411,-0.188917,-0.088135,-0.179034,-0.149007,-0.148210,-0.165219,-0.150722,-0.181289,-0.113538,-0.152057,-0.148646
X_feature_price_bb_pct126,X_feature_price_ret21_shift0,-0.640516,-0.669052,-0.652859,-0.557357,-0.620825,-0.642393,-0.644538,-0.668704,-0.642278,-0.703928,-0.635176,-0.619573,-0.631707,-0.674539,-0.638037,-0.694665,-0.666669,-0.662273,-0.620802,-0.656778,-0.681095,-0.595775,-0.630260,-0.698112
X_feature_price_bb_pct126,X_feature_price_ret10_shift0,-0.487181,-0.491916,-0.481300,-0.411332,-0.468514,-0.483001,-0.485446,-0.493549,-0.482807,-0.535621,-0.481464,-0.460850,-0.475004,-0.507375,-0.468228,-0.526803,-0.480536,-0.493746,-0.443465,-0.489208,-0.510078,-0.442871,-0.471262,-0.523481
X_feature_price_bb_pct126,X_feature_price_ret5_shift0,-0.358794,-0.365874,-0.351965,-0.303199,-0.341616,-0.353323,-0.354801,-0.356527,-0.349980,-0.396288,-0.360215,-0.329980,-0.347329,-0.379959,-0.330271,-0.376516,-0.346049,-0.358358,-0.318107,-0.354457,-0.376872,-0.317263,-0.359602,-0.381995
X_feature_price_bb_pct126,X_feature_price_downside_vol10,0.331197,0.129336,0.313073,0.454402,0.433947,0.253941,0.369338,0.248615,0.329518,0.313671,0.287858,0.227462,0.285236,0.408096,0.391747,0.351038,0.379435,0.423761,0.423244,0.454819,0.352823,0.461670,0.383954,0.339674
X_feature_price_bb_pct126,X_feature_price_downside_vol21,0.357136,0.131661,0.333472,0.487082,0.469307,0.280112,0.426142,0.292212,0.380794,0.345777,0.296369,0.233185,0.326560,0.439532,0.443985,0.409807,0.441894,0.478524,0.487021,0.510264,0.396089,0.516889,0.408290,0.372313
X_feature_price_bb_pct126,X_feature_price_vol10,0.131052,-0.103248,0.149716,0.347013,0.316992,0.055313,0.182360,0.019382,0.141229,0.075809,0.111254,0.037758,0.080640,0.218150,0.217460,0.127234,0.195096,0.245488,0.262084,0.276134,0.161202,0.329001,0.198171,0.130515
X_feature_price_bb_pct126,X_feature_price_upside_vol10,-0.077829,-0.263492,-0.018203,0.169515,0.111710,-0.133419,-0.048291,-0.190690,-0.065968,-0.144858,-0.085506,-0.129290,-0.123819,-0.016402,-0.001336,-0.118554,-0.046103,-0.003924,0.014260,0.012666,-0.099397,0.084293,-0.017228,-0.103921
X_feature_price_bb_pct126,X_feature_price_upside_vol21,-0.052952,-0.280021,0.003707,0.207101,0.155487,-0.127724,-0.022926,-0.211266,-0.062791,-0.153965,-0.086217,-0.136028,-0.119787,-0.016000,0.015153,-0.113814,-0.052245,-0.010991,0.010129,0.006340,-0.116244,0.085360,-0.024861,-0.100485
X_feature_price_bb_pct126,X_feature_price_upside_vol63,-0.016536,-0.279308,0.026222,0.237821,0.172523,-0.067846,0.030005,-0.195870,-0.038030,-0.141338,-0.093849,-0.082984,-0.089432,0.000468,0.045620,-0.055615,-0.039795,-0.011373,-0.009661,0.010706,-0.146417,0.069471,0.011339,-0.053264
X_feature_price_bb_pct126,X_feature_price_atr5,0.166925,-0.054207,0.186670,0.377102,0.347001,0.084205,0.230833,0.048836,0.170587,0.100169,0.139007,0.038994,0.088027,0.215034,0.235181,0.134352,0.206801,0.270330,0.272702,0.286659,0.186527,0.355853,0.203316,0.137808
X_feature_price_bb_pct126,X_feature_price_downside_vol126,0.279844,-0.005794,0.276458,0.412851,0.363614,0.187073,0.366513,0.227173,0.355141,0.271601,0.181832,0.081462,0.217586,0.353852,0.322063,0.315775,0.371039,0.406732,0.326596,0.416917,0.312552,0.430147,0.265786,0.240735
X_feature_price_bb_pct126,X_feature_price_downside_vol63,0.327584,0.085710,0.320059,0.474033,0.445275,0.264660,0.438404,0.305148,0.408887,0.351306,0.245515,0.184613,0.305308,0.421079,0.413237,0.410555,0.453404,0.491740,0.461926,0.515335,0.390114,0.507778,0.366000,0.334178
X_feature_price_bb_pct126,X_feature_price_atr21,0.175769,-0.070391,0.192794,0.385564,0.353544,0.106002,0.265774,0.058884,0.194646,0.108687,0.121483,0.045316,0.103234,0.220398,0.249968,0.166417,0.232516,0.282387,0.283625,0.307063,0.189996,0.375837,0.201390,0.144015
X_feature_price_bb_pct126,X_feature_price_atr126,0.124799,-0.136389,0.167127,0.327905,0.261318,0.078460,0.239215,0.034509,0.200175,0.083972,0.054196,0.014005,0.087547,0.199612,0.213752,0.145656,0.207467,0.226020,0.204109,0.258570,0.137746,0.307413,0.123223,0.111549
X_feature_price_bb_pct126,X_feature_price_vol252,0.119200,-0.155191,0.135531,0.299083,0.246250,0.051897,0.236430,0.023106,0.186015,0.041452,0.042324,0.015750,0.066803,0.199636,0.191379,0.113616,0.176389,0.192510,0.171673,0.227395,0.093943,0.263711,0.109425,0.072709
X_feature_price_bb_pct126,X_feature_market_cap_log_identity,0.312903,0.229620,0.195059,0.101455,0.113371,0.055370,0.117619,0.120361,0.168743,0.174358,0.128260,0.105480,0.107991,0.170945,0.182039,0.139026,0.190720,0.159535,0.129290,0.222864,0.188660,0.214627,0.252286,0.134585
X_feature_price_bb_pct126,X_feature_market_cap_log_std21,0.141770,-0.054349,0.167774,0.333080,0.329184,-0.047204,0.108822,-0.023969,0.078332,0.040271,0.217398,-0.030900,0.005131,0.173278,0.149280,-0.012276,0.119079,0.235193,0.174084,0.130258,0.126816,0.194398,0.060857,-0.021720
X_feature_price_bb_pct126,X_feature_market_cap_log_std126,0.108654,-0.147376,0.113406,0.296376,0.234196,-0.023469,0.083047,-0.086408,0.084211,-0.019228,0.161379,-0.046222,0.003677,0.152189,0.105531,-0.047175,0.070319,0.153596,0.104732,0.072998,0.027033,0.202335,0.076696,-0.103858
X_feature_price_bb_pct126,X_feature_market_cap_log_std504,-0.024978,-0.165092,0.107862,0.247507,0.130342,0.009627,0.090623,-0.086168,0.098817,-0.022662,0.052499,-0.039777,0.010493,0.054043,0.117646,0.034809,0.068225,0.058173,0.107856,0.060174,-0.009168,0.182421,0.022457,0.000652
X_feature_price_bb_pct126,X_feature_market_cap_log_std252,0.007652,-0.141643,0.099987,0.232739,0.187046,0.011788,0.077616,-0.094572,0.073604,-0.053444,0.115557,-0.051713,-0.030028,0.109572,0.100000,-0.038641,0.053019,0.126545,0.115169,0.072786,-0.039052,0.218092,0.100799,-0.055289
X_feature_price_bb_pct126,X_feature_market_cap_log_diff_126,0.683741,0.688050,0.698783,0.712196,0.670996,0.591920,0.663656,0.717647,0.690860,0.714561,0.610150,0.505559,0.667453,0.628385,0.678623,0.592261,0.670648,0.734472,0.714727,0.672210,0.741523,0.730873,0.709058,0.608068
X_feature_price_bb_pct126,X_feature_market_cap_log_to_min126,-0.596581,-0.720631,-0.667042,-0.484787,-0.576352,-0.548446,-0.624602,-0.712428,-0.657603,-0.721924,-0.681637,-0.483915,-0.654004,-0.582907,-0.611801,-0.587562,-0.655040,-0.715609,-0.624657,-0.666093,-0.776300,-0.613062,-0.533457,-0.635671
X_feature_price_bb_pct126,X_feature_market_cap_log_to_max504,0.691431,0.555312,0.623812,0.514398,0.540098,0.390323,0.715369,0.688997,0.658940,0.664209,0.471613,0.207150,0.535842,0.678664,0.564049,0.637640,0.704226,0.695607,0.488245,0.655774,0.682519,0.622411,0.579472,0.655181
X_feature_price_bb_pct126,X_feature_market_cap_log_diff_504,0.326656,0.344946,0.161372,0.053320,0.379775,0.226704,0.253284,0.350978,0.215709,0.369107,0.322098,0.191104,0.330516,0.255953,0.311503,0.268046,0.231969,0.438593,0.250494,0.386161,0.307095,0.348599,0.429016,0.173432
X_feature_price_bb_pct126,X_feature_market_cap_log_to_min504,0.363786,0.479195,0.250448,0.168093,0.430505,0.347587,0.174924,0.390094,0.244157,0.423954,0.507042,0.377263,0.206795,0.266994,0.392798,0.303050,0.227177,0.475003,0.429521,0.365874,0.386472,0.424137,0.494407,0.226351
X_feature_price_bb_pct126,X_feature_pv_pv_corr21,-0.351055,-0.404411,-0.375880,-0.300776,-0.354165,-0.388938,-0.396879,-0.389494,-0.385784,-0.374923,-0.359000,-0.331009,-0.321198,-0.330346,-0.333361,-0.358721,-0.367244,-0.326495,-0.345094,-0.383649,-0.311218,-0.283770,-0.260352,-0.294539
X_feature_price_bb_pct126,X_feature_pv_pv_corr126,-0.409793,-0.408704,-0.354855,-0.317982,-0.320496,-0.354801,-0.387907,-0.407783,-0.410365,-0.377033,-0.335022,-0.250741,-0.308195,-0.344480,-0.355591,-0.311788,-0.380877,-0.392360,-0.350437,-0.381323,-0.374194,-0.360299,-0.227255,-0.249965
X_feature_price_bb_pct126,X_feature_pv_pv_corr63,-0.428015,-0.482832,-0.441876,-0.374369,-0.420311,-0.449286,-0.484925,-0.482866,-0.474228,-0.454338,-0.416505,-0.376464,-0.389925,-0.413047,-0.422958,-0.406333,-0.469969,-0.439687,-0.433832,-0.488794,-0.424987,-0.384277,-0.297522,-0.327831
X_feature_price_bb_pct126,X_feature_liquidity_turnover_level63,0.135435,-0.136043,0.076182,0.220171,0.176228,0.042510,0.190186,0.015393,0.178353,0.078907,0.031905,0.032583,0.077119,0.121479,0.183882,0.149877,0.147759,0.186667,0.144503,0.229983,0.106119,0.237276,0.071369,0.101361
X_feature_price_bb_pct126,X_feature_volume_log_volume_ratio_max126,0.050458,0.045807,0.037207,0.036304,0.039879,0.071411,0.082671,0.048239,0.047240,-0.009786,-0.025780,0.011603,0.029392,0.014566,0.037356,0.046411,0.036201,-0.049473,0.019455,0.022044,-0.015051,0.004818,-0.076406,0.048910
X_feature_price_bb_pct126,X_feature_volume_log_volume_ratio_max252,0.028092,0.029801,0.010500,-0.001172,-0.017994,0.017754,0.038518,0.016835,0.015535,-0.022401,-0.022047,-0.017784,0.005546,0.000021,-0.009789,-0.007695,-0.004523,-0.066216,0.006766,-0.010502,-0.048249,-0.020176,-0.110175,0.056747
X_feature_price_bb_pct126,X_feature_pv_illiquidity_mean21,0.208684,0.211041,0.140643,0.034235,0.056078,0.000784,0.015469,0.064623,0.075953,0.101701,0.092112,0.042077,0.036321,0.121066,0.120107,0.066380,0.146792,0.101564,0.115832,0.155195,0.152353,0.168512,0.220192,0.089506
X_feature_price_bb_pct126,X_feature_volume_log_volume_std504,0.077072,0.067303,-0.030076,-0.053539,-0.085608,-0.039670,-0.000959,-0.012237,0.040749,0.018125,0.046325,-0.009911,0.022778,0.050774,0.038075,0.037159,0.080126,-0.029027,0.058851,0.040782,0.039761,0.043991,-0.007218,0.100975
X_feature_price_bb_pct126,X_feature_volume_log_volume_std126,0.081861,0.084156,-0.004580,-0.069955,-0.003118,0.005476,0.042652,0.025541,0.048189,0.022905,0.049068,0.006147,0.029497,0.062764,0.067206,0.066863,0.091574,-0.003978,0.055713,0.086998,0.066118,0.045715,-0.009744,0.092429
X_feature_price_bb_pct126,X_feature_volume_log_volume_std63,0.086147,0.094729,0.005222,-0.035526,0.038586,0.030428,0.057626,0.034217,0.039591,0.015294,0.075784,0.027114,0.043599,0.067774,0.073805,0.076266,0.085295,0.008809,0.059725,0.100357,0.075818,0.060531,0.001909,0.082757
X_feature_price_bb_pct126,X_feature_market_corr504,0.093526,0.127447,-0.106511,-0.190055,-0.160053,0.014510,-0.045462,-0.074707,0.088111,-0.042713,-0.014247,0.026206,0.067413,-0.038609,0.074637,0.136147,0.039652,0.048233,0.085593,0.198778,-0.012907,0.042116,0.023444,0.180687
X_feature_price_bb_pct126,X_feature_market_corr252,0.072797,0.149625,-0.103087,-0.209103,-0.113125,0.035757,-0.058783,-0.058029,0.077785,-0.049713,-0.005252,0.032210,0.076599,-0.057735,0.084644,0.139146,0.031448,0.085569,0.115976,0.201266,0.007119,0.045205,0.002168,0.164596
X_feature_price_bb_pct126,X_feature_short_interest_to_volume_log_ratio_std252,0.096128,0.054739,0.019562,-0.002510,-0.040994,-0.009485,0.006480,0.011288,0.058360,0.036466,0.046859,0.032569,0.034187,0.059058,0.059296,0.025974,0.105472,0.051370,0.063193,0.053143,0.053186,0.062702,0.049752,0.082521
X_feature_price_bb_pct126,X_feature_short_interest_to_volume_log_ratio_std63,0.107986,0.077277,0.031443,-0.009158,0.076208,0.063531,0.093124,0.052710,0.078143,0.060833,0.080163,0.053853,0.076374,0.072650,0.112612,0.088032,0.150995,0.038953,0.096177,0.108470,0.104595,0.117847,0.058218,0.108999
X_feature_price_bb_pct126,X_feature_short_interest_to_volume_log_ratio,-0.018730,0.036325,-0.055420,-0.136801,-0.079922,-0.031261,-0.059226,-0.004200,-0.041443,0.044455,-0.036280,-0.002443,-0.061544,-0.044838,-0.041366,-0.029369,-0.062426,-0.014590,-0.017760,0.032758,-0.055607,-0.023790,-0.062653,0.024694
X_feature_price_bb_pct126,X_feature_short_interest_to_volume_log_ratio_mean252,-0.009933,0.088925,-0.034291,-0.116203,-0.093438,-0.001623,-0.038458,0.014345,-0.006573,0.086181,0.000965,0.044248,-0.058391,-0.016552,-0.042045,0.017444,-0.010339,0.027888,0.010231,0.067982,-0.025935,0.026666,-0.004687,0.062166
X_feature_price_bb_pct126,X_feature_short_interest_to_volume_log_ratio_mean63,-0.001858,0.080739,-0.051384,-0.112589,-0.069561,-0.022560,-0.071195,0.006238,-0.035770,0.059702,0.000878,0.007099,-0.059760,-0.023492,-0.048119,-0.021354,-0.061949,0.009379,-0.001293,0.045358,-0.044479,-0.013229,-0.054759,0.040354
X_feature_price_bb_pct126,X_feature_short_interest_log_diff21,-0.005201,-0.035812,-0.019358,-0.033500,-0.010614,-0.030928,-0.027594,-0.010898,-0.013644,0.024287,0.018011,-0.005574,0.001578,-0.004019,0.035605,0.030975,0.047913,0.056814,0.053612,0.084071,0.052321,0.061071,0.068822,0.020533
X_feature_price_bb_pct126,X_feature_short_interest_log_diff252,0.044631,-0.001657,-0.004336,0.007911,0.042231,-0.021245,-0.047245,-0.006073,-0.009767,0.071707,0.048017,-0.003240,0.016868,0.029735,0.064570,0.014982,-0.010095,0.093875,0.079250,0.103077,0.054067,0.054904,0.028638,0.000430
X_feature_price_bb_pct126,X_feature_short_interest_log_diff63,0.006986,-0.054978,-0.025468,-0.057730,-0.010885,-0.031962,-0.050545,-0.007917,-0.015347,0.030153,0.022875,-0.020718,-0.008099,-0.018291,0.032095,0.024159,0.046670,0.058403,0.057242,0.098227,0.072151,0.083648,0.079816,0.028370
X_feature_price_bb_pct126,X_feature_short_interest_log_diff126,0.031465,-0.026847,-0.013049,-0.034891,0.020118,-0.004177,-0.063563,0.000274,-0.020015,0.045344,0.016951,-0.014308,0.007148,-0.008908,0.045637,0.014702,0.018801,0.053507,0.070754,0.087054,0.076699,0.076006,0.055501,0.020890
X_feature_price_price_to_min252,X_feature_price_ret90_shift0,0.643470,0.677507,0.599772,0.468070,0.540178,0.660653,0.579540,0.712732,0.631546,0.725980,0.478067,0.534086,0.587854,0.589405,0.681168,0.675957,0.610828,0.681352,0.638866,0.655576,0.710850,0.639722,0.519093,0.532382
X_feature_price_price_to_min252,X_feature_price_price_to_ma252,0.791542,0.791290,0.780331,0.509786,0.496784,0.685966,0.808191,0.861032,0.828144,0.871210,0.481460,0.380702,0.826049,0.762155,0.757093,0.870770,0.850436,0.797166,0.655178,0.865725,0.867357,0.743818,0.525512,0.823218
X_feature_price_price_to_min252,X_feature_price_sharpe_ratio_compound_r126_volatility126_rolling,0.681697,0.721697,0.674891,0.448354,0.463665,0.607070,0.575884,0.746607,0.665489,0.762431,0.591598,0.459796,0.584326,0.642466,0.644744,0.665018,0.647857,0.725207,0.620639,0.698076,0.776123,0.657779,0.524466,0.565608
X_feature_price_price_to_min252,X_feature_price_macd_21_126,0.528469,0.627956,0.665887,0.383615,0.378648,0.297902,0.418998,0.542082,0.549111,0.563692,0.449539,0.210690,0.448543,0.424685,0.468641,0.337250,0.435141,0.573817,0.441295,0.520436,0.630638,0.547483,0.359861,0.329136
X_feature_price_price_to_min252,X_feature_price_final_to_high90_exclude10,0.355418,0.277205,0.258323,0.225134,0.224985,0.101737,0.220664,0.325965,0.279851,0.399526,0.220614,-0.033817,0.223085,0.245492,0.346439,0.287809,0.286120,0.443476,0.341648,0.374669,0.431334,0.399888,0.182002,0.174376
X_feature_price_price_to_min252,X_feature_price_price_to_max252,0.507619,0.420593,0.422796,0.261964,0.217862,0.159402,0.352610,0.481881,0.430406,0.529437,0.289802,-0.110442,0.365798,0.362970,0.430801,0.407802,0.432390,0.558258,0.363799,0.529768,0.578166,0.495291,0.277058,0.299719
X_feature_price_price_to_min252,X_feature_price_final_to_high252_exclude21,0.376831,0.288927,0.354501,0.171380,0.114723,0.061409,0.277033,0.396622,0.361397,0.435365,0.142341,-0.232094,0.290847,0.285206,0.332520,0.339728,0.385673,0.471165,0.232627,0.474978,0.481855,0.396006,0.146657,0.239792
X_feature_price_price_to_min252,X_feature_price_lag1,-0.104053,-0.079523,-0.140742,-0.094215,-0.092467,-0.084381,-0.062790,-0.083810,-0.071032,-0.089839,-0.145740,-0.086928,-0.053857,-0.061293,-0.041460,-0.094984,-0.066385,-0.109438,-0.098046,-0.068082,-0.128780,-0.069627,-0.111888,-0.042585
X_feature_price_price_to_min252,X_feature_price_ret21_shift0,-0.454583,-0.420767,-0.375516,-0.437096,-0.391917,-0.337441,-0.324694,-0.384501,-0.349340,-0.426894,-0.481766,-0.357647,-0.311564,-0.369432,-0.371145,-0.337874,-0.312877,-0.431618,-0.425538,-0.328540,-0.403267,-0.389816,-0.407535,-0.263100
X_feature_price_price_to_min252,X_feature_price_ret10_shift0,-0.346864,-0.294754,-0.287630,-0.326587,-0.292924,-0.236525,-0.232342,-0.263834,-0.246061,-0.318462,-0.418327,-0.260774,-0.213891,-0.270649,-0.253469,-0.233643,-0.211211,-0.318875,-0.296722,-0.233746,-0.295252,-0.281302,-0.326792,-0.172695
X_feature_price_price_to_min252,X_feature_price_ret5_shift0,-0.256501,-0.219039,-0.207702,-0.241236,-0.219698,-0.171704,-0.158821,-0.188707,-0.175873,-0.238671,-0.342578,-0.189186,-0.149553,-0.203822,-0.172614,-0.164949,-0.144664,-0.234537,-0.216233,-0.166276,-0.225253,-0.199306,-0.249148,-0.125403
X_feature_price_price_to_min252,X_feature_price_downside_vol10,0.006951,-0.235996,-0.169943,-0.003627,-0.035746,-0.248861,-0.087025,-0.096114,-0.104386,0.016225,-0.033900,-0.356473,-0.147144,-0.049876,0.004816,-0.077691,-0.050007,0.130332,0.046684,0.070248,0.051201,0.127049,-0.067329,-0.202570
X_feature_price_price_to_min252,X_feature_price_downside_vol21,-0.019759,-0.282303,-0.204900,-0.021948,-0.052714,-0.302439,-0.104455,-0.120741,-0.123919,-0.001830,-0.077697,-0.430025,-0.174331,-0.084269,0.009345,-0.091353,-0.060983,0.135627,0.057679,0.072535,0.048743,0.136855,-0.110521,-0.229086
X_feature_price_price_to_min252,X_feature_price_vol10,-0.158813,-0.411589,-0.314419,-0.107130,-0.154441,-0.392323,-0.219730,-0.250421,-0.240361,-0.143305,-0.222372,-0.500063,-0.282965,-0.193113,-0.118471,-0.222185,-0.176234,-0.007108,-0.082085,-0.043264,-0.098367,0.017490,-0.229740,-0.341838
X_feature_price_price_to_min252,X_feature_price_upside_vol10,-0.262550,-0.452846,-0.364477,-0.188906,-0.250665,-0.419997,-0.277490,-0.308797,-0.296221,-0.235872,-0.346705,-0.509937,-0.328243,-0.265931,-0.198181,-0.282710,-0.245454,-0.137772,-0.194065,-0.138665,-0.219455,-0.103867,-0.322126,-0.375502
X_feature_price_price_to_min252,X_feature_price_upside_vol21,-0.289333,-0.517449,-0.401820,-0.198517,-0.276373,-0.486223,-0.321845,-0.366064,-0.348764,-0.269867,-0.370785,-0.587363,-0.388194,-0.322037,-0.230228,-0.339945,-0.295933,-0.170567,-0.233205,-0.172537,-0.260663,-0.134172,-0.368036,-0.441650
X_feature_price_price_to_min252,X_feature_price_upside_vol63,-0.328022,-0.581507,-0.444792,-0.206891,-0.316786,-0.558034,-0.378628,-0.439071,-0.412683,-0.333354,-0.393946,-0.647729,-0.461682,-0.395416,-0.279707,-0.411999,-0.373924,-0.227491,-0.313124,-0.256102,-0.339742,-0.215072,-0.413354,-0.493542
X_feature_price_price_to_min252,X_feature_price_atr5,-0.130410,-0.392312,-0.300628,-0.089736,-0.143295,-0.400572,-0.206142,-0.257528,-0.247045,-0.156077,-0.209758,-0.529932,-0.319213,-0.241754,-0.134196,-0.251340,-0.195667,-0.005125,-0.104593,-0.055484,-0.107339,0.017360,-0.261550,-0.378545
X_feature_price_price_to_min252,X_feature_price_downside_vol126,-0.090076,-0.401884,-0.268170,-0.075648,-0.146182,-0.375330,-0.142454,-0.151091,-0.129424,-0.027741,-0.187886,-0.554182,-0.259339,-0.128189,-0.060498,-0.100691,-0.075926,0.120076,-0.050735,0.111547,0.026521,0.085886,-0.251336,-0.290926
X_feature_price_price_to_min252,X_feature_price_downside_vol63,-0.071409,-0.336773,-0.243829,-0.049847,-0.089505,-0.333837,-0.122306,-0.135423,-0.118827,-0.010504,-0.144059,-0.497502,-0.211115,-0.112677,-0.002841,-0.090083,-0.074003,0.142887,0.042695,0.108161,0.042405,0.129191,-0.177216,-0.263371
X_feature_price_price_to_min252,X_feature_price_atr21,-0.166589,-0.444010,-0.337628,-0.106895,-0.168918,-0.441056,-0.234584,-0.300262,-0.279830,-0.193405,-0.252819,-0.586224,-0.358569,-0.281449,-0.156347,-0.288806,-0.225713,-0.028063,-0.123426,-0.073493,-0.135643,0.003008,-0.304413,-0.425479
X_feature_price_price_to_min252,X_feature_price_atr126,-0.224047,-0.521846,-0.372658,-0.146810,-0.251145,-0.495303,-0.269640,-0.340651,-0.302903,-0.242897,-0.291654,-0.636761,-0.408835,-0.319380,-0.200290,-0.336827,-0.252329,-0.076988,-0.193744,-0.112537,-0.175429,-0.055573,-0.377958,-0.462909
X_feature_price_price_to_min252,X_feature_price_vol252,-0.255388,-0.567865,-0.407086,-0.183920,-0.289570,-0.557605,-0.303487,-0.367173,-0.313429,-0.267590,-0.323040,-0.646136,-0.453034,-0.318905,-0.238311,-0.363408,-0.276660,-0.132756,-0.251248,-0.174788,-0.217733,-0.126777,-0.421312,-0.521314
X_feature_price_price_to_min252,X_feature_market_cap_log_identity,0.235129,0.219637,0.224469,-0.031848,-0.051866,-0.013729,-0.003660,0.028585,0.088059,0.140722,0.025198,-0.188645,-0.012901,0.066903,0.051092,0.018244,0.129127,0.120534,-0.062444,0.089525,0.142264,0.132238,0.011106,-0.057323
X_feature_price_price_to_min252,X_feature_market_cap_log_std21,-0.122523,-0.338421,-0.254153,-0.096499,-0.110078,-0.381115,-0.214647,-0.245699,-0.225790,-0.121954,-0.130468,-0.448892,-0.262028,-0.180788,-0.111478,-0.197978,-0.162872,0.027906,-0.106009,-0.053226,-0.072238,-0.019360,-0.251395,-0.282659
X_feature_price_price_to_min252,X_feature_market_cap_log_std126,-0.192520,-0.472049,-0.352129,-0.159013,-0.218044,-0.569516,-0.348896,-0.464283,-0.342893,-0.321228,-0.169596,-0.653093,-0.371606,-0.273960,-0.299187,-0.497755,-0.338068,-0.120599,-0.326600,-0.268242,-0.227615,-0.193879,-0.472273,-0.489999
X_feature_price_price_to_min252,X_feature_market_cap_log_std504,-0.417850,-0.527220,-0.405559,-0.231795,-0.306172,-0.558594,-0.498567,-0.507041,-0.401023,-0.379853,-0.266449,-0.611245,-0.547242,-0.437958,-0.283177,-0.484243,-0.435133,-0.299255,-0.296826,-0.359438,-0.382211,-0.208752,-0.392524,-0.624736
X_feature_price_price_to_min252,X_feature_market_cap_log_std252,-0.442236,-0.553973,-0.433811,-0.346209,-0.354976,-0.619114,-0.625172,-0.607157,-0.502715,-0.528173,-0.209935,-0.681956,-0.675166,-0.509625,-0.385949,-0.708801,-0.586409,-0.294976,-0.388901,-0.507097,-0.463405,-0.288590,-0.469572,-0.811353
X_feature_price_price_to_min252,X_feature_market_cap_log_diff_126,0.655872,0.703892,0.688196,0.461482,0.513784,0.707279,0.658672,0.778634,0.693690,0.777731,0.458375,0.487027,0.679221,0.659388,0.686989,0.756128,0.703596,0.712536,0.640035,0.730466,0.774937,0.670161,0.509008,0.651283
X_feature_price_price_to_min252,X_feature_market_cap_log_to_min126,-0.738544,-0.812607,-0.816892,-0.724013,-0.787982,-0.826380,-0.699247,-0.802998,-0.742604,-0.790281,-0.892858,-0.886229,-0.709287,-0.750484,-0.749410,-0.757441,-0.707725,-0.763701,-0.819552,-0.716162,-0.771593,-0.742255,-0.862072,-0.663550
X_feature_price_price_to_min252,X_feature_market_cap_log_to_max504,0.467458,0.372611,0.447296,0.177527,0.154798,-0.003058,0.365548,0.493896,0.455906,0.515907,0.265488,-0.254819,0.341355,0.410758,0.391236,0.346463,0.447609,0.545301,0.212681,0.467605,0.556397,0.449409,0.234422,0.296365
X_feature_price_price_to_min252,X_feature_market_cap_log_diff_504,0.525966,0.511849,0.551333,0.143829,0.168511,0.044454,0.453252,0.624372,0.518410,0.533399,0.279258,-0.186855,0.360456,0.554833,0.423670,0.343263,0.503042,0.574847,0.118466,0.418274,0.504329,0.443867,0.243635,0.281913
X_feature_price_price_to_min252,X_feature_market_cap_log_to_min504,0.658238,0.765744,0.710872,0.509229,0.657582,0.776387,0.643246,0.717876,0.661335,0.698282,0.790607,0.945765,0.702063,0.647415,0.728526,0.677008,0.641999,0.729593,0.722224,0.702875,0.682987,0.740640,0.837140,0.765437
X_feature_price_price_to_min252,X_feature_pv_pv_corr21,-0.241784,-0.262798,-0.219284,-0.253414,-0.242384,-0.205083,-0.176137,-0.166793,-0.181631,-0.207070,-0.259390,-0.212138,-0.166492,-0.167652,-0.186596,-0.155445,-0.150516,-0.199903,-0.233540,-0.156088,-0.147070,-0.170270,-0.193149,-0.123493
X_feature_price_price_to_min252,X_feature_pv_pv_corr126,-0.404363,-0.411866,-0.335286,-0.342176,-0.358543,-0.412635,-0.351835,-0.357695,-0.342683,-0.403811,-0.266343,-0.338011,-0.350772,-0.358471,-0.401342,-0.400512,-0.364979,-0.403611,-0.421591,-0.419331,-0.343807,-0.349175,-0.297975,-0.324058
X_feature_price_price_to_min252,X_feature_pv_pv_corr63,-0.324251,-0.368874,-0.289767,-0.308429,-0.342015,-0.350376,-0.275936,-0.275645,-0.278094,-0.323795,-0.290722,-0.307086,-0.278139,-0.281282,-0.325923,-0.279753,-0.267465,-0.330322,-0.367597,-0.314745,-0.261505,-0.285509,-0.285613,-0.216984
X_feature_price_price_to_min252,X_feature_liquidity_turnover_level63,-0.099862,-0.429502,-0.372904,-0.186040,-0.235055,-0.368912,-0.231060,-0.292353,-0.202455,-0.136869,-0.228993,-0.364282,-0.189575,-0.159115,-0.094784,-0.147654,-0.114551,-0.006846,-0.160015,-0.017797,-0.089099,-0.014855,-0.281729,-0.261313
X_feature_price_price_to_min252,X_feature_volume_log_volume_ratio_max126,0.038166,0.035042,0.019610,0.018085,-0.004477,-0.009428,-0.036153,-0.043781,-0.017411,-0.059239,-0.067708,-0.091826,-0.026634,-0.019731,-0.017109,-0.071590,-0.057207,-0.143054,-0.082115,-0.067457,-0.097405,-0.099483,-0.139759,-0.064156
X_feature_price_price_to_min252,X_feature_volume_log_volume_ratio_max252,0.023693,0.017974,0.002188,0.009887,-0.021633,-0.033985,-0.048300,-0.068358,-0.024307,-0.078715,-0.047827,-0.084981,-0.065644,-0.031854,-0.045263,-0.126737,-0.079144,-0.169577,-0.101083,-0.109454,-0.144514,-0.130254,-0.163835,-0.120680
X_feature_price_price_to_min252,X_feature_pv_illiquidity_mean21,0.188880,0.270691,0.260247,-0.010409,-0.012592,0.034937,-0.000402,0.052648,0.063748,0.098472,0.016940,-0.212283,-0.048955,0.031108,0.012064,-0.017504,0.084994,0.070391,-0.048017,0.040341,0.114222,0.098374,0.025682,-0.079844
X_feature_price_price_to_min252,X_feature_volume_log_volume_std504,0.012866,0.068484,-0.079687,-0.080772,-0.073751,-0.031543,-0.160834,-0.149867,-0.077559,-0.075593,-0.027979,-0.153643,-0.092244,-0.092531,-0.105666,-0.140720,-0.072310,-0.131924,-0.031305,-0.079953,-0.062384,-0.091537,-0.120831,-0.046962
X_feature_price_price_to_min252,X_feature_volume_log_volume_std126,0.064051,0.127571,0.007009,-0.086186,-0.043741,-0.049567,-0.095563,-0.104059,-0.021683,-0.044972,-0.033348,-0.168837,-0.049255,-0.043636,-0.063133,-0.092751,-0.055010,-0.101592,-0.024850,-0.040670,-0.007920,-0.078914,-0.117585,-0.055804
X_feature_price_price_to_min252,X_feature_volume_log_volume_std63,0.077997,0.134054,0.021072,-0.071845,-0.018615,-0.032199,-0.074002,-0.082889,-0.002659,-0.041367,-0.022640,-0.136318,-0.039778,-0.019345,-0.052060,-0.067679,-0.048462,-0.080656,-0.015452,-0.018039,0.011164,-0.056859,-0.107917,-0.023038
X_feature_price_price_to_min252,X_feature_market_corr504,0.053853,0.202431,0.045922,0.033957,0.060928,-0.037660,-0.174368,-0.227096,-0.030349,-0.108580,-0.082460,-0.063482,0.029540,0.015244,0.036040,-0.052746,-0.079164,-0.102948,-0.143551,0.167975,0.001597,0.042814,-0.097215,0.001629
X_feature_price_price_to_min252,X_feature_market_corr252,0.075141,0.273721,0.075659,0.020606,0.024018,-0.070062,-0.095865,-0.206964,-0.005760,-0.113495,-0.091281,-0.050553,0.161643,-0.030965,0.044504,0.016718,-0.063009,-0.081154,-0.121613,0.285355,0.039534,0.064389,-0.165168,0.054313
X_feature_price_price_to_min252,X_feature_short_interest_to_volume_log_ratio_std252,0.011090,0.025159,-0.108081,-0.105759,-0.102008,-0.069687,-0.130159,-0.113232,-0.030196,-0.020793,-0.042468,-0.184123,-0.044040,-0.057140,-0.033482,-0.119959,-0.063520,-0.066219,-0.058393,-0.075819,-0.062374,-0.071156,-0.202828,-0.109526
X_feature_price_price_to_min252,X_feature_short_interest_to_volume_log_ratio_std63,0.039637,0.056126,-0.076286,-0.071431,-0.027782,-0.028666,-0.069012,-0.071353,0.001944,0.001499,-0.041591,-0.128166,-0.005942,-0.022065,-0.025358,-0.076800,-0.035782,-0.066469,0.000483,-0.033596,0.003161,-0.032447,-0.130984,-0.033121
X_feature_price_price_to_min252,X_feature_short_interest_to_volume_log_ratio,0.051316,0.139889,0.149055,0.034287,-0.015192,0.005166,0.007886,0.055690,0.080572,0.070184,-0.002134,0.002739,-0.032601,0.045794,-0.000755,0.024133,0.036339,0.006969,-0.035941,0.073919,-0.019359,-0.021456,-0.023375,0.044175
X_feature_price_price_to_min252,X_feature_short_interest_to_volume_log_ratio_mean252,0.022916,0.180128,0.182246,0.062904,0.002328,-0.004027,0.006047,0.062713,0.085508,0.095934,-0.009418,-0.006986,-0.062243,0.014696,-0.031360,0.021759,-0.001180,0.011936,-0.029224,0.053493,-0.053757,0.000315,-0.002975,0.034869
X_feature_price_price_to_min252,X_feature_short_interest_to_volume_log_ratio_mean63,0.060931,0.188783,0.180597,0.056561,0.008663,0.002443,0.012923,0.078657,0.093824,0.078103,0.021355,0.004050,-0.043322,0.044392,-0.009527,0.016952,0.024403,0.024218,-0.031778,0.075674,-0.022420,-0.008520,-0.011284,0.056548
X_feature_price_price_to_min252,X_feature_short_interest_log_diff21,0.007689,-0.021904,-0.019865,-0.014606,-0.002284,0.009559,0.009662,0.021655,0.017075,0.054282,-0.002703,0.014885,0.036177,0.036141,0.047659,0.085339,0.075184,0.057229,0.059019,0.101379,0.070335,0.041714,0.038901,0.044142
X_feature_price_price_to_min252,X_feature_short_interest_log_diff252,0.030911,0.016179,-0.041116,-0.086726,-0.049202,-0.004214,-0.050378,0.018572,0.024706,0.082886,0.010000,-0.023773,0.084887,0.122108,0.077383,0.078725,0.127579,0.104568,0.030850,0.190142,0.189889,0.060184,-0.035251,0.133234
X_feature_price_price_to_min252,X_feature_short_interest_log_diff63,0.030737,-0.030239,-0.031797,-0.026952,-0.000614,0.016770,0.006351,0.033106,0.034048,0.080914,0.010501,0.027402,0.062791,0.072411,0.051122,0.131513,0.127478,0.087817,0.067230,0.153335,0.130113,0.058234,0.029542,0.090316
X_feature_price_price_to_min252,X_feature_short_interest_log_diff126,0.059934,-0.002364,-0.042289,-0.043674,-0.019113,0.020697,-0.000405,0.043057,0.038790,0.088255,0.005016,0.025017,0.102767,0.087443,0.067618,0.138374,0.162565,0.114404,0.066628,0.188530,0.175930,0.078333,-0.000799,0.158055
X_feature_price_ret90_shift0,X_feature_price_price_to_ma252,0.861275,0.804859,0.809946,0.780987,0.775663,0.741969,0.819744,0.829250,0.800256,0.861030,0.860499,0.660077,0.815991,0.842392,0.761060,0.820712,0.808048,0.836367,0.784073,0.817510,0.842666,0.809660,0.786612,0.805626
X_feature_price_ret90_shift0,X_feature_price_sharpe_ratio_compound_r126_volatility126_rolling,0.808961,0.782395,0.793696,0.661622,0.624794,0.709165,0.771269,0.813102,0.778122,0.823248,0.783991,0.648215,0.754082,0.809419,0.729863,0.777050,0.788734,0.824343,0.765081,0.799878,0.826954,0.790311,0.759226,0.794777
X_feature_price_ret90_shift0,X_feature_price_macd_21_126,0.596651,0.613505,0.628877,0.587966,0.573806,0.374555,0.479520,0.548353,0.547944,0.575299,0.505203,0.297435,0.474534,0.494133,0.516460,0.336648,0.452147,0.606319,0.544688,0.504314,0.601059,0.592006,0.516787,0.325105
X_feature_price_ret90_shift0,X_feature_price_final_to_high90_exclude10,0.702248,0.633539,0.702819,0.759248,0.722487,0.448556,0.621685,0.611521,0.640825,0.650519,0.811640,0.466274,0.599942,0.652926,0.617729,0.546807,0.638081,0.753352,0.669168,0.659854,0.702384,0.733223,0.650324,0.572029
X_feature_price_ret90_shift0,X_feature_price_price_to_max252,0.759129,0.654820,0.727367,0.683507,0.646985,0.422307,0.674580,0.655257,0.675684,0.706619,0.780784,0.315667,0.662676,0.694918,0.582062,0.589400,0.667474,0.751188,0.615302,0.700145,0.738025,0.713606,0.634101,0.608952
X_feature_price_ret90_shift0,X_feature_price_final_to_high252_exclude21,0.630727,0.495637,0.617106,0.582913,0.537048,0.284999,0.564451,0.545494,0.560310,0.569428,0.657972,0.181730,0.533905,0.589142,0.458808,0.485413,0.551847,0.643366,0.467106,0.597181,0.597598,0.594846,0.489830,0.473897
X_feature_price_ret90_shift0,X_feature_price_lag1,-0.092732,-0.099351,-0.128199,-0.068796,-0.099886,-0.092206,-0.093724,-0.081262,-0.093304,-0.099028,-0.088780,-0.028607,-0.084772,-0.101392,-0.015196,-0.103075,-0.074069,-0.093325,-0.095992,-0.072840,-0.124458,-0.048311,-0.066524,-0.089248
X_feature_price_ret90_shift0,X_feature_price_ret21_shift0,-0.450538,-0.461293,-0.450099,-0.373740,-0.425347,-0.385538,-0.426093,-0.444160,-0.423561,-0.511174,-0.476292,-0.354716,-0.441497,-0.460163,-0.409215,-0.439742,-0.452846,-0.468358,-0.410068,-0.424517,-0.482145,-0.385894,-0.440307,-0.442548
X_feature_price_ret90_shift0,X_feature_price_ret10_shift0,-0.310182,-0.308183,-0.317946,-0.249323,-0.284796,-0.268703,-0.292444,-0.293884,-0.291565,-0.364782,-0.322054,-0.235974,-0.296551,-0.314528,-0.266345,-0.297885,-0.294068,-0.316000,-0.266996,-0.285976,-0.332877,-0.251495,-0.298285,-0.294621
X_feature_price_ret90_shift0,X_feature_price_ret5_shift0,-0.218283,-0.224548,-0.228589,-0.182121,-0.199745,-0.193679,-0.205076,-0.207232,-0.207882,-0.263002,-0.224493,-0.173229,-0.204584,-0.225492,-0.175314,-0.206714,-0.199131,-0.223620,-0.189864,-0.199390,-0.236512,-0.169114,-0.218675,-0.208476
X_feature_price_ret90_shift0,X_feature_price_downside_vol10,0.257020,0.035158,0.205776,0.417700,0.367520,-0.000536,0.191618,0.086981,0.174156,0.183616,0.405187,0.047880,0.144714,0.279521,0.207112,0.103664,0.197116,0.340145,0.279994,0.272770,0.232445,0.327259,0.276930,0.113437
X_feature_price_ret90_shift0,X_feature_price_downside_vol21,0.291141,0.046213,0.223905,0.464420,0.415453,-0.006958,0.233742,0.116876,0.205775,0.202804,0.450320,0.040257,0.174421,0.304499,0.246467,0.136403,0.243858,0.397610,0.331973,0.323548,0.279962,0.388277,0.303558,0.138577
X_feature_price_ret90_shift0,X_feature_price_vol10,0.142103,-0.109831,0.111439,0.382658,0.318317,-0.121574,0.087534,-0.052714,0.069543,0.031699,0.326470,-0.056150,0.020801,0.168556,0.112141,-0.033205,0.085596,0.244240,0.189614,0.175820,0.121774,0.270009,0.164124,-0.005384
X_feature_price_ret90_shift0,X_feature_price_upside_vol10,0.001129,-0.204756,0.008484,0.265503,0.182564,-0.200147,-0.042457,-0.161072,-0.046073,-0.105364,0.167019,-0.118511,-0.100766,0.025343,-0.006489,-0.151644,-0.052992,0.080320,0.039724,0.026149,-0.042117,0.121514,0.021120,-0.117131
X_feature_price_ret90_shift0,X_feature_price_upside_vol21,0.019878,-0.223038,0.028334,0.308286,0.228774,-0.226339,-0.037105,-0.190357,-0.055853,-0.119496,0.202523,-0.149551,-0.118710,0.017137,-0.015554,-0.177063,-0.074975,0.081265,0.032917,0.014953,-0.057118,0.119874,0.000828,-0.136936
X_feature_price_ret90_shift0,X_feature_price_upside_vol63,0.008107,-0.264126,0.012404,0.325731,0.232521,-0.271326,-0.064112,-0.257743,-0.109399,-0.183440,0.184036,-0.195660,-0.174283,-0.048922,-0.065453,-0.243793,-0.147232,0.032030,-0.044547,-0.078255,-0.148895,0.033760,-0.025569,-0.192082
X_feature_price_ret90_shift0,X_feature_price_atr5,0.173225,-0.075023,0.136646,0.414404,0.346673,-0.112431,0.126147,-0.037619,0.085241,0.044746,0.354314,-0.066493,0.014933,0.156131,0.114084,-0.045943,0.087416,0.268408,0.192194,0.180770,0.137975,0.292891,0.157865,-0.012721
X_feature_price_ret90_shift0,X_feature_price_downside_vol126,0.298476,-0.007226,0.240400,0.471049,0.401649,-0.037963,0.259040,0.142459,0.269468,0.218582,0.448102,-0.053356,0.131884,0.312544,0.183683,0.144896,0.262457,0.424446,0.261201,0.342365,0.298852,0.380080,0.216263,0.097196
X_feature_price_ret90_shift0,X_feature_price_downside_vol63,0.330880,0.070157,0.264437,0.514649,0.467212,0.030912,0.308366,0.190587,0.299516,0.263760,0.487657,0.037935,0.209139,0.353031,0.280025,0.212308,0.319338,0.481601,0.394785,0.418087,0.348670,0.456093,0.312575,0.172679
X_feature_price_ret90_shift0,X_feature_price_atr21,0.187239,-0.082749,0.142279,0.432455,0.368637,-0.116367,0.144598,-0.039206,0.094527,0.040862,0.372077,-0.077226,0.013659,0.158441,0.113646,-0.045306,0.096481,0.285070,0.201672,0.195703,0.148474,0.315155,0.157126,-0.016621
X_feature_price_ret90_shift0,X_feature_price_atr126,0.141359,-0.147255,0.124687,0.396834,0.298572,-0.163288,0.117782,-0.064289,0.097098,0.014090,0.315134,-0.137051,-0.014094,0.129437,0.065064,-0.075347,0.075961,0.239614,0.125644,0.144337,0.102072,0.244245,0.074026,-0.063947
X_feature_price_ret90_shift0,X_feature_price_vol252,0.130394,-0.168040,0.090409,0.362756,0.280834,-0.190675,0.108050,-0.079755,0.085455,-0.027768,0.300181,-0.127560,-0.031043,0.131864,0.044201,-0.101313,0.038329,0.198786,0.091576,0.100447,0.056409,0.192347,0.055216,-0.107807
X_feature_price_ret90_shift0,X_feature_market_cap_log_identity,0.338052,0.244604,0.237892,0.153323,0.140511,0.037950,0.102189,0.119173,0.159432,0.173063,0.246703,0.075960,0.092179,0.177103,0.134053,0.081294,0.174190,0.186152,0.102074,0.181196,0.185518,0.213409,0.245793,0.076184
X_feature_price_ret90_shift0,X_feature_market_cap_log_std21,0.166856,-0.056021,0.142140,0.381465,0.327693,-0.159344,0.060456,-0.061749,0.043755,0.030764,0.392675,-0.062250,-0.004977,0.158841,0.092370,-0.062127,0.063273,0.241091,0.136264,0.114524,0.108911,0.195132,0.109013,-0.058006
X_feature_price_ret90_shift0,X_feature_market_cap_log_std126,0.093335,-0.182265,0.072246,0.360755,0.273574,-0.350208,-0.140727,-0.267097,-0.076287,-0.161195,0.490197,-0.240335,-0.189099,0.033883,-0.112095,-0.449365,-0.162546,0.131514,-0.019890,-0.172994,-0.042342,0.075731,-0.053680,-0.412261
X_feature_price_ret90_shift0,X_feature_market_cap_log_std504,-0.039416,-0.179625,0.061907,0.297726,0.181353,-0.217490,-0.028461,-0.181563,0.013197,-0.084891,0.288396,-0.158367,-0.089079,-0.002261,0.004933,-0.143941,-0.041752,0.061921,0.036567,-0.040745,-0.040604,0.117375,-0.008807,-0.177609
X_feature_price_ret90_shift0,X_feature_market_cap_log_std252,0.007989,-0.162014,0.064233,0.306599,0.236176,-0.248946,-0.078018,-0.230682,-0.039127,-0.150766,0.409774,-0.186751,-0.155634,0.025456,-0.050753,-0.312428,-0.106284,0.116941,0.024440,-0.081769,-0.084123,0.132722,0.048681,-0.259774
X_feature_price_ret90_shift0,X_feature_market_cap_log_diff_126,0.759722,0.726317,0.737296,0.748666,0.748968,0.717941,0.752432,0.788600,0.739894,0.800593,0.830120,0.721580,0.744023,0.794809,0.726495,0.771353,0.757130,0.803176,0.755953,0.773035,0.810986,0.768837,0.772784,0.782478
X_feature_price_ret90_shift0,X_feature_market_cap_log_to_min126,-0.571771,-0.704095,-0.648118,-0.372696,-0.514287,-0.733372,-0.724523,-0.776401,-0.707629,-0.770701,-0.422857,-0.600680,-0.734880,-0.640156,-0.711892,-0.810518,-0.749436,-0.675870,-0.646713,-0.776098,-0.773175,-0.635736,-0.563543,-0.803551
X_feature_price_ret90_shift0,X_feature_market_cap_log_to_max504,0.669223,0.519224,0.603340,0.534877,0.551640,0.217781,0.609122,0.599554,0.590688,0.617831,0.684262,0.139739,0.502504,0.653941,0.465313,0.468075,0.605782,0.679659,0.422171,0.571567,0.653081,0.580568,0.537690,0.504619
X_feature_price_ret90_shift0,X_feature_market_cap_log_diff_504,0.372920,0.354898,0.207810,0.073170,0.426280,0.158266,0.297619,0.416835,0.255563,0.421406,0.452038,0.130038,0.381339,0.360697,0.306860,0.257318,0.291346,0.476252,0.221669,0.394856,0.335529,0.368726,0.437951,0.164849
X_feature_price_ret90_shift0,X_feature_market_cap_log_to_min504,0.410253,0.497454,0.286982,0.162468,0.450494,0.505746,0.272142,0.467680,0.310829,0.488222,0.363848,0.494664,0.298974,0.353149,0.465855,0.421665,0.324896,0.494907,0.472506,0.444540,0.426865,0.462070,0.496260,0.358959
X_feature_price_ret90_shift0,X_feature_pv_pv_corr21,-0.256743,-0.286397,-0.233310,-0.156199,-0.230341,-0.239732,-0.254853,-0.243641,-0.247125,-0.237620,-0.216786,-0.159323,-0.205465,-0.192511,-0.203896,-0.212716,-0.241320,-0.197505,-0.218262,-0.253220,-0.200587,-0.178274,-0.160035,-0.171449
X_feature_price_ret90_shift0,X_feature_pv_pv_corr126,-0.450446,-0.447586,-0.378358,-0.307771,-0.378974,-0.432572,-0.442478,-0.446676,-0.437410,-0.423065,-0.410942,-0.333012,-0.366318,-0.414150,-0.406028,-0.428514,-0.445998,-0.419827,-0.391553,-0.465362,-0.425412,-0.383899,-0.269302,-0.370194
X_feature_price_ret90_shift0,X_feature_pv_pv_corr63,-0.439877,-0.477255,-0.405385,-0.316915,-0.417268,-0.454009,-0.473463,-0.457237,-0.455154,-0.427299,-0.413305,-0.332602,-0.382824,-0.395363,-0.414594,-0.420762,-0.464513,-0.400934,-0.422081,-0.486881,-0.407608,-0.364382,-0.291346,-0.342204
X_feature_price_ret90_shift0,X_feature_liquidity_turnover_level63,0.154391,-0.146109,0.041323,0.272361,0.189471,-0.118380,0.087581,-0.066673,0.105267,0.028165,0.224575,-0.055914,0.006723,0.094913,0.088667,-0.003398,0.061732,0.209452,0.092558,0.141677,0.088106,0.199340,0.043259,-0.014562
X_feature_price_ret90_shift0,X_feature_volume_log_volume_ratio_max126,0.051618,0.058868,0.063756,0.065091,0.095997,0.046245,0.054373,0.031979,0.023882,-0.032325,0.061679,-0.016500,-0.003742,0.018315,0.006770,-0.026000,-0.010132,-0.059073,-0.009430,-0.023772,-0.018357,-0.025253,-0.096478,-0.014510
X_feature_price_ret90_shift0,X_feature_volume_log_volume_ratio_max252,0.029591,0.038399,0.028161,0.025186,0.036287,0.008260,0.019868,0.004409,0.000048,-0.039596,0.047027,-0.034283,-0.018674,0.003340,-0.031913,-0.073380,-0.046455,-0.072046,-0.019145,-0.045413,-0.053567,-0.048065,-0.133086,-0.001829
X_feature_price_ret90_shift0,X_feature_pv_illiquidity_mean21,0.227055,0.229059,0.193130,0.082277,0.093821,0.020325,0.028608,0.086063,0.081490,0.108384,0.203891,0.035341,0.040154,0.126874,0.088975,0.032619,0.137209,0.122572,0.095266,0.126268,0.152315,0.172053,0.217713,0.046013
X_feature_price_ret90_shift0,X_feature_volume_log_volume_std504,0.058665,0.068112,-0.017174,-0.053328,-0.093410,-0.034925,-0.036304,-0.033549,0.007331,-0.002058,0.086133,-0.026139,-0.013178,0.026457,-0.007454,-0.045516,0.033168,-0.035709,0.041798,-0.002748,0.027777,0.008387,-0.029037,0.057151
X_feature_price_ret90_shift0,X_feature_volume_log_volume_std126,0.067416,0.090783,0.020768,-0.068939,0.002694,-0.016471,0.003124,0.001589,0.018891,0.006601,0.101118,-0.011564,0.001581,0.041101,0.026586,-0.012805,0.041268,-0.011234,0.037914,0.035751,0.059068,0.016835,-0.025769,0.036584
X_feature_price_ret90_shift0,X_feature_volume_log_volume_std63,0.072232,0.102162,0.024889,-0.028520,0.047955,0.017552,0.025188,0.014998,0.024481,-0.000051,0.110305,0.019995,0.021616,0.055477,0.032475,0.006131,0.039475,-0.004904,0.039990,0.048927,0.068409,0.027875,-0.006514,0.032999
X_feature_price_ret90_shift0,X_feature_market_corr504,0.089713,0.128024,-0.072464,-0.236893,-0.130903,-0.001460,-0.081881,-0.116111,0.053247,-0.048920,0.021696,0.028987,0.038031,-0.015929,0.062686,0.029657,-0.012869,0.052145,0.055738,0.165086,-0.004255,0.047702,0.025957,0.097984
X_feature_price_ret90_shift0,X_feature_market_corr252,0.070465,0.159652,-0.061415,-0.259563,-0.054160,0.002595,-0.100204,-0.099332,0.043400,-0.054544,0.048330,0.052079,0.056136,-0.044093,0.075339,0.047689,-0.021474,0.092677,0.089305,0.195335,0.021923,0.056810,0.013566,0.083095
X_feature_price_ret90_shift0,X_feature_short_interest_to_volume_log_ratio_std252,0.080651,0.057559,0.029264,0.014242,-0.050904,-0.033425,-0.028646,-0.011554,0.038314,0.026328,0.116200,-0.007670,0.009783,0.053754,0.023375,-0.050819,0.053703,0.038937,0.035806,0.002869,0.040827,0.032513,0.019765,0.011597
X_feature_price_ret90_shift0,X_feature_short_interest_to_volume_log_ratio_std63,0.093911,0.085211,0.034813,-0.000268,0.076622,0.035133,0.050265,0.030761,0.057192,0.041256,0.141113,0.030808,0.050099,0.045419,0.070154,0.002655,0.097695,0.022944,0.076632,0.042122,0.089815,0.079436,0.037624,0.052831
X_feature_price_ret90_shift0,X_feature_short_interest_to_volume_log_ratio,-0.027338,0.046618,-0.038944,-0.149256,-0.056735,-0.031613,-0.059184,0.014026,-0.027437,0.047242,-0.024955,-0.002586,-0.063459,-0.042000,-0.037123,-0.027845,-0.045859,-0.002602,-0.021024,0.029798,-0.045911,-0.026258,-0.073263,0.023653
X_feature_price_ret90_shift0,X_feature_short_interest_to_volume_log_ratio_mean252,-0.016205,0.099120,-0.014702,-0.157341,-0.094464,-0.008694,-0.035118,0.032423,0.004824,0.087765,-0.021542,0.032971,-0.058145,-0.020763,-0.038788,0.011793,-0.011067,0.024146,-0.002539,0.041005,-0.036417,0.014137,-0.020019,0.050847
X_feature_price_ret90_shift0,X_feature_short_interest_to_volume_log_ratio_mean63,-0.018935,0.081112,-0.040835,-0.152275,-0.063092,-0.025712,-0.069671,0.026478,-0.022652,0.061103,-0.036044,0.002425,-0.064598,-0.037953,-0.047255,-0.032090,-0.059697,-0.000429,-0.025005,0.024240,-0.056670,-0.028741,-0.084554,0.025480
X_feature_price_ret90_shift0,X_feature_short_interest_log_diff21,0.012190,-0.006975,0.002955,-0.021247,-0.009669,-0.003574,-0.007439,0.000736,-0.007650,0.046568,0.065794,0.031883,0.038201,0.037724,0.064345,0.086646,0.097419,0.091561,0.094568,0.126986,0.092675,0.089578,0.110888,0.064088
X_feature_price_ret90_shift0,X_feature_short_interest_log_diff252,0.025828,-0.003565,-0.013091,0.006695,0.030779,-0.030433,-0.066491,-0.007417,-0.006887,0.074241,0.094409,0.003030,0.021361,0.036550,0.059452,0.012150,0.009695,0.110852,0.076985,0.123993,0.083563,0.066351,0.035240,0.003804
X_feature_price_ret90_shift0,X_feature_short_interest_log_diff63,-0.031337,-0.083730,-0.051353,-0.091211,-0.067436,-0.072628,-0.089282,-0.024127,-0.035938,0.030780,0.063900,-0.014052,-0.016520,-0.023040,0.017344,0.054047,0.079214,0.090321,0.093077,0.129385,0.114285,0.100955,0.122069,0.093073
X_feature_price_ret90_shift0,X_feature_short_interest_log_diff126,0.008404,-0.038230,-0.023303,-0.038868,-0.008646,-0.016500,-0.086339,-0.006479,-0.020059,0.051205,0.064933,-0.004106,-0.000509,-0.014484,0.029725,0.025302,0.043089,0.075760,0.078321,0.114896,0.104535,0.093020,0.067635,0.063453
X_feature_price_price_to_ma252,X_feature_price_sharpe_ratio_compound_r126_volatility126_rolling,0.889918,0.867880,0.867497,0.804747,0.770066,0.783520,0.843943,0.885723,0.872451,0.897911,0.824282,0.686399,0.832184,0.884569,0.869527,0.851886,0.854789,0.904634,0.883086,0.880933,0.899622,0.894367,0.872360,0.838591
X_feature_price_price_to_ma252,X_feature_price_macd_21_126,0.691830,0.778259,0.781543,0.789304,0.756886,0.538776,0.567648,0.677901,0.700542,0.670496,0.619717,0.464079,0.578326,0.580867,0.713437,0.425559,0.547872,0.743385,0.738585,0.623511,0.735915,0.764365,0.714245,0.404296
X_feature_price_price_to_ma252,X_feature_price_final_to_high90_exclude10,0.657411,0.559516,0.591010,0.769558,0.748520,0.469362,0.537920,0.562156,0.565859,0.622439,0.779389,0.522744,0.521488,0.599844,0.649376,0.511126,0.551342,0.709581,0.703484,0.608225,0.643249,0.702934,0.678921,0.468875
X_feature_price_price_to_ma252,X_feature_price_price_to_max252,0.840125,0.794357,0.807186,0.902576,0.890132,0.664027,0.713047,0.771235,0.775638,0.792304,0.931423,0.714326,0.705981,0.760537,0.841913,0.679029,0.732769,0.875645,0.855275,0.790571,0.835973,0.876010,0.865654,0.630795
X_feature_price_price_to_ma252,X_feature_price_final_to_high252_exclude21,0.695501,0.636530,0.701763,0.806960,0.785288,0.529376,0.585721,0.652832,0.665363,0.661916,0.818613,0.573381,0.576802,0.654013,0.716503,0.563589,0.619859,0.775407,0.720130,0.693369,0.704164,0.768539,0.724975,0.486909
X_feature_price_price_to_ma252,X_feature_price_lag1,-0.096140,-0.103670,-0.146531,-0.064744,-0.109128,-0.080199,-0.100329,-0.092128,-0.104708,-0.102594,-0.087217,-0.011270,-0.088954,-0.105364,-0.003861,-0.111562,-0.083246,-0.114857,-0.116163,-0.084742,-0.123645,-0.043713,-0.076065,-0.087958
X_feature_price_price_to_ma252,X_feature_price_ret21_shift0,-0.474077,-0.459287,-0.462825,-0.334274,-0.413778,-0.393273,-0.437568,-0.462769,-0.423180,-0.512076,-0.466459,-0.305460,-0.436556,-0.461935,-0.417435,-0.449244,-0.447096,-0.456484,-0.392202,-0.410766,-0.474060,-0.378055,-0.415637,-0.446711
X_feature_price_price_to_ma252,X_feature_price_ret10_shift0,-0.341258,-0.319556,-0.327040,-0.234259,-0.301012,-0.271541,-0.312395,-0.318172,-0.300229,-0.366652,-0.326993,-0.209636,-0.300572,-0.320398,-0.282215,-0.314272,-0.297661,-0.325427,-0.252074,-0.284797,-0.331982,-0.259386,-0.287932,-0.302127
X_feature_price_price_to_ma252,X_feature_price_ret5_shift0,-0.245180,-0.238649,-0.230882,-0.168275,-0.214621,-0.198645,-0.218772,-0.225943,-0.216059,-0.267691,-0.232183,-0.149647,-0.211206,-0.236867,-0.196875,-0.219978,-0.204780,-0.237424,-0.177939,-0.202286,-0.240485,-0.179167,-0.214230,-0.216303
X_feature_price_price_to_ma252,X_feature_price_downside_vol10,0.256101,0.017466,0.125228,0.535406,0.496077,0.075635,0.164602,0.092956,0.148375,0.191768,0.448183,0.241111,0.092873,0.263872,0.327742,0.113840,0.162595,0.382550,0.390502,0.270410,0.225104,0.382100,0.363965,0.032819
X_feature_price_price_to_ma252,X_feature_price_downside_vol21,0.283922,0.025587,0.132360,0.590183,0.557828,0.086398,0.192555,0.114418,0.176771,0.211602,0.494677,0.257789,0.112692,0.282488,0.394667,0.138936,0.194364,0.436194,0.471855,0.313849,0.264597,0.446859,0.395875,0.040890
X_feature_price_price_to_ma252,X_feature_price_vol10,0.129174,-0.134307,0.017463,0.521963,0.460236,-0.038576,0.039455,-0.053920,0.032353,0.039492,0.375278,0.152505,-0.041062,0.146102,0.248267,-0.036971,0.037264,0.291272,0.337552,0.170721,0.107947,0.339857,0.278786,-0.120112
X_feature_price_price_to_ma252,X_feature_price_upside_vol10,-0.019497,-0.230614,-0.076165,0.396553,0.304643,-0.133579,-0.090901,-0.171304,-0.085737,-0.099770,0.206199,0.055234,-0.156377,0.004841,0.098255,-0.165194,-0.097574,0.114867,0.177336,0.019093,-0.056293,0.181719,0.124753,-0.233168
X_feature_price_price_to_ma252,X_feature_price_upside_vol21,0.005265,-0.243264,-0.064653,0.456811,0.375093,-0.139241,-0.092261,-0.192733,-0.093229,-0.107739,0.255642,0.052413,-0.177490,-0.005457,0.124721,-0.191523,-0.120608,0.129194,0.195917,0.010665,-0.064589,0.200344,0.137125,-0.267545
X_feature_price_price_to_ma252,X_feature_price_upside_vol63,0.009892,-0.253628,-0.069944,0.492507,0.404497,-0.137257,-0.100466,-0.216250,-0.110865,-0.140638,0.274345,0.065792,-0.220110,-0.044744,0.129523,-0.225686,-0.168746,0.114000,0.166544,-0.047211,-0.117994,0.153130,0.159276,-0.289678
X_feature_price_price_to_ma252,X_feature_price_atr5,0.163034,-0.097180,0.043259,0.555351,0.501378,-0.012528,0.085424,-0.031302,0.056154,0.055440,0.416814,0.159579,-0.048186,0.128363,0.267628,-0.043830,0.043275,0.328582,0.360912,0.181910,0.129856,0.372315,0.289874,-0.134349
X_feature_price_price_to_ma252,X_feature_price_downside_vol126,0.294837,0.004618,0.152802,0.631407,0.591579,0.116830,0.223610,0.161677,0.257727,0.251493,0.524665,0.239932,0.082358,0.309887,0.402922,0.174107,0.232798,0.503267,0.476641,0.396052,0.314785,0.489799,0.418582,0.001559
X_feature_price_price_to_ma252,X_feature_price_downside_vol63,0.294220,0.035966,0.145865,0.629259,0.608828,0.118472,0.231157,0.155172,0.236846,0.250871,0.529498,0.273552,0.124466,0.310025,0.438388,0.182622,0.229373,0.503067,0.536077,0.392982,0.311031,0.505714,0.425541,0.043464
X_feature_price_price_to_ma252,X_feature_price_atr21,0.173842,-0.102088,0.042726,0.581610,0.534422,-0.005642,0.096970,-0.032271,0.066668,0.053965,0.440696,0.163456,-0.055262,0.128984,0.290176,-0.047081,0.045160,0.348081,0.391703,0.195962,0.139625,0.407436,0.309637,-0.153426
X_feature_price_price_to_ma252,X_feature_price_atr126,0.137438,-0.140373,0.032538,0.565230,0.492167,-0.014893,0.082181,-0.037644,0.078982,0.039521,0.408106,0.137762,-0.088811,0.110935,0.273930,-0.067514,0.040305,0.324048,0.347344,0.176806,0.119337,0.368986,0.282204,-0.183385
X_feature_price_price_to_ma252,X_feature_price_vol252,0.130141,-0.159648,0.003449,0.536641,0.465823,-0.052684,0.066733,-0.040951,0.077338,0.013832,0.388166,0.123672,-0.113970,0.117508,0.240468,-0.088613,0.018532,0.276336,0.293299,0.120677,0.076734,0.297145,0.265757,-0.229843
X_feature_price_price_to_ma252,X_feature_market_cap_log_identity,0.377773,0.359925,0.288539,0.208837,0.173033,0.099117,0.096791,0.144296,0.205482,0.229850,0.344368,0.197986,0.092333,0.220376,0.245857,0.119967,0.225683,0.262331,0.191400,0.229324,0.241826,0.293946,0.381380,0.051111
X_feature_price_price_to_ma252,X_feature_market_cap_log_std21,0.151038,-0.070502,0.056513,0.503353,0.469751,-0.068665,0.016368,-0.063521,0.018070,0.041777,0.447760,0.135405,-0.052271,0.134729,0.220847,-0.066232,0.020614,0.296663,0.274149,0.119939,0.106273,0.263911,0.195981,-0.141410
X_feature_price_price_to_ma252,X_feature_market_cap_log_std126,0.109462,-0.158464,0.007468,0.509708,0.448572,-0.204275,-0.149017,-0.245825,-0.067694,-0.141257,0.541586,0.024655,-0.200101,0.044369,0.059881,-0.402581,-0.169775,0.201424,0.143957,-0.133880,-0.017459,0.165147,0.100783,-0.438144
X_feature_price_price_to_ma252,X_feature_market_cap_log_std504,-0.144980,-0.227872,-0.040778,0.415400,0.304206,-0.115458,-0.167734,-0.256069,-0.076055,-0.131175,0.367891,0.134953,-0.245610,-0.105633,0.085443,-0.243228,-0.174416,0.047902,0.169072,-0.111069,-0.138694,0.150600,0.087667,-0.369153
X_feature_price_price_to_ma252,X_feature_market_cap_log_std252,-0.078358,-0.171942,-0.009220,0.411225,0.400569,-0.131278,-0.265562,-0.298126,-0.124594,-0.237483,0.553013,0.119994,-0.355091,-0.083162,0.088125,-0.455450,-0.279986,0.119596,0.175175,-0.214003,-0.150619,0.181069,0.199238,-0.540867
X_feature_price_price_to_ma252,X_feature_market_cap_log_diff_126,0.843198,0.824166,0.857954,0.848822,0.844589,0.803482,0.861147,0.862470,0.852403,0.866409,0.897025,0.764702,0.848181,0.872744,0.816152,0.853279,0.850038,0.880013,0.850120,0.859933,0.887884,0.877940,0.866724,0.857347
X_feature_price_price_to_ma252,X_feature_market_cap_log_to_min126,-0.577723,-0.680533,-0.694451,-0.209196,-0.343805,-0.599741,-0.732623,-0.748129,-0.688222,-0.753385,-0.349435,-0.331093,-0.746091,-0.626961,-0.575985,-0.780565,-0.739987,-0.604854,-0.501438,-0.740528,-0.736126,-0.545707,-0.443398,-0.808153
X_feature_price_price_to_ma252,X_feature_market_cap_log_to_max504,0.761453,0.667484,0.724995,0.751265,0.787904,0.458849,0.676171,0.740934,0.733702,0.729204,0.851407,0.463699,0.574850,0.748008,0.737453,0.582977,0.699299,0.826535,0.667001,0.684124,0.780277,0.778955,0.783086,0.558181
X_feature_price_price_to_ma252,X_feature_market_cap_log_diff_504,0.520359,0.535312,0.419121,0.119495,0.615005,0.372432,0.410123,0.570861,0.437545,0.510109,0.630039,0.358976,0.439011,0.502120,0.516754,0.402572,0.436847,0.626320,0.421881,0.512523,0.518357,0.540626,0.684872,0.261504
X_feature_price_price_to_ma252,X_feature_market_cap_log_to_min504,0.547728,0.646964,0.482211,0.201529,0.504657,0.592246,0.434347,0.612235,0.489733,0.589940,0.434308,0.343916,0.486271,0.490952,0.594246,0.598152,0.493362,0.619956,0.543609,0.610183,0.604538,0.599239,0.564098,0.583444
X_feature_price_price_to_ma252,X_feature_pv_pv_corr21,-0.238616,-0.262082,-0.234331,-0.088891,-0.194225,-0.225520,-0.241534,-0.209974,-0.220178,-0.229896,-0.183677,-0.131129,-0.195096,-0.182402,-0.193599,-0.200469,-0.218360,-0.155951,-0.176287,-0.219932,-0.176443,-0.150196,-0.115560,-0.175504
X_feature_price_price_to_ma252,X_feature_pv_pv_corr126,-0.468857,-0.462442,-0.379551,-0.263238,-0.357374,-0.439230,-0.459799,-0.405479,-0.438608,-0.430879,-0.376938,-0.289015,-0.385228,-0.408331,-0.403618,-0.437581,-0.452500,-0.392765,-0.353044,-0.491343,-0.419908,-0.387727,-0.227616,-0.375571
X_feature_price_price_to_ma252,X_feature_pv_pv_corr63,-0.372667,-0.393517,-0.330002,-0.168841,-0.314954,-0.366741,-0.391692,-0.337362,-0.353416,-0.365292,-0.317657,-0.209411,-0.331137,-0.323026,-0.334187,-0.343580,-0.371861,-0.301301,-0.303828,-0.404642,-0.332372,-0.288351,-0.191227,-0.285501
X_feature_price_price_to_ma252,X_feature_liquidity_turnover_level63,0.169079,-0.160595,-0.060539,0.356109,0.274144,-0.090329,0.039192,-0.067410,0.093518,0.065837,0.262835,0.065074,-0.008561,0.095003,0.199539,0.026819,0.064651,0.269565,0.218751,0.174791,0.113823,0.278773,0.149817,-0.079562
X_feature_price_price_to_ma252,X_feature_volume_log_volume_ratio_max126,0.072434,0.097329,0.081264,0.093887,0.110970,0.083000,0.063359,0.066466,0.069912,-0.000545,0.101578,0.012926,0.018314,0.044226,0.033677,-0.000578,0.021574,-0.053814,0.028757,0.003304,0.003472,0.000041,-0.072075,-0.007800
X_feature_price_price_to_ma252,X_feature_volume_log_volume_ratio_max252,0.060754,0.087228,0.061216,0.081129,0.073300,0.060051,0.034889,0.049265,0.059786,-0.009796,0.088118,-0.009094,-0.011262,0.029170,0.001219,-0.054604,-0.006470,-0.078215,0.011737,-0.028505,-0.040907,-0.027224,-0.127631,-0.016946
X_feature_price_price_to_ma252,X_feature_pv_illiquidity_mean21,0.240686,0.336626,0.260704,0.131466,0.118085,0.086266,0.025224,0.100938,0.110530,0.138599,0.292141,0.158327,0.026286,0.153574,0.184093,0.050168,0.162476,0.182289,0.180163,0.154912,0.191037,0.244844,0.337237,0.011032
X_feature_price_price_to_ma252,X_feature_volume_log_volume_std504,0.025318,0.096422,-0.058575,-0.082674,-0.155914,-0.074748,-0.076224,-0.037497,0.022398,-0.000585,0.124153,-0.022353,-0.022979,0.025824,0.024118,-0.054172,0.040848,-0.051868,0.082074,-0.009851,0.029424,0.019717,-0.037009,0.051168
X_feature_price_price_to_ma252,X_feature_volume_log_volume_std126,0.059309,0.134964,0.014347,-0.075277,-0.015998,-0.011674,-0.008086,0.022162,0.057641,0.014102,0.145975,0.026499,0.014350,0.064251,0.054449,-0.002546,0.052136,-0.030117,0.053512,0.040164,0.077093,0.023796,-0.028937,0.027530
X_feature_price_price_to_ma252,X_feature_volume_log_volume_std63,0.071888,0.144318,0.022414,-0.030977,0.018405,0.003232,0.007817,0.030420,0.055405,0.011051,0.145800,0.043914,0.024765,0.070889,0.056519,0.011717,0.046806,-0.020702,0.051309,0.050473,0.079903,0.034765,-0.016204,0.042178
X_feature_price_price_to_ma252,X_feature_market_corr504,0.118811,0.200410,-0.041941,-0.336864,-0.210280,-0.041269,-0.111185,-0.129165,0.095089,-0.029895,0.032839,0.004536,0.052510,0.019303,0.052634,0.062855,0.031702,0.075580,0.104093,0.262079,0.090193,0.037601,0.021945,0.122511
X_feature_price_price_to_ma252,X_feature_market_corr252,0.117788,0.243935,-0.006219,-0.364692,-0.097721,0.011084,-0.092405,-0.082312,0.101877,-0.034080,0.071329,0.056598,0.136273,0.000327,0.059013,0.114990,0.035843,0.123642,0.145316,0.326406,0.132456,0.057075,0.019279,0.128895
X_feature_price_price_to_ma252,X_feature_short_interest_to_volume_log_ratio_std252,0.073631,0.091826,0.000405,0.034725,-0.069616,-0.007364,-0.047035,0.003672,0.065060,0.041484,0.163548,0.081103,0.024230,0.062437,0.084400,-0.029952,0.061910,0.065009,0.082790,0.014189,0.052533,0.065461,0.094590,-0.000018
X_feature_price_price_to_ma252,X_feature_short_interest_to_volume_log_ratio_std63,0.084591,0.102770,-0.002465,0.012582,0.065017,0.041823,0.023755,0.040586,0.080298,0.053484,0.156068,0.068944,0.059144,0.042656,0.090265,0.009827,0.084366,0.013152,0.082606,0.046171,0.086768,0.092317,0.034406,0.043555
X_feature_price_price_to_ma252,X_feature_short_interest_to_volume_log_ratio,-0.000470,0.098174,0.042854,-0.157898,-0.057212,0.006107,-0.035203,0.031592,0.033503,0.071892,0.047611,-0.024636,-0.056423,0.003082,-0.017500,0.006496,0.008397,0.030154,0.015704,0.092022,0.013921,-0.010779,-0.061612,0.060322
X_feature_price_price_to_ma252,X_feature_short_interest_to_volume_log_ratio_mean252,-0.025180,0.129112,0.048110,-0.227321,-0.146951,-0.021106,-0.043126,0.015556,0.028476,0.084123,0.016305,-0.008886,-0.083349,-0.005545,-0.063817,0.012636,-0.007050,0.006234,0.010676,0.078617,-0.014797,-0.001176,-0.057378,0.059982
X_feature_price_price_to_ma252,X_feature_short_interest_to_volume_log_ratio_mean63,0.002483,0.126353,0.042720,-0.186269,-0.085521,-0.002241,-0.050376,0.037302,0.030372,0.072030,0.035770,-0.024233,-0.069459,0.002802,-0.044427,-0.000607,-0.010862,0.022935,0.011566,0.091713,0.006983,-0.010040,-0.076705,0.070897
X_feature_price_price_to_ma252,X_feature_short_interest_log_diff21,0.008290,-0.009380,0.001424,-0.003850,0.010332,0.005315,0.001316,0.013773,0.014692,0.060131,0.060280,0.024094,0.041376,0.045255,0.071568,0.083543,0.090985,0.094017,0.073922,0.119732,0.080589,0.071397,0.102252,0.052026
X_feature_price_price_to_ma252,X_feature_short_interest_log_diff252,0.049024,0.023368,0.000008,0.049296,0.057780,0.009067,-0.058239,0.008555,0.026219,0.099719,0.164608,0.043224,0.079137,0.095890,0.129560,0.076318,0.088234,0.187491,0.150705,0.193632,0.184395,0.120153,0.140674,0.087344
X_feature_price_price_to_ma252,X_feature_short_interest_log_diff63,0.023776,-0.018067,0.008003,-0.006109,0.018624,0.006281,-0.013461,0.029770,0.034495,0.088687,0.105867,0.034070,0.056712,0.046495,0.103671,0.117470,0.135268,0.133470,0.115246,0.170434,0.142191,0.117822,0.145646,0.097040
X_feature_price_price_to_ma252,X_feature_short_interest_log_diff126,0.046224,-0.006258,0.008287,0.007315,0.034777,0.010071,-0.041515,0.035016,0.035075,0.089274,0.137926,0.042801,0.079430,0.054542,0.116972,0.115248,0.138427,0.163990,0.147790,0.195330,0.180395,0.146467,0.167531,0.142049
X_feature_price_sharpe_ratio_compound_r126_volatility126_rolling,X_feature_price_macd_21_126,0.660562,0.709176,0.731084,0.676863,0.634572,0.482751,0.538586,0.627831,0.650808,0.635541,0.581791,0.393867,0.543576,0.563169,0.672109,0.400677,0.506397,0.704018,0.683368,0.580629,0.686508,0.721147,0.659557,0.359597
X_feature_price_sharpe_ratio_compound_r126_volatility126_rolling,X_feature_price_final_to_high90_exclude10,0.645760,0.543758,0.606451,0.633058,0.600652,0.481426,0.613766,0.579509,0.608201,0.630377,0.633857,0.459393,0.571414,0.617881,0.634160,0.574436,0.606300,0.688847,0.672854,0.635539,0.647441,0.707280,0.637855,0.546336
X_feature_price_sharpe_ratio_compound_r126_volatility126_rolling,X_feature_price_price_to_max252,0.783517,0.704685,0.747853,0.728108,0.693899,0.564607,0.742394,0.719150,0.753155,0.744882,0.716782,0.434345,0.710774,0.728268,0.761411,0.675730,0.722436,0.802945,0.758467,0.766871,0.771580,0.810164,0.758901,0.652659
X_feature_price_sharpe_ratio_compound_r126_volatility126_rolling,X_feature_price_final_to_high252_exclude21,0.699619,0.584036,0.674339,0.691317,0.633854,0.472683,0.675820,0.635404,0.690020,0.660674,0.618766,0.315363,0.647384,0.660921,0.685773,0.625554,0.647700,0.739254,0.650046,0.715759,0.683647,0.741520,0.658872,0.571663
X_feature_price_sharpe_ratio_compound_r126_volatility126_rolling,X_feature_price_lag1,-0.080923,-0.083621,-0.130064,-0.039541,-0.073640,-0.077811,-0.082940,-0.079377,-0.091992,-0.086869,-0.079894,-0.039926,-0.065059,-0.102522,0.002501,-0.090228,-0.064929,-0.104683,-0.117082,-0.080014,-0.109857,-0.021439,-0.069485,-0.081355
X_feature_price_sharpe_ratio_compound_r126_volatility126_rolling,X_feature_price_ret21_shift0,-0.377147,-0.393684,-0.389668,-0.210587,-0.305003,-0.327114,-0.352695,-0.400968,-0.342014,-0.442779,-0.390755,-0.282059,-0.320303,-0.400407,-0.319811,-0.372757,-0.379549,-0.387746,-0.346402,-0.343812,-0.409100,-0.312718,-0.347443,-0.368586
X_feature_price_sharpe_ratio_compound_r126_volatility126_rolling,X_feature_price_ret10_shift0,-0.271788,-0.269831,-0.268630,-0.142243,-0.218127,-0.220321,-0.249791,-0.272836,-0.236642,-0.311918,-0.278608,-0.190326,-0.218320,-0.272669,-0.213630,-0.252929,-0.247203,-0.275289,-0.225096,-0.241512,-0.279169,-0.213245,-0.240269,-0.248984
X_feature_price_sharpe_ratio_compound_r126_volatility126_rolling,X_feature_price_ret5_shift0,-0.195342,-0.201750,-0.189422,-0.103675,-0.154996,-0.160906,-0.176692,-0.192686,-0.170458,-0.228753,-0.201230,-0.135567,-0.153319,-0.202599,-0.145970,-0.175732,-0.171626,-0.200772,-0.157839,-0.176360,-0.199986,-0.146431,-0.182745,-0.173422
X_feature_price_sharpe_ratio_compound_r126_volatility126_rolling,X_feature_price_downside_vol10,0.258180,0.023756,0.134911,0.407115,0.371019,0.111159,0.258653,0.123513,0.206658,0.208969,0.238027,0.101320,0.198272,0.283582,0.324366,0.197376,0.228229,0.333838,0.349274,0.312975,0.217315,0.373846,0.313519,0.146253
X_feature_price_sharpe_ratio_compound_r126_volatility126_rolling,X_feature_price_downside_vol21,0.293359,0.032174,0.148963,0.451382,0.422182,0.134986,0.312606,0.157891,0.251592,0.237716,0.257264,0.115495,0.244523,0.312365,0.396671,0.250539,0.279554,0.384090,0.421962,0.368350,0.259372,0.445919,0.345160,0.181491
X_feature_price_sharpe_ratio_compound_r126_volatility126_rolling,X_feature_price_vol10,0.161898,-0.104045,0.048263,0.415362,0.354464,0.028305,0.188930,0.006757,0.132177,0.090819,0.149206,0.018530,0.122934,0.199310,0.283249,0.108773,0.151963,0.260445,0.308081,0.252011,0.127731,0.356214,0.241716,0.058284
X_feature_price_sharpe_ratio_compound_r126_volatility126_rolling,X_feature_price_upside_vol10,0.026307,-0.185073,-0.034202,0.330993,0.238846,-0.060962,0.056179,-0.105610,0.023038,-0.038575,0.020754,-0.055765,0.010244,0.067563,0.151348,-0.016228,0.022847,0.106358,0.161279,0.105239,-0.017251,0.214412,0.110645,-0.052120
X_feature_price_sharpe_ratio_compound_r126_volatility126_rolling,X_feature_price_upside_vol21,0.059125,-0.198589,-0.021018,0.373900,0.292940,-0.060257,0.087121,-0.112716,0.032817,-0.033813,0.035990,-0.068069,0.019074,0.069362,0.190609,-0.004552,0.025639,0.127059,0.181288,0.122578,-0.020337,0.244220,0.119554,-0.048130
X_feature_price_sharpe_ratio_compound_r126_volatility126_rolling,X_feature_price_upside_vol63,0.066091,-0.223564,-0.026072,0.397576,0.301688,-0.048298,0.112275,-0.129233,0.030100,-0.059677,0.011956,-0.078094,-0.004826,0.034158,0.204191,0.001147,0.006525,0.118266,0.153902,0.094130,-0.071336,0.212305,0.125565,-0.050509
X_feature_price_sharpe_ratio_compound_r126_volatility126_rolling,X_feature_price_atr5,0.194358,-0.071961,0.077221,0.439396,0.380097,0.054082,0.241578,0.027346,0.159109,0.103403,0.180385,0.014364,0.128401,0.187044,0.309687,0.115534,0.167946,0.299231,0.329225,0.270664,0.146923,0.391420,0.249898,0.063932
X_feature_price_sharpe_ratio_compound_r126_volatility126_rolling,X_feature_price_downside_vol126,0.362509,0.044670,0.207796,0.543411,0.462034,0.231937,0.451716,0.279570,0.413014,0.344165,0.275836,0.098134,0.318450,0.400417,0.477768,0.411993,0.431748,0.521638,0.482325,0.548839,0.373684,0.559745,0.400640,0.268732
X_feature_price_sharpe_ratio_compound_r126_volatility126_rolling,X_feature_price_downside_vol63,0.336636,0.047211,0.176561,0.499402,0.468377,0.190768,0.399869,0.219979,0.343888,0.295944,0.273149,0.129603,0.307348,0.364817,0.473717,0.349992,0.367859,0.484933,0.497456,0.493088,0.328186,0.531003,0.398376,0.254532
X_feature_price_sharpe_ratio_compound_r126_volatility126_rolling,X_feature_price_atr21,0.216263,-0.077234,0.078943,0.465458,0.409581,0.072010,0.280181,0.041462,0.185333,0.115030,0.179916,0.014951,0.146877,0.197820,0.341652,0.144594,0.194604,0.324791,0.360170,0.303579,0.165412,0.436234,0.268695,0.075566
X_feature_price_sharpe_ratio_compound_r126_volatility126_rolling,X_feature_price_atr126,0.191190,-0.121632,0.075198,0.462968,0.361156,0.066264,0.290697,0.044161,0.214911,0.108441,0.127032,-0.033725,0.132525,0.182840,0.328871,0.157546,0.214733,0.316023,0.319466,0.307906,0.150582,0.412265,0.232336,0.067739
X_feature_price_sharpe_ratio_compound_r126_volatility126_rolling,X_feature_price_vol252,0.178563,-0.154386,0.036850,0.425940,0.330830,0.011967,0.272092,0.024328,0.198766,0.070976,0.104469,-0.048496,0.111595,0.188483,0.295525,0.126544,0.178466,0.265512,0.263552,0.244106,0.098456,0.337414,0.190192,0.000120
X_feature_price_sharpe_ratio_compound_r126_volatility126_rolling,X_feature_market_cap_log_identity,0.348974,0.288130,0.240675,0.121127,0.124312,0.044293,0.120688,0.141842,0.206681,0.212540,0.223829,0.111066,0.139402,0.207700,0.234420,0.145357,0.219133,0.212955,0.162363,0.252168,0.206234,0.271047,0.320629,0.113291
X_feature_price_sharpe_ratio_compound_r126_volatility126_rolling,X_feature_market_cap_log_std21,0.186177,-0.046553,0.086317,0.409753,0.372996,-0.014983,0.159841,-0.010700,0.106174,0.086548,0.248755,0.016159,0.102698,0.183614,0.265832,0.060670,0.121358,0.277794,0.247298,0.196672,0.123238,0.292004,0.176103,0.015801
X_feature_price_sharpe_ratio_compound_r126_volatility126_rolling,X_feature_market_cap_log_std126,0.131704,-0.167971,0.046692,0.401363,0.366818,-0.206204,-0.048431,-0.221900,0.006328,-0.117780,0.386765,-0.128910,-0.096934,0.065361,0.077559,-0.325709,-0.099209,0.180394,0.112894,-0.103755,-0.026075,0.195105,0.039785,-0.367370
X_feature_price_sharpe_ratio_compound_r126_volatility126_rolling,X_feature_market_cap_log_std504,-0.076905,-0.199507,0.006332,0.333912,0.184523,-0.083999,0.033831,-0.174240,0.050194,-0.054292,0.164040,-0.048310,-0.019353,-0.024460,0.135821,-0.063591,-0.011314,0.062863,0.139847,0.000567,-0.089724,0.186307,0.060355,-0.124434
X_feature_price_sharpe_ratio_compound_r126_volatility126_rolling,X_feature_market_cap_log_std252,-0.016371,-0.174184,0.032606,0.321470,0.289254,-0.130103,-0.059878,-0.235036,-0.004339,-0.170637,0.332187,-0.072710,-0.131929,-0.000310,0.105556,-0.276246,-0.115438,0.124650,0.131269,-0.082313,-0.128628,0.192188,0.145673,-0.301877
X_feature_price_sharpe_ratio_compound_r126_volatility126_rolling,X_feature_market_cap_log_diff_126,0.852122,0.888199,0.898170,0.837429,0.758313,0.892404,0.888883,0.922310,0.903090,0.907859,0.876913,0.812485,0.890594,0.893245,0.902489,0.877168,0.907113,0.929258,0.909885,0.910714,0.941863,0.931066,0.927891,0.911928
X_feature_price_sharpe_ratio_compound_r126_volatility126_rolling,X_feature_market_cap_log_to_min126,-0.521944,-0.668648,-0.643365,-0.216900,-0.337401,-0.604459,-0.634230,-0.724484,-0.616589,-0.721619,-0.491027,-0.492408,-0.638557,-0.607758,-0.548015,-0.705882,-0.680277,-0.612743,-0.527556,-0.713774,-0.734079,-0.519647,-0.497277,-0.752965
X_feature_price_sharpe_ratio_compound_r126_volatility126_rolling,X_feature_market_cap_log_to_max504,0.706954,0.572334,0.649009,0.588628,0.618675,0.388450,0.692347,0.676799,0.681812,0.674289,0.641069,0.244856,0.582093,0.704189,0.663099,0.590454,0.668671,0.751194,0.583027,0.667058,0.708198,0.712545,0.675262,0.565063
X_feature_price_sharpe_ratio_compound_r126_volatility126_rolling,X_feature_market_cap_log_diff_504,0.429159,0.416848,0.319588,0.065977,0.478440,0.276217,0.333461,0.460774,0.307071,0.419921,0.485030,0.201518,0.391179,0.403212,0.413606,0.328314,0.306045,0.540162,0.347636,0.466153,0.417023,0.456194,0.553711,0.178340
X_feature_price_sharpe_ratio_compound_r126_volatility126_rolling,X_feature_market_cap_log_to_min504,0.447709,0.553151,0.397182,0.154013,0.466581,0.463535,0.239397,0.495560,0.333459,0.484705,0.515469,0.416486,0.251218,0.393262,0.469190,0.410896,0.315568,0.545526,0.481995,0.466700,0.502374,0.505910,0.530076,0.346318
X_feature_price_sharpe_ratio_compound_r126_volatility126_rolling,X_feature_pv_pv_corr21,-0.195754,-0.227814,-0.191833,-0.055181,-0.148092,-0.178613,-0.189866,-0.188154,-0.181127,-0.196031,-0.185970,-0.159710,-0.137826,-0.150301,-0.137792,-0.148016,-0.177145,-0.125981,-0.150871,-0.189554,-0.141616,-0.116546,-0.098565,-0.104143
X_feature_price_sharpe_ratio_compound_r126_volatility126_rolling,X_feature_pv_pv_corr126,-0.496541,-0.516508,-0.441363,-0.366193,-0.344151,-0.492942,-0.508185,-0.488943,-0.506762,-0.475236,-0.460310,-0.408315,-0.410828,-0.442695,-0.434900,-0.443590,-0.497853,-0.454044,-0.426860,-0.534730,-0.466255,-0.418143,-0.283865,-0.361206
X_feature_price_sharpe_ratio_compound_r126_volatility126_rolling,X_feature_pv_pv_corr63,-0.350481,-0.379642,-0.306110,-0.161350,-0.265523,-0.325532,-0.348887,-0.327464,-0.336824,-0.330515,-0.339634,-0.270017,-0.273271,-0.296456,-0.280637,-0.277517,-0.340899,-0.292612,-0.295302,-0.380017,-0.310126,-0.257874,-0.199535,-0.218571
X_feature_price_sharpe_ratio_compound_r126_volatility126_rolling,X_feature_liquidity_turnover_level63,0.196932,-0.138537,-0.015374,0.288082,0.190024,0.007598,0.195361,0.001439,0.187561,0.104465,0.098131,0.001300,0.109899,0.148829,0.238502,0.165413,0.157047,0.261449,0.205970,0.255709,0.124128,0.298161,0.118577,0.087418
X_feature_price_sharpe_ratio_compound_r126_volatility126_rolling,X_feature_volume_log_volume_ratio_max126,0.060628,0.072016,0.078005,0.076627,0.067947,0.098722,0.117243,0.083414,0.083210,0.006211,0.047882,0.007017,0.036376,0.059939,0.044679,0.068317,0.077159,-0.035011,0.038534,0.047762,0.013825,0.029921,-0.066227,0.043534
X_feature_price_sharpe_ratio_compound_r126_volatility126_rolling,X_feature_volume_log_volume_ratio_max252,0.037374,0.050158,0.040419,0.041953,0.013260,0.023274,0.056016,0.034936,0.048752,-0.015075,0.042251,-0.031632,0.009548,0.028573,-0.003129,-0.008921,0.017800,-0.057276,0.007878,0.007130,-0.041828,-0.008842,-0.124446,0.046879
X_feature_price_sharpe_ratio_compound_r126_volatility126_rolling,X_feature_pv_illiquidity_mean21,0.223141,0.272532,0.215047,0.062961,0.094927,0.011648,0.025761,0.089704,0.112012,0.128848,0.185096,0.069724,0.071315,0.144910,0.181078,0.066466,0.164353,0.135272,0.150677,0.180852,0.167030,0.231464,0.291786,0.068937
X_feature_price_sharpe_ratio_compound_r126_volatility126_rolling,X_feature_volume_log_volume_std504,0.022778,0.086549,-0.056619,-0.095326,-0.133880,-0.076921,-0.018016,-0.019608,0.047114,0.014895,0.087021,-0.018949,0.025936,0.045674,0.061187,0.015144,0.093723,-0.034948,0.073672,0.045114,0.035734,0.048541,-0.010491,0.104920
X_feature_price_sharpe_ratio_compound_r126_volatility126_rolling,X_feature_volume_log_volume_std126,0.047896,0.111933,-0.000013,-0.098133,-0.028090,-0.002070,0.050796,0.041039,0.061577,0.022404,0.099002,0.002420,0.054434,0.086365,0.084199,0.069842,0.113075,-0.011216,0.067873,0.101398,0.082009,0.054132,-0.003678,0.081513
X_feature_price_sharpe_ratio_compound_r126_volatility126_rolling,X_feature_volume_log_volume_std63,0.052957,0.116601,0.004707,-0.067741,-0.004584,0.002339,0.058074,0.043359,0.053905,0.017931,0.092602,0.014724,0.066539,0.092296,0.076826,0.068125,0.103290,-0.012059,0.055213,0.099340,0.074612,0.053625,-0.001731,0.079723
X_feature_price_sharpe_ratio_compound_r126_volatility126_rolling,X_feature_market_corr504,0.095066,0.149007,-0.071447,-0.260918,-0.174045,-0.019765,-0.076259,-0.103117,0.099880,-0.025188,0.012618,-0.005857,0.041027,0.004186,0.059529,0.134081,0.056847,0.069974,0.092673,0.258199,0.044534,0.003956,0.017697,0.211741
X_feature_price_sharpe_ratio_compound_r126_volatility126_rolling,X_feature_market_corr252,0.084802,0.175699,-0.054722,-0.284252,-0.112144,0.018739,-0.083201,-0.062658,0.079226,-0.035858,0.025824,0.003213,0.066745,-0.003793,0.058764,0.162590,0.045378,0.104215,0.128730,0.283317,0.076357,0.011766,0.009687,0.167023
X_feature_price_sharpe_ratio_compound_r126_volatility126_rolling,X_feature_short_interest_to_volume_log_ratio_std252,0.060088,0.075041,-0.004700,-0.001908,-0.069899,-0.031966,-0.000770,0.006153,0.073872,0.033516,0.085846,0.004492,0.055932,0.082854,0.095648,0.022028,0.110173,0.064746,0.079766,0.062422,0.053864,0.086502,0.068482,0.062525
X_feature_price_sharpe_ratio_compound_r126_volatility126_rolling,X_feature_short_interest_to_volume_log_ratio_std63,0.071133,0.089217,-0.002310,-0.005869,0.039355,0.040831,0.094809,0.060114,0.081896,0.057401,0.086767,0.018636,0.102696,0.074741,0.115778,0.080215,0.156607,0.030111,0.093437,0.105070,0.093470,0.125407,0.046419,0.099338
X_feature_price_sharpe_ratio_compound_r126_volatility126_rolling,X_feature_short_interest_to_volume_log_ratio,-0.020564,0.054885,0.001378,-0.146891,-0.049388,-0.043938,-0.061069,0.004775,-0.015155,0.047172,0.009019,-0.007172,-0.072635,-0.029516,-0.030350,-0.013193,-0.024768,0.020068,0.005315,0.088343,-0.012738,-0.006716,-0.052151,0.069282
X_feature_price_sharpe_ratio_compound_r126_volatility126_rolling,X_feature_short_interest_to_volume_log_ratio_mean252,-0.044377,0.103997,0.009197,-0.180728,-0.107243,-0.046667,-0.052818,0.008655,-0.002472,0.077141,-0.003200,0.023362,-0.079408,-0.018767,-0.061066,0.008423,-0.010102,0.007701,0.007013,0.090848,-0.028927,0.007125,-0.037202,0.087591
X_feature_price_sharpe_ratio_compound_r126_volatility126_rolling,X_feature_short_interest_to_volume_log_ratio_mean63,-0.032060,0.085650,-0.016951,-0.185658,-0.072798,-0.066872,-0.087136,0.004114,-0.027378,0.047697,0.002524,-0.015924,-0.086066,-0.031151,-0.060871,-0.028135,-0.051797,0.002410,-0.001826,0.080829,-0.029236,-0.016626,-0.070628,0.071452
X_feature_price_sharpe_ratio_compound_r126_volatility126_rolling,X_feature_short_interest_log_diff21,0.022504,-0.004895,0.016267,0.019666,0.026275,0.024858,0.005940,0.016699,0.008937,0.057281,0.050110,0.039933,0.053387,0.048655,0.077551,0.085993,0.090085,0.098100,0.077288,0.120054,0.080808,0.077253,0.103844,0.057499
X_feature_price_sharpe_ratio_compound_r126_volatility126_rolling,X_feature_short_interest_log_diff252,0.054345,0.009326,-0.009592,0.003750,0.035432,-0.018954,-0.069783,-0.012169,-0.007327,0.079375,0.084500,0.005161,0.039237,0.056213,0.114912,0.046076,0.027334,0.143442,0.129015,0.164009,0.137050,0.102915,0.100659,0.034171
X_feature_price_sharpe_ratio_compound_r126_volatility126_rolling,X_feature_short_interest_log_diff63,0.042906,-0.016728,0.019340,-0.005381,0.031070,0.018778,-0.015329,0.012138,0.007295,0.072301,0.080115,0.043273,0.069190,0.041346,0.115573,0.112996,0.138021,0.140700,0.125414,0.180975,0.152137,0.135619,0.158598,0.111150
X_feature_price_sharpe_ratio_compound_r126_volatility126_rolling,X_feature_short_interest_log_diff126,0.030578,-0.031795,-0.021224,-0.037377,0.017155,-0.007669,-0.077705,-0.004784,-0.012011,0.057579,0.066184,-0.005839,0.033595,0.014615,0.090503,0.067802,0.083694,0.131889,0.123183,0.170812,0.161342,0.136292,0.140054,0.100634
X_feature_price_macd_21_126,X_feature_price_final_to_high90_exclude10,0.549644,0.494917,0.483717,0.657418,0.625833,0.418654,0.459981,0.503729,0.491155,0.524756,0.454502,0.317155,0.437999,0.476747,0.573636,0.349702,0.445325,0.590464,0.606224,0.502082,0.555844,0.602162,0.548935,0.316031
X_feature_price_macd_21_126,X_feature_price_price_to_max252,0.657634,0.683343,0.655387,0.773407,0.723060,0.545282,0.552997,0.638559,0.633441,0.623272,0.556986,0.412468,0.537447,0.550380,0.718986,0.433963,0.548113,0.718176,0.728449,0.620478,0.682653,0.740249,0.698149,0.387067
X_feature_price_macd_21_126,X_feature_price_final_to_high252_exclude21,0.608891,0.619054,0.636613,0.735424,0.679085,0.501402,0.476488,0.577372,0.597925,0.572961,0.542109,0.353086,0.472165,0.507098,0.675457,0.372469,0.455038,0.678500,0.670825,0.564919,0.635859,0.708666,0.653569,0.309404
X_feature_price_macd_21_126,X_feature_price_lag1,-0.012755,-0.022361,-0.054985,-0.003704,-0.024007,-0.000399,-0.018058,-0.022629,-0.019412,-0.015330,-0.004993,-0.000459,0.004045,-0.025391,0.076995,-0.013980,-0.015499,-0.048145,-0.046005,-0.021031,-0.035285,0.025544,-0.022887,-0.008291
X_feature_price_macd_21_126,X_feature_price_ret21_shift0,-0.247609,-0.277560,-0.262207,-0.197243,-0.268326,-0.140678,-0.221656,-0.261038,-0.190380,-0.281779,-0.208074,-0.142923,-0.191536,-0.214409,-0.189448,-0.153200,-0.242747,-0.261838,-0.203857,-0.206408,-0.253489,-0.196858,-0.224846,-0.192756
X_feature_price_macd_21_126,X_feature_price_ret10_shift0,-0.111453,-0.126855,-0.115540,-0.082313,-0.133472,-0.028240,-0.079059,-0.119331,-0.064466,-0.127700,-0.093928,-0.035709,-0.047381,-0.086987,-0.062820,-0.035669,-0.081519,-0.133382,-0.066400,-0.076031,-0.107281,-0.082478,-0.113826,-0.049155
X_feature_price_macd_21_126,X_feature_price_ret5_shift0,-0.054509,-0.070916,-0.050558,-0.031855,-0.070348,-0.002563,-0.033808,-0.058201,-0.023000,-0.073095,-0.038605,0.001032,-0.007153,-0.047171,-0.018037,-0.008958,-0.028611,-0.079707,-0.017891,-0.034969,-0.055218,-0.031596,-0.064776,-0.012155
X_feature_price_macd_21_126,X_feature_price_downside_vol10,0.203247,-0.012212,0.010901,0.434111,0.371575,0.145859,0.199290,0.127022,0.134871,0.160329,0.145677,0.097047,0.119240,0.231887,0.305424,0.148217,0.192097,0.287451,0.311629,0.244069,0.144850,0.313969,0.266958,0.080629
X_feature_price_macd_21_126,X_feature_price_downside_vol21,0.256055,0.018314,0.034078,0.504994,0.442963,0.202529,0.263610,0.182144,0.191009,0.209592,0.186587,0.138273,0.174613,0.281877,0.403590,0.213512,0.269185,0.358455,0.419085,0.321911,0.210888,0.394957,0.320342,0.139364
X_feature_price_macd_21_126,X_feature_price_vol10,0.197725,-0.067340,-0.023442,0.474672,0.387934,0.170207,0.222875,0.119300,0.154211,0.157338,0.125977,0.086468,0.140903,0.243735,0.354490,0.193568,0.217806,0.298142,0.364499,0.286719,0.151425,0.365475,0.275760,0.109604
X_feature_price_macd_21_126,X_feature_price_upside_vol10,0.123811,-0.100118,-0.042380,0.408666,0.308198,0.128669,0.149184,0.045386,0.101147,0.082505,0.083109,0.060045,0.084439,0.168302,0.269413,0.130038,0.134310,0.199130,0.280488,0.199776,0.079768,0.281792,0.195065,0.063220
X_feature_price_macd_21_126,X_feature_price_upside_vol21,0.129269,-0.129145,-0.058547,0.446340,0.352643,0.126830,0.133132,0.032814,0.088013,0.067903,0.093476,0.042136,0.056931,0.156459,0.295536,0.110857,0.115938,0.208455,0.297533,0.193853,0.066302,0.299767,0.208611,0.023070
X_feature_price_macd_21_126,X_feature_price_upside_vol63,0.127956,-0.152237,-0.076281,0.481360,0.371128,0.143483,0.143016,0.024266,0.064088,0.052608,0.098229,0.064627,0.041036,0.132160,0.307864,0.117005,0.105810,0.209215,0.289173,0.167453,0.018578,0.273265,0.233367,0.011429
X_feature_price_macd_21_126,X_feature_price_atr5,0.214535,-0.041458,-0.007098,0.499900,0.414019,0.184091,0.243307,0.130296,0.163179,0.163721,0.135643,0.092427,0.132106,0.218352,0.372476,0.185602,0.215214,0.323916,0.386484,0.285185,0.171456,0.392917,0.286724,0.095847
X_feature_price_macd_21_126,X_feature_price_downside_vol126,0.298441,0.029726,0.075515,0.573671,0.490649,0.276878,0.308813,0.261577,0.293238,0.275317,0.211910,0.164373,0.209215,0.314111,0.476240,0.269106,0.310067,0.456029,0.484534,0.399841,0.300619,0.493116,0.381535,0.129208
X_feature_price_macd_21_126,X_feature_price_downside_vol63,0.288178,0.043070,0.061606,0.554393,0.501055,0.262313,0.302794,0.234762,0.267112,0.256021,0.214109,0.183745,0.217721,0.307565,0.483536,0.252250,0.299797,0.430823,0.502994,0.387296,0.281519,0.482008,0.369912,0.138993
X_feature_price_macd_21_126,X_feature_price_atr21,0.229188,-0.044409,-0.010171,0.531791,0.451522,0.204048,0.260371,0.148681,0.182195,0.171100,0.160187,0.102401,0.135364,0.232489,0.409005,0.205583,0.236662,0.360471,0.433975,0.314878,0.197646,0.440968,0.319141,0.092218
X_feature_price_macd_21_126,X_feature_price_atr126,0.190290,-0.078355,-0.016793,0.526406,0.421961,0.199012,0.229256,0.132274,0.174035,0.144138,0.148306,0.100777,0.101690,0.193188,0.393315,0.169562,0.210687,0.341877,0.404153,0.274007,0.176912,0.418322,0.304605,0.048099
X_feature_price_macd_21_126,X_feature_price_vol252,0.195337,-0.094637,-0.047377,0.505618,0.395200,0.175758,0.233292,0.145038,0.181004,0.133666,0.124045,0.082809,0.092259,0.200715,0.372498,0.155478,0.208576,0.317502,0.365682,0.252998,0.152400,0.358614,0.279441,0.026416
X_feature_price_macd_21_126,X_feature_market_cap_log_identity,0.298114,0.339545,0.231886,0.138093,0.090481,0.078537,0.083814,0.110838,0.178317,0.217559,0.175797,0.067544,0.102676,0.185489,0.233343,0.121101,0.182138,0.223181,0.190365,0.190308,0.205599,0.265030,0.328080,0.067819
X_feature_price_macd_21_126,X_feature_market_cap_log_std21,0.279903,0.006650,0.014830,0.461037,0.381350,0.187645,0.308889,0.198274,0.211376,0.235216,0.109119,0.020402,0.224080,0.300651,0.396434,0.310393,0.310484,0.354816,0.339805,0.347495,0.215052,0.343326,0.243895,0.235356
X_feature_price_macd_21_126,X_feature_market_cap_log_std126,0.251398,-0.071200,-0.014212,0.494831,0.393333,0.088365,0.183785,0.047867,0.141271,0.096121,0.204489,-0.036835,0.137941,0.260334,0.254092,0.072763,0.175739,0.322715,0.261920,0.175428,0.149571,0.287567,0.167254,0.025087
X_feature_price_macd_21_126,X_feature_market_cap_log_std504,-0.076874,-0.175771,-0.080019,0.373084,0.231689,0.135869,0.034359,-0.076278,0.030306,-0.002693,0.077175,0.102375,-0.035132,-0.027853,0.219875,0.022457,-0.016360,0.089963,0.236582,0.031335,-0.081877,0.205732,0.118192,-0.059883
X_feature_price_macd_21_126,X_feature_market_cap_log_std252,0.045619,-0.087801,-0.030001,0.390022,0.330586,0.151660,0.052471,-0.031908,0.074063,-0.010111,0.235512,0.051703,-0.037111,0.103170,0.259526,-0.016301,0.055362,0.220333,0.276505,0.054997,-0.002570,0.266576,0.259172,-0.118069
X_feature_price_macd_21_126,X_feature_market_cap_log_diff_126,0.592892,0.649236,0.693389,0.668231,0.635005,0.417665,0.506250,0.579066,0.605558,0.585596,0.564955,0.325321,0.495734,0.523696,0.596775,0.352341,0.466213,0.663824,0.617357,0.542252,0.651848,0.679646,0.609980,0.340153
X_feature_price_macd_21_126,X_feature_market_cap_log_to_min126,-0.300691,-0.498045,-0.536016,-0.078606,-0.229225,-0.216621,-0.329514,-0.415508,-0.386228,-0.438975,-0.302274,-0.177220,-0.336372,-0.288366,-0.290332,-0.247690,-0.314960,-0.368917,-0.278634,-0.374020,-0.457503,-0.314833,-0.259648,-0.274987
X_feature_price_macd_21_126,X_feature_market_cap_log_to_max504,0.617044,0.615656,0.653974,0.695280,0.678965,0.447161,0.525547,0.635556,0.618521,0.595394,0.547666,0.288220,0.451911,0.540433,0.673196,0.397071,0.521184,0.701275,0.628612,0.562487,0.655954,0.703696,0.668587,0.371475
X_feature_price_macd_21_126,X_feature_market_cap_log_diff_504,0.397531,0.478533,0.423178,0.121357,0.531102,0.323963,0.234817,0.402313,0.335119,0.373080,0.453585,0.216481,0.312541,0.328498,0.443999,0.256237,0.268020,0.501894,0.419149,0.415110,0.438506,0.480495,0.578867,0.129794
X_feature_price_macd_21_126,X_feature_market_cap_log_to_min504,0.392696,0.546082,0.479526,0.175109,0.438644,0.284136,0.183582,0.411368,0.340199,0.398829,0.452910,0.192257,0.231168,0.326240,0.417515,0.270740,0.263237,0.488335,0.413683,0.411245,0.484669,0.485799,0.446927,0.219685
X_feature_price_macd_21_126,X_feature_pv_pv_corr21,-0.110400,-0.145811,-0.133491,-0.021780,-0.118710,-0.087493,-0.117376,-0.091045,-0.089754,-0.093141,-0.100950,-0.077445,-0.059365,-0.086181,-0.068294,-0.052096,-0.110464,-0.053135,-0.076598,-0.106779,-0.076830,-0.061844,-0.045540,-0.058807
X_feature_price_macd_21_126,X_feature_pv_pv_corr126,-0.306453,-0.340260,-0.326523,-0.170633,-0.251845,-0.237919,-0.271754,-0.243641,-0.307570,-0.239216,-0.246330,-0.164987,-0.167102,-0.229563,-0.245969,-0.154126,-0.227696,-0.266735,-0.219109,-0.301258,-0.295217,-0.263256,-0.117976,-0.109983
X_feature_price_macd_21_126,X_feature_pv_pv_corr63,-0.227021,-0.265071,-0.251951,-0.071434,-0.217960,-0.176402,-0.212027,-0.184368,-0.220086,-0.184505,-0.196204,-0.128466,-0.134893,-0.168008,-0.174714,-0.099288,-0.188911,-0.172207,-0.168964,-0.233218,-0.211074,-0.163961,-0.095480,-0.085427
X_feature_price_macd_21_126,X_feature_liquidity_turnover_level63,0.216082,-0.086582,-0.093970,0.318795,0.226306,0.088140,0.196613,0.113478,0.182554,0.161361,0.052171,0.068583,0.149471,0.156003,0.300011,0.196172,0.205890,0.281249,0.266488,0.281856,0.170873,0.309292,0.169772,0.104198
X_feature_price_macd_21_126,X_feature_volume_log_volume_ratio_max126,0.044785,0.084345,0.063642,0.064921,0.072276,0.064797,0.077544,0.077651,0.081159,0.019081,0.037689,-0.009275,0.063696,0.042877,0.049578,0.042440,0.052558,-0.017705,0.053865,0.037945,0.028948,0.013732,-0.033152,0.000566
X_feature_price_macd_21_126,X_feature_volume_log_volume_ratio_max252,0.034001,0.078558,0.042211,0.069706,0.036090,0.032554,0.034953,0.050555,0.063690,0.011674,0.047676,-0.027015,0.030224,0.015829,0.012460,-0.000849,0.019514,-0.040913,0.024041,-0.004718,-0.016966,-0.016037,-0.078040,-0.007798
X_feature_price_macd_21_126,X_feature_pv_illiquidity_mean21,0.180921,0.317863,0.241357,0.089806,0.056684,0.055683,0.001147,0.035994,0.085774,0.128981,0.180292,0.039244,0.031725,0.136191,0.172248,0.048664,0.121723,0.153842,0.178233,0.110699,0.157381,0.231132,0.303213,0.021311
X_feature_price_macd_21_126,X_feature_volume_log_volume_std504,0.014975,0.122578,-0.049188,-0.094583,-0.160625,-0.039162,0.011792,0.018163,0.079516,0.076665,0.041936,-0.039879,0.064641,0.082857,0.087513,0.044008,0.095918,-0.005987,0.086500,0.032671,0.047346,0.056474,0.001301,0.083298
X_feature_price_macd_21_126,X_feature_volume_log_volume_std126,0.044882,0.152351,0.015197,-0.080345,-0.054809,0.033705,0.073230,0.082665,0.111075,0.079500,0.039730,-0.014923,0.090828,0.111018,0.095267,0.078942,0.113013,0.006587,0.076187,0.085139,0.087683,0.052004,0.003301,0.066882
X_feature_price_macd_21_126,X_feature_volume_log_volume_std63,0.052489,0.159107,0.020609,-0.047344,-0.025059,0.042886,0.088911,0.087493,0.110004,0.069056,0.029556,-0.004333,0.098618,0.110916,0.089229,0.083026,0.109329,0.007827,0.077015,0.089429,0.085385,0.062968,0.012703,0.068988
X_feature_price_macd_21_126,X_feature_market_corr504,0.110096,0.197644,-0.023106,-0.336108,-0.208701,0.010823,-0.007148,-0.032837,0.169198,0.039480,-0.087929,-0.022870,0.096835,0.023299,0.099792,0.169039,0.133351,0.111331,0.127713,0.270745,0.143981,-0.004205,0.031443,0.193909
X_feature_price_macd_21_126,X_feature_market_corr252,0.107765,0.226817,-0.002915,-0.360558,-0.142557,0.067129,0.017018,0.036471,0.186325,0.050388,-0.065981,-0.006116,0.150972,0.025251,0.098745,0.197412,0.147430,0.148940,0.158110,0.300079,0.173932,0.018386,0.038055,0.179227
X_feature_price_macd_21_126,X_feature_short_interest_to_volume_log_ratio_std252,0.070959,0.121429,-0.000417,0.018077,-0.075757,0.032548,0.041829,0.065196,0.113694,0.087275,0.073178,0.033393,0.095695,0.097602,0.127985,0.064498,0.125773,0.090541,0.101210,0.088745,0.081704,0.094089,0.087547,0.063919
X_feature_price_macd_21_126,X_feature_short_interest_to_volume_log_ratio_std63,0.073275,0.118378,-0.008116,0.006810,0.019693,0.082994,0.129360,0.111209,0.128875,0.108949,0.026721,0.026487,0.133014,0.101043,0.133516,0.104314,0.161148,0.053058,0.105061,0.131967,0.109521,0.124546,0.034956,0.099243
X_feature_price_macd_21_126,X_feature_short_interest_to_volume_log_ratio,-0.020855,0.058954,0.038736,-0.132359,-0.050655,-0.032626,-0.075248,-0.044412,-0.007262,0.042396,0.079152,-0.060433,-0.061145,-0.017718,-0.038365,-0.025457,-0.039113,0.022253,0.031964,0.047347,0.017877,-0.017974,-0.022347,-0.005192
X_feature_price_macd_21_126,X_feature_short_interest_to_volume_log_ratio_mean252,-0.028026,0.104361,0.050530,-0.203472,-0.147418,-0.020018,-0.047958,-0.033670,0.013605,0.087335,0.025031,-0.050124,-0.053265,0.008822,-0.070707,0.013378,-0.005396,0.008277,0.035707,0.079056,0.015567,-0.005173,-0.032484,0.043231
X_feature_price_macd_21_126,X_feature_short_interest_to_volume_log_ratio_mean63,-0.013941,0.091555,0.035772,-0.173164,-0.085379,-0.026893,-0.072493,-0.030330,-0.000381,0.064826,0.051970,-0.080038,-0.054531,-0.003104,-0.062760,-0.000848,-0.030490,0.017868,0.031550,0.067862,0.017985,-0.015735,-0.038668,0.034214
X_feature_price_macd_21_126,X_feature_short_interest_log_diff21,0.016088,-0.017427,0.012079,0.007320,0.008694,0.017899,0.007659,0.011491,0.015161,0.047160,0.053891,0.039412,0.022974,0.023375,0.071573,0.044105,0.064453,0.080827,0.058649,0.095160,0.061944,0.063293,0.075968,0.022289
X_feature_price_macd_21_126,X_feature_short_interest_log_diff252,0.051065,0.018006,-0.012137,0.029175,0.049304,-0.000208,-0.015458,0.006288,0.030525,0.103348,0.117139,0.030227,0.071277,0.067542,0.132978,0.076645,0.068459,0.173736,0.149296,0.161999,0.155472,0.120323,0.142780,0.067895
X_feature_price_macd_21_126,X_feature_short_interest_log_diff63,0.020486,-0.022600,0.004609,-0.002512,0.010318,0.003720,0.005357,0.013864,0.034712,0.067986,0.087992,0.048564,0.044556,0.013836,0.106009,0.055134,0.087264,0.112047,0.088750,0.139840,0.112131,0.100161,0.119980,0.045194
X_feature_price_macd_21_126,X_feature_short_interest_log_diff126,0.037248,-0.008321,-0.008585,0.003721,0.032642,0.002186,-0.013094,0.023128,0.036960,0.082748,0.101504,0.044551,0.059103,0.023788,0.106225,0.069378,0.092591,0.137378,0.120321,0.157310,0.138071,0.133426,0.146812,0.063360
X_feature_price_final_to_high90_exclude10,X_feature_price_price_to_max252,0.765501,0.708678,0.766665,0.814464,0.794545,0.651545,0.742168,0.718111,0.730464,0.745955,0.804852,0.616795,0.724676,0.762118,0.728825,0.676926,0.721477,0.790133,0.743682,0.747952,0.751075,0.766619,0.734572,0.687785
X_feature_price_final_to_high90_exclude10,X_feature_price_final_to_high252_exclude21,0.720517,0.624629,0.686872,0.764484,0.737721,0.589069,0.695754,0.656938,0.663874,0.682575,0.738947,0.545655,0.667510,0.707825,0.665441,0.631279,0.654185,0.738689,0.661151,0.691922,0.678392,0.704938,0.665258,0.613974
X_feature_price_final_to_high90_exclude10,X_feature_price_lag1,-0.003970,-0.017614,-0.031068,-0.002125,-0.034101,0.017212,-0.026404,0.000439,-0.024464,-0.012179,0.011637,0.059333,0.005867,-0.062270,0.087077,-0.005823,0.017784,-0.027119,-0.035409,-0.014674,-0.026769,0.024253,0.012010,-0.015250
X_feature_price_final_to_high90_exclude10,X_feature_price_ret21_shift0,-0.323096,-0.320563,-0.373883,-0.241030,-0.332692,-0.258441,-0.316050,-0.356270,-0.323200,-0.405667,-0.357111,-0.223918,-0.314358,-0.370759,-0.317935,-0.362708,-0.376737,-0.375618,-0.305372,-0.352610,-0.384321,-0.281682,-0.309180,-0.374428
X_feature_price_final_to_high90_exclude10,X_feature_price_ret10_shift0,0.011470,0.024002,-0.048638,0.020732,-0.034559,0.073555,0.013120,0.000569,0.004097,-0.048383,-0.041827,0.090979,0.027615,-0.033001,0.019782,0.000289,-0.012701,-0.055764,0.038426,-0.003133,-0.028383,0.026831,0.013976,0.001506
X_feature_price_final_to_high90_exclude10,X_feature_price_ret5_shift0,0.003794,-0.006134,-0.047752,0.004881,-0.034414,0.047557,0.000043,-0.008617,-0.008095,-0.045697,-0.037009,0.061007,0.012043,-0.038759,0.014287,-0.002474,-0.006394,-0.045161,0.029657,-0.003816,-0.021248,0.021842,-0.006476,0.010002
X_feature_price_final_to_high90_exclude10,X_feature_price_downside_vol10,0.308439,0.219510,0.359858,0.516108,0.480003,0.281042,0.308126,0.216083,0.299966,0.262050,0.431887,0.357915,0.293118,0.384165,0.352739,0.234825,0.290491,0.361901,0.341981,0.332995,0.244661,0.349058,0.363638,0.253880
X_feature_price_final_to_high90_exclude10,X_feature_price_downside_vol21,0.488039,0.388048,0.497006,0.665614,0.637015,0.485561,0.511703,0.432697,0.492233,0.444702,0.578784,0.528878,0.490462,0.556999,0.553902,0.461698,0.500550,0.548674,0.557644,0.555645,0.442920,0.549047,0.539308,0.455318
X_feature_price_final_to_high90_exclude10,X_feature_price_vol10,0.376478,0.270082,0.412870,0.613632,0.563800,0.373618,0.387465,0.276597,0.375699,0.304564,0.495522,0.445790,0.368620,0.444466,0.448849,0.300607,0.360309,0.423411,0.435174,0.418348,0.310090,0.456743,0.434770,0.326148
X_feature_price_final_to_high90_exclude10,X_feature_price_upside_vol10,0.323554,0.238626,0.371138,0.568612,0.505263,0.349409,0.340227,0.237456,0.335792,0.252129,0.420893,0.418133,0.319722,0.377506,0.398552,0.260638,0.310303,0.355197,0.392015,0.374688,0.269747,0.415718,0.378054,0.296171
X_feature_price_final_to_high90_exclude10,X_feature_price_upside_vol21,0.306016,0.194864,0.359792,0.584927,0.531657,0.319435,0.321141,0.181477,0.295861,0.199598,0.410373,0.377257,0.280405,0.345115,0.364929,0.213259,0.264985,0.316432,0.339516,0.327225,0.217507,0.382392,0.343169,0.238700
X_feature_price_final_to_high90_exclude10,X_feature_price_upside_vol63,0.330755,0.194010,0.368007,0.610567,0.551384,0.360758,0.347715,0.181177,0.291580,0.198448,0.401384,0.402927,0.286052,0.343086,0.372835,0.228767,0.258811,0.304605,0.306382,0.302653,0.171097,0.337637,0.367585,0.252513
X_feature_price_final_to_high90_exclude10,X_feature_price_atr5,0.391788,0.292658,0.436106,0.639775,0.592599,0.420745,0.436284,0.314852,0.411597,0.342578,0.525116,0.472595,0.395259,0.466658,0.477340,0.329955,0.401887,0.471914,0.472623,0.460572,0.359103,0.503884,0.466957,0.366105
X_feature_price_final_to_high90_exclude10,X_feature_price_downside_vol126,0.547548,0.404867,0.564250,0.720674,0.684613,0.531544,0.586963,0.504890,0.579997,0.515025,0.636241,0.518539,0.522431,0.612592,0.564240,0.496397,0.560501,0.621457,0.551858,0.593292,0.535060,0.611270,0.536383,0.467455
X_feature_price_final_to_high90_exclude10,X_feature_price_downside_vol63,0.577293,0.475407,0.584321,0.751060,0.726005,0.584762,0.631291,0.556047,0.616267,0.560589,0.661420,0.591882,0.582138,0.647076,0.629365,0.562625,0.615459,0.671625,0.646237,0.662286,0.572604,0.658399,0.610279,0.532583
X_feature_price_final_to_high90_exclude10,X_feature_price_atr21,0.469377,0.351279,0.491640,0.698968,0.667085,0.490299,0.528790,0.400098,0.483605,0.412178,0.578491,0.515468,0.452120,0.530043,0.541947,0.420156,0.483061,0.543351,0.542218,0.545865,0.449116,0.591978,0.534916,0.420328
X_feature_price_final_to_high90_exclude10,X_feature_price_atr126,0.438956,0.306972,0.489341,0.673695,0.623347,0.472736,0.508880,0.385600,0.490422,0.402633,0.546321,0.480611,0.436403,0.515605,0.509746,0.387583,0.466008,0.507128,0.481302,0.501248,0.421624,0.538426,0.482832,0.381800
X_feature_price_final_to_high90_exclude10,X_feature_price_vol252,0.431001,0.280865,0.447276,0.640699,0.605181,0.439999,0.495827,0.355497,0.462980,0.339872,0.523684,0.453500,0.400877,0.490395,0.471925,0.333191,0.418333,0.453567,0.432488,0.451938,0.373878,0.485290,0.436789,0.305620
X_feature_price_final_to_high90_exclude10,X_feature_market_cap_log_identity,0.312155,0.246365,0.160316,0.228485,0.229174,0.123277,0.167914,0.183372,0.196731,0.236456,0.302182,0.307507,0.203927,0.253758,0.262739,0.203188,0.233653,0.236334,0.252773,0.292930,0.217345,0.262910,0.362980,0.190054
X_feature_price_final_to_high90_exclude10,X_feature_market_cap_log_std21,0.355532,0.267078,0.396623,0.598978,0.545513,0.307707,0.335280,0.240720,0.321813,0.265348,0.514330,0.382233,0.301359,0.399309,0.397935,0.222962,0.308276,0.395468,0.366457,0.328568,0.274985,0.385117,0.338852,0.223145
X_feature_price_final_to_high90_exclude10,X_feature_market_cap_log_std126,0.390649,0.269600,0.438217,0.640718,0.603103,0.307106,0.314707,0.227167,0.343762,0.254599,0.676439,0.378561,0.290496,0.432666,0.351064,0.102271,0.286097,0.426815,0.365336,0.247216,0.308439,0.391369,0.348919,0.101076
X_feature_price_final_to_high90_exclude10,X_feature_market_cap_log_std504,0.145038,0.149160,0.373508,0.531076,0.441855,0.349671,0.298553,0.158839,0.317348,0.207567,0.463360,0.393139,0.279409,0.250363,0.343703,0.179225,0.209578,0.266095,0.327364,0.210856,0.174970,0.344549,0.314527,0.206874
X_feature_price_final_to_high90_exclude10,X_feature_market_cap_log_std252,0.245133,0.235340,0.392771,0.557258,0.540564,0.340675,0.290188,0.187628,0.321989,0.194444,0.589585,0.385362,0.222054,0.356857,0.336357,0.106596,0.244281,0.357210,0.349053,0.227826,0.202177,0.382474,0.417314,0.128900
X_feature_price_final_to_high90_exclude10,X_feature_market_cap_log_diff_126,0.566817,0.465398,0.520725,0.678810,0.653872,0.333374,0.481417,0.478162,0.508910,0.535729,0.721563,0.406249,0.448784,0.523497,0.536255,0.425343,0.484924,0.635845,0.596235,0.534205,0.591359,0.638443,0.605120,0.426332
X_feature_price_final_to_high90_exclude10,X_feature_market_cap_log_to_min126,-0.251503,-0.287821,-0.300725,-0.055915,-0.166690,-0.132109,-0.312755,-0.347698,-0.320519,-0.395971,-0.149685,-0.009796,-0.291253,-0.246946,-0.289514,-0.350691,-0.359739,-0.379920,-0.290885,-0.411698,-0.452366,-0.329804,-0.179544,-0.359297
X_feature_price_final_to_high90_exclude10,X_feature_market_cap_log_to_max504,0.677859,0.580982,0.599182,0.678291,0.710261,0.534164,0.657280,0.632612,0.615328,0.642327,0.707751,0.505598,0.554265,0.682780,0.622411,0.586331,0.637716,0.707907,0.600239,0.645519,0.658606,0.643697,0.661651,0.572216
X_feature_price_final_to_high90_exclude10,X_feature_market_cap_log_diff_504,0.249001,0.231027,-0.023075,0.024458,0.507094,0.320068,0.126458,0.170728,0.066481,0.227858,0.421987,0.401845,0.295781,0.157128,0.293895,0.238637,0.132860,0.377916,0.344231,0.396631,0.231555,0.309074,0.486113,0.072555
X_feature_price_final_to_high90_exclude10,X_feature_market_cap_log_to_min504,0.206464,0.208719,-0.020154,-0.010850,0.265488,0.041328,-0.050140,0.156118,0.021666,0.207514,0.158948,-0.064214,-0.067818,0.100897,0.218869,0.158931,0.060128,0.313014,0.254623,0.243058,0.226470,0.276519,0.224316,0.012458
X_feature_price_final_to_high90_exclude10,X_feature_pv_pv_corr21,-0.165320,-0.188672,-0.189874,-0.057703,-0.158848,-0.155782,-0.195381,-0.203350,-0.172972,-0.157914,-0.150867,-0.063052,-0.107354,-0.129756,-0.131313,-0.142579,-0.185457,-0.114085,-0.123214,-0.201521,-0.143679,-0.109380,-0.064246,-0.094147
X_feature_price_final_to_high90_exclude10,X_feature_pv_pv_corr126,-0.286054,-0.255240,-0.242913,-0.169199,-0.237530,-0.186358,-0.275180,-0.265285,-0.302518,-0.222021,-0.312383,-0.095123,-0.133083,-0.214701,-0.218808,-0.191383,-0.247575,-0.257170,-0.186687,-0.286937,-0.291481,-0.271977,-0.058230,-0.100323
X_feature_price_final_to_high90_exclude10,X_feature_pv_pv_corr63,-0.300326,-0.320106,-0.329283,-0.178859,-0.295851,-0.259107,-0.358236,-0.342108,-0.342958,-0.277137,-0.334022,-0.151526,-0.203291,-0.256783,-0.257327,-0.246428,-0.329518,-0.281443,-0.254184,-0.355884,-0.329813,-0.258706,-0.122459,-0.156884
X_feature_price_final_to_high90_exclude10,X_feature_liquidity_turnover_level63,0.360898,0.229329,0.349197,0.491537,0.428315,0.327465,0.399032,0.296752,0.408975,0.309915,0.388108,0.310216,0.313584,0.329165,0.376748,0.311526,0.340900,0.382948,0.354287,0.392916,0.295873,0.375377,0.332473,0.288010
X_feature_price_final_to_high90_exclude10,X_feature_volume_log_volume_ratio_max126,0.066252,0.077511,0.082236,0.104998,0.138287,0.104077,0.157080,0.117862,0.093677,0.070184,0.121573,0.052173,0.086003,0.095454,0.082810,0.111377,0.128383,0.050070,0.092873,0.099229,0.109768,0.073762,0.015429,0.116606
X_feature_price_final_to_high90_exclude10,X_feature_volume_log_volume_ratio_max252,0.031547,0.038721,0.046615,0.070271,0.075279,0.042827,0.091027,0.077353,0.047823,0.049773,0.089637,0.002797,0.055646,0.060138,0.030362,0.044491,0.071088,0.019210,0.063737,0.052939,0.060758,0.044958,-0.029444,0.124239
X_feature_price_final_to_high90_exclude10,X_feature_pv_illiquidity_mean21,0.172074,0.168836,0.087447,0.139359,0.149070,0.033752,0.045771,0.085152,0.088558,0.148737,0.255902,0.257297,0.122204,0.198609,0.209271,0.125090,0.182979,0.179534,0.231389,0.240059,0.185738,0.238136,0.314947,0.151950
X_feature_price_final_to_high90_exclude10,X_feature_volume_log_volume_std504,0.024989,0.039380,-0.011775,-0.037653,-0.072459,-0.027878,0.079200,0.084456,0.098425,0.097770,0.125021,0.095560,0.103454,0.151449,0.138400,0.130167,0.173050,0.050624,0.107221,0.098990,0.105737,0.114165,0.080490,0.164076
X_feature_price_final_to_high90_exclude10,X_feature_volume_log_volume_std126,0.032451,0.048787,-0.007985,-0.039461,0.046955,0.058856,0.130096,0.127096,0.093426,0.102212,0.150186,0.140260,0.111588,0.164409,0.151665,0.164842,0.201017,0.074479,0.100784,0.154294,0.135553,0.110097,0.082817,0.159804
X_feature_price_final_to_high90_exclude10,X_feature_volume_log_volume_std63,0.036541,0.058064,-0.012858,0.003707,0.083642,0.088644,0.141444,0.131250,0.084881,0.093475,0.153543,0.146674,0.123454,0.158361,0.156383,0.175233,0.192003,0.077015,0.103787,0.163039,0.141937,0.117394,0.092546,0.147317
X_feature_price_final_to_high90_exclude10,X_feature_market_corr504,0.120875,0.099227,-0.175103,-0.349998,-0.222217,0.031457,0.054054,0.035703,0.173769,0.040247,0.077025,0.082766,0.099757,0.031403,0.161537,0.236590,0.182475,0.216574,0.240030,0.257502,0.078574,0.046691,0.141912,0.304651
X_feature_price_final_to_high90_exclude10,X_feature_market_corr252,0.093280,0.100197,-0.176037,-0.378979,-0.086783,0.109711,0.016360,0.075252,0.149240,0.040337,0.113485,0.094755,0.060849,0.055585,0.166497,0.237086,0.179783,0.261304,0.269310,0.210251,0.100744,0.045750,0.175070,0.249783
X_feature_price_final_to_high90_exclude10,X_feature_short_interest_to_volume_log_ratio_std252,0.079070,0.080579,0.081459,0.078010,0.000745,0.035880,0.092874,0.093227,0.109578,0.087025,0.159375,0.139159,0.092689,0.146302,0.142503,0.112390,0.189230,0.123709,0.118843,0.128992,0.136789,0.140159,0.187666,0.159638
X_feature_price_final_to_high90_exclude10,X_feature_short_interest_to_volume_log_ratio_std63,0.102667,0.120096,0.086710,0.060116,0.124820,0.138040,0.184334,0.151660,0.131100,0.126183,0.172100,0.153026,0.141856,0.140098,0.198884,0.187767,0.254124,0.108925,0.140034,0.198200,0.180828,0.193381,0.157567,0.188920
X_feature_price_final_to_high90_exclude10,X_feature_short_interest_to_volume_log_ratio,-0.052888,-0.058658,-0.132474,-0.176905,-0.051885,-0.055209,-0.085227,-0.042241,-0.077437,0.048257,0.012308,0.010427,-0.042210,-0.034341,-0.027612,-0.006977,-0.038881,0.025701,0.041014,0.075742,0.007424,0.004080,-0.021977,0.050787
X_feature_price_final_to_high90_exclude10,X_feature_short_interest_to_volume_log_ratio_mean252,-0.041339,-0.004763,-0.139637,-0.243012,-0.151946,-0.026497,-0.074702,-0.034046,-0.054455,0.069961,0.010359,0.088987,-0.033343,0.001556,-0.035491,0.044473,0.011077,0.042275,0.051868,0.115639,0.025280,0.045598,0.010821,0.091941
X_feature_price_final_to_high90_exclude10,X_feature_short_interest_to_volume_log_ratio_mean63,-0.052507,-0.042183,-0.163987,-0.222082,-0.093236,-0.064811,-0.119390,-0.055833,-0.092918,0.045863,-0.008005,0.029974,-0.045474,-0.029411,-0.049591,-0.004323,-0.051594,0.019230,0.034334,0.076439,-0.004587,-0.001339,-0.037056,0.053049
X_feature_price_final_to_high90_exclude10,X_feature_short_interest_log_diff21,-0.015867,-0.033396,-0.003936,-0.022357,-0.015281,-0.018202,-0.023334,-0.012795,-0.006994,0.026015,0.050486,-0.004875,0.003954,0.002450,0.050602,0.030067,0.050732,0.071656,0.059628,0.077547,0.044971,0.070943,0.089022,0.017660
X_feature_price_final_to_high90_exclude10,X_feature_short_interest_log_diff252,0.033776,0.010804,0.025029,0.074589,0.092503,-0.016145,-0.015598,-0.003130,0.002178,0.089347,0.126107,0.015964,0.030105,0.023493,0.097584,0.032977,0.006510,0.131564,0.137561,0.114612,0.063350,0.080864,0.136225,-0.000845
X_feature_price_final_to_high90_exclude10,X_feature_short_interest_log_diff63,-0.011627,-0.037692,-0.000393,-0.022764,-0.010684,-0.026960,-0.042328,-0.012127,-0.001372,0.043971,0.069503,-0.016641,-0.009860,-0.020343,0.073520,0.023216,0.053210,0.075914,0.080281,0.102318,0.065190,0.101382,0.121276,0.027467
X_feature_price_final_to_high90_exclude10,X_feature_short_interest_log_diff126,0.009071,-0.022431,0.020248,0.020895,0.043059,-0.007792,-0.042708,0.001053,-0.001320,0.067178,0.089032,-0.012215,0.011200,-0.006132,0.086505,0.023357,0.033589,0.076857,0.103260,0.102054,0.069452,0.101202,0.135739,0.010935
X_feature_price_price_to_max252,X_feature_price_final_to_high252_exclude21,0.767006,0.805330,0.838949,0.900274,0.897029,0.754263,0.722951,0.756254,0.782033,0.745581,0.894753,0.837221,0.720453,0.765909,0.841476,0.648573,0.716543,0.834117,0.832085,0.756365,0.772287,0.843744,0.823691,0.646444
X_feature_price_price_to_max252,X_feature_price_lag1,-0.128342,-0.131284,-0.139261,-0.063999,-0.115355,-0.093599,-0.148539,-0.119591,-0.145944,-0.158443,-0.075795,-0.021686,-0.128710,-0.190824,0.001360,-0.167147,-0.127019,-0.126712,-0.132226,-0.131742,-0.135130,-0.057740,-0.088420,-0.147870
X_feature_price_price_to_max252,X_feature_price_ret21_shift0,-0.488202,-0.435792,-0.479381,-0.287086,-0.372323,-0.352407,-0.484776,-0.512632,-0.450914,-0.555226,-0.434159,-0.206432,-0.465755,-0.521361,-0.378326,-0.535290,-0.522943,-0.489592,-0.354416,-0.489245,-0.529634,-0.367360,-0.371714,-0.553922
X_feature_price_price_to_max252,X_feature_price_ret10_shift0,-0.381910,-0.328341,-0.350261,-0.210333,-0.285438,-0.294504,-0.388210,-0.401214,-0.357698,-0.434043,-0.306896,-0.162482,-0.366471,-0.405721,-0.280487,-0.446586,-0.398492,-0.370221,-0.251740,-0.376868,-0.397778,-0.273126,-0.280490,-0.443909
X_feature_price_price_to_max252,X_feature_price_ret5_shift0,-0.292254,-0.256883,-0.262163,-0.157065,-0.208851,-0.241118,-0.309935,-0.305734,-0.278875,-0.339012,-0.223523,-0.129518,-0.290652,-0.318340,-0.212477,-0.353202,-0.305214,-0.283155,-0.188632,-0.291091,-0.297951,-0.202684,-0.226884,-0.347120
X_feature_price_price_to_max252,X_feature_price_downside_vol10,0.473026,0.318148,0.423858,0.664398,0.638946,0.460719,0.510760,0.393683,0.458512,0.443881,0.544738,0.551483,0.463996,0.564060,0.541504,0.478357,0.481893,0.537693,0.551491,0.541560,0.441960,0.534700,0.536417,0.464887
X_feature_price_price_to_max252,X_feature_price_downside_vol21,0.531648,0.367372,0.464194,0.735938,0.717184,0.522906,0.578028,0.456221,0.523551,0.498830,0.608585,0.618548,0.527487,0.622367,0.633774,0.535156,0.547168,0.615015,0.644396,0.610995,0.515733,0.613575,0.595769,0.515755
X_feature_price_price_to_max252,X_feature_price_vol10,0.354723,0.199829,0.345620,0.677267,0.635834,0.384228,0.403721,0.251650,0.360613,0.296941,0.497293,0.520891,0.355135,0.464987,0.502293,0.327384,0.368715,0.455895,0.525460,0.449095,0.346718,0.517246,0.484654,0.335616
X_feature_price_price_to_max252,X_feature_price_upside_vol10,0.152509,0.050891,0.206880,0.539737,0.469288,0.213693,0.179936,0.041355,0.167501,0.081982,0.316486,0.379183,0.153315,0.240311,0.311502,0.075497,0.138965,0.229910,0.326580,0.207537,0.115640,0.324504,0.293057,0.101937
X_feature_price_price_to_max252,X_feature_price_upside_vol21,0.230354,0.098268,0.265197,0.625041,0.571217,0.287173,0.253830,0.084655,0.224195,0.127464,0.388730,0.431556,0.208592,0.296707,0.391947,0.132338,0.183652,0.282551,0.387005,0.253925,0.156433,0.379371,0.348818,0.156711
X_feature_price_price_to_max252,X_feature_price_upside_vol63,0.295614,0.144838,0.310976,0.683888,0.631480,0.377688,0.330231,0.145995,0.269819,0.170940,0.439828,0.497490,0.246957,0.336284,0.450155,0.202888,0.226366,0.324855,0.412690,0.276594,0.166974,0.387923,0.413601,0.227742
X_feature_price_price_to_max252,X_feature_price_atr5,0.386414,0.248199,0.384414,0.712278,0.684224,0.426532,0.460140,0.301072,0.405884,0.341972,0.553426,0.553755,0.377706,0.484440,0.543320,0.344133,0.405190,0.512883,0.574436,0.477835,0.398496,0.566193,0.521691,0.358847
X_feature_price_price_to_max252,X_feature_price_downside_vol126,0.552720,0.393918,0.527338,0.797649,0.786477,0.579408,0.614110,0.514618,0.608030,0.550193,0.680696,0.654753,0.527231,0.648122,0.676799,0.524166,0.584062,0.680291,0.676578,0.634759,0.580017,0.675197,0.630792,0.477575
X_feature_price_price_to_max252,X_feature_price_downside_vol63,0.555997,0.410088,0.505244,0.785103,0.781374,0.574647,0.629567,0.514189,0.593453,0.554914,0.666833,0.662215,0.564964,0.660992,0.694624,0.561861,0.593401,0.688444,0.712222,0.661149,0.580725,0.680955,0.637877,0.525768
X_feature_price_price_to_max252,X_feature_price_atr21,0.440775,0.287257,0.418358,0.754737,0.737366,0.486830,0.522515,0.356378,0.463051,0.394046,0.596484,0.597177,0.420967,0.530553,0.600724,0.402786,0.458251,0.564633,0.630579,0.529466,0.449836,0.627294,0.575662,0.393603
X_feature_price_price_to_max252,X_feature_price_atr126,0.421300,0.273734,0.433423,0.753223,0.724660,0.500639,0.515316,0.367763,0.488051,0.401796,0.591592,0.596089,0.406356,0.524430,0.597180,0.380415,0.465172,0.551151,0.603316,0.503564,0.434434,0.603276,0.561791,0.370959
X_feature_price_price_to_max252,X_feature_price_vol252,0.427233,0.264084,0.409785,0.737765,0.710963,0.480234,0.510887,0.365357,0.482256,0.365030,0.577771,0.575674,0.379712,0.511506,0.561041,0.340126,0.439692,0.504004,0.558230,0.455617,0.397083,0.545628,0.532565,0.314393
X_feature_price_price_to_max252,X_feature_market_cap_log_identity,0.373177,0.353457,0.237663,0.249173,0.249867,0.166832,0.163128,0.199537,0.254120,0.281270,0.385315,0.342151,0.215728,0.285073,0.316084,0.218202,0.279011,0.291436,0.296431,0.316768,0.249086,0.311496,0.456712,0.213841
X_feature_price_price_to_max252,X_feature_market_cap_log_std21,0.358796,0.237232,0.352013,0.647842,0.625113,0.314921,0.338290,0.220069,0.318264,0.275605,0.556983,0.469831,0.293027,0.414780,0.453251,0.219994,0.307775,0.443400,0.442858,0.337437,0.311089,0.410552,0.374518,0.213442
X_feature_price_price_to_max252,X_feature_market_cap_log_std126,0.387574,0.214370,0.363260,0.688259,0.666295,0.307496,0.308296,0.182990,0.319648,0.231953,0.673663,0.455106,0.275268,0.421532,0.389777,0.109134,0.276731,0.444627,0.418779,0.229083,0.287131,0.405953,0.360328,0.106032
X_feature_price_price_to_max252,X_feature_market_cap_log_std504,0.092282,0.121718,0.353104,0.596536,0.522229,0.401079,0.265222,0.107023,0.302706,0.205439,0.544987,0.584630,0.220695,0.223981,0.380181,0.161592,0.177475,0.276510,0.438572,0.195577,0.139865,0.390031,0.354456,0.180422
X_feature_price_price_to_max252,X_feature_market_cap_log_std252,0.237860,0.253740,0.416393,0.638972,0.666322,0.428768,0.265247,0.178037,0.343807,0.195998,0.735323,0.592772,0.183292,0.368327,0.450274,0.099443,0.239976,0.414183,0.496956,0.217296,0.226825,0.481476,0.504794,0.079344
X_feature_price_price_to_max252,X_feature_market_cap_log_diff_126,0.697111,0.621637,0.674956,0.735520,0.707469,0.420086,0.614529,0.615297,0.654623,0.644719,0.808983,0.393781,0.587660,0.627970,0.637995,0.527217,0.604932,0.746365,0.669969,0.665143,0.721605,0.746585,0.706621,0.527926
X_feature_price_price_to_max252,X_feature_market_cap_log_to_min126,-0.354928,-0.370707,-0.405643,-0.002296,-0.114359,-0.126014,-0.398677,-0.434845,-0.397690,-0.484437,-0.185200,0.116529,-0.385740,-0.330546,-0.279692,-0.415196,-0.432658,-0.422055,-0.248219,-0.493148,-0.538699,-0.343537,-0.205757,-0.425467
X_feature_price_price_to_max252,X_feature_market_cap_log_to_max504,0.882468,0.810835,0.815591,0.837478,0.888244,0.741556,0.864816,0.881742,0.846748,0.841715,0.899987,0.722788,0.703036,0.893318,0.848130,0.812963,0.869409,0.897630,0.801875,0.825642,0.884932,0.837221,0.890302,0.806525
X_feature_price_price_to_max252,X_feature_market_cap_log_diff_504,0.376243,0.400671,0.151822,0.081237,0.629187,0.467064,0.207190,0.315388,0.192270,0.310651,0.588139,0.529567,0.378706,0.255528,0.456666,0.334592,0.221930,0.504416,0.488468,0.484014,0.392057,0.441933,0.672803,0.154094
X_feature_price_price_to_max252,X_feature_market_cap_log_to_min504,0.332527,0.361436,0.142691,0.040566,0.320752,0.150203,0.036627,0.299466,0.148240,0.300236,0.274714,-0.129418,0.034628,0.194986,0.355055,0.272679,0.164308,0.432030,0.319615,0.364181,0.383892,0.392234,0.349698,0.109978
X_feature_price_price_to_max252,X_feature_pv_pv_corr21,-0.215843,-0.214241,-0.225182,-0.040462,-0.148498,-0.194482,-0.262631,-0.255368,-0.239118,-0.230678,-0.159732,-0.071281,-0.162805,-0.201055,-0.159046,-0.235277,-0.251671,-0.149798,-0.131662,-0.269758,-0.213282,-0.138742,-0.075692,-0.159848
X_feature_price_price_to_max252,X_feature_pv_pv_corr126,-0.341589,-0.322846,-0.293342,-0.143100,-0.235101,-0.231841,-0.328524,-0.305942,-0.374021,-0.289395,-0.314581,-0.094417,-0.181888,-0.258169,-0.264221,-0.247266,-0.302784,-0.283719,-0.189004,-0.363682,-0.364000,-0.303357,-0.080710,-0.128753
X_feature_price_price_to_max252,X_feature_pv_pv_corr63,-0.296482,-0.294544,-0.289687,-0.073875,-0.218276,-0.224723,-0.344148,-0.310601,-0.332071,-0.289770,-0.267563,-0.076151,-0.210501,-0.264960,-0.235205,-0.262598,-0.325217,-0.242815,-0.185108,-0.364769,-0.333306,-0.231948,-0.083527,-0.161114
X_feature_price_price_to_max252,X_feature_liquidity_turnover_level63,0.361016,0.180559,0.273751,0.516772,0.453599,0.276133,0.390725,0.256831,0.412815,0.328757,0.403761,0.335966,0.306482,0.342800,0.410135,0.316361,0.349709,0.415819,0.421518,0.401571,0.312576,0.423552,0.352941,0.284683
X_feature_price_price_to_max252,X_feature_volume_log_volume_ratio_max126,0.085579,0.111244,0.111195,0.103457,0.130578,0.123715,0.158212,0.138604,0.117079,0.073318,0.140181,0.055884,0.100047,0.097001,0.086194,0.103585,0.139193,0.046229,0.098977,0.090820,0.098981,0.073623,0.020824,0.128483
X_feature_price_price_to_max252,X_feature_volume_log_volume_ratio_max252,0.068655,0.096322,0.098060,0.101219,0.098417,0.101449,0.096135,0.119306,0.092231,0.065564,0.131386,0.034716,0.068466,0.070626,0.052006,0.045712,0.100720,0.019757,0.088426,0.050991,0.053269,0.054831,-0.025966,0.144487
X_feature_price_price_to_max252,X_feature_pv_illiquidity_mean21,0.201001,0.261238,0.158188,0.145083,0.156311,0.086740,0.026903,0.086614,0.114867,0.159069,0.316139,0.298324,0.112944,0.205226,0.247906,0.117946,0.202032,0.210623,0.260410,0.237066,0.193767,0.268882,0.392688,0.158048
X_feature_price_price_to_max252,X_feature_volume_log_volume_std504,0.020535,0.071250,-0.016624,-0.060641,-0.113389,-0.032756,0.050403,0.076715,0.119728,0.094581,0.162749,0.066563,0.105489,0.149404,0.138147,0.104540,0.192090,0.031075,0.127863,0.083513,0.085356,0.113064,0.067209,0.181662
X_feature_price_price_to_max252,X_feature_volume_log_volume_std126,0.040258,0.085434,0.001439,-0.052244,0.022760,0.068770,0.113666,0.129903,0.119635,0.092513,0.177914,0.111432,0.116460,0.169133,0.145646,0.144458,0.206067,0.050861,0.099527,0.140452,0.126197,0.104346,0.066943,0.167399
X_feature_price_price_to_max252,X_feature_volume_log_volume_std63,0.048167,0.097827,0.001924,-0.008779,0.050015,0.078237,0.120261,0.127719,0.101192,0.082357,0.170792,0.108783,0.118935,0.155654,0.141584,0.148423,0.189614,0.052365,0.098026,0.142563,0.121203,0.107414,0.072576,0.156190
X_feature_price_price_to_max252,X_feature_market_corr504,0.155201,0.158197,-0.131121,-0.404537,-0.253387,0.034692,0.031226,0.022536,0.214901,0.051335,0.102765,0.015687,0.114068,0.048936,0.133613,0.253541,0.233952,0.238437,0.286143,0.334484,0.137669,0.059667,0.127690,0.343904
X_feature_price_price_to_max252,X_feature_market_corr252,0.138695,0.165302,-0.113926,-0.431790,-0.097947,0.135324,0.009465,0.088132,0.196458,0.054401,0.147305,0.039876,0.101676,0.081802,0.136854,0.268036,0.235723,0.296717,0.322174,0.314735,0.171414,0.077522,0.159754,0.297400
X_feature_price_price_to_max252,X_feature_short_interest_to_volume_log_ratio_std252,0.098183,0.119329,0.093246,0.094682,-0.012815,0.073246,0.078114,0.114052,0.143703,0.094108,0.198303,0.177122,0.109141,0.157460,0.174714,0.107052,0.217854,0.144324,0.148783,0.129691,0.142223,0.162513,0.216228,0.179213
X_feature_price_price_to_max252,X_feature_short_interest_to_volume_log_ratio_std63,0.098736,0.120323,0.063301,0.051149,0.093247,0.132079,0.161990,0.138065,0.141320,0.111271,0.166302,0.131330,0.139687,0.125022,0.175428,0.170686,0.238293,0.089286,0.122859,0.172943,0.157210,0.183961,0.123241,0.187586
X_feature_price_price_to_max252,X_feature_short_interest_to_volume_log_ratio,-0.028838,0.013696,-0.070536,-0.187441,-0.052211,-0.024041,-0.078815,-0.025154,-0.040358,0.063921,0.062293,-0.029344,-0.041545,-0.031114,-0.022342,-0.010388,-0.018397,0.052930,0.052156,0.088159,0.029346,0.004009,-0.022760,0.063454
X_feature_price_price_to_max252,X_feature_short_interest_to_volume_log_ratio_mean252,-0.044475,0.032843,-0.100817,-0.289122,-0.182205,-0.027798,-0.084737,-0.046278,-0.038318,0.065161,0.030068,-0.008692,-0.054239,-0.008823,-0.066223,0.031291,0.005333,0.037576,0.050479,0.116867,0.032094,0.023410,-0.026364,0.086803
X_feature_price_price_to_max252,X_feature_short_interest_to_volume_log_ratio_mean63,-0.030125,0.019808,-0.101831,-0.239202,-0.090234,-0.032520,-0.112296,-0.036628,-0.052346,0.056640,0.045382,-0.026879,-0.051509,-0.025691,-0.056932,-0.000084,-0.029405,0.043169,0.052662,0.099070,0.029974,0.005811,-0.040150,0.075504
X_feature_price_price_to_max252,X_feature_short_interest_log_diff21,0.005033,0.004700,0.022601,-0.000237,0.013301,0.008153,-0.003085,-0.001147,0.010076,0.044605,0.060082,0.009096,0.024561,0.021417,0.069305,0.044663,0.060661,0.079771,0.052650,0.097904,0.046491,0.066461,0.093651,0.011159
X_feature_price_price_to_max252,X_feature_short_interest_log_diff252,0.056611,0.038837,0.039067,0.092874,0.111428,-0.000803,-0.016703,0.006416,0.025024,0.103936,0.168138,0.050592,0.065457,0.054635,0.140346,0.064252,0.052701,0.181032,0.174564,0.156422,0.124779,0.129229,0.198875,0.028621
X_feature_price_price_to_max252,X_feature_short_interest_log_diff63,0.016474,0.004578,0.036159,0.015558,0.025754,0.007809,-0.009640,0.009588,0.025478,0.074733,0.101952,0.022109,0.023200,0.006605,0.118050,0.055108,0.084310,0.103171,0.090676,0.135184,0.091871,0.113662,0.143870,0.025699
X_feature_price_price_to_max252,X_feature_short_interest_log_diff126,0.035460,0.007243,0.039587,0.045103,0.065627,0.006222,-0.026822,0.025149,0.027318,0.087182,0.137722,0.032026,0.048229,0.022715,0.132956,0.058615,0.082475,0.126800,0.135206,0.147461,0.116451,0.143037,0.189959,0.040763
X_feature_price_final_to_high252_exclude21,X_feature_price_lag1,-0.006094,-0.017652,-0.043315,-0.005853,-0.046089,0.016874,-0.034766,-0.002219,-0.032287,-0.010887,-0.013977,0.059228,0.006704,-0.065259,0.089139,-0.008298,0.016298,-0.034811,-0.043840,-0.022082,-0.021348,0.038853,0.015140,-0.013993
X_feature_price_final_to_high252_exclude21,X_feature_price_ret21_shift0,-0.021608,0.016204,-0.076685,0.003435,-0.067387,0.093141,0.013022,-0.031877,0.012242,-0.068657,-0.093861,0.142212,0.040264,-0.067006,0.007116,0.003664,-0.014800,-0.106200,0.037201,-0.020739,-0.039874,0.015555,0.027872,0.013994
X_feature_price_final_to_high252_exclude21,X_feature_price_ret10_shift0,-0.027742,0.004264,-0.056330,-0.007397,-0.074823,0.057071,0.003958,-0.025704,-0.001195,-0.057578,-0.072682,0.093519,0.025089,-0.059897,0.008003,0.000003,-0.005856,-0.081326,0.036830,-0.009372,-0.031962,0.011792,0.019525,0.008729
X_feature_price_final_to_high252_exclude21,X_feature_price_ret5_shift0,-0.024521,-0.009352,-0.050204,-0.011920,-0.052840,0.031549,-0.006398,-0.021676,-0.011049,-0.048489,-0.056812,0.057556,0.005034,-0.054101,-0.000093,-0.000474,-0.003530,-0.066918,0.025740,-0.013074,-0.029524,0.005888,0.004929,0.008983
X_feature_price_final_to_high252_exclude21,X_feature_price_downside_vol10,0.306161,0.199442,0.257026,0.566191,0.531894,0.318242,0.293798,0.191797,0.269001,0.249835,0.430943,0.469460,0.283337,0.379717,0.405178,0.227937,0.231637,0.365716,0.388392,0.319288,0.230522,0.372554,0.370067,0.238114
X_feature_price_final_to_high252_exclude21,X_feature_price_downside_vol21,0.365820,0.249022,0.290352,0.632769,0.604218,0.381073,0.358167,0.245935,0.320981,0.290996,0.483257,0.547963,0.345844,0.427555,0.492411,0.287709,0.284694,0.434260,0.475696,0.381559,0.269236,0.452647,0.424831,0.282617
X_feature_price_final_to_high252_exclude21,X_feature_price_vol10,0.353334,0.234803,0.293565,0.659731,0.604323,0.399298,0.367415,0.237007,0.331140,0.290935,0.481450,0.553258,0.353454,0.429853,0.508640,0.289174,0.294184,0.423102,0.507839,0.397219,0.293544,0.489558,0.448550,0.312183
X_feature_price_final_to_high252_exclude21,X_feature_price_upside_vol10,0.286140,0.194640,0.260996,0.603289,0.524755,0.356538,0.317576,0.190465,0.285604,0.234640,0.396296,0.497480,0.298315,0.355569,0.438443,0.243504,0.254563,0.340737,0.458552,0.345301,0.243632,0.440722,0.391746,0.275077
X_feature_price_final_to_high252_exclude21,X_feature_price_upside_vol21,0.384750,0.274862,0.339610,0.702603,0.646126,0.447405,0.412551,0.271009,0.370633,0.314591,0.492961,0.571625,0.378787,0.438116,0.546050,0.328473,0.332478,0.433976,0.560384,0.427355,0.321274,0.541680,0.474471,0.346064
X_feature_price_final_to_high252_exclude21,X_feature_price_upside_vol63,0.369998,0.252914,0.315039,0.725160,0.668244,0.458528,0.396608,0.234587,0.332648,0.263904,0.488154,0.573369,0.328568,0.389159,0.536719,0.288357,0.272411,0.401789,0.521299,0.352123,0.244667,0.484468,0.475566,0.307262
X_feature_price_final_to_high252_exclude21,X_feature_price_atr5,0.377104,0.263311,0.319710,0.691980,0.646667,0.447233,0.429863,0.282897,0.378296,0.331063,0.522984,0.590257,0.391763,0.462131,0.553153,0.333037,0.351966,0.486285,0.565880,0.449280,0.346710,0.547608,0.491755,0.356630
X_feature_price_final_to_high252_exclude21,X_feature_price_downside_vol126,0.562876,0.433605,0.467698,0.803621,0.780297,0.613310,0.617838,0.518882,0.586713,0.552585,0.651098,0.693682,0.559938,0.634246,0.703935,0.558804,0.556866,0.676456,0.709226,0.653336,0.557009,0.699697,0.622236,0.499999
X_feature_price_final_to_high252_exclude21,X_feature_price_downside_vol63,0.541533,0.413350,0.422525,0.769837,0.750831,0.571161,0.589533,0.466055,0.530452,0.499487,0.616241,0.675228,0.551618,0.606201,0.685148,0.537082,0.515004,0.642382,0.694174,0.626943,0.501881,0.666388,0.591007,0.501633
X_feature_price_final_to_high252_exclude21,X_feature_price_atr21,0.450916,0.326122,0.364650,0.747790,0.716750,0.512863,0.503720,0.357907,0.445426,0.401347,0.579221,0.641599,0.449502,0.520076,0.625497,0.407643,0.416643,0.560120,0.647261,0.520898,0.413605,0.640211,0.566886,0.409507
X_feature_price_final_to_high252_exclude21,X_feature_price_atr126,0.468798,0.342267,0.401092,0.777189,0.742669,0.559761,0.551058,0.416831,0.496754,0.451502,0.593962,0.648285,0.462703,0.540753,0.651364,0.447912,0.473148,0.583274,0.665544,0.547314,0.453980,0.657469,0.607629,0.423914
X_feature_price_final_to_high252_exclude21,X_feature_price_vol252,0.469966,0.334310,0.376011,0.764257,0.727192,0.544088,0.539664,0.417025,0.495556,0.424935,0.584901,0.630730,0.433346,0.527239,0.615778,0.405591,0.449418,0.535431,0.619271,0.491508,0.418276,0.597716,0.561247,0.373248
X_feature_price_final_to_high252_exclude21,X_feature_market_cap_log_identity,0.338516,0.346328,0.242135,0.238997,0.235479,0.157192,0.156621,0.189690,0.248724,0.290095,0.389518,0.342066,0.224565,0.285875,0.332609,0.239451,0.277062,0.294420,0.309680,0.324295,0.249970,0.321226,0.449036,0.227441
X_feature_price_final_to_high252_exclude21,X_feature_market_cap_log_std21,0.360823,0.271591,0.318685,0.640029,0.589943,0.388680,0.360369,0.245478,0.328328,0.287679,0.498204,0.545444,0.343055,0.404166,0.497105,0.284272,0.290709,0.429319,0.465690,0.367627,0.257022,0.465062,0.403194,0.276413
X_feature_price_final_to_high252_exclude21,X_feature_market_cap_log_std126,0.377771,0.235829,0.318923,0.684625,0.661960,0.313966,0.271129,0.161855,0.287670,0.214880,0.652364,0.497599,0.260421,0.388295,0.402787,0.062096,0.221056,0.428649,0.431668,0.180623,0.260492,0.407306,0.333784,0.078068
X_feature_price_final_to_high252_exclude21,X_feature_market_cap_log_std504,0.094166,0.160687,0.315474,0.605704,0.533999,0.451389,0.270212,0.112943,0.286475,0.220438,0.545085,0.646763,0.243156,0.215273,0.405569,0.161282,0.145218,0.284545,0.468573,0.191945,0.113571,0.408224,0.392823,0.201563
X_feature_price_final_to_high252_exclude21,X_feature_market_cap_log_std252,0.237076,0.285709,0.379921,0.634113,0.665546,0.434092,0.238989,0.165670,0.313574,0.174754,0.736009,0.617474,0.175289,0.337161,0.462803,0.070192,0.185448,0.403475,0.503211,0.179477,0.203228,0.468630,0.516129,0.051391
X_feature_price_final_to_high252_exclude21,X_feature_market_cap_log_diff_126,0.609496,0.512056,0.614704,0.666938,0.631328,0.321828,0.544800,0.533853,0.595776,0.552459,0.730164,0.279780,0.506403,0.562369,0.555065,0.459763,0.531985,0.682715,0.554343,0.607935,0.629490,0.673711,0.598752,0.440849
X_feature_price_final_to_high252_exclude21,X_feature_market_cap_log_to_min126,-0.183604,-0.189094,-0.282153,0.134537,0.027493,0.016897,-0.256821,-0.291245,-0.249764,-0.314088,-0.006228,0.264080,-0.224804,-0.191383,-0.124121,-0.290364,-0.293227,-0.270165,-0.063007,-0.368263,-0.354195,-0.180248,-0.062887,-0.279623
X_feature_price_final_to_high252_exclude21,X_feature_market_cap_log_to_max504,0.705661,0.700748,0.732998,0.801959,0.837073,0.713519,0.677423,0.727339,0.724246,0.700536,0.847333,0.728820,0.610370,0.729412,0.792148,0.636386,0.682315,0.794558,0.774613,0.705826,0.740506,0.792630,0.783368,0.609096
X_feature_price_final_to_high252_exclude21,X_feature_market_cap_log_diff_504,0.342835,0.363596,0.188308,0.080639,0.612333,0.496359,0.176750,0.301868,0.191719,0.268083,0.591945,0.528959,0.342208,0.241334,0.451257,0.338360,0.216623,0.476816,0.516337,0.473972,0.393925,0.444877,0.624862,0.145844
X_feature_price_final_to_high252_exclude21,X_feature_market_cap_log_to_min504,0.277127,0.283812,0.148671,0.008245,0.264990,0.086139,-0.006906,0.266775,0.135232,0.237326,0.195093,-0.240659,-0.015426,0.163429,0.301493,0.242833,0.154269,0.381066,0.250698,0.337139,0.360161,0.346991,0.234275,0.063628
X_feature_price_final_to_high252_exclude21,X_feature_pv_pv_corr21,0.010207,0.042621,0.016032,0.135743,0.021837,0.071179,0.025442,0.034511,0.036463,0.043968,0.029809,0.110308,0.097094,0.043903,0.069413,0.068976,0.028483,0.075699,0.099295,-0.006056,0.045856,0.069731,0.099604,0.120924
X_feature_price_final_to_high252_exclude21,X_feature_pv_pv_corr126,-0.286124,-0.246612,-0.251004,-0.095941,-0.191105,-0.161387,-0.289808,-0.228632,-0.313995,-0.213500,-0.253086,-0.037262,-0.125470,-0.190696,-0.192969,-0.187074,-0.250691,-0.222404,-0.109039,-0.325705,-0.298188,-0.240134,-0.030667,-0.054312
X_feature_price_final_to_high252_exclude21,X_feature_pv_pv_corr63,-0.211430,-0.173122,-0.200191,0.004549,-0.142555,-0.108706,-0.252968,-0.189483,-0.215896,-0.163421,-0.170755,0.013842,-0.110149,-0.153340,-0.119328,-0.151889,-0.223459,-0.134357,-0.069790,-0.264277,-0.213478,-0.128374,-0.003388,-0.045966
X_feature_price_final_to_high252_exclude21,X_feature_liquidity_turnover_level63,0.391337,0.231742,0.237209,0.518197,0.449602,0.298103,0.408908,0.286629,0.414414,0.359800,0.395897,0.355331,0.330491,0.357952,0.426528,0.359816,0.366153,0.428399,0.448132,0.423527,0.332481,0.448098,0.386619,0.317448
X_feature_price_final_to_high252_exclude21,X_feature_volume_log_volume_ratio_max126,0.094095,0.121103,0.133132,0.113567,0.142690,0.117990,0.189980,0.172740,0.150508,0.111161,0.165248,0.055153,0.120206,0.131550,0.098676,0.151375,0.186251,0.073014,0.114528,0.134452,0.139403,0.096707,0.063282,0.147119
X_feature_price_final_to_high252_exclude21,X_feature_volume_log_volume_ratio_max252,0.081368,0.112521,0.124311,0.123105,0.121460,0.109595,0.130615,0.156806,0.130390,0.107695,0.161030,0.044393,0.093811,0.107850,0.074670,0.092010,0.149644,0.050220,0.105520,0.095164,0.097383,0.086136,0.018308,0.167425
X_feature_price_final_to_high252_exclude21,X_feature_pv_illiquidity_mean21,0.180033,0.258780,0.197816,0.157670,0.162614,0.099784,0.038672,0.084937,0.130113,0.176455,0.341551,0.323985,0.143517,0.218121,0.283638,0.147168,0.204663,0.223768,0.284212,0.261013,0.203257,0.293774,0.395609,0.187388
X_feature_price_final_to_high252_exclude21,X_feature_volume_log_volume_std504,-0.003702,0.072397,-0.006756,-0.063069,-0.117514,-0.040974,0.064592,0.087195,0.126486,0.118158,0.173247,0.070230,0.123720,0.169257,0.163561,0.138625,0.208770,0.047767,0.130393,0.103532,0.098746,0.130581,0.091590,0.185940
X_feature_price_final_to_high252_exclude21,X_feature_volume_log_volume_std126,0.017689,0.086214,0.016511,-0.047540,0.015320,0.067980,0.128540,0.144014,0.128607,0.114790,0.185764,0.120455,0.136070,0.191834,0.160982,0.181709,0.224322,0.067264,0.099080,0.162790,0.142971,0.115318,0.094557,0.171205
X_feature_price_final_to_high252_exclude21,X_feature_volume_log_volume_std63,0.024645,0.094866,0.014185,-0.003366,0.036562,0.076739,0.125849,0.136328,0.113580,0.104360,0.169719,0.120023,0.137787,0.179257,0.148071,0.177431,0.202009,0.062007,0.094136,0.153642,0.131129,0.111639,0.094699,0.160233
X_feature_price_final_to_high252_exclude21,X_feature_market_corr504,0.152259,0.153376,-0.099125,-0.429606,-0.251920,0.020509,0.042743,0.041096,0.230785,0.094652,0.096037,0.001080,0.117936,0.089575,0.125983,0.281131,0.276193,0.253059,0.282770,0.351260,0.197645,0.032649,0.170836,0.365696
X_feature_price_final_to_high252_exclude21,X_feature_market_corr252,0.137170,0.155923,-0.080747,-0.454264,-0.096255,0.134775,0.017365,0.120081,0.210502,0.093278,0.140818,0.026481,0.104937,0.131767,0.127123,0.297796,0.279177,0.306883,0.314832,0.327396,0.232722,0.052136,0.217338,0.301669
X_feature_price_final_to_high252_exclude21,X_feature_short_interest_to_volume_log_ratio_std252,0.080075,0.128765,0.095575,0.097556,-0.015169,0.079515,0.096096,0.123291,0.160416,0.114906,0.210682,0.194165,0.130921,0.174061,0.197798,0.146635,0.228311,0.161849,0.159314,0.157341,0.157308,0.191848,0.230415,0.198840
X_feature_price_final_to_high252_exclude21,X_feature_short_interest_to_volume_log_ratio_std63,0.073196,0.115551,0.054446,0.051364,0.073900,0.124219,0.158135,0.141825,0.138397,0.116325,0.161282,0.129443,0.145093,0.126317,0.172414,0.189765,0.233834,0.090961,0.109933,0.177621,0.147283,0.187797,0.111900,0.177338
X_feature_price_final_to_high252_exclude21,X_feature_short_interest_to_volume_log_ratio,-0.034114,-0.001338,-0.043670,-0.173015,-0.032824,-0.025300,-0.067371,-0.015124,-0.020177,0.068269,0.105034,-0.024674,-0.044496,-0.015710,-0.008974,0.016088,0.021843,0.069484,0.075709,0.124580,0.077006,0.021371,0.023415,0.081487
X_feature_price_final_to_high252_exclude21,X_feature_short_interest_to_volume_log_ratio_mean252,-0.061089,0.008705,-0.081766,-0.290676,-0.181615,-0.042098,-0.089069,-0.059555,-0.046839,0.049191,0.049733,-0.013420,-0.056169,-0.004014,-0.066476,0.028541,0.014627,0.029492,0.055129,0.129621,0.047642,0.010836,-0.009430,0.085650
X_feature_price_final_to_high252_exclude21,X_feature_short_interest_to_volume_log_ratio_mean63,-0.046519,-0.004213,-0.081304,-0.233438,-0.081665,-0.042010,-0.113590,-0.046033,-0.054565,0.050650,0.074431,-0.026483,-0.057620,-0.020446,-0.054283,0.001893,-0.010721,0.041146,0.063827,0.115230,0.054929,0.005902,-0.015319,0.080585
X_feature_price_final_to_high252_exclude21,X_feature_short_interest_log_diff21,-0.020342,-0.005799,0.016828,-0.005485,-0.004753,0.008524,-0.014357,-0.008982,0.003006,0.033758,0.061445,0.008567,0.016344,0.019751,0.068747,0.036723,0.065454,0.076942,0.040975,0.089376,0.046501,0.068621,0.098445,0.020393
X_feature_price_final_to_high252_exclude21,X_feature_short_interest_log_diff252,0.041706,0.033034,0.026810,0.079587,0.102664,-0.006019,-0.023705,-0.004175,0.028018,0.093823,0.181069,0.057975,0.056663,0.056739,0.143628,0.075420,0.070578,0.182765,0.180916,0.166648,0.149233,0.145582,0.226339,0.044872
X_feature_price_final_to_high252_exclude21,X_feature_short_interest_log_diff63,-0.001186,-0.000026,0.027178,0.008152,0.010092,0.005183,-0.021880,-0.004202,0.022414,0.057801,0.110684,0.020887,0.020805,0.008219,0.129033,0.054815,0.099675,0.110511,0.085731,0.137994,0.093439,0.124836,0.150178,0.027726
X_feature_price_final_to_high252_exclude21,X_feature_short_interest_log_diff126,0.013630,-0.002316,0.026491,0.039612,0.052562,0.005584,-0.036013,0.009789,0.027247,0.076580,0.150529,0.034430,0.025953,0.021701,0.136887,0.061972,0.101619,0.138908,0.127581,0.160707,0.129149,0.157062,0.206306,0.043073
X_feature_price_lag1,X_feature_price_ret21_shift0,0.197030,0.204426,0.210625,0.154585,0.197119,0.159930,0.161883,0.172602,0.168666,0.208580,0.160593,0.190536,0.188450,0.217857,0.148622,0.197076,0.197014,0.170732,0.193004,0.167504,0.189584,0.183348,0.176177,0.174832
X_feature_price_lag1,X_feature_price_ret10_shift0,0.280776,0.290027,0.289315,0.235141,0.297701,0.253607,0.244741,0.243121,0.259737,0.304532,0.279041,0.285778,0.266919,0.297657,0.257397,0.283643,0.291174,0.233031,0.284834,0.253980,0.258586,0.238215,0.245652,0.220093
X_feature_price_lag1,X_feature_price_ret5_shift0,0.407527,0.399740,0.412660,0.366133,0.421217,0.375624,0.361884,0.373984,0.392324,0.433280,0.379137,0.425214,0.388219,0.405647,0.384744,0.401951,0.419716,0.353176,0.417613,0.388182,0.381548,0.362129,0.348011,0.356442
X_feature_price_lag1,X_feature_price_downside_vol10,-0.110007,-0.103822,-0.091793,-0.073495,-0.132174,-0.078948,-0.106314,-0.093289,-0.146177,-0.143208,-0.079247,-0.059702,-0.117101,-0.199711,-0.008490,-0.089550,-0.116181,-0.143272,-0.175727,-0.131635,-0.078752,-0.051563,-0.055644,-0.109064
X_feature_price_lag1,X_feature_price_downside_vol21,-0.060423,-0.056464,-0.049352,-0.038409,-0.095299,-0.017839,-0.071026,-0.046355,-0.095156,-0.088931,-0.041393,0.000932,-0.053954,-0.157361,0.045873,-0.040461,-0.056286,-0.090975,-0.120476,-0.072612,-0.032891,-0.011231,-0.021379,-0.076447
X_feature_price_lag1,X_feature_price_vol10,0.008418,0.015316,0.005755,-0.005103,-0.047198,0.034265,-0.005197,0.015051,-0.046107,-0.017588,0.006722,0.036211,0.000059,-0.113762,0.112101,0.035261,-0.001889,-0.050785,-0.078415,-0.030978,0.047358,0.048934,0.031037,-0.015611
X_feature_price_lag1,X_feature_price_upside_vol10,0.114292,0.105834,0.089028,0.064606,0.058348,0.125889,0.089956,0.108440,0.054270,0.093605,0.095250,0.115783,0.093532,0.010481,0.197694,0.139050,0.117495,0.064152,0.044518,0.077881,0.173430,0.151826,0.111429,0.086462
X_feature_price_lag1,X_feature_price_upside_vol21,0.060831,0.053402,0.043097,0.019152,-0.008467,0.073780,0.027700,0.064417,0.009251,0.050765,0.034313,0.076953,0.048617,-0.038347,0.126549,0.080720,0.068674,0.023912,-0.011302,0.030793,0.104999,0.093808,0.067011,0.027806
X_feature_price_lag1,X_feature_price_upside_vol63,0.023793,0.017125,0.010032,-0.007605,-0.043501,0.045719,-0.007916,0.033048,-0.026299,0.008093,0.007769,0.046322,0.014441,-0.074892,0.093092,0.045138,0.032157,-0.001667,-0.036275,-0.005573,0.058984,0.061473,0.027815,-0.007499
X_feature_price_lag1,X_feature_price_atr5,0.006977,0.006251,-0.001466,-0.007376,-0.069853,0.039960,-0.008035,0.012982,-0.049019,-0.016783,-0.013560,0.049725,0.014251,-0.120666,0.099702,0.036469,0.013621,-0.051546,-0.081358,-0.021678,0.026529,0.039896,0.019537,-0.006138
X_feature_price_lag1,X_feature_price_downside_vol126,-0.019546,-0.016196,-0.016659,-0.014965,-0.065943,0.024388,-0.035272,0.004383,-0.051057,-0.038092,-0.023025,0.038385,-0.008800,-0.116957,0.086119,0.009243,0.004932,-0.053438,-0.061212,-0.032310,0.004206,0.040462,0.016648,-0.045279
X_feature_price_lag1,X_feature_price_downside_vol63,-0.026362,-0.027312,-0.021880,-0.017787,-0.070678,0.014621,-0.040039,-0.010054,-0.059857,-0.054242,-0.027363,0.031420,-0.018344,-0.131642,0.075258,-0.005083,-0.012422,-0.055685,-0.073839,-0.036075,-0.000964,0.023370,0.003377,-0.046640
X_feature_price_lag1,X_feature_price_atr21,-0.003470,-0.002203,-0.002759,-0.011600,-0.063426,0.031264,-0.023332,0.011779,-0.044063,-0.017121,-0.011407,0.041266,0.005027,-0.115380,0.088223,0.024184,0.010845,-0.036901,-0.066128,-0.022531,0.021753,0.040261,0.013784,-0.026907
X_feature_price_lag1,X_feature_price_atr126,-0.003344,-0.003960,-0.003726,-0.010769,-0.065963,0.032247,-0.029150,0.021020,-0.045586,-0.014188,-0.013538,0.039040,0.000898,-0.109834,0.091444,0.029014,0.019825,-0.034694,-0.055918,-0.022507,0.018861,0.044665,0.023907,-0.031935
X_feature_price_lag1,X_feature_price_vol252,-0.002989,-0.008509,-0.000369,-0.014324,-0.066288,0.034552,-0.034938,0.018889,-0.043284,-0.013706,-0.013827,0.033998,-0.001989,-0.103881,0.095942,0.034239,0.018955,-0.028189,-0.051663,-0.022728,0.023811,0.042537,0.020431,-0.019048
X_feature_price_lag1,X_feature_market_cap_log_identity,-0.025385,-0.053225,-0.041376,-0.029933,-0.044402,-0.005453,-0.006468,0.002196,-0.041557,-0.019129,-0.027928,0.013516,-0.013934,-0.056574,-0.001406,-0.011943,-0.000905,-0.023053,-0.038918,-0.010777,-0.025107,-0.005915,-0.012287,-0.011628
X_feature_price_lag1,X_feature_market_cap_log_std21,-0.010192,-0.000108,-0.011829,-0.007023,-0.064799,0.038327,-0.007704,0.012817,-0.024726,-0.007281,-0.033475,0.046419,0.005772,-0.083104,0.073761,0.026171,0.009982,-0.025701,-0.043419,0.001318,0.008193,0.055671,0.018689,-0.011614
X_feature_price_lag1,X_feature_market_cap_log_std126,-0.001851,-0.003029,-0.002643,-0.010500,-0.045949,0.029444,-0.020712,0.008776,-0.016398,-0.008722,-0.018522,0.040825,-0.000447,-0.076222,0.057536,0.011435,-0.000208,-0.020445,-0.037502,-0.019403,0.030630,0.040180,0.017633,-0.012225
X_feature_price_lag1,X_feature_market_cap_log_std504,0.000202,-0.006928,0.005439,-0.015462,-0.044043,0.029973,-0.016944,0.020640,-0.028583,-0.008702,-0.013692,0.041543,0.003056,-0.067624,0.049190,0.019842,0.009696,0.002569,-0.025775,-0.008543,0.032488,0.017057,0.031107,-0.024322
X_feature_price_lag1,X_feature_market_cap_log_std252,-0.000527,-0.009560,0.006481,-0.012624,-0.054053,0.024988,-0.014311,0.017267,-0.016068,-0.006056,-0.015151,0.047766,0.002463,-0.087928,0.052015,0.026237,0.005287,-0.008875,-0.032443,-0.011062,0.031965,0.006275,0.025923,-0.006576
X_feature_price_lag1,X_feature_market_cap_log_diff_126,-0.072525,-0.069467,-0.128292,-0.057308,-0.083401,-0.072094,-0.073992,-0.072525,-0.080801,-0.077285,-0.079207,0.004534,-0.069073,-0.077966,-0.011146,-0.090071,-0.064842,-0.102706,-0.107046,-0.069621,-0.103205,-0.020498,-0.057281,-0.074416
X_feature_price_lag1,X_feature_market_cap_log_to_min126,0.140401,0.109712,0.168284,0.116204,0.133183,0.103185,0.103433,0.103846,0.105442,0.124459,0.159353,0.100279,0.098635,0.121367,0.100642,0.112926,0.111288,0.130354,0.109672,0.094501,0.177466,0.130564,0.110715,0.079716
X_feature_price_lag1,X_feature_market_cap_log_to_max504,-0.110621,-0.107341,-0.116761,-0.044804,-0.091517,-0.039009,-0.118091,-0.099442,-0.110319,-0.115242,-0.066125,0.015443,-0.051203,-0.160370,0.032072,-0.116046,-0.100251,-0.112635,-0.087803,-0.096893,-0.113875,-0.017730,-0.067169,-0.104215
X_feature_price_lag1,X_feature_market_cap_log_diff_504,-0.039725,-0.046583,-0.042056,-0.017744,-0.061948,-0.018967,-0.032144,-0.047715,-0.012020,-0.038593,-0.042923,0.008936,-0.004014,-0.005864,0.014071,-0.043433,-0.039184,-0.072718,-0.050116,-0.041293,-0.058344,-0.003962,-0.044330,0.010674
X_feature_price_lag1,X_feature_market_cap_log_to_min504,-0.049252,-0.048252,-0.064876,-0.033901,-0.067741,-0.069399,-0.017403,-0.054211,-0.017152,-0.050180,-0.105296,-0.078377,-0.018909,-0.007340,-0.020688,-0.068042,-0.040716,-0.089114,-0.066721,-0.040818,-0.083438,-0.034236,-0.100186,-0.007009
X_feature_price_lag1,X_feature_pv_pv_corr21,0.055968,0.068047,0.086252,0.042941,0.067965,0.056554,0.055060,0.038209,0.054718,0.069593,0.047175,0.063776,0.060149,0.063381,0.046126,0.070567,0.075884,0.041647,0.055325,0.048186,0.071353,0.048188,0.057458,0.036931
X_feature_price_lag1,X_feature_pv_pv_corr126,0.020012,0.019100,0.044715,0.002597,0.013358,0.026479,0.020139,0.014405,0.020437,0.020289,0.024821,0.005280,0.016277,0.011095,0.007533,0.022932,0.010789,0.033335,0.019494,0.013958,0.034815,0.011011,0.014527,0.010941
X_feature_price_lag1,X_feature_pv_pv_corr63,0.023467,0.033906,0.045166,0.012478,0.027421,0.030583,0.033290,0.014652,0.022972,0.034237,0.028791,0.019044,0.027573,0.029606,0.013985,0.032108,0.025333,0.036315,0.022527,0.023023,0.045777,0.030824,0.024450,0.026507
X_feature_price_lag1,X_feature_liquidity_turnover_level63,-0.006081,0.000917,0.009999,-0.005526,-0.054353,0.028660,-0.025177,0.018760,-0.041016,-0.006875,-0.005165,0.018734,0.005239,-0.058319,0.055026,0.007571,0.018508,-0.023076,-0.022640,-0.019698,0.008219,0.019237,0.017407,-0.016617
X_feature_price_lag1,X_feature_volume_log_volume_ratio_max126,-0.013048,-0.017301,0.006123,-0.010153,0.012519,0.006774,-0.015414,0.001482,0.004651,-0.004252,-0.006876,-0.024108,-0.010372,-0.003667,-0.014138,-0.000518,0.017586,0.007195,-0.008328,-0.013090,0.013150,0.001583,0.002356,-0.020873
X_feature_price_lag1,X_feature_volume_log_volume_ratio_max252,-0.010104,-0.018363,0.009888,-0.011860,0.010493,0.005607,-0.008174,0.000934,0.010713,-0.004631,-0.007189,-0.025426,-0.010390,0.001030,-0.014076,0.003689,0.019228,0.013345,-0.009669,-0.016138,0.011492,-0.002777,0.002630,-0.020354
X_feature_price_lag1,X_feature_pv_illiquidity_mean21,-0.002577,-0.035835,-0.020281,-0.006537,-0.011957,0.005894,0.012956,0.009897,-0.019521,-0.004841,-0.008201,0.036541,-0.001199,-0.044355,0.017091,0.009223,0.010025,-0.011085,-0.036916,0.006785,-0.003036,0.019141,0.000512,-0.000193
X_feature_price_lag1,X_feature_volume_log_volume_std504,0.000539,-0.014408,0.011555,-0.006886,0.005478,0.010521,0.018142,0.009202,-0.000026,-0.007646,-0.021530,-0.000764,0.004559,-0.032804,-0.023848,0.003237,0.009045,0.011001,-0.010287,0.000478,-0.006056,-0.008989,0.005365,-0.017327
X_feature_price_lag1,X_feature_volume_log_volume_std126,-0.001178,-0.017940,0.005224,-0.006111,-0.000843,0.012338,0.011039,0.000038,-0.000260,-0.012118,-0.022317,0.001990,0.006438,-0.028702,-0.030936,0.000229,0.004877,0.008785,-0.007626,-0.011662,-0.011075,-0.012354,0.002457,-0.012669
X_feature_price_lag1,X_feature_volume_log_volume_std63,-0.004259,-0.020477,0.006629,-0.002775,-0.004443,0.010981,0.006798,-0.001618,-0.002758,-0.012804,-0.022643,0.005301,0.007719,-0.028872,-0.030482,-0.003763,-0.000723,0.008434,-0.001990,-0.013509,-0.012543,-0.010915,0.001270,-0.011637
X_feature_price_lag1,X_feature_market_corr504,-0.013755,-0.029331,0.015506,0.010733,0.050855,-0.001913,0.021829,-0.000880,0.004036,0.015663,-0.011913,-0.018067,-0.004699,0.012794,-0.043778,-0.025799,0.000220,0.016563,0.024102,-0.039968,-0.009139,-0.056983,-0.005989,-0.011720
X_feature_price_lag1,X_feature_market_corr252,-0.012920,-0.029524,0.007284,0.011931,0.033433,0.003170,0.021876,-0.000716,0.008267,0.018328,-0.010909,-0.006082,-0.004433,0.011574,-0.053994,-0.026085,-0.003088,0.016223,0.023104,-0.035772,-0.019749,-0.057222,0.009392,-0.002641
X_feature_price_lag1,X_feature_short_interest_to_volume_log_ratio_std252,-0.004977,-0.013753,0.001589,-0.014869,0.001107,0.009047,0.020708,0.010463,0.000650,-0.007822,-0.013964,-0.002487,0.001051,-0.026228,-0.009263,0.006410,0.007770,-0.006031,-0.008633,-0.007570,-0.008738,-0.005203,0.002078,-0.008440
X_feature_price_lag1,X_feature_short_interest_to_volume_log_ratio_std63,-0.000021,-0.016572,0.006170,-0.006070,-0.002884,0.010482,0.010256,-0.000597,-0.005079,-0.020392,-0.013550,0.000417,0.004384,-0.023393,-0.021760,-0.000291,0.002441,-0.003557,-0.002839,-0.011610,-0.008094,-0.006935,-0.004438,-0.013637
X_feature_price_lag1,X_feature_short_interest_to_volume_log_ratio,-0.010391,-0.012754,-0.003625,0.001456,0.016465,-0.001789,-0.005971,-0.005417,0.004961,-0.002136,0.001183,-0.010752,-0.001310,0.008979,-0.017921,-0.009375,0.010787,0.002946,-0.013299,-0.012086,0.020469,0.000936,0.002677,-0.007708
X_feature_price_lag1,X_feature_short_interest_to_volume_log_ratio_mean252,-0.003141,-0.006084,-0.003570,0.011167,0.012116,-0.004230,0.004090,-0.012289,0.000511,-0.006779,0.002830,0.000326,0.003472,0.005464,-0.032072,-0.009339,0.001714,0.009233,-0.016902,-0.008252,0.015656,-0.007008,-0.005619,-0.004039
X_feature_price_lag1,X_feature_short_interest_to_volume_log_ratio_mean63,-0.006859,-0.010000,-0.006985,0.006896,0.004720,-0.006218,0.004267,-0.012660,0.000664,-0.008088,-0.001174,0.005294,0.002144,0.009012,-0.023506,-0.007572,0.002488,0.008118,-0.020424,-0.009942,0.012201,-0.002093,-0.000889,-0.004950
X_feature_price_lag1,X_feature_short_interest_log_diff21,-0.005204,-0.002698,-0.006149,-0.003939,-0.002255,0.002073,0.013565,-0.003184,-0.002155,0.006382,-0.008909,0.012421,0.003091,-0.007408,0.007435,-0.009300,-0.007125,-0.009190,-0.006137,-0.010545,-0.001105,-0.003053,0.000195,0.002026
X_feature_price_lag1,X_feature_short_interest_log_diff252,-0.007905,-0.002124,-0.013339,-0.015605,-0.009187,-0.001239,0.005930,-0.007710,0.000026,-0.003082,-0.011740,0.002429,0.006742,0.000839,0.020539,-0.009520,0.002388,-0.017355,-0.013089,-0.010872,-0.006609,0.008138,0.008705,0.012010
X_feature_price_lag1,X_feature_short_interest_log_diff63,0.002207,0.002168,-0.009247,-0.014827,-0.008889,-0.004220,0.011970,-0.011148,-0.004616,0.002279,-0.009402,0.001728,0.006893,-0.004500,0.009003,-0.009492,-0.003059,-0.016718,0.005736,-0.008273,-0.002418,-0.002860,0.014844,-0.004638
X_feature_price_lag1,X_feature_short_interest_log_diff126,-0.002358,-0.003005,-0.006968,-0.012135,-0.005775,-0.006590,0.012656,-0.010387,0.003261,0.004378,-0.003660,0.008669,0.005317,0.003053,0.009253,-0.008443,0.001887,-0.024291,-0.008052,-0.005618,-0.005736,0.009730,0.009666,-0.005420
X_feature_price_ret21_shift0,X_feature_price_ret10_shift0,0.638515,0.646691,0.641034,0.616232,0.611616,0.631398,0.647268,0.653410,0.653598,0.657764,0.631505,0.636421,0.641537,0.646523,0.649634,0.653500,0.636522,0.654917,0.618107,0.645616,0.659703,0.628425,0.640577,0.639451
X_feature_price_ret21_shift0,X_feature_price_ret5_shift0,0.433221,0.448759,0.432658,0.421313,0.429655,0.425562,0.435281,0.443463,0.440021,0.459408,0.434372,0.427556,0.424608,0.448640,0.437144,0.440512,0.434685,0.451162,0.416293,0.432581,0.455269,0.409948,0.448741,0.446656
X_feature_price_ret21_shift0,X_feature_price_downside_vol10,-0.293618,-0.186196,-0.332176,-0.293416,-0.369855,-0.204187,-0.306455,-0.288851,-0.290278,-0.315120,-0.366165,-0.172366,-0.257286,-0.350905,-0.322969,-0.313266,-0.372830,-0.412690,-0.336395,-0.394392,-0.386737,-0.371257,-0.276841,-0.313374
X_feature_price_ret21_shift0,X_feature_price_downside_vol21,-0.326752,-0.205856,-0.364660,-0.316128,-0.405627,-0.241916,-0.365547,-0.352260,-0.344579,-0.371322,-0.408137,-0.181115,-0.300949,-0.398070,-0.361150,-0.377821,-0.438689,-0.464605,-0.392189,-0.456164,-0.474605,-0.419658,-0.316973,-0.369532
X_feature_price_ret21_shift0,X_feature_price_vol10,-0.023752,0.109200,-0.100170,-0.104541,-0.195599,0.066905,-0.032743,0.018845,-0.009835,-0.013028,-0.134267,0.071683,0.026967,-0.107478,-0.046406,-0.014795,-0.107107,-0.150616,-0.078182,-0.125913,-0.131600,-0.119595,-0.017342,-0.044371
X_feature_price_ret21_shift0,X_feature_price_upside_vol10,0.213081,0.313674,0.113350,0.095881,0.035253,0.285212,0.228538,0.284277,0.240378,0.248012,0.119603,0.264237,0.262713,0.155704,0.208694,0.264186,0.183121,0.153241,0.210800,0.181068,0.184382,0.171532,0.233706,0.224924
X_feature_price_ret21_shift0,X_feature_price_upside_vol21,0.269368,0.382184,0.152574,0.114140,0.056898,0.350576,0.291413,0.376926,0.317522,0.333999,0.156808,0.321772,0.329002,0.215032,0.268725,0.351756,0.268877,0.236037,0.295346,0.284693,0.260432,0.274253,0.294616,0.286771
X_feature_price_ret21_shift0,X_feature_price_upside_vol63,0.105555,0.233045,-0.007950,-0.000563,-0.061710,0.172141,0.116002,0.178553,0.132826,0.149012,0.003513,0.140078,0.157500,0.051672,0.096615,0.160670,0.096456,0.068806,0.147444,0.099212,0.112600,0.116210,0.124964,0.105148
X_feature_price_ret21_shift0,X_feature_price_atr5,-0.058480,0.055141,-0.140919,-0.126794,-0.228208,0.043949,-0.060444,-0.014327,-0.032126,-0.045532,-0.182308,0.066699,0.026082,-0.111928,-0.054181,-0.008979,-0.106255,-0.170189,-0.078249,-0.120101,-0.152313,-0.121334,-0.027662,-0.040239
X_feature_price_ret21_shift0,X_feature_price_downside_vol126,-0.089364,0.052737,-0.170396,-0.097195,-0.180733,0.024861,-0.082631,-0.075600,-0.102332,-0.121759,-0.214682,0.044347,-0.015571,-0.183330,-0.069048,-0.063928,-0.142563,-0.195497,-0.049121,-0.124377,-0.177985,-0.077625,-0.036692,-0.070294
X_feature_price_ret21_shift0,X_feature_price_downside_vol63,-0.130839,-0.014787,-0.208947,-0.141973,-0.233157,-0.035499,-0.149837,-0.154704,-0.160469,-0.199601,-0.250625,-0.002733,-0.087156,-0.233514,-0.135494,-0.152632,-0.217414,-0.269416,-0.141237,-0.205919,-0.261296,-0.147984,-0.118190,-0.144801
X_feature_price_ret21_shift0,X_feature_price_atr21,-0.031032,0.094028,-0.127162,-0.107298,-0.205492,0.056395,-0.050258,0.003904,-0.019143,-0.021259,-0.162961,0.078295,0.044582,-0.098770,-0.036287,0.006671,-0.091749,-0.141226,-0.045752,-0.096023,-0.140071,-0.079168,-0.008363,-0.017630
X_feature_price_ret21_shift0,X_feature_price_atr126,-0.000116,0.126990,-0.113219,-0.061462,-0.137566,0.076651,-0.016454,0.029650,-0.021617,-0.005065,-0.144541,0.073651,0.048581,-0.092745,-0.014034,0.037249,-0.054284,-0.099615,0.009828,-0.050955,-0.081186,-0.018529,0.041498,0.005026
X_feature_price_ret21_shift0,X_feature_price_vol252,0.001899,0.130258,-0.101191,-0.054241,-0.138449,0.081856,-0.021365,0.031791,-0.020602,0.016778,-0.130996,0.064201,0.054872,-0.097214,-0.007462,0.046649,-0.041159,-0.088600,0.016176,-0.045392,-0.060761,-0.005956,0.032305,0.017172
X_feature_price_ret21_shift0,X_feature_market_cap_log_identity,-0.172360,-0.131059,-0.123426,-0.050909,-0.090341,-0.014572,-0.043981,-0.070192,-0.075763,-0.106277,-0.128563,-0.027058,-0.036929,-0.101200,-0.072423,-0.045627,-0.102717,-0.096613,-0.029413,-0.096468,-0.110482,-0.082984,-0.096765,-0.067011
X_feature_price_ret21_shift0,X_feature_market_cap_log_std21,0.002959,0.086891,-0.072368,-0.065105,-0.190276,0.204727,0.092386,0.094427,0.088399,0.038332,-0.242599,0.185221,0.154311,-0.056343,0.059431,0.183304,0.013987,-0.122507,0.031039,0.061057,-0.110989,0.080369,0.141263,0.126244
X_feature_price_ret21_shift0,X_feature_market_cap_log_std126,-0.001478,0.098869,-0.071248,-0.053838,-0.116728,0.112564,0.026094,0.063381,0.022527,0.012339,-0.169617,0.109318,0.062178,-0.081414,0.019758,0.091771,-0.023566,-0.069218,0.032102,-0.001152,-0.030993,0.026811,0.019870,0.065103
X_feature_price_ret21_shift0,X_feature_market_cap_log_std504,0.032754,0.119627,-0.090215,-0.052911,-0.085534,0.094658,0.014793,0.054081,-0.010484,0.023364,-0.130029,0.100483,0.051192,-0.032117,-0.001566,0.031221,-0.026033,-0.040628,0.006618,-0.008166,-0.028741,-0.008334,0.065162,0.041751
X_feature_price_ret21_shift0,X_feature_market_cap_log_std252,0.025582,0.113169,-0.068490,-0.039351,-0.099875,0.087574,0.019661,0.054220,0.010253,0.015610,-0.152542,0.113628,0.056625,-0.055719,0.005948,0.067833,-0.029432,-0.070274,0.014932,-0.014822,-0.011321,-0.025722,0.039377,0.041591
X_feature_price_ret21_shift0,X_feature_market_cap_log_diff_126,-0.353831,-0.355964,-0.362962,-0.270462,-0.332316,-0.318673,-0.339015,-0.373812,-0.317691,-0.426339,-0.394104,-0.280128,-0.334558,-0.364223,-0.303621,-0.358564,-0.355439,-0.360608,-0.345770,-0.321833,-0.394720,-0.304199,-0.351373,-0.344175
X_feature_price_ret21_shift0,X_feature_market_cap_log_to_min126,0.499240,0.490559,0.475288,0.485466,0.460474,0.426767,0.482174,0.483391,0.489223,0.533196,0.513374,0.400069,0.482117,0.467810,0.467383,0.449640,0.467921,0.526572,0.501673,0.461429,0.535801,0.506815,0.440853,0.436401
X_feature_price_ret21_shift0,X_feature_market_cap_log_to_max504,-0.419011,-0.343096,-0.372527,-0.194530,-0.306548,-0.168438,-0.407693,-0.433961,-0.365511,-0.449644,-0.359146,-0.065577,-0.281973,-0.458995,-0.264917,-0.386461,-0.443138,-0.415885,-0.201106,-0.360716,-0.437618,-0.253851,-0.299970,-0.441812
X_feature_price_ret21_shift0,X_feature_market_cap_log_diff_504,-0.195153,-0.209934,-0.053291,-0.035301,-0.208344,-0.093215,-0.172515,-0.193877,-0.135871,-0.251991,-0.209216,-0.069246,-0.193109,-0.156646,-0.152759,-0.140931,-0.145698,-0.241428,-0.077112,-0.189493,-0.152154,-0.155071,-0.214876,-0.137969
X_feature_price_ret21_shift0,X_feature_market_cap_log_to_min504,-0.247234,-0.296748,-0.120796,-0.167870,-0.288802,-0.258272,-0.153919,-0.226884,-0.168012,-0.294070,-0.331012,-0.330483,-0.165633,-0.181855,-0.247438,-0.214400,-0.154450,-0.288901,-0.286460,-0.206082,-0.206520,-0.261580,-0.372876,-0.180891
X_feature_price_ret21_shift0,X_feature_pv_pv_corr21,0.457279,0.522103,0.538454,0.508101,0.479692,0.546761,0.564691,0.563525,0.553009,0.518511,0.475685,0.465488,0.483427,0.465359,0.510783,0.529794,0.527958,0.485116,0.511569,0.539345,0.473981,0.468380,0.395745,0.466190
X_feature_price_ret21_shift0,X_feature_pv_pv_corr126,0.199969,0.213482,0.173856,0.146921,0.139727,0.173532,0.181438,0.212100,0.186237,0.213609,0.202460,0.140782,0.167822,0.199737,0.183794,0.198917,0.197914,0.195115,0.186999,0.169990,0.199724,0.171930,0.141463,0.158630
X_feature_price_ret21_shift0,X_feature_pv_pv_corr63,0.247588,0.299013,0.269162,0.230545,0.242889,0.278447,0.289965,0.306202,0.281925,0.303709,0.278033,0.220103,0.254759,0.281903,0.278912,0.288623,0.286588,0.290480,0.272781,0.298743,0.288340,0.243230,0.215685,0.240773
X_feature_price_ret21_shift0,X_feature_liquidity_turnover_level63,-0.013690,0.121364,-0.059789,-0.051001,-0.107587,0.064539,-0.009470,0.036180,-0.021878,-0.012469,-0.097186,0.042786,0.031575,-0.056307,-0.022236,0.018868,-0.029705,-0.083713,0.005644,-0.046107,-0.046238,-0.027813,0.042982,-0.003364
X_feature_price_ret21_shift0,X_feature_volume_log_volume_ratio_max126,-0.003405,-0.009091,0.005058,-0.002132,0.011685,-0.002130,0.015905,0.005461,0.010570,0.018895,0.008293,-0.006881,0.000400,-0.003164,-0.001113,0.026960,0.031830,0.038293,0.007254,0.039755,0.031416,0.037840,0.044228,-0.010140
X_feature_price_ret21_shift0,X_feature_volume_log_volume_ratio_max252,0.003931,-0.003442,0.013797,0.015274,0.031735,0.006667,0.029876,0.009430,0.016324,0.021196,0.014190,-0.002216,0.008811,0.001167,0.018518,0.045887,0.038975,0.042534,-0.000706,0.043860,0.043744,0.046160,0.052130,-0.008764
X_feature_price_ret21_shift0,X_feature_pv_illiquidity_mean21,-0.108731,-0.115333,-0.049178,0.017120,-0.016124,0.021646,0.013674,-0.032497,-0.017516,-0.051802,-0.063441,0.029588,0.012978,-0.050195,-0.025113,-0.007375,-0.069611,-0.051230,-0.003377,-0.050181,-0.081295,-0.041085,-0.063248,-0.024638
X_feature_price_ret21_shift0,X_feature_volume_log_volume_std504,-0.048924,-0.029444,0.019841,0.024242,0.039707,0.027329,0.031327,0.010214,-0.010736,-0.012512,-0.036893,0.022573,0.013058,-0.024448,0.006262,0.020545,-0.019031,0.009276,-0.026430,0.008160,-0.021039,0.004051,0.026750,-0.039298
X_feature_price_ret21_shift0,X_feature_volume_log_volume_std126,-0.048208,-0.046398,0.011853,0.041565,0.005897,0.028125,0.016946,-0.002945,-0.010512,-0.019663,-0.040909,0.033468,0.008500,-0.028453,-0.012066,0.012264,-0.026651,-0.004399,-0.025158,-0.013602,-0.032938,-0.001875,0.032907,-0.038794
X_feature_price_ret21_shift0,X_feature_volume_log_volume_std63,-0.054641,-0.051986,0.005596,0.033192,-0.013734,0.019106,0.003538,-0.009285,-0.005573,-0.012549,-0.057212,0.031103,0.008735,-0.028852,-0.025265,0.003022,-0.024504,-0.013990,-0.025455,-0.028826,-0.041300,-0.014756,0.025880,-0.036320
X_feature_price_ret21_shift0,X_feature_market_corr504,-0.051193,-0.059198,0.073555,0.023030,0.098055,0.008358,0.045882,0.055211,-0.024024,0.034582,-0.027380,0.006321,-0.035595,0.009712,-0.016490,-0.017536,0.010183,-0.033033,-0.035413,-0.071164,0.052072,-0.072765,0.022802,-0.062625
X_feature_price_ret21_shift0,X_feature_market_corr252,-0.042079,-0.076439,0.068327,0.030200,0.065318,0.021304,0.048244,0.059150,-0.025754,0.029726,-0.039544,0.011767,-0.040920,0.021342,-0.023798,-0.018810,0.010120,-0.053104,-0.049452,-0.077158,0.038114,-0.070069,0.045443,-0.079148
X_feature_price_ret21_shift0,X_feature_short_interest_to_volume_log_ratio_std252,-0.046575,-0.016187,-0.012063,0.017757,0.018584,0.027437,0.032539,-0.003150,-0.011781,-0.020340,-0.041477,0.013931,0.007454,-0.028920,-0.005454,0.027533,-0.028178,-0.025866,-0.014317,0.002511,-0.027002,0.008591,0.022444,-0.025164
X_feature_price_ret21_shift0,X_feature_short_interest_to_volume_log_ratio_std63,-0.056642,-0.040945,-0.012703,0.008328,-0.025804,0.006189,-0.009715,-0.017508,-0.031908,-0.041189,-0.058485,0.007312,-0.008764,-0.041020,-0.041160,0.000986,-0.050034,-0.026459,-0.039662,-0.026844,-0.061389,-0.025814,-0.008910,-0.044205
X_feature_price_ret21_shift0,X_feature_short_interest_to_volume_log_ratio,-0.008665,-0.042640,0.030599,0.027905,0.047785,-0.003028,0.020563,-0.003071,0.008593,-0.044731,0.037932,-0.026421,0.007544,0.013816,0.011776,0.025263,0.050809,0.018418,0.010927,0.012709,0.056874,0.016470,0.036774,-0.000061
X_feature_price_ret21_shift0,X_feature_short_interest_to_volume_log_ratio_mean252,-0.017936,-0.061081,0.028929,0.028441,0.068841,-0.008496,0.002979,-0.021830,-0.019291,-0.072145,0.008307,-0.013657,0.020491,0.009577,0.008784,-0.007840,0.001469,-0.024463,-0.017537,-0.015979,0.018415,-0.029113,0.000534,-0.025407
X_feature_price_ret21_shift0,X_feature_short_interest_to_volume_log_ratio_mean63,-0.031228,-0.068272,0.019643,0.029543,0.033399,-0.009933,0.003279,-0.029177,-0.018540,-0.064516,0.004969,-0.015126,0.005447,0.004504,-0.002811,0.003743,0.021500,-0.028007,-0.016195,-0.016668,0.022712,-0.018164,0.008298,-0.025107
X_feature_price_ret21_shift0,X_feature_short_interest_log_diff21,-0.017888,-0.011911,-0.012364,-0.015156,-0.035065,-0.004181,-0.004192,-0.006261,-0.011562,-0.021513,-0.006215,-0.000100,-0.006393,-0.009442,-0.014786,-0.023402,-0.005949,-0.013973,-0.024710,-0.031770,-0.014869,-0.020823,0.014990,0.003387
X_feature_price_ret21_shift0,X_feature_short_interest_log_diff252,-0.035033,-0.013567,-0.025176,-0.025517,-0.045908,0.004875,0.007731,-0.011607,-0.008586,-0.055829,-0.044880,-0.005790,-0.023309,-0.027152,-0.022391,-0.001846,0.017991,-0.045058,-0.006804,-0.036820,-0.006862,-0.005594,0.035305,-0.002190
X_feature_price_ret21_shift0,X_feature_short_interest_log_diff63,-0.021399,-0.002478,-0.021171,-0.014201,-0.037942,-0.017662,0.003402,-0.012204,-0.004316,-0.036222,-0.008172,-0.009330,-0.002584,-0.007206,0.002898,-0.011630,-0.001139,-0.003321,-0.002620,-0.029802,-0.017900,-0.014845,0.007803,-0.001467
X_feature_price_ret21_shift0,X_feature_short_interest_log_diff126,-0.031229,-0.017904,-0.033070,-0.016291,-0.050611,-0.009230,0.014909,-0.020307,-0.008756,-0.038511,-0.025966,-0.007338,-0.026475,-0.012747,-0.026601,-0.006005,0.009502,-0.010759,-0.018533,-0.019867,-0.021700,-0.008203,0.019169,-0.016082
X_feature_price_ret10_shift0,X_feature_price_ret5_shift0,0.650113,0.645625,0.646730,0.639024,0.646169,0.655398,0.654071,0.653144,0.653627,0.671994,0.653622,0.654411,0.652583,0.660688,0.667143,0.646528,0.661515,0.658929,0.665992,0.654818,0.665311,0.662096,0.647088,0.672501
X_feature_price_ret10_shift0,X_feature_price_downside_vol10,-0.377262,-0.307916,-0.379377,-0.363217,-0.424501,-0.337506,-0.405851,-0.419777,-0.398592,-0.403246,-0.413791,-0.283717,-0.359334,-0.420221,-0.412752,-0.429687,-0.459817,-0.479075,-0.437229,-0.481461,-0.497893,-0.458738,-0.369905,-0.438660
X_feature_price_ret10_shift0,X_feature_price_downside_vol21,-0.205139,-0.138807,-0.238298,-0.192982,-0.270478,-0.152879,-0.232104,-0.232175,-0.231722,-0.242098,-0.251061,-0.105768,-0.178616,-0.260360,-0.220343,-0.244032,-0.270871,-0.305291,-0.221147,-0.271733,-0.319365,-0.241213,-0.196714,-0.255203
X_feature_price_ret10_shift0,X_feature_price_vol10,0.042832,0.129973,-0.017792,-0.049628,-0.128163,0.075003,0.013515,0.042217,0.031150,0.049179,-0.056071,0.084442,0.067193,-0.047096,0.006225,0.021779,-0.047254,-0.079396,-0.029114,-0.054542,-0.104100,-0.063225,0.026621,-0.029349
X_feature_price_ret10_shift0,X_feature_price_upside_vol10,0.388204,0.441857,0.291325,0.250044,0.209686,0.409975,0.394270,0.437707,0.402539,0.423978,0.295807,0.376937,0.412056,0.323100,0.375386,0.426645,0.367674,0.342644,0.388647,0.390206,0.354653,0.357078,0.385933,0.370223
X_feature_price_ret10_shift0,X_feature_price_upside_vol21,0.206582,0.268935,0.119646,0.096109,0.037661,0.238083,0.210652,0.259216,0.215412,0.239012,0.121489,0.216696,0.232308,0.157316,0.190338,0.253838,0.199009,0.173161,0.210495,0.221772,0.195654,0.212426,0.224316,0.186154
X_feature_price_ret10_shift0,X_feature_price_upside_vol63,0.086474,0.155822,-0.002338,0.004838,-0.053474,0.119649,0.080091,0.114500,0.079408,0.108206,0.006550,0.095545,0.112772,0.035618,0.068802,0.110872,0.069177,0.042596,0.101363,0.078947,0.077783,0.081551,0.106204,0.064282
X_feature_price_ret10_shift0,X_feature_price_atr5,-0.018011,0.048070,-0.083690,-0.088448,-0.183388,0.049970,-0.027492,-0.006058,-0.010430,-0.000223,-0.118513,0.064421,0.046645,-0.072676,-0.021196,0.006428,-0.059000,-0.109095,-0.042903,-0.059903,-0.128286,-0.070790,-0.000037,-0.027684
X_feature_price_ret10_shift0,X_feature_price_downside_vol126,-0.052876,0.031473,-0.112170,-0.062947,-0.135461,0.021023,-0.051489,-0.050108,-0.073166,-0.074192,-0.142865,0.034313,-0.000014,-0.125681,-0.038521,-0.036235,-0.084103,-0.134641,-0.019864,-0.067867,-0.117439,-0.040076,-0.012594,-0.056590
X_feature_price_ret10_shift0,X_feature_price_downside_vol63,-0.078545,-0.010856,-0.136082,-0.088824,-0.167055,-0.016127,-0.092440,-0.100536,-0.110158,-0.125722,-0.162024,0.009484,-0.042096,-0.158410,-0.078841,-0.093336,-0.130660,-0.180229,-0.068294,-0.117244,-0.172127,-0.074724,-0.063465,-0.105029
X_feature_price_ret10_shift0,X_feature_price_atr21,0.000471,0.072636,-0.075263,-0.054718,-0.138139,0.049133,-0.017337,0.009113,-0.013586,-0.002179,-0.094667,0.058226,0.045495,-0.064617,-0.010678,0.014805,-0.046432,-0.085350,-0.007123,-0.034020,-0.081843,-0.020671,0.015591,-0.016159
X_feature_price_ret10_shift0,X_feature_price_atr126,0.009960,0.080114,-0.074637,-0.040293,-0.110770,0.055437,-0.008886,0.017113,-0.021406,0.007177,-0.097455,0.052650,0.040939,-0.068351,-0.003557,0.028252,-0.029953,-0.069953,0.012656,-0.017045,-0.054336,-0.002693,0.040952,-0.006201
X_feature_price_ret10_shift0,X_feature_price_vol252,0.009698,0.081634,-0.068697,-0.038388,-0.111197,0.058263,-0.014758,0.016045,-0.022406,0.020835,-0.086835,0.045144,0.043700,-0.070506,0.000636,0.034083,-0.023253,-0.065202,0.012644,-0.013964,-0.040531,0.003999,0.032605,0.002555
X_feature_price_ret10_shift0,X_feature_market_cap_log_identity,-0.130051,-0.088368,-0.091753,-0.037834,-0.067464,-0.011813,-0.027549,-0.048932,-0.052858,-0.074856,-0.090466,-0.018095,-0.023794,-0.070319,-0.047766,-0.031776,-0.067174,-0.067579,-0.019727,-0.061107,-0.077956,-0.059017,-0.065031,-0.055924
X_feature_price_ret10_shift0,X_feature_market_cap_log_std21,0.015541,0.055473,-0.044711,-0.030943,-0.143436,0.155557,0.074038,0.056430,0.059338,0.032154,-0.161263,0.126173,0.123314,-0.029654,0.051073,0.141496,0.019694,-0.090847,0.034986,0.066388,-0.071507,0.083618,0.096609,0.086711
X_feature_price_ret10_shift0,X_feature_market_cap_log_std126,-0.003833,0.060444,-0.048767,-0.035040,-0.086438,0.061261,0.008129,0.026530,0.001972,0.008710,-0.093749,0.067555,0.033843,-0.052024,0.011812,0.037924,-0.025622,-0.052576,0.018796,-0.002156,-0.017460,0.018963,0.016276,0.017525
X_feature_price_ret10_shift0,X_feature_market_cap_log_std504,0.028277,0.074177,-0.061487,-0.037941,-0.070726,0.065966,0.008141,0.030212,-0.014641,0.026187,-0.079977,0.072693,0.039178,-0.026238,0.006646,0.016641,-0.017858,-0.028965,0.004609,0.004396,-0.016211,0.000546,0.056046,0.016977
X_feature_price_ret10_shift0,X_feature_market_cap_log_std252,0.019421,0.075859,-0.045843,-0.025787,-0.081051,0.054887,0.011370,0.025136,-0.001726,0.014833,-0.092133,0.078580,0.038888,-0.038047,0.004110,0.035839,-0.023891,-0.050616,0.012873,-0.002630,-0.005254,-0.008044,0.046364,0.008790
X_feature_price_ret10_shift0,X_feature_market_cap_log_diff_126,-0.252812,-0.244847,-0.251563,-0.190810,-0.226435,-0.212517,-0.238413,-0.251483,-0.216015,-0.301995,-0.273792,-0.177528,-0.226164,-0.243642,-0.196282,-0.242357,-0.232060,-0.256910,-0.226615,-0.227976,-0.268526,-0.205993,-0.236530,-0.234683
X_feature_price_ret10_shift0,X_feature_market_cap_log_to_min126,0.393186,0.357821,0.373287,0.377788,0.366337,0.299447,0.354550,0.343328,0.357259,0.414309,0.454997,0.291406,0.350412,0.369573,0.336856,0.312023,0.337040,0.409120,0.365940,0.340742,0.407648,0.380553,0.345022,0.304490
X_feature_price_ret10_shift0,X_feature_market_cap_log_to_max504,-0.327341,-0.257082,-0.271298,-0.140694,-0.233567,-0.132919,-0.318758,-0.333618,-0.282016,-0.342947,-0.253821,-0.045752,-0.206844,-0.351022,-0.186946,-0.313565,-0.329102,-0.311601,-0.134696,-0.270569,-0.326825,-0.183904,-0.222630,-0.341896
X_feature_price_ret10_shift0,X_feature_market_cap_log_diff_504,-0.149598,-0.143535,-0.044154,-0.029930,-0.157795,-0.065462,-0.123200,-0.132418,-0.092460,-0.189595,-0.150208,-0.047852,-0.126472,-0.103771,-0.104035,-0.103186,-0.095999,-0.179498,-0.044760,-0.132760,-0.115069,-0.111828,-0.152493,-0.098204
X_feature_price_ret10_shift0,X_feature_market_cap_log_to_min504,-0.189716,-0.202107,-0.095259,-0.121728,-0.213490,-0.181303,-0.108846,-0.153728,-0.115551,-0.224478,-0.298682,-0.240994,-0.118201,-0.126059,-0.173148,-0.149271,-0.101609,-0.217625,-0.194511,-0.148778,-0.152911,-0.190181,-0.290717,-0.116472
X_feature_price_ret10_shift0,X_feature_pv_pv_corr21,0.276988,0.320573,0.335145,0.318476,0.282127,0.334327,0.346592,0.356844,0.353333,0.329674,0.290385,0.304045,0.293907,0.301191,0.318440,0.344510,0.330924,0.311742,0.308126,0.339297,0.318273,0.298580,0.252076,0.289002
X_feature_price_ret10_shift0,X_feature_pv_pv_corr126,0.130200,0.130823,0.108925,0.088705,0.074601,0.110305,0.111431,0.129564,0.115060,0.134430,0.128436,0.088420,0.102641,0.123866,0.111382,0.123115,0.116508,0.123440,0.111515,0.107021,0.131159,0.106873,0.088358,0.097565
X_feature_price_ret10_shift0,X_feature_pv_pv_corr63,0.151193,0.181148,0.158240,0.132933,0.139079,0.172981,0.173387,0.187456,0.173580,0.192325,0.166502,0.143570,0.153530,0.180791,0.175766,0.182438,0.172570,0.177044,0.162195,0.182258,0.188492,0.147599,0.133594,0.151846
X_feature_price_ret10_shift0,X_feature_liquidity_turnover_level63,-0.000251,0.083940,-0.036995,-0.037166,-0.082990,0.049886,0.000397,0.022787,-0.021063,-0.000768,-0.061284,0.030827,0.029563,-0.041888,-0.005471,0.015706,-0.013385,-0.059867,0.008178,-0.014293,-0.031296,-0.012756,0.036176,-0.006442
X_feature_price_ret10_shift0,X_feature_volume_log_volume_ratio_max126,-0.018897,-0.020134,-0.002207,0.009399,0.030686,-0.006022,0.008977,-0.001754,0.001105,0.003820,0.009223,-0.027872,-0.013369,-0.010180,-0.007542,0.013959,0.011153,0.018397,-0.000071,0.032048,0.028410,0.020927,0.018983,-0.016912
X_feature_price_ret10_shift0,X_feature_volume_log_volume_ratio_max252,-0.013622,-0.015364,0.002629,0.019819,0.040413,-0.002033,0.017778,-0.000415,0.004992,0.007335,0.013262,-0.022935,-0.006810,-0.007015,0.006619,0.025634,0.016345,0.021753,-0.006856,0.034692,0.034580,0.025391,0.024126,-0.012391
X_feature_price_ret10_shift0,X_feature_pv_illiquidity_mean21,-0.074661,-0.068096,-0.020399,0.029700,-0.000498,0.021943,0.017554,-0.013778,-0.001378,-0.026331,-0.029947,0.035995,0.019182,-0.023456,-0.006450,0.002700,-0.034107,-0.023368,0.015375,-0.017579,-0.046635,-0.018577,-0.026888,-0.014006
X_feature_price_ret10_shift0,X_feature_volume_log_volume_std504,-0.039121,-0.013658,0.011241,0.019138,0.036430,0.017031,0.023590,0.005676,-0.007413,-0.013658,-0.026477,0.013798,0.008056,-0.021947,0.008455,0.014903,-0.014069,0.011789,-0.018678,0.011245,-0.006976,0.000914,0.021511,-0.026929
X_feature_price_ret10_shift0,X_feature_volume_log_volume_std126,-0.040112,-0.023467,0.005890,0.028750,0.013301,0.019639,0.014098,-0.002320,-0.006410,-0.017504,-0.025189,0.023594,0.006414,-0.023713,-0.004286,0.010001,-0.021888,0.003241,-0.019389,-0.007319,-0.016270,-0.002892,0.025735,-0.032514
X_feature_price_ret10_shift0,X_feature_volume_log_volume_std63,-0.044475,-0.026823,0.003008,0.025896,0.001946,0.019182,0.006488,-0.005871,-0.003159,-0.010216,-0.035718,0.024893,0.007818,-0.022146,-0.012549,0.004860,-0.021790,-0.001942,-0.016888,-0.017096,-0.019343,-0.011968,0.023322,-0.029391
X_feature_price_ret10_shift0,X_feature_market_corr504,-0.045329,-0.031127,0.049122,0.009094,0.091653,0.007501,0.034272,0.032797,-0.015855,0.024056,-0.014379,0.000548,-0.027289,-0.001942,-0.007376,-0.011586,0.002589,-0.019614,-0.025037,-0.046670,0.031688,-0.051736,0.017598,-0.044151
X_feature_price_ret10_shift0,X_feature_market_corr252,-0.040572,-0.040555,0.041885,0.013798,0.068163,0.017072,0.034487,0.032768,-0.018908,0.019066,-0.022270,0.003930,-0.029565,0.005141,-0.011031,-0.010911,-0.000350,-0.032696,-0.027730,-0.053671,0.022750,-0.050275,0.040319,-0.056368
X_feature_price_ret10_shift0,X_feature_short_interest_to_volume_log_ratio_std252,-0.036283,-0.003900,-0.009654,0.010790,0.019272,0.016689,0.023793,-0.002870,-0.006803,-0.015697,-0.026732,0.006147,0.004963,-0.020233,-0.000680,0.019101,-0.018001,-0.015905,-0.007397,0.008118,-0.011922,0.004424,0.024572,-0.015496
X_feature_price_ret10_shift0,X_feature_short_interest_to_volume_log_ratio_std63,-0.040219,-0.017271,-0.006563,0.006337,-0.005668,0.010010,-0.001866,-0.009735,-0.021237,-0.032697,-0.036431,0.007375,-0.004727,-0.028502,-0.020263,0.002803,-0.034292,-0.016170,-0.025960,-0.011666,-0.031190,-0.014068,0.000284,-0.033252
X_feature_price_ret10_shift0,X_feature_short_interest_to_volume_log_ratio,-0.018040,-0.043914,0.011499,0.024243,0.044503,-0.011333,0.006624,-0.004505,0.004936,-0.041865,0.021324,-0.032517,-0.005981,0.003970,-0.002576,0.009589,0.027226,0.007242,0.003236,0.012042,0.041814,0.004518,0.013650,-0.004471
X_feature_price_ret10_shift0,X_feature_short_interest_to_volume_log_ratio_mean252,-0.013796,-0.043969,0.015169,0.018112,0.049358,-0.008206,0.000735,-0.015176,-0.012327,-0.057514,0.000951,-0.011317,0.012911,0.005740,0.003615,-0.006316,-0.003328,-0.011088,-0.018080,-0.007061,0.012712,-0.022547,0.001211,-0.019840
X_feature_price_ret10_shift0,X_feature_short_interest_to_volume_log_ratio_mean63,-0.025038,-0.049625,0.006645,0.018215,0.023934,-0.011459,-0.000902,-0.021604,-0.013307,-0.052799,-0.005282,-0.009263,0.000365,0.000215,-0.008890,-0.001281,0.007562,-0.018446,-0.016476,-0.010378,0.012917,-0.018390,0.005422,-0.020379
X_feature_price_ret10_shift0,X_feature_short_interest_log_diff21,-0.011158,-0.007470,-0.010923,-0.010920,-0.020706,0.001899,-0.000581,0.003813,0.002982,-0.004880,0.000188,0.001182,0.001869,-0.007406,0.002077,-0.008599,0.000532,-0.001616,-0.012556,-0.025076,-0.002048,-0.006082,0.008696,-0.004006
X_feature_price_ret10_shift0,X_feature_short_interest_log_diff252,-0.022557,-0.007694,-0.019831,-0.020854,-0.030430,0.001404,0.004787,-0.006019,-0.000037,-0.037009,-0.032489,-0.003126,-0.016506,-0.016782,-0.012679,-0.001893,0.012242,-0.032899,0.000075,-0.023683,-0.003608,-0.001404,0.023694,0.006174
X_feature_price_ret10_shift0,X_feature_short_interest_log_diff63,-0.013990,-0.002251,-0.013600,-0.006593,-0.023351,-0.010126,0.001053,-0.004488,0.006180,-0.017437,-0.007803,-0.001921,0.003217,-0.006426,0.007623,-0.005170,0.001149,-0.003298,0.003760,-0.016362,-0.005763,-0.005593,0.003522,0.001579
X_feature_price_ret10_shift0,X_feature_short_interest_log_diff126,-0.019543,-0.014373,-0.021503,-0.013969,-0.029577,-0.005148,0.008594,-0.010016,0.002963,-0.021355,-0.020879,-0.003489,-0.018527,-0.013905,-0.016570,-0.002952,0.003196,-0.008205,-0.005132,-0.013397,-0.010306,-0.000268,0.010184,-0.008040
X_feature_price_ret5_shift0,X_feature_price_downside_vol10,-0.248743,-0.216022,-0.264063,-0.240753,-0.277110,-0.232933,-0.288109,-0.285797,-0.275784,-0.279562,-0.284940,-0.196681,-0.242216,-0.289015,-0.276709,-0.277728,-0.315921,-0.328703,-0.290047,-0.315892,-0.338019,-0.285461,-0.254673,-0.307528
X_feature_price_ret5_shift0,X_feature_price_downside_vol21,-0.133890,-0.099030,-0.165392,-0.132904,-0.181164,-0.096706,-0.162825,-0.151018,-0.159452,-0.166696,-0.176560,-0.070945,-0.119867,-0.181920,-0.142645,-0.150100,-0.184212,-0.211124,-0.143023,-0.169898,-0.211790,-0.140617,-0.154020,-0.168859
X_feature_price_ret5_shift0,X_feature_price_vol10,0.044210,0.088194,-0.012383,-0.025532,-0.069369,0.059393,0.002673,0.031077,0.018769,0.035367,-0.036598,0.054523,0.045623,-0.034633,0.008582,0.028756,-0.036900,-0.057777,-0.013489,-0.023954,-0.058830,-0.015966,0.013245,-0.019050
X_feature_price_ret5_shift0,X_feature_price_upside_vol10,0.291733,0.308753,0.209779,0.185293,0.173876,0.292367,0.272004,0.303993,0.277698,0.299073,0.216944,0.254795,0.281881,0.228249,0.265606,0.303755,0.254536,0.243198,0.280343,0.284200,0.269612,0.274668,0.269657,0.270458
X_feature_price_ret5_shift0,X_feature_price_upside_vol21,0.154874,0.187419,0.085400,0.069557,0.038400,0.166129,0.140101,0.177767,0.139781,0.166916,0.085093,0.140809,0.152493,0.104396,0.123901,0.180040,0.135172,0.117216,0.144976,0.155865,0.148172,0.155278,0.156985,0.134118
X_feature_price_ret5_shift0,X_feature_price_upside_vol63,0.065850,0.103897,-0.005465,-0.002097,-0.033253,0.084588,0.045218,0.074076,0.045630,0.075662,0.000469,0.058009,0.072380,0.018128,0.040674,0.077825,0.040973,0.021721,0.063571,0.051453,0.055974,0.058885,0.071152,0.044056
X_feature_price_ret5_shift0,X_feature_price_atr5,0.030387,0.060472,-0.035394,-0.048488,-0.116339,0.057929,0.001587,0.022755,0.007884,0.025167,-0.082507,0.060738,0.059676,-0.038123,-0.001978,0.043570,-0.023297,-0.071804,-0.015718,-0.019016,-0.087986,-0.021070,0.006106,-0.006847
X_feature_price_ret5_shift0,X_feature_price_downside_vol126,-0.031908,0.019250,-0.080405,-0.047237,-0.092724,0.017884,-0.042743,-0.029508,-0.053571,-0.050307,-0.105462,0.018206,0.000137,-0.092080,-0.029521,-0.015916,-0.057166,-0.098745,-0.011178,-0.044490,-0.075754,-0.018717,-0.021493,-0.033346
X_feature_price_ret5_shift0,X_feature_price_downside_vol63,-0.048257,-0.010428,-0.096511,-0.062779,-0.112275,-0.005457,-0.068514,-0.061757,-0.077063,-0.084793,-0.116132,0.004007,-0.026892,-0.113417,-0.053518,-0.052251,-0.086775,-0.127313,-0.041454,-0.073723,-0.111411,-0.038363,-0.056420,-0.068025
X_feature_price_ret5_shift0,X_feature_price_atr21,0.011003,0.050574,-0.052122,-0.037103,-0.087520,0.040393,-0.015132,0.011340,-0.014060,-0.000401,-0.070675,0.034458,0.029399,-0.049808,-0.009615,0.023063,-0.029609,-0.063769,-0.001884,-0.015404,-0.046005,0.002221,0.000761,-0.004999
X_feature_price_ret5_shift0,X_feature_price_atr126,0.011812,0.052914,-0.055523,-0.033096,-0.077086,0.041212,-0.014744,0.012353,-0.021453,0.006952,-0.077307,0.030105,0.025536,-0.052980,-0.007767,0.024871,-0.022300,-0.056129,0.007655,-0.010067,-0.034051,0.003928,0.017085,-0.000268
X_feature_price_ret5_shift0,X_feature_price_vol252,0.009129,0.054028,-0.051984,-0.033163,-0.077460,0.042784,-0.019567,0.011364,-0.022647,0.017025,-0.067414,0.025297,0.028568,-0.054635,-0.004645,0.028798,-0.018989,-0.052890,0.004718,-0.007962,-0.024373,0.007054,0.011441,0.004488
X_feature_price_ret5_shift0,X_feature_market_cap_log_identity,-0.097033,-0.070773,-0.064232,-0.029666,-0.048451,-0.011093,-0.023414,-0.035071,-0.037438,-0.056934,-0.066156,-0.015642,-0.017807,-0.054546,-0.035107,-0.020879,-0.047458,-0.052775,-0.009867,-0.043433,-0.060456,-0.040723,-0.054075,-0.041581
X_feature_price_ret5_shift0,X_feature_market_cap_log_std21,0.004742,0.031486,-0.040659,-0.028017,-0.093411,0.083646,0.029859,0.028593,0.019075,0.012657,-0.108323,0.062005,0.057666,-0.025093,0.016543,0.080293,-0.002469,-0.069925,0.012408,0.029178,-0.044199,0.049131,0.039488,0.044155
X_feature_price_ret5_shift0,X_feature_market_cap_log_std126,-0.003556,0.040743,-0.035797,-0.028685,-0.055643,0.037776,-0.007304,0.016864,-0.007084,0.006980,-0.064580,0.038687,0.017482,-0.038619,0.000966,0.022637,-0.022772,-0.044328,0.011924,-0.004174,-0.002974,0.015234,-0.001066,0.009072
X_feature_price_ret5_shift0,X_feature_market_cap_log_std504,0.020308,0.050730,-0.044248,-0.031634,-0.050170,0.046464,-0.003077,0.022581,-0.016109,0.019955,-0.060855,0.045494,0.024823,-0.018526,0.000666,0.015166,-0.018432,-0.024047,0.003543,0.004617,-0.002818,0.003027,0.031646,0.013812
X_feature_price_ret5_shift0,X_feature_market_cap_log_std252,0.014061,0.052190,-0.033889,-0.020976,-0.055719,0.036652,-0.001882,0.018339,-0.007199,0.012211,-0.065744,0.048655,0.024366,-0.027450,-0.003577,0.026770,-0.020685,-0.041203,0.008051,-0.002773,0.005040,-0.003758,0.022896,0.007506
X_feature_price_ret5_shift0,X_feature_market_cap_log_diff_126,-0.181643,-0.184195,-0.175994,-0.139834,-0.156333,-0.154269,-0.166004,-0.177044,-0.154082,-0.219428,-0.195196,-0.126242,-0.157378,-0.179586,-0.133962,-0.167834,-0.160712,-0.188203,-0.157630,-0.167475,-0.191238,-0.141479,-0.179577,-0.164591
X_feature_price_ret5_shift0,X_feature_market_cap_log_to_min126,0.300379,0.270295,0.281760,0.287195,0.289444,0.216259,0.252437,0.249903,0.260586,0.316076,0.379959,0.211210,0.252851,0.288982,0.236198,0.219316,0.241730,0.307620,0.271174,0.249696,0.314951,0.275510,0.262612,0.220742
X_feature_price_ret5_shift0,X_feature_market_cap_log_to_max504,-0.250353,-0.201311,-0.201745,-0.106231,-0.168896,-0.106636,-0.249378,-0.251946,-0.215719,-0.263450,-0.184094,-0.037850,-0.155591,-0.274903,-0.139492,-0.238514,-0.245997,-0.237060,-0.099439,-0.205373,-0.245123,-0.133686,-0.179562,-0.262161
X_feature_price_ret5_shift0,X_feature_market_cap_log_diff_504,-0.110310,-0.108918,-0.032688,-0.024253,-0.112581,-0.050089,-0.084907,-0.095339,-0.064036,-0.138582,-0.106413,-0.038558,-0.087609,-0.080404,-0.077861,-0.068421,-0.062615,-0.134652,-0.033931,-0.097269,-0.091822,-0.079053,-0.118789,-0.072949
X_feature_price_ret5_shift0,X_feature_market_cap_log_to_min504,-0.137039,-0.151051,-0.069441,-0.083933,-0.155702,-0.132304,-0.071627,-0.109557,-0.078842,-0.166793,-0.245554,-0.174625,-0.080141,-0.096214,-0.121067,-0.104078,-0.066169,-0.161742,-0.143464,-0.108629,-0.121257,-0.136028,-0.218279,-0.085143
X_feature_price_ret5_shift0,X_feature_pv_pv_corr21,0.166104,0.189128,0.199906,0.196325,0.177444,0.204423,0.209025,0.218492,0.216695,0.207373,0.178567,0.185909,0.178594,0.188720,0.188996,0.207951,0.206662,0.194043,0.191285,0.207469,0.199396,0.177553,0.169106,0.176489
X_feature_price_ret5_shift0,X_feature_pv_pv_corr126,0.081359,0.083590,0.061958,0.054969,0.042105,0.072392,0.065923,0.078638,0.067535,0.088078,0.075731,0.054803,0.061313,0.078004,0.063505,0.072929,0.071076,0.075954,0.065436,0.067410,0.083646,0.063413,0.056266,0.059533
X_feature_price_ret5_shift0,X_feature_pv_pv_corr63,0.092104,0.111468,0.095065,0.078380,0.084242,0.106550,0.103099,0.113599,0.103080,0.124144,0.098983,0.089773,0.093442,0.111938,0.105614,0.109006,0.104291,0.108009,0.095881,0.111470,0.117932,0.087612,0.083659,0.095970
X_feature_price_ret5_shift0,X_feature_liquidity_turnover_level63,0.002280,0.058826,-0.028940,-0.028797,-0.057385,0.038746,-0.006372,0.018384,-0.017914,0.001178,-0.048105,0.019589,0.017908,-0.030720,-0.006955,0.016423,-0.006722,-0.049792,0.004705,-0.004705,-0.020271,-0.004811,0.019532,-0.003608
X_feature_price_ret5_shift0,X_feature_volume_log_volume_ratio_max126,-0.036770,-0.036336,-0.016574,-0.002388,0.027365,-0.013021,-0.012414,-0.010984,-0.010758,-0.009569,0.001167,-0.029308,-0.021407,-0.009313,-0.017863,0.002064,0.002009,0.003900,-0.007373,0.017038,0.021685,0.010126,-0.005933,-0.020320
X_feature_price_ret5_shift0,X_feature_volume_log_volume_ratio_max252,-0.034437,-0.033223,-0.012141,0.003906,0.031931,-0.010817,-0.005243,-0.009637,-0.006833,-0.006755,0.004188,-0.025631,-0.016740,-0.006623,-0.007649,0.008628,0.005195,0.007399,-0.010542,0.018751,0.026986,0.012496,-0.000002,-0.018318
X_feature_price_ret5_shift0,X_feature_pv_illiquidity_mean21,-0.052001,-0.052993,-0.007309,0.023033,0.002772,0.016025,0.013147,-0.008139,0.001424,-0.018784,-0.019019,0.025969,0.015114,-0.016945,-0.001667,0.005616,-0.022547,-0.014680,0.017573,-0.009553,-0.034542,-0.007858,-0.023570,-0.006810
X_feature_price_ret5_shift0,X_feature_volume_log_volume_std504,-0.031211,-0.013568,0.010378,0.010819,0.026338,0.011280,0.011787,0.005195,-0.007257,-0.014814,-0.020551,0.007540,0.004109,-0.016747,0.003527,0.010859,-0.011282,0.008140,-0.008450,0.006567,-0.000998,0.001930,0.011099,-0.018776
X_feature_price_ret5_shift0,X_feature_volume_log_volume_std126,-0.033026,-0.019803,0.006706,0.016881,0.010301,0.012338,0.005477,-0.000773,-0.006593,-0.018204,-0.017534,0.013183,0.004140,-0.019014,-0.005488,0.007121,-0.016791,0.002330,-0.011243,-0.005713,-0.010842,0.001235,0.014140,-0.022782
X_feature_price_ret5_shift0,X_feature_volume_log_volume_std63,-0.035818,-0.022023,0.004549,0.018330,0.005768,0.014548,0.001056,-0.003441,-0.003906,-0.011173,-0.024058,0.015326,0.005563,-0.016856,-0.010424,0.004707,-0.016251,-0.000144,-0.010880,-0.010600,-0.012478,-0.004340,0.015080,-0.020691
X_feature_price_ret5_shift0,X_feature_market_corr504,-0.039470,-0.027425,0.035666,0.010873,0.063267,0.000013,0.019711,0.025892,-0.016112,0.017106,-0.014283,-0.002804,-0.021436,-0.000876,-0.009530,-0.008141,0.004780,-0.022806,-0.011720,-0.029049,0.020494,-0.036736,0.011294,-0.028152
X_feature_price_ret5_shift0,X_feature_market_corr252,-0.037475,-0.033278,0.028884,0.014902,0.048055,0.006068,0.019376,0.025797,-0.018890,0.013003,-0.020116,0.000323,-0.021210,0.004777,-0.011130,-0.009325,0.004157,-0.032776,-0.013939,-0.035918,0.013358,-0.034812,0.029503,-0.037666
X_feature_price_ret5_shift0,X_feature_short_interest_to_volume_log_ratio_std252,-0.030236,-0.005727,-0.004835,0.004841,0.014160,0.012587,0.012864,-0.001152,-0.006669,-0.013659,-0.016734,0.001843,0.004932,-0.014394,-0.001260,0.014611,-0.012843,-0.012497,-0.001416,0.005041,-0.004245,0.005729,0.013672,-0.011883
X_feature_price_ret5_shift0,X_feature_short_interest_to_volume_log_ratio_std63,-0.031258,-0.013679,-0.001925,0.004647,-0.001314,0.009168,-0.002623,-0.005108,-0.014424,-0.025207,-0.019858,0.003801,-0.002760,-0.019251,-0.012085,0.004021,-0.021944,-0.011179,-0.015326,-0.007254,-0.017163,-0.003238,0.001226,-0.022360
X_feature_price_ret5_shift0,X_feature_short_interest_to_volume_log_ratio,-0.030794,-0.048567,-0.006083,0.010737,0.034531,-0.017467,-0.007305,-0.012500,-0.004015,-0.042109,0.004300,-0.028664,-0.012733,0.000295,-0.013705,-0.000176,0.010216,-0.002115,-0.001122,0.005123,0.026427,-0.004268,-0.005704,-0.012350
X_feature_price_ret5_shift0,X_feature_short_interest_to_volume_log_ratio_mean252,-0.010916,-0.033539,0.006878,0.014316,0.035413,-0.008311,0.001876,-0.012474,-0.005657,-0.046836,-0.004757,-0.007562,0.010206,0.002998,0.001240,-0.003567,-0.005273,-0.005115,-0.011264,-0.002109,0.008266,-0.015932,0.001147,-0.013889
X_feature_price_ret5_shift0,X_feature_short_interest_to_volume_log_ratio_mean63,-0.019591,-0.037925,0.002296,0.012692,0.017236,-0.009989,0.000984,-0.016260,-0.008055,-0.043844,-0.008502,-0.005464,0.000871,-0.000859,-0.008540,-0.000208,0.001216,-0.011423,-0.010216,-0.004370,0.006128,-0.013616,0.001935,-0.014564
X_feature_price_ret5_shift0,X_feature_short_interest_log_diff21,-0.004301,-0.004609,-0.007381,-0.011120,-0.009798,0.003900,-0.004443,0.003315,0.006817,-0.002984,-0.003519,-0.000557,0.002318,-0.010600,0.001877,-0.008158,0.002632,-0.001638,-0.010263,-0.018613,-0.002025,-0.004766,0.000063,-0.009147
X_feature_price_ret5_shift0,X_feature_short_interest_log_diff252,-0.015181,-0.008638,-0.012673,-0.017788,-0.019717,0.003096,0.001699,-0.001748,-0.000126,-0.028288,-0.024997,-0.001934,-0.010441,-0.012137,-0.011588,0.000791,0.010582,-0.026197,0.001845,-0.015680,-0.007306,0.001808,0.011163,0.002620
X_feature_price_ret5_shift0,X_feature_short_interest_log_diff63,-0.007302,-0.003139,-0.005464,-0.005823,-0.014242,-0.006572,-0.000277,-0.002401,0.003430,-0.012712,-0.007992,-0.002974,0.001601,-0.006747,0.004229,-0.005506,0.001422,-0.006912,0.004342,-0.013723,-0.004711,-0.003118,-0.001252,-0.002758
X_feature_price_ret5_shift0,X_feature_short_interest_log_diff126,-0.010886,-0.011847,-0.012200,-0.013963,-0.018883,-0.001873,0.004107,-0.007161,0.003057,-0.015930,-0.018551,-0.001581,-0.012325,-0.011739,-0.012418,-0.000739,0.002001,-0.008760,-0.001171,-0.011185,-0.009139,0.004354,0.000427,-0.009128
X_feature_price_downside_vol10,X_feature_price_downside_vol21,0.792865,0.802937,0.841985,0.849790,0.847140,0.788504,0.785835,0.756800,0.793027,0.777350,0.828493,0.818839,0.774874,0.811266,0.785453,0.751464,0.763079,0.782516,0.755859,0.763394,0.754542,0.764052,0.786207,0.784490
X_feature_price_downside_vol10,X_feature_price_vol10,0.803242,0.800947,0.839876,0.874022,0.875103,0.805177,0.801035,0.771133,0.796391,0.772789,0.835038,0.833414,0.787656,0.821503,0.799485,0.767955,0.796440,0.797529,0.802918,0.798810,0.803804,0.812593,0.805048,0.804446
X_feature_price_downside_vol10,X_feature_price_upside_vol10,0.447637,0.480138,0.543684,0.602922,0.559253,0.460862,0.410171,0.354178,0.419852,0.373514,0.486123,0.537264,0.417754,0.444454,0.423944,0.327287,0.370086,0.360441,0.376658,0.355033,0.323988,0.390459,0.420880,0.394538
X_feature_price_downside_vol10,X_feature_price_upside_vol21,0.496679,0.525014,0.591844,0.663529,0.624033,0.515937,0.460182,0.390120,0.472034,0.401078,0.548612,0.588239,0.478255,0.494039,0.487988,0.373283,0.407570,0.392728,0.413739,0.385419,0.355652,0.407167,0.458033,0.452532
X_feature_price_downside_vol10,X_feature_price_upside_vol63,0.522001,0.542635,0.622146,0.688674,0.651273,0.559023,0.496539,0.414805,0.493476,0.401321,0.583111,0.640388,0.508231,0.518765,0.529314,0.426911,0.436148,0.421412,0.428039,0.412445,0.357118,0.433032,0.482186,0.477067
X_feature_price_downside_vol10,X_feature_price_atr5,0.684699,0.707420,0.760309,0.802453,0.793751,0.692026,0.680282,0.640100,0.687428,0.634656,0.757265,0.740681,0.671361,0.704935,0.687031,0.616865,0.651943,0.664898,0.677201,0.661492,0.646312,0.674898,0.686537,0.667948
X_feature_price_downside_vol10,X_feature_price_downside_vol126,0.609926,0.598883,0.682154,0.726999,0.702952,0.594897,0.574369,0.515301,0.583861,0.536306,0.696062,0.681675,0.587450,0.639622,0.602691,0.506460,0.542275,0.570472,0.539460,0.519181,0.514343,0.544205,0.569233,0.569515
X_feature_price_downside_vol10,X_feature_price_downside_vol63,0.643940,0.654173,0.719657,0.751031,0.732427,0.635679,0.622365,0.577536,0.631685,0.599529,0.729218,0.710157,0.624873,0.681856,0.641599,0.564128,0.593566,0.623726,0.578035,0.581053,0.578571,0.579726,0.631756,0.622674
X_feature_price_downside_vol10,X_feature_price_atr21,0.668541,0.688385,0.749698,0.781953,0.764647,0.680385,0.655499,0.611851,0.672886,0.612902,0.734493,0.735689,0.649150,0.683851,0.665070,0.590250,0.618009,0.624144,0.625492,0.618309,0.588530,0.626642,0.651836,0.639482
X_feature_price_downside_vol10,X_feature_price_atr126,0.582301,0.597400,0.683646,0.726586,0.691916,0.611719,0.569335,0.511716,0.597402,0.508407,0.669465,0.691455,0.585734,0.613990,0.606752,0.503114,0.531064,0.538550,0.538834,0.530246,0.489479,0.543853,0.548110,0.560988
X_feature_price_downside_vol10,X_feature_price_vol252,0.566901,0.571587,0.660063,0.704266,0.679756,0.585040,0.544789,0.467417,0.562568,0.436875,0.641390,0.670481,0.550030,0.586755,0.573391,0.466332,0.498281,0.504131,0.493968,0.487613,0.452641,0.501262,0.530766,0.499482
X_feature_price_downside_vol10,X_feature_market_cap_log_identity,0.142348,0.031900,-0.023077,0.191379,0.151166,0.089467,0.156367,0.136577,0.110718,0.115450,0.211095,0.295513,0.193202,0.198413,0.223088,0.152788,0.153008,0.178463,0.251128,0.258290,0.122223,0.199724,0.300887,0.204950
X_feature_price_downside_vol10,X_feature_market_cap_log_std21,0.475121,0.524116,0.588547,0.660865,0.635129,0.472923,0.443279,0.424365,0.470091,0.420080,0.595840,0.543815,0.424741,0.501351,0.457875,0.312640,0.407192,0.465742,0.434937,0.377058,0.402355,0.384525,0.442783,0.396423
X_feature_price_downside_vol10,X_feature_market_cap_log_std126,0.371028,0.430758,0.503129,0.614975,0.563708,0.458796,0.396745,0.370165,0.424744,0.320731,0.531090,0.543608,0.408573,0.464335,0.451167,0.321472,0.395004,0.373185,0.395311,0.326648,0.299371,0.343152,0.453357,0.359844
X_feature_price_downside_vol10,X_feature_market_cap_log_std504,0.292609,0.388817,0.549317,0.576576,0.488881,0.464534,0.394522,0.325413,0.417437,0.309421,0.467399,0.550830,0.449421,0.356563,0.428471,0.317660,0.323949,0.333814,0.394335,0.310367,0.306918,0.371462,0.398363,0.428200
X_feature_price_downside_vol10,X_feature_market_cap_log_std252,0.334011,0.435768,0.514462,0.579470,0.552223,0.467140,0.392838,0.356178,0.428199,0.309269,0.514647,0.563423,0.400400,0.454501,0.454377,0.319384,0.378995,0.379142,0.417082,0.336752,0.315351,0.384374,0.477192,0.406251
X_feature_price_downside_vol10,X_feature_market_cap_log_diff_126,0.197200,-0.025527,0.070795,0.429111,0.374267,-0.050555,0.129101,0.031553,0.115540,0.128356,0.377192,0.065705,0.067071,0.196079,0.211996,0.045291,0.112621,0.299222,0.279731,0.212649,0.173328,0.314884,0.278169,0.015461
X_feature_price_downside_vol10,X_feature_market_cap_log_to_min126,0.015358,0.182553,0.094892,0.140634,0.049023,0.218278,0.016359,0.068764,0.036135,-0.032241,0.063085,0.324476,0.076339,0.020521,0.031702,0.036967,-0.011357,-0.116682,-0.021337,-0.113570,-0.116306,-0.110033,0.086065,0.058249
X_feature_price_downside_vol10,X_feature_market_cap_log_to_max504,0.423794,0.257836,0.266050,0.573851,0.598025,0.419654,0.428253,0.317063,0.354821,0.349198,0.476619,0.511943,0.345912,0.471472,0.471054,0.408829,0.394644,0.467753,0.481590,0.471350,0.370284,0.449076,0.493072,0.372941
X_feature_price_downside_vol10,X_feature_market_cap_log_diff_504,0.002713,-0.080976,-0.344364,-0.059752,0.413098,0.221162,-0.069398,-0.113129,-0.140122,-0.032002,0.239090,0.386710,0.093024,-0.052413,0.148669,0.091216,-0.056679,0.163785,0.288979,0.240683,0.001480,0.150986,0.333111,-0.050634
X_feature_price_downside_vol10,X_feature_market_cap_log_to_min504,-0.077937,-0.219297,-0.390831,-0.171286,0.060884,-0.237165,-0.253032,-0.159668,-0.224807,-0.083327,-0.055593,-0.364030,-0.335087,-0.118174,-0.021836,-0.091743,-0.164581,0.071759,0.024234,0.011049,-0.062977,0.064357,-0.016199,-0.291860
X_feature_price_downside_vol10,X_feature_pv_pv_corr21,-0.136235,-0.073818,-0.168689,-0.091056,-0.177185,-0.151320,-0.204297,-0.212534,-0.200585,-0.169933,-0.170118,-0.069401,-0.105256,-0.176843,-0.167076,-0.195054,-0.212485,-0.171143,-0.174340,-0.251633,-0.221036,-0.211451,-0.063240,-0.132697
X_feature_price_downside_vol10,X_feature_pv_pv_corr126,-0.067603,0.048011,-0.006460,-0.008749,-0.062156,0.049072,-0.077273,-0.052870,-0.100567,-0.054112,-0.128093,0.100854,0.047954,-0.070396,-0.051382,-0.003715,-0.062572,-0.075788,-0.012631,-0.104464,-0.116348,-0.122920,0.075114,0.058227
X_feature_price_downside_vol10,X_feature_pv_pv_corr63,-0.087076,0.014820,-0.085681,0.003761,-0.108375,-0.015308,-0.121455,-0.109364,-0.128657,-0.089332,-0.139471,0.045628,-0.007729,-0.114674,-0.087124,-0.066094,-0.118908,-0.105204,-0.060186,-0.169654,-0.165247,-0.125698,0.034267,-0.018477
X_feature_price_downside_vol10,X_feature_liquidity_turnover_level63,0.373107,0.434873,0.528762,0.556927,0.487872,0.399473,0.433450,0.381933,0.451168,0.325223,0.454439,0.413458,0.366513,0.345023,0.402262,0.328323,0.340679,0.353377,0.364487,0.366966,0.286981,0.332885,0.369173,0.346429
X_feature_price_downside_vol10,X_feature_volume_log_volume_ratio_max126,-0.055414,-0.069079,-0.059564,-0.031978,-0.031440,-0.034067,0.016117,-0.026322,-0.047654,-0.073928,-0.035192,-0.029198,-0.018694,-0.038188,-0.009760,0.016236,0.017892,-0.017604,-0.019258,-0.001809,0.011885,0.001054,-0.020284,0.064212
X_feature_price_downside_vol10,X_feature_volume_log_volume_ratio_max252,-0.062971,-0.088902,-0.061707,-0.044181,-0.065209,-0.063367,-0.019460,-0.039794,-0.077903,-0.083583,-0.067327,-0.061474,-0.022074,-0.043939,-0.042678,-0.011429,-0.008278,-0.026804,-0.021580,-0.018305,-0.001028,-0.000880,-0.033162,0.085193
X_feature_price_downside_vol10,X_feature_pv_illiquidity_mean21,0.053867,-0.027200,-0.101179,0.090320,0.068244,0.034955,0.072592,0.075551,0.058030,0.103367,0.179930,0.276163,0.158448,0.192914,0.206772,0.131326,0.156077,0.170829,0.252192,0.252776,0.146628,0.220690,0.273059,0.207872
X_feature_price_downside_vol10,X_feature_volume_log_volume_std504,-0.060449,-0.077243,-0.032979,-0.049214,-0.120443,-0.027860,0.087278,0.077427,0.052329,0.021115,0.034726,0.075388,0.104966,0.117661,0.151129,0.113003,0.148982,0.052249,0.071120,0.103763,0.069503,0.108788,0.090532,0.158861
X_feature_price_downside_vol10,X_feature_volume_log_volume_std126,-0.074649,-0.104513,-0.078043,-0.057017,-0.026881,0.034051,0.109774,0.081246,0.027859,0.012465,0.046241,0.115237,0.090197,0.103424,0.136448,0.125333,0.165067,0.047182,0.050629,0.139698,0.076827,0.101668,0.086629,0.165154
X_feature_price_downside_vol10,X_feature_volume_log_volume_std63,-0.068649,-0.094083,-0.075403,-0.021545,0.000679,0.048886,0.117571,0.088762,0.023326,0.024487,0.064571,0.108065,0.091984,0.092419,0.137748,0.128256,0.161983,0.053588,0.063134,0.143566,0.079849,0.109158,0.091763,0.146431
X_feature_price_downside_vol10,X_feature_market_corr504,0.060749,-0.073562,-0.265794,-0.370165,-0.297581,-0.013542,0.100860,0.080801,0.111156,-0.055530,-0.042350,-0.007546,0.039565,-0.073937,0.125622,0.167432,0.160987,0.179357,0.251557,0.207535,0.022067,0.008201,0.095177,0.247226
X_feature_price_downside_vol10,X_feature_market_corr252,0.023746,-0.111390,-0.278722,-0.397807,-0.171520,0.056745,0.040008,0.102004,0.083256,-0.049968,-0.005962,0.009889,-0.058570,-0.033617,0.110568,0.144308,0.158580,0.200464,0.249266,0.111826,0.021698,-0.003249,0.133886,0.183104
X_feature_price_downside_vol10,X_feature_short_interest_to_volume_log_ratio_std252,-0.006416,-0.023781,0.062527,0.065294,-0.028234,0.012349,0.088192,0.063960,0.031013,-0.004242,0.075987,0.153090,0.060454,0.105108,0.137418,0.104666,0.159359,0.099658,0.076221,0.126170,0.086275,0.115253,0.171653,0.166107
X_feature_price_downside_vol10,X_feature_short_interest_to_volume_log_ratio_std63,0.003899,-0.002849,0.053216,0.028877,0.045124,0.079529,0.131883,0.096070,0.056004,0.046012,0.098513,0.111623,0.086253,0.075311,0.159145,0.140129,0.191839,0.075964,0.070152,0.169808,0.108732,0.142641,0.151554,0.176410
X_feature_price_downside_vol10,X_feature_short_interest_to_volume_log_ratio,-0.113398,-0.180309,-0.250365,-0.244716,-0.134024,-0.123325,-0.152311,-0.135274,-0.177222,-0.072053,-0.046478,-0.035002,-0.063399,-0.091896,-0.069677,-0.064163,-0.097032,-0.020300,0.007124,0.011110,-0.029421,-0.025431,-0.051500,-0.001593
X_feature_price_downside_vol10,X_feature_short_interest_to_volume_log_ratio_mean252,-0.074139,-0.134496,-0.250463,-0.285151,-0.175603,-0.047923,-0.106841,-0.078018,-0.116316,-0.011235,0.016541,0.048132,-0.010341,-0.019868,-0.041660,0.013276,0.003299,0.013639,0.062131,0.106996,0.053473,0.049150,0.012665,0.087566
X_feature_price_downside_vol10,X_feature_short_interest_to_volume_log_ratio_mean63,-0.077637,-0.159108,-0.248165,-0.244757,-0.103099,-0.071018,-0.116008,-0.081496,-0.125202,-0.014278,-0.000848,0.012419,-0.012545,-0.040659,-0.038962,-0.001046,-0.029035,0.030072,0.076845,0.089631,0.042510,0.042737,-0.003087,0.068973
X_feature_price_downside_vol10,X_feature_short_interest_log_diff21,0.007659,0.015658,0.029657,0.020365,0.017172,0.005067,0.007694,-0.007858,0.003967,0.029152,0.044572,0.009909,-0.001818,0.009136,0.046859,0.000553,0.017459,0.046392,0.028656,0.050050,0.002165,0.035055,0.045997,-0.003512
X_feature_price_downside_vol10,X_feature_short_interest_log_diff252,0.023462,-0.002980,0.053954,0.136024,0.103904,-0.006338,0.023572,-0.005631,-0.000820,0.058894,0.131434,0.055732,-0.001768,0.002470,0.086230,0.016975,-0.012179,0.121769,0.126385,0.075766,-0.000155,0.068081,0.127553,-0.032758
X_feature_price_downside_vol10,X_feature_short_interest_log_diff63,0.010241,0.015841,0.047716,0.048862,0.027921,0.008479,0.013016,-0.007395,0.007614,0.049898,0.065313,0.014582,-0.013936,-0.002318,0.077034,-0.003765,0.012424,0.053257,0.054306,0.058196,0.002352,0.062796,0.074540,-0.028045
X_feature_price_downside_vol10,X_feature_short_interest_log_diff126,0.000670,0.000767,0.060596,0.083980,0.063703,0.002719,0.008968,-0.000050,0.005811,0.056165,0.090352,0.013149,-0.004321,-0.001654,0.092498,0.000294,0.006698,0.071466,0.088279,0.065642,-0.001448,0.072052,0.104892,-0.039494
X_feature_price_downside_vol21,X_feature_price_vol10,0.752971,0.761208,0.802620,0.855346,0.838437,0.766161,0.742466,0.693538,0.742139,0.706894,0.798027,0.811313,0.739359,0.773799,0.760735,0.694840,0.725600,0.727962,0.737410,0.730733,0.703746,0.744907,0.752457,0.749486
X_feature_price_downside_vol21,X_feature_price_upside_vol10,0.504512,0.539336,0.588488,0.670985,0.615078,0.533505,0.470277,0.407500,0.477495,0.425886,0.548214,0.613475,0.486273,0.501925,0.502104,0.393217,0.433272,0.421132,0.459504,0.436695,0.376990,0.470962,0.485557,0.468014
X_feature_price_downside_vol21,X_feature_price_upside_vol21,0.606736,0.633515,0.676690,0.753555,0.714808,0.620583,0.553148,0.477051,0.558376,0.489045,0.630280,0.686433,0.568751,0.581599,0.585942,0.463024,0.499244,0.483330,0.510856,0.483103,0.442084,0.513325,0.555361,0.545709
X_feature_price_downside_vol21,X_feature_price_upside_vol63,0.632686,0.652545,0.708963,0.775120,0.738044,0.674410,0.588338,0.499835,0.577602,0.488171,0.664844,0.742963,0.604189,0.608564,0.627872,0.515571,0.519151,0.500470,0.506390,0.494311,0.432916,0.516629,0.580489,0.570844
X_feature_price_downside_vol21,X_feature_price_atr5,0.699309,0.729298,0.775635,0.832555,0.813259,0.740578,0.703110,0.657959,0.709170,0.660242,0.788145,0.795926,0.706392,0.741727,0.732592,0.637059,0.676889,0.689156,0.703608,0.691431,0.656583,0.700386,0.717931,0.711326
X_feature_price_downside_vol21,X_feature_price_downside_vol126,0.745680,0.733894,0.790176,0.827422,0.810105,0.732074,0.704929,0.658990,0.710201,0.671447,0.809827,0.806105,0.718615,0.762190,0.733543,0.643473,0.674348,0.699101,0.665833,0.648621,0.652066,0.674370,0.682877,0.698673
X_feature_price_downside_vol21,X_feature_price_downside_vol63,0.797207,0.808066,0.843805,0.863314,0.852769,0.794955,0.778227,0.750865,0.783812,0.759855,0.858496,0.850034,0.780869,0.821813,0.794560,0.734833,0.754591,0.780775,0.745725,0.742792,0.746158,0.736971,0.781089,0.775746
X_feature_price_downside_vol21,X_feature_price_atr21,0.815613,0.835416,0.865521,0.892151,0.882388,0.836016,0.803529,0.775242,0.813080,0.758577,0.857462,0.868591,0.793928,0.818282,0.814871,0.750563,0.772156,0.774757,0.781354,0.780587,0.753963,0.788086,0.792767,0.785028
X_feature_price_downside_vol21,X_feature_price_atr126,0.698917,0.716796,0.777890,0.814820,0.782350,0.738303,0.677466,0.631088,0.705881,0.618379,0.766374,0.807580,0.699605,0.720920,0.723230,0.614014,0.641321,0.643669,0.640571,0.639059,0.601195,0.655932,0.651692,0.668927
X_feature_price_downside_vol21,X_feature_price_vol252,0.686879,0.689550,0.754061,0.791161,0.769857,0.708501,0.652937,0.582957,0.670696,0.543739,0.740316,0.782656,0.661365,0.691848,0.684892,0.575267,0.605284,0.608613,0.594403,0.596534,0.563612,0.612294,0.631187,0.591904
X_feature_price_downside_vol21,X_feature_market_cap_log_identity,0.175069,0.051786,-0.018792,0.220174,0.174833,0.110826,0.189584,0.178317,0.142220,0.149051,0.245288,0.350624,0.232815,0.231730,0.273439,0.194767,0.187809,0.212866,0.289355,0.302116,0.140842,0.233264,0.352073,0.235142
X_feature_price_downside_vol21,X_feature_market_cap_log_std21,0.586578,0.629227,0.679367,0.763629,0.735911,0.602229,0.560807,0.549488,0.590728,0.538414,0.702521,0.668956,0.549466,0.629596,0.606035,0.453862,0.551976,0.603934,0.597488,0.527208,0.553396,0.533029,0.558831,0.524926
X_feature_price_downside_vol21,X_feature_market_cap_log_std126,0.443361,0.525080,0.579453,0.696109,0.647489,0.551291,0.467433,0.455656,0.502895,0.395100,0.619462,0.631844,0.481464,0.540122,0.529504,0.373773,0.462194,0.441377,0.462032,0.386750,0.377075,0.406243,0.532247,0.416968
X_feature_price_downside_vol21,X_feature_market_cap_log_std504,0.350852,0.465003,0.622851,0.647096,0.554234,0.565661,0.469310,0.402157,0.495063,0.379912,0.542084,0.648015,0.534534,0.425253,0.503578,0.380822,0.386219,0.397524,0.462465,0.375180,0.378785,0.446401,0.475427,0.507764
X_feature_price_downside_vol21,X_feature_market_cap_log_std252,0.400398,0.527950,0.586004,0.653537,0.631464,0.566830,0.468864,0.440159,0.508997,0.380689,0.599273,0.657777,0.476326,0.538098,0.535520,0.381218,0.451033,0.450253,0.490435,0.406189,0.393615,0.457639,0.562939,0.467717
X_feature_price_downside_vol21,X_feature_market_cap_log_diff_126,0.222105,-0.023626,0.077913,0.470912,0.427304,-0.059288,0.153898,0.041544,0.141977,0.137723,0.416425,0.058435,0.083112,0.204997,0.267341,0.061608,0.136385,0.338953,0.333738,0.244387,0.204287,0.369429,0.302452,0.023610
X_feature_price_downside_vol21,X_feature_market_cap_log_to_min126,0.052544,0.232291,0.125838,0.183030,0.081017,0.269731,0.025743,0.092514,0.052572,-0.010248,0.114661,0.394420,0.101364,0.058819,0.044358,0.037117,-0.008551,-0.112806,-0.018102,-0.116769,-0.114036,-0.103517,0.131355,0.073726
X_feature_price_downside_vol21,X_feature_market_cap_log_to_max504,0.477911,0.300566,0.291521,0.636539,0.670652,0.497579,0.487506,0.369008,0.409672,0.399811,0.531552,0.593639,0.398505,0.518145,0.562552,0.475293,0.451817,0.537695,0.571056,0.540038,0.432242,0.526396,0.553257,0.423879
X_feature_price_downside_vol21,X_feature_market_cap_log_diff_504,-0.005359,-0.092181,-0.381157,-0.065764,0.459367,0.262129,-0.084110,-0.141781,-0.162812,-0.048602,0.261037,0.443693,0.107554,-0.079209,0.188858,0.113080,-0.066331,0.178371,0.344950,0.278670,0.000848,0.175891,0.368603,-0.070102
X_feature_price_downside_vol21,X_feature_market_cap_log_to_min504,-0.106783,-0.259907,-0.439355,-0.198208,0.059290,-0.286901,-0.299093,-0.196918,-0.265307,-0.115754,-0.095927,-0.439177,-0.395302,-0.157357,-0.016635,-0.109643,-0.195912,0.066071,0.035159,0.006886,-0.081927,0.067949,-0.049760,-0.342419
X_feature_price_downside_vol21,X_feature_pv_pv_corr21,-0.191204,-0.123979,-0.225942,-0.136480,-0.238956,-0.229180,-0.300894,-0.314135,-0.282085,-0.233189,-0.232839,-0.103500,-0.175403,-0.235861,-0.239359,-0.278353,-0.295534,-0.238823,-0.255974,-0.352903,-0.314361,-0.272811,-0.111357,-0.192695
X_feature_price_downside_vol21,X_feature_pv_pv_corr126,-0.088051,0.030365,-0.025453,-0.025851,-0.099800,0.029333,-0.118502,-0.094083,-0.145258,-0.071582,-0.160328,0.098287,0.033878,-0.086835,-0.082268,-0.034153,-0.093382,-0.107454,-0.045834,-0.147749,-0.159976,-0.161913,0.081323,0.051531
X_feature_price_downside_vol21,X_feature_pv_pv_corr63,-0.119707,-0.014082,-0.120683,-0.023319,-0.155142,-0.052363,-0.188101,-0.177008,-0.193553,-0.128878,-0.189612,0.032261,-0.042732,-0.148292,-0.127513,-0.121532,-0.175225,-0.157017,-0.118634,-0.241526,-0.234487,-0.174323,0.019349,-0.044560
X_feature_price_downside_vol21,X_feature_liquidity_turnover_level63,0.463981,0.530329,0.604034,0.623443,0.555325,0.490407,0.525081,0.480164,0.540136,0.410616,0.523252,0.486203,0.446843,0.418372,0.485654,0.409553,0.419027,0.432282,0.439102,0.457087,0.359443,0.408136,0.444065,0.419454
X_feature_price_downside_vol21,X_feature_volume_log_volume_ratio_max126,-0.029945,-0.043952,-0.019066,0.007990,0.027707,0.008338,0.073870,0.024387,0.000217,-0.034926,0.012909,0.003481,0.023269,0.001623,0.029199,0.065604,0.068974,0.026503,0.022799,0.051400,0.064091,0.051127,0.015495,0.111152
X_feature_price_downside_vol21,X_feature_volume_log_volume_ratio_max252,-0.041352,-0.073080,-0.028573,-0.010537,-0.019050,-0.033638,0.022719,0.000604,-0.041502,-0.054574,-0.031310,-0.038995,0.010366,-0.014381,-0.011707,0.023121,0.032270,0.009643,0.012946,0.020379,0.041723,0.041220,-0.006183,0.130560
X_feature_price_downside_vol21,X_feature_pv_illiquidity_mean21,0.060579,-0.029556,-0.109223,0.109776,0.078737,0.035136,0.081201,0.089886,0.066747,0.119603,0.207270,0.325566,0.182607,0.214469,0.246315,0.161445,0.183329,0.195092,0.290731,0.288031,0.162601,0.254859,0.321372,0.238150
X_feature_price_downside_vol21,X_feature_volume_log_volume_std504,-0.054369,-0.078026,-0.027083,-0.040618,-0.117241,-0.017239,0.118991,0.114949,0.087878,0.043949,0.055702,0.096535,0.136325,0.151028,0.190268,0.154282,0.188992,0.081642,0.096648,0.134549,0.095745,0.135853,0.121450,0.196675
X_feature_price_downside_vol21,X_feature_volume_log_volume_std126,-0.070879,-0.104003,-0.070359,-0.044172,-0.004226,0.062235,0.151805,0.127412,0.061509,0.039337,0.076090,0.144031,0.122785,0.139308,0.174755,0.173103,0.211610,0.081760,0.073072,0.177746,0.105564,0.132905,0.120146,0.204559
X_feature_price_downside_vol21,X_feature_volume_log_volume_std63,-0.061765,-0.089862,-0.063932,-0.003599,0.031002,0.086160,0.165311,0.138799,0.059566,0.059825,0.098242,0.141605,0.129987,0.129756,0.181497,0.178389,0.210066,0.093176,0.092586,0.186190,0.113762,0.144510,0.126329,0.185377
X_feature_price_downside_vol21,X_feature_market_corr504,0.085959,-0.067893,-0.280459,-0.406872,-0.304906,-0.004686,0.129367,0.121441,0.156308,-0.033221,-0.022155,-0.004426,0.056837,-0.058041,0.160710,0.210974,0.192645,0.231022,0.285900,0.246186,0.028423,0.009139,0.121946,0.305904
X_feature_price_downside_vol21,X_feature_market_corr252,0.040870,-0.112126,-0.294904,-0.437490,-0.157577,0.080366,0.063163,0.147523,0.128914,-0.027651,0.019417,0.012348,-0.053387,-0.005900,0.143119,0.185856,0.192839,0.260915,0.287796,0.133603,0.029968,-0.001681,0.174207,0.223831
X_feature_price_downside_vol21,X_feature_short_interest_to_volume_log_ratio_std252,0.007573,-0.009261,0.082970,0.084661,-0.017407,0.029795,0.122197,0.097779,0.067492,0.017372,0.105278,0.182734,0.087806,0.135384,0.177528,0.138585,0.202990,0.134826,0.107761,0.165076,0.123919,0.148098,0.212588,0.207632
X_feature_price_downside_vol21,X_feature_short_interest_to_volume_log_ratio_std63,0.029050,0.022998,0.087848,0.051510,0.086153,0.124586,0.190427,0.150320,0.105765,0.090074,0.133148,0.143754,0.131058,0.113320,0.212599,0.193884,0.254506,0.121119,0.113561,0.233529,0.162415,0.191477,0.202279,0.230624
X_feature_price_downside_vol21,X_feature_short_interest_to_volume_log_ratio,-0.125537,-0.200342,-0.265162,-0.249937,-0.118403,-0.123469,-0.154010,-0.138521,-0.185552,-0.070863,-0.035157,-0.021947,-0.059460,-0.090564,-0.062146,-0.056653,-0.092368,-0.009867,0.026573,0.041425,-0.012981,-0.006534,-0.033740,0.017050
X_feature_price_downside_vol21,X_feature_short_interest_to_volume_log_ratio_mean252,-0.087862,-0.156549,-0.281677,-0.313758,-0.189171,-0.054511,-0.119936,-0.093456,-0.133118,-0.016814,0.017354,0.059620,-0.011252,-0.018307,-0.047739,0.019516,0.004640,0.020807,0.067946,0.135315,0.065935,0.057878,0.024104,0.108598
X_feature_price_downside_vol21,X_feature_short_interest_to_volume_log_ratio_mean63,-0.096925,-0.188220,-0.283385,-0.274587,-0.113772,-0.084546,-0.136756,-0.103525,-0.150298,-0.025562,-0.006074,0.016824,-0.019243,-0.046092,-0.048352,-0.000530,-0.038717,0.031127,0.082741,0.107577,0.047252,0.045098,0.002849,0.081736
X_feature_price_downside_vol21,X_feature_short_interest_log_diff21,0.002003,0.010424,0.032318,0.019471,0.018277,0.005701,0.008820,-0.000625,0.010261,0.035455,0.053723,0.009931,0.006464,0.007859,0.061317,0.002493,0.023195,0.054395,0.031997,0.055959,0.006276,0.045779,0.050871,-0.009769
X_feature_price_downside_vol21,X_feature_short_interest_log_diff252,0.025655,-0.002443,0.058349,0.148096,0.120918,-0.004735,0.026493,-0.005425,-0.004329,0.060476,0.144307,0.059967,-0.002502,0.003466,0.108943,0.021165,-0.016330,0.131668,0.147889,0.089863,0.001794,0.078709,0.149819,-0.036102
X_feature_price_downside_vol21,X_feature_short_interest_log_diff63,0.008837,0.012552,0.053144,0.055053,0.033250,0.009984,0.015722,-0.007828,0.012730,0.053152,0.073516,0.019193,-0.012387,-0.005555,0.096065,-0.003776,0.012572,0.057353,0.055564,0.072571,0.004617,0.073931,0.084054,-0.029587
X_feature_price_downside_vol21,X_feature_short_interest_log_diff126,0.000471,-0.000712,0.066213,0.093373,0.073377,0.003835,0.011965,0.000601,0.007880,0.058901,0.098640,0.014664,-0.004380,-0.001700,0.112730,0.003168,0.002813,0.075931,0.103945,0.080438,0.001539,0.084794,0.122336,-0.043919
X_feature_price_vol10,X_feature_price_upside_vol10,0.855795,0.878797,0.880040,0.885399,0.856483,0.858447,0.831292,0.820148,0.840763,0.832196,0.849109,0.882370,0.846169,0.830246,0.837368,0.803753,0.802453,0.795406,0.798998,0.792628,0.765939,0.800263,0.830997,0.815554
X_feature_price_vol10,X_feature_price_upside_vol21,0.763161,0.789990,0.808456,0.851553,0.813204,0.782682,0.741112,0.704321,0.747432,0.713721,0.786755,0.817699,0.765638,0.758325,0.765076,0.699398,0.704101,0.685618,0.703556,0.687491,0.667553,0.702149,0.744037,0.741663
X_feature_price_vol10,X_feature_price_upside_vol63,0.691405,0.715921,0.750740,0.817897,0.774740,0.728889,0.673662,0.601448,0.657981,0.593581,0.726407,0.775276,0.696751,0.688047,0.708590,0.629625,0.624961,0.601538,0.626225,0.598701,0.558289,0.626916,0.670931,0.668861
X_feature_price_vol10,X_feature_price_atr5,0.807603,0.829200,0.852623,0.887796,0.867260,0.834923,0.814856,0.781695,0.818146,0.782150,0.845349,0.863918,0.820477,0.828823,0.827372,0.772126,0.792168,0.787782,0.810282,0.810511,0.774645,0.808853,0.823237,0.824778
X_feature_price_vol10,X_feature_price_downside_vol126,0.682770,0.684708,0.736739,0.811787,0.771323,0.696175,0.661109,0.585853,0.647396,0.600913,0.744462,0.766966,0.690179,0.704908,0.710999,0.598344,0.628460,0.636646,0.658764,0.612525,0.599268,0.662619,0.663003,0.676611
X_feature_price_vol10,X_feature_price_downside_vol63,0.698400,0.713938,0.756145,0.819830,0.785081,0.716501,0.683379,0.617511,0.673885,0.628634,0.766769,0.781912,0.698027,0.724369,0.723433,0.623572,0.653518,0.661649,0.661473,0.648884,0.627245,0.674529,0.696722,0.700897
X_feature_price_vol10,X_feature_price_atr21,0.795435,0.817030,0.843428,0.882882,0.855047,0.816088,0.790139,0.751799,0.797041,0.753946,0.831168,0.853419,0.798796,0.808168,0.810750,0.750669,0.763027,0.754962,0.777893,0.771607,0.732666,0.784932,0.793314,0.797621
X_feature_price_vol10,X_feature_price_atr126,0.690894,0.711682,0.762885,0.824787,0.778143,0.735078,0.686991,0.626209,0.694166,0.623422,0.742516,0.792641,0.714692,0.717820,0.737789,0.639493,0.654986,0.645134,0.679883,0.659897,0.614182,0.690098,0.674499,0.703278
X_feature_price_vol10,X_feature_price_vol252,0.679411,0.687413,0.742910,0.802535,0.765485,0.706833,0.662411,0.582905,0.659442,0.560271,0.721185,0.762492,0.677241,0.687669,0.702647,0.599501,0.623289,0.616228,0.636645,0.616493,0.584350,0.647756,0.654208,0.634904
X_feature_price_vol10,X_feature_market_cap_log_identity,0.105875,-0.007493,-0.056633,0.211893,0.160625,0.094936,0.164393,0.135262,0.100331,0.107358,0.210053,0.326814,0.205387,0.202117,0.237439,0.159362,0.154086,0.178592,0.291854,0.282661,0.115299,0.221169,0.318198,0.230543
X_feature_price_vol10,X_feature_market_cap_log_std21,0.603501,0.646772,0.688706,0.770979,0.713041,0.656185,0.605286,0.588598,0.625800,0.569528,0.660298,0.695231,0.605912,0.626943,0.626333,0.514143,0.563504,0.575920,0.597425,0.566689,0.534008,0.573950,0.608810,0.582593
X_feature_price_vol10,X_feature_market_cap_log_std126,0.442225,0.520287,0.573350,0.701948,0.636340,0.555761,0.479606,0.460418,0.502149,0.396525,0.589575,0.635851,0.503956,0.539513,0.551367,0.413368,0.483186,0.451110,0.493146,0.413589,0.390293,0.450447,0.544718,0.454143
X_feature_price_vol10,X_feature_market_cap_log_std504,0.359281,0.477783,0.613919,0.646458,0.552905,0.565792,0.484179,0.402464,0.485538,0.387958,0.513256,0.640056,0.550246,0.427930,0.519965,0.400681,0.396529,0.404920,0.486270,0.394376,0.391020,0.463674,0.494033,0.545360
X_feature_price_vol10,X_feature_market_cap_log_std252,0.407480,0.532412,0.582472,0.659684,0.625133,0.564930,0.479699,0.437595,0.502957,0.381820,0.569970,0.655257,0.488855,0.534009,0.551774,0.409739,0.458735,0.454045,0.512938,0.421373,0.414742,0.475317,0.587385,0.510532
X_feature_price_vol10,X_feature_market_cap_log_diff_126,0.104358,-0.145198,-0.014556,0.416508,0.349256,-0.153364,0.040604,-0.095394,0.035923,-0.001422,0.315688,-0.018677,-0.036771,0.105549,0.155749,-0.076475,0.014530,0.224844,0.223905,0.133486,0.077184,0.284354,0.202044,-0.097636
X_feature_price_vol10,X_feature_market_cap_log_to_min126,0.214139,0.386055,0.266322,0.298758,0.194495,0.387268,0.189855,0.270504,0.215488,0.179786,0.280145,0.480155,0.267042,0.201371,0.204227,0.214180,0.167463,0.075592,0.160677,0.051997,0.077872,0.064758,0.268325,0.228429
X_feature_price_vol10,X_feature_market_cap_log_to_max504,0.327137,0.169205,0.200745,0.608400,0.609794,0.414847,0.348127,0.202385,0.281897,0.241849,0.441651,0.535100,0.293542,0.382433,0.468319,0.318194,0.304108,0.407767,0.517169,0.426588,0.297626,0.471082,0.470371,0.279994
X_feature_price_vol10,X_feature_market_cap_log_diff_504,-0.069944,-0.159803,-0.416373,-0.072328,0.423248,0.215988,-0.144911,-0.199902,-0.207624,-0.129918,0.211021,0.401581,0.045993,-0.127997,0.124388,0.053234,-0.124368,0.105553,0.331615,0.224719,-0.056479,0.140834,0.323625,-0.109878
X_feature_price_vol10,X_feature_market_cap_log_to_min504,-0.182592,-0.347639,-0.497445,-0.230086,-0.006252,-0.355503,-0.366245,-0.269310,-0.321577,-0.215934,-0.192978,-0.502403,-0.457165,-0.213084,-0.112575,-0.198650,-0.263768,-0.024987,-0.057677,-0.073761,-0.165170,-0.010944,-0.144942,-0.427587
X_feature_price_vol10,X_feature_pv_pv_corr21,0.030775,0.117419,-0.003913,0.056498,-0.055131,0.040186,-0.009262,0.019061,0.012127,0.055855,-0.004723,0.107353,0.099099,0.001328,0.024872,0.020342,-0.025838,0.020309,0.012576,-0.069511,-0.049368,-0.042344,0.098792,0.047573
X_feature_price_vol10,X_feature_pv_pv_corr126,0.004727,0.125192,0.051876,0.034397,-0.023832,0.117096,-0.016982,0.034870,-0.038215,0.039913,-0.071320,0.171815,0.137053,0.008304,0.018123,0.081808,0.009075,0.000835,0.056973,-0.053956,-0.056149,-0.076195,0.154228,0.148413
X_feature_price_vol10,X_feature_pv_pv_corr63,0.003227,0.122313,-0.010075,0.076187,-0.049450,0.081003,-0.032120,0.011247,-0.029313,0.040275,-0.059587,0.140227,0.112031,-0.004646,0.018361,0.048097,-0.021125,0.000670,0.040878,-0.085774,-0.077134,-0.044864,0.133881,0.089515
X_feature_price_vol10,X_feature_liquidity_turnover_level63,0.449678,0.534122,0.600328,0.625764,0.549542,0.496970,0.530426,0.481683,0.529897,0.418369,0.507444,0.478312,0.458036,0.416761,0.492785,0.421376,0.429829,0.422405,0.456341,0.459989,0.367503,0.422868,0.455858,0.438595
X_feature_price_vol10,X_feature_volume_log_volume_ratio_max126,-0.082743,-0.090392,-0.070691,-0.022876,-0.022088,-0.045603,0.025726,-0.027356,-0.055831,-0.080992,-0.037919,-0.031838,-0.022172,-0.039542,-0.015249,0.026115,0.029692,-0.012429,-0.018313,0.009172,0.036658,0.011024,-0.017222,0.065915
X_feature_price_vol10,X_feature_volume_log_volume_ratio_max252,-0.089464,-0.112873,-0.073392,-0.032565,-0.059283,-0.084384,-0.017290,-0.044824,-0.091505,-0.093067,-0.074600,-0.069652,-0.030137,-0.050152,-0.046999,-0.004816,-0.006352,-0.022446,-0.026373,-0.013200,0.021207,0.007564,-0.034330,0.096377
X_feature_price_vol10,X_feature_pv_illiquidity_mean21,0.021647,-0.065517,-0.122328,0.120377,0.084261,0.038512,0.080223,0.072383,0.055904,0.102421,0.199811,0.323648,0.180136,0.207568,0.233170,0.146004,0.166386,0.185176,0.305109,0.290991,0.155265,0.256368,0.302873,0.250422
X_feature_price_vol10,X_feature_volume_log_volume_std504,-0.087884,-0.094808,-0.028101,-0.043422,-0.116975,-0.025078,0.120889,0.107821,0.065733,0.045023,0.037643,0.106059,0.131284,0.152658,0.185777,0.148581,0.187252,0.080438,0.099811,0.142182,0.103212,0.147059,0.116497,0.195511
X_feature_price_vol10,X_feature_volume_log_volume_std126,-0.103205,-0.124826,-0.077878,-0.043585,-0.015231,0.054328,0.151304,0.118786,0.045320,0.038980,0.056416,0.159009,0.120770,0.135713,0.166750,0.164635,0.207705,0.076747,0.076669,0.185256,0.110290,0.137371,0.118593,0.196588
X_feature_price_vol10,X_feature_volume_log_volume_std63,-0.094363,-0.110889,-0.076000,-0.002737,0.013503,0.074547,0.162061,0.128920,0.046338,0.060974,0.075310,0.154463,0.126702,0.126792,0.169653,0.168598,0.207063,0.083972,0.095189,0.186332,0.111810,0.144156,0.125716,0.177160
X_feature_price_vol10,X_feature_market_corr504,0.054670,-0.092975,-0.279549,-0.429372,-0.321577,-0.015562,0.139630,0.118280,0.131618,-0.008763,-0.043807,0.009170,0.036444,-0.051760,0.158657,0.207028,0.218794,0.220389,0.274098,0.226517,0.053748,-0.023725,0.115486,0.297652
X_feature_price_vol10,X_feature_market_corr252,0.015099,-0.141390,-0.296664,-0.461557,-0.180808,0.071537,0.073059,0.152184,0.104056,-0.004303,-0.003687,0.026684,-0.077162,0.004011,0.139600,0.180268,0.218736,0.241448,0.270260,0.103871,0.049892,-0.034864,0.171373,0.204215
X_feature_price_vol10,X_feature_short_interest_to_volume_log_ratio_std252,-0.020524,-0.022545,0.080769,0.082853,-0.020810,0.020752,0.124659,0.089452,0.045996,0.012764,0.082497,0.175897,0.079946,0.137836,0.175554,0.140767,0.198398,0.130147,0.116249,0.172557,0.127543,0.161950,0.216714,0.208812
X_feature_price_vol10,X_feature_short_interest_to_volume_log_ratio_std63,-0.004838,-0.001421,0.072831,0.047718,0.060410,0.105752,0.177478,0.138405,0.080127,0.072698,0.109963,0.146229,0.118651,0.105558,0.194532,0.184412,0.242570,0.112823,0.106942,0.226080,0.145181,0.190524,0.192150,0.214014
X_feature_price_vol10,X_feature_short_interest_to_volume_log_ratio,-0.149283,-0.227664,-0.296106,-0.262604,-0.141626,-0.158701,-0.191057,-0.185547,-0.228161,-0.129634,-0.055158,-0.045716,-0.088053,-0.122825,-0.101961,-0.091953,-0.120050,-0.051023,-0.005737,-0.007040,-0.035227,-0.045299,-0.064552,-0.014471
X_feature_price_vol10,X_feature_short_interest_to_volume_log_ratio_mean252,-0.088472,-0.163727,-0.282925,-0.310262,-0.185417,-0.058268,-0.121657,-0.104962,-0.146660,-0.046146,0.020610,0.066468,-0.006193,-0.027710,-0.060803,0.005722,0.001237,-0.000531,0.063520,0.120502,0.067674,0.044843,0.009472,0.105894
X_feature_price_vol10,X_feature_short_interest_to_volume_log_ratio_mean63,-0.099257,-0.193226,-0.284003,-0.267131,-0.111161,-0.087918,-0.137820,-0.113518,-0.162218,-0.049650,-0.004214,0.023166,-0.020754,-0.057067,-0.062292,-0.011770,-0.036175,0.016098,0.080936,0.092554,0.051050,0.035566,-0.006551,0.076236
X_feature_price_vol10,X_feature_short_interest_log_diff21,0.002509,0.010861,0.027803,0.022986,0.011378,0.007827,0.003556,-0.008653,0.006337,0.034804,0.051777,0.005435,-0.000764,0.008288,0.056519,-0.005806,0.026933,0.050398,0.028959,0.047109,0.003517,0.040187,0.056462,-0.005528
X_feature_price_vol10,X_feature_short_interest_log_diff252,0.015223,-0.005040,0.050928,0.146366,0.113617,-0.006524,0.020326,-0.012611,-0.012524,0.051386,0.138975,0.053603,-0.011367,-0.006523,0.099692,0.015314,-0.007968,0.133394,0.150727,0.072058,-0.003257,0.080289,0.163989,-0.040809
X_feature_price_vol10,X_feature_short_interest_log_diff63,0.003699,0.015574,0.046483,0.056392,0.024686,0.006152,0.007566,-0.016780,0.005199,0.048686,0.073036,0.012209,-0.011815,-0.006863,0.099526,-0.013168,0.022852,0.062298,0.062657,0.061331,0.002312,0.076495,0.085661,-0.033431
X_feature_price_vol10,X_feature_short_interest_log_diff126,-0.007887,-0.004675,0.061847,0.092154,0.063139,0.002354,0.006260,-0.009208,0.002298,0.053501,0.096824,0.006700,-0.016348,-0.010371,0.102015,-0.006245,0.013318,0.081195,0.098227,0.070990,-0.007866,0.089610,0.134178,-0.059149
X_feature_price_upside_vol10,X_feature_price_upside_vol21,0.779682,0.800225,0.811126,0.850457,0.815098,0.798302,0.771019,0.749203,0.766968,0.754921,0.801682,0.823324,0.783436,0.783185,0.778783,0.756345,0.757976,0.741173,0.757568,0.751388,0.749097,0.770826,0.797283,0.773753
X_feature_price_upside_vol10,X_feature_price_upside_vol63,0.633466,0.663184,0.680902,0.758061,0.706963,0.670537,0.619420,0.556035,0.599452,0.556504,0.657059,0.708349,0.643537,0.630856,0.643181,0.586765,0.585639,0.559686,0.601479,0.568312,0.546851,0.603144,0.643429,0.620083
X_feature_price_upside_vol10,X_feature_price_atr5,0.662153,0.697526,0.720872,0.763823,0.712225,0.708870,0.659579,0.622630,0.670885,0.640688,0.679937,0.755132,0.686067,0.676256,0.682683,0.618930,0.631993,0.612128,0.646362,0.647000,0.583086,0.646814,0.670874,0.677142
X_feature_price_upside_vol10,X_feature_price_downside_vol126,0.538219,0.568166,0.608806,0.708355,0.640499,0.583358,0.521795,0.442223,0.503421,0.455604,0.579974,0.661103,0.563999,0.544206,0.577638,0.458791,0.485607,0.474558,0.545054,0.481369,0.445037,0.546958,0.535999,0.540916
X_feature_price_upside_vol10,X_feature_price_downside_vol63,0.533745,0.569772,0.608198,0.698225,0.634062,0.576554,0.512816,0.435198,0.502370,0.446902,0.584315,0.656537,0.542036,0.537215,0.560453,0.441801,0.474641,0.463436,0.511161,0.479663,0.426402,0.529573,0.528244,0.529967
X_feature_price_upside_vol10,X_feature_price_atr21,0.664423,0.698799,0.719247,0.777392,0.724779,0.696278,0.650595,0.609141,0.658826,0.623134,0.684194,0.747778,0.674701,0.665561,0.676822,0.613896,0.622078,0.604117,0.649030,0.640406,0.584858,0.663259,0.663039,0.670556
X_feature_price_upside_vol10,X_feature_price_atr126,0.583161,0.617417,0.654463,0.735435,0.672061,0.638365,0.578270,0.516456,0.574994,0.522701,0.607463,0.696836,0.611039,0.594681,0.624696,0.538099,0.546889,0.525274,0.589129,0.563080,0.505249,0.603967,0.582244,0.600544
X_feature_price_upside_vol10,X_feature_price_vol252,0.571595,0.595750,0.636463,0.715982,0.658833,0.613984,0.553750,0.477586,0.540790,0.472235,0.590747,0.669130,0.581485,0.564463,0.595669,0.501296,0.518434,0.498333,0.549702,0.521059,0.482971,0.565770,0.559801,0.547906
X_feature_price_upside_vol10,X_feature_market_cap_log_identity,0.040920,-0.040526,-0.077349,0.181132,0.125386,0.070676,0.123809,0.079554,0.056062,0.057104,0.143158,0.273100,0.149504,0.145050,0.175255,0.109015,0.101697,0.121276,0.240513,0.221162,0.062814,0.170540,0.241873,0.179722
X_feature_price_upside_vol10,X_feature_market_cap_log_std21,0.494746,0.537057,0.580615,0.671591,0.579034,0.586337,0.510910,0.473636,0.521132,0.458492,0.496294,0.622211,0.527151,0.502153,0.525886,0.452376,0.457226,0.427200,0.490382,0.487086,0.399380,0.502876,0.520458,0.512157
X_feature_price_upside_vol10,X_feature_market_cap_log_std126,0.371429,0.450895,0.498452,0.625055,0.548460,0.485529,0.404111,0.381856,0.417515,0.329625,0.474033,0.568800,0.431298,0.444319,0.471150,0.354656,0.400280,0.371275,0.426985,0.356627,0.328265,0.401729,0.462795,0.393340
X_feature_price_upside_vol10,X_feature_market_cap_log_std504,0.315138,0.422442,0.528012,0.570529,0.479754,0.495509,0.413431,0.336830,0.400470,0.331983,0.412599,0.564811,0.477637,0.362600,0.441582,0.338307,0.335319,0.336310,0.417207,0.344624,0.335259,0.400825,0.436028,0.476029
X_feature_price_upside_vol10,X_feature_market_cap_log_std252,0.352345,0.469012,0.506275,0.589258,0.540138,0.492008,0.406349,0.362502,0.417781,0.318988,0.457091,0.581542,0.421094,0.444005,0.468639,0.349577,0.383013,0.369114,0.437524,0.360987,0.356390,0.408504,0.515260,0.450932
X_feature_price_upside_vol10,X_feature_market_cap_log_diff_126,-0.009874,-0.210938,-0.085338,0.318358,0.231054,-0.210897,-0.058819,-0.179642,-0.048866,-0.109826,0.175039,-0.072448,-0.123764,0.003174,0.048790,-0.166397,-0.086765,0.087366,0.094749,0.011147,-0.052013,0.156477,0.083292,-0.179545
X_feature_price_upside_vol10,X_feature_market_cap_log_to_min126,0.331815,0.454479,0.354126,0.389511,0.310472,0.438094,0.300747,0.363086,0.316109,0.308237,0.415511,0.505142,0.363475,0.315438,0.303852,0.311358,0.293009,0.244910,0.300314,0.198880,0.255774,0.222483,0.362922,0.320820
X_feature_price_upside_vol10,X_feature_market_cap_log_to_max504,0.148574,0.049303,0.102204,0.506955,0.466596,0.295206,0.162813,0.028730,0.131481,0.072178,0.286885,0.432699,0.160280,0.191006,0.317447,0.121782,0.113628,0.215806,0.378242,0.236083,0.108417,0.329069,0.306352,0.095131
X_feature_price_upside_vol10,X_feature_market_cap_log_diff_504,-0.118922,-0.187648,-0.387643,-0.074801,0.330727,0.156062,-0.169406,-0.214578,-0.210211,-0.177504,0.126917,0.323507,-0.003899,-0.152369,0.057774,-0.004403,-0.152785,0.019965,0.265142,0.134140,-0.107213,0.078480,0.218060,-0.127978
X_feature_price_upside_vol10,X_feature_market_cap_log_to_min504,-0.226796,-0.364769,-0.476799,-0.240634,-0.081471,-0.368068,-0.358148,-0.280150,-0.315278,-0.262961,-0.278828,-0.505524,-0.436193,-0.233138,-0.167934,-0.231099,-0.274671,-0.109031,-0.130734,-0.136008,-0.217839,-0.087299,-0.229871,-0.420186
X_feature_price_upside_vol10,X_feature_pv_pv_corr21,0.165992,0.243084,0.137238,0.191624,0.091701,0.203678,0.176750,0.215536,0.197804,0.228763,0.151175,0.241750,0.243294,0.171737,0.191988,0.218322,0.165904,0.197623,0.200858,0.141139,0.150000,0.140766,0.212254,0.204236
X_feature_price_upside_vol10,X_feature_pv_pv_corr126,0.067050,0.162709,0.089433,0.071613,0.032470,0.160388,0.052425,0.099758,0.032271,0.096354,-0.002011,0.196187,0.172293,0.070345,0.078651,0.138551,0.074972,0.067900,0.106893,0.016282,0.026541,-0.002632,0.172910,0.183192
X_feature_price_upside_vol10,X_feature_pv_pv_corr63,0.079863,0.183423,0.053182,0.139190,0.032469,0.155701,0.068500,0.112996,0.069976,0.130330,0.029776,0.194494,0.182086,0.094752,0.109609,0.145183,0.081987,0.099340,0.127274,0.029604,0.047814,0.051945,0.181937,0.163712
X_feature_price_upside_vol10,X_feature_liquidity_turnover_level63,0.374418,0.466679,0.520334,0.550663,0.471735,0.433543,0.443352,0.395303,0.433267,0.343191,0.411436,0.417186,0.384715,0.338848,0.410778,0.346776,0.356381,0.329314,0.386018,0.380890,0.294134,0.362725,0.390441,0.371415
X_feature_price_upside_vol10,X_feature_volume_log_volume_ratio_max126,-0.067886,-0.070688,-0.056776,-0.001969,-0.002504,-0.032546,0.035817,-0.011920,-0.040271,-0.057135,-0.023200,-0.022771,-0.015789,-0.027889,-0.006272,0.038693,0.048316,0.006740,0.000822,0.034351,0.059717,0.033167,-0.000469,0.060978
X_feature_price_upside_vol10,X_feature_volume_log_volume_ratio_max252,-0.070963,-0.086932,-0.058747,-0.006974,-0.031455,-0.063421,0.004596,-0.024325,-0.067152,-0.064905,-0.051858,-0.053377,-0.019234,-0.033365,-0.025016,0.019151,0.016673,0.000858,-0.009855,0.016975,0.049813,0.031002,-0.013269,0.091793
X_feature_price_upside_vol10,X_feature_pv_illiquidity_mean21,-0.007876,-0.074606,-0.110448,0.123769,0.081794,0.037446,0.072729,0.048676,0.043103,0.076797,0.163018,0.290939,0.151113,0.173074,0.191937,0.115936,0.127369,0.150190,0.267947,0.250581,0.116422,0.219749,0.245492,0.214595
X_feature_price_upside_vol10,X_feature_volume_log_volume_std504,-0.089980,-0.086830,-0.022464,-0.037499,-0.098947,-0.024501,0.106490,0.081026,0.041684,0.030317,0.016704,0.097786,0.098446,0.128588,0.149674,0.122981,0.153352,0.063532,0.076483,0.119105,0.087821,0.126810,0.097835,0.154004
X_feature_price_upside_vol10,X_feature_volume_log_volume_std126,-0.105561,-0.117202,-0.075039,-0.035542,-0.020124,0.042227,0.127136,0.084349,0.023317,0.022044,0.030424,0.146274,0.088331,0.106423,0.127876,0.134076,0.165721,0.056939,0.052256,0.149179,0.085203,0.111344,0.100423,0.148093
X_feature_price_upside_vol10,X_feature_volume_log_volume_std63,-0.101213,-0.108363,-0.079313,-0.001568,-0.000711,0.055304,0.130143,0.088679,0.022636,0.038502,0.042541,0.141523,0.092433,0.095896,0.125532,0.130104,0.163656,0.055267,0.066080,0.143625,0.080365,0.111184,0.106659,0.131456
X_feature_price_upside_vol10,X_feature_market_corr504,0.027636,-0.094751,-0.240030,-0.405239,-0.277637,-0.023230,0.120671,0.096321,0.089722,0.002762,-0.058889,0.002991,-0.000836,-0.042542,0.115989,0.160150,0.192184,0.171011,0.211320,0.163803,0.056806,-0.052949,0.100806,0.234347
X_feature_price_upside_vol10,X_feature_market_corr252,-0.004818,-0.139919,-0.258233,-0.433935,-0.161515,0.053709,0.060480,0.123826,0.063397,0.003639,-0.027050,0.020186,-0.101672,0.004605,0.100193,0.135316,0.190211,0.179788,0.206326,0.054117,0.048620,-0.064598,0.154753,0.149489
X_feature_price_upside_vol10,X_feature_short_interest_to_volume_log_ratio_std252,-0.031669,-0.019941,0.069179,0.075914,-0.016495,0.016126,0.111425,0.066401,0.025840,0.003702,0.056537,0.155873,0.056272,0.115469,0.144012,0.116978,0.160570,0.098689,0.097579,0.145328,0.105435,0.138942,0.192835,0.168187
X_feature_price_upside_vol10,X_feature_short_interest_to_volume_log_ratio_std63,-0.024900,-0.014826,0.049121,0.043293,0.038428,0.076822,0.138397,0.098663,0.041828,0.037401,0.076468,0.126779,0.084148,0.073926,0.144498,0.143200,0.184684,0.078833,0.073593,0.177873,0.099950,0.149778,0.158183,0.159045
X_feature_price_upside_vol10,X_feature_short_interest_to_volume_log_ratio,-0.121685,-0.192583,-0.248750,-0.213160,-0.100756,-0.125276,-0.145298,-0.140363,-0.177602,-0.111277,-0.031010,-0.032172,-0.063631,-0.094973,-0.083390,-0.063405,-0.075406,-0.031910,0.010644,0.006898,-0.002741,-0.020809,-0.043491,-0.000810
X_feature_price_upside_vol10,X_feature_short_interest_to_volume_log_ratio_mean252,-0.080863,-0.149935,-0.250380,-0.276505,-0.157117,-0.055879,-0.103305,-0.095693,-0.133042,-0.061484,0.016811,0.062238,-0.002825,-0.030492,-0.061262,-0.000645,-0.002907,-0.012873,0.041055,0.088768,0.057790,0.025602,-0.000030,0.081601
X_feature_price_upside_vol10,X_feature_short_interest_to_volume_log_ratio_mean63,-0.095364,-0.176838,-0.252806,-0.236712,-0.099793,-0.082105,-0.117490,-0.105954,-0.147887,-0.064398,-0.007045,0.023629,-0.021474,-0.057780,-0.066407,-0.016875,-0.029621,0.000448,0.057832,0.063296,0.041787,0.018237,-0.013970,0.052642
X_feature_price_upside_vol10,X_feature_short_interest_log_diff21,-0.000196,0.005426,0.023830,0.018158,0.001335,0.004232,-0.000150,-0.003605,0.007643,0.031220,0.042743,0.001832,-0.002226,0.006799,0.049117,-0.006853,0.026103,0.042011,0.022067,0.033033,0.002952,0.034692,0.053025,-0.009604
X_feature_price_upside_vol10,X_feature_short_interest_log_diff252,0.004732,-0.007716,0.041422,0.125012,0.092257,-0.008162,0.017012,-0.013789,-0.015068,0.029837,0.112974,0.048874,-0.020445,-0.013600,0.078357,0.008717,0.001461,0.107263,0.134988,0.048759,-0.009835,0.066594,0.146859,-0.039398
X_feature_price_upside_vol10,X_feature_short_interest_log_diff63,-0.000660,0.012037,0.037991,0.051067,0.014178,-0.000648,0.001475,-0.017031,0.004422,0.035721,0.059447,0.009470,-0.011940,-0.004345,0.085178,-0.016039,0.029740,0.054856,0.058617,0.042175,0.000611,0.068230,0.075020,-0.029548
X_feature_price_upside_vol10,X_feature_short_interest_log_diff126,-0.013772,-0.009070,0.050565,0.081248,0.044554,-0.000683,0.004271,-0.010940,0.000266,0.036433,0.078318,0.001566,-0.027525,-0.013569,0.077494,-0.009096,0.018902,0.068442,0.087361,0.053940,-0.016557,0.080933,0.120286,-0.062609
X_feature_price_upside_vol21,X_feature_price_upside_vol63,0.801903,0.820826,0.823882,0.881647,0.859190,0.817039,0.786878,0.731378,0.766411,0.728436,0.812232,0.833277,0.803916,0.796571,0.806505,0.758433,0.757639,0.741050,0.773312,0.731978,0.725847,0.765586,0.793725,0.786783
X_feature_price_upside_vol21,X_feature_price_atr5,0.671460,0.707625,0.741831,0.807430,0.766197,0.730441,0.677866,0.620824,0.684807,0.637449,0.720347,0.785512,0.719370,0.712381,0.726030,0.635142,0.650288,0.623634,0.673165,0.652808,0.608013,0.658566,0.685982,0.717561
X_feature_price_upside_vol21,X_feature_price_downside_vol126,0.666362,0.686512,0.713525,0.811315,0.763648,0.693447,0.636931,0.543802,0.606462,0.554585,0.690538,0.755657,0.677348,0.650426,0.697503,0.568840,0.589256,0.580157,0.655521,0.572700,0.552355,0.647160,0.631029,0.660279
X_feature_price_upside_vol21,X_feature_price_downside_vol63,0.657892,0.685330,0.711712,0.798067,0.755897,0.682008,0.620576,0.525041,0.598488,0.531490,0.688383,0.745409,0.643496,0.637519,0.670189,0.539496,0.567519,0.557453,0.601344,0.558915,0.515872,0.611896,0.618814,0.638371
X_feature_price_upside_vol21,X_feature_price_atr21,0.813472,0.836233,0.844315,0.886119,0.857480,0.829226,0.796110,0.760975,0.802493,0.767558,0.812938,0.863591,0.820755,0.811151,0.827199,0.769932,0.775070,0.753145,0.792533,0.780882,0.738879,0.792451,0.793082,0.823429
X_feature_price_upside_vol21,X_feature_price_atr126,0.714843,0.740742,0.765109,0.842319,0.800503,0.756598,0.706826,0.640315,0.691870,0.634214,0.724510,0.798420,0.737489,0.718758,0.756398,0.671052,0.671766,0.650629,0.717377,0.676684,0.634187,0.722397,0.693152,0.735435
X_feature_price_upside_vol21,X_feature_price_vol252,0.709937,0.721450,0.750761,0.825144,0.787867,0.732013,0.685067,0.605546,0.663367,0.587142,0.713963,0.763878,0.702878,0.686577,0.725008,0.629999,0.645255,0.630825,0.682455,0.634379,0.616631,0.685954,0.671990,0.669756
X_feature_price_upside_vol21,X_feature_market_cap_log_identity,0.087095,-0.017712,-0.060782,0.222717,0.160744,0.096255,0.158494,0.119905,0.084176,0.094391,0.188920,0.319158,0.188487,0.182496,0.225636,0.140425,0.127666,0.149051,0.283311,0.264826,0.091691,0.202427,0.284393,0.228010
X_feature_price_upside_vol21,X_feature_market_cap_log_std21,0.604413,0.652749,0.685020,0.768418,0.688010,0.700374,0.633640,0.607552,0.652500,0.579428,0.602235,0.724545,0.653056,0.630235,0.668175,0.583980,0.598834,0.570621,0.634405,0.619590,0.527267,0.627268,0.632281,0.645250
X_feature_price_upside_vol21,X_feature_market_cap_log_std126,0.470766,0.550057,0.589634,0.721620,0.654239,0.587526,0.499483,0.487306,0.516647,0.413486,0.566460,0.658573,0.533203,0.534060,0.575368,0.451286,0.501022,0.469647,0.523374,0.437794,0.413013,0.487369,0.548711,0.485554
X_feature_price_upside_vol21,X_feature_market_cap_log_std504,0.380823,0.505202,0.616402,0.656707,0.573278,0.592367,0.503014,0.414473,0.484669,0.398422,0.490982,0.646240,0.569617,0.440624,0.534860,0.421522,0.409462,0.417924,0.506131,0.408901,0.406483,0.478240,0.512384,0.576665
X_feature_price_upside_vol21,X_feature_market_cap_log_std252,0.437322,0.562013,0.595187,0.677425,0.648559,0.589864,0.497029,0.451509,0.508886,0.388983,0.549293,0.664088,0.507739,0.537535,0.572910,0.437386,0.467746,0.459765,0.532495,0.435463,0.441998,0.485872,0.596826,0.540608
X_feature_price_upside_vol21,X_feature_market_cap_log_diff_126,0.011827,-0.228884,-0.077427,0.364875,0.282017,-0.238363,-0.056014,-0.208623,-0.055419,-0.121775,0.221505,-0.093631,-0.142044,-0.013027,0.065851,-0.195441,-0.108342,0.101345,0.098440,0.008634,-0.063817,0.174152,0.085711,-0.203034
X_feature_price_upside_vol21,X_feature_market_cap_log_to_min126,0.372899,0.517102,0.383932,0.426728,0.338102,0.509672,0.341949,0.435244,0.374056,0.353283,0.446997,0.582819,0.425898,0.372298,0.356078,0.373181,0.355662,0.292824,0.361201,0.246187,0.304315,0.277471,0.423426,0.375695
X_feature_price_upside_vol21,X_feature_market_cap_log_to_max504,0.221819,0.093458,0.142260,0.586785,0.563292,0.365656,0.224484,0.067690,0.177033,0.111353,0.352970,0.489270,0.196282,0.235911,0.395012,0.180931,0.151987,0.266709,0.452642,0.289108,0.147625,0.390630,0.367207,0.137580
X_feature_price_upside_vol21,X_feature_market_cap_log_diff_504,-0.120725,-0.203507,-0.432210,-0.076722,0.398516,0.189431,-0.198352,-0.250251,-0.245928,-0.196311,0.161656,0.368234,-0.013399,-0.186208,0.080242,0.000071,-0.186504,0.021926,0.318869,0.164166,-0.111742,0.099536,0.257647,-0.156879
X_feature_price_upside_vol21,X_feature_market_cap_log_to_min504,-0.253614,-0.417012,-0.538293,-0.265472,-0.079602,-0.427220,-0.427491,-0.332980,-0.373597,-0.302577,-0.296701,-0.585086,-0.517571,-0.283773,-0.190413,-0.276834,-0.334766,-0.136012,-0.153635,-0.159236,-0.252769,-0.106717,-0.263672,-0.503035
X_feature_price_upside_vol21,X_feature_pv_pv_corr21,0.235002,0.328077,0.206494,0.242020,0.141125,0.281987,0.273111,0.333343,0.308609,0.359781,0.226373,0.320889,0.341685,0.255949,0.285919,0.322258,0.274738,0.318317,0.314294,0.250451,0.245727,0.250941,0.291844,0.305413
X_feature_price_upside_vol21,X_feature_pv_pv_corr126,0.083601,0.202230,0.114033,0.092520,0.046066,0.192009,0.084611,0.154517,0.065642,0.156381,0.012954,0.241384,0.233525,0.118976,0.112784,0.186533,0.123057,0.118032,0.160950,0.049373,0.057293,0.027596,0.225997,0.246486
X_feature_price_upside_vol21,X_feature_pv_pv_corr63,0.112510,0.234683,0.087329,0.168190,0.051510,0.197741,0.112702,0.186728,0.127821,0.210380,0.066865,0.251237,0.254530,0.152372,0.163936,0.204943,0.145769,0.171947,0.197149,0.084886,0.094314,0.112790,0.246233,0.236672
X_feature_price_upside_vol21,X_feature_liquidity_turnover_level63,0.467731,0.561585,0.604644,0.626192,0.559118,0.515780,0.542065,0.496966,0.531883,0.428468,0.487751,0.478019,0.470588,0.423296,0.499884,0.439020,0.446524,0.420031,0.470563,0.462067,0.379782,0.439576,0.469216,0.456394
X_feature_price_upside_vol21,X_feature_volume_log_volume_ratio_max126,-0.018891,-0.026283,-0.009365,0.032767,0.036219,0.013747,0.101213,0.062244,0.018735,0.006096,0.026515,0.025772,0.039140,0.020402,0.044086,0.102848,0.121675,0.076193,0.051488,0.097610,0.126077,0.083202,0.052579,0.120870
X_feature_price_upside_vol21,X_feature_volume_log_volume_ratio_max252,-0.025947,-0.050739,-0.016355,0.025868,-0.001544,-0.027614,0.059052,0.039533,-0.019530,-0.011819,-0.013551,-0.013523,0.026901,0.005444,0.015728,0.074649,0.078633,0.063266,0.036668,0.069376,0.112356,0.077010,0.031107,0.151853
X_feature_price_upside_vol21,X_feature_pv_illiquidity_mean21,0.005395,-0.079120,-0.114981,0.144395,0.096359,0.037334,0.079045,0.056179,0.045135,0.090629,0.196560,0.325402,0.169950,0.190777,0.224792,0.127522,0.137369,0.158174,0.296598,0.278579,0.133151,0.241533,0.274797,0.251186
X_feature_price_upside_vol21,X_feature_volume_log_volume_std504,-0.077686,-0.083818,-0.007887,-0.026259,-0.100690,-0.011300,0.147212,0.133250,0.079599,0.076364,0.049099,0.131483,0.139165,0.176580,0.195779,0.165208,0.204388,0.098272,0.101204,0.154822,0.130032,0.158540,0.126423,0.209501
X_feature_price_upside_vol21,X_feature_volume_log_volume_std126,-0.093274,-0.114925,-0.059964,-0.019774,-0.004828,0.070577,0.178816,0.150424,0.066500,0.070258,0.066737,0.188984,0.129507,0.156827,0.170364,0.183110,0.226524,0.095587,0.078084,0.196801,0.131817,0.143632,0.132758,0.204197
X_feature_price_upside_vol21,X_feature_volume_log_volume_std63,-0.086422,-0.103217,-0.064161,0.016307,0.018003,0.085709,0.184165,0.158327,0.068940,0.091800,0.081424,0.180434,0.136007,0.147162,0.168044,0.181246,0.229080,0.096348,0.097116,0.191502,0.126012,0.142785,0.140137,0.186576
X_feature_price_upside_vol21,X_feature_market_corr504,0.072176,-0.087186,-0.257158,-0.457798,-0.332407,-0.006840,0.152488,0.133546,0.135148,0.041696,-0.038382,0.031292,0.024697,-0.014926,0.155723,0.219897,0.249792,0.222788,0.246874,0.205006,0.089884,-0.055132,0.126896,0.302906
X_feature_price_upside_vol21,X_feature_market_corr252,0.032122,-0.141382,-0.275231,-0.492319,-0.188467,0.085146,0.083523,0.179386,0.111491,0.044289,0.002498,0.048412,-0.090685,0.046883,0.135872,0.191582,0.250981,0.234984,0.241845,0.076464,0.084509,-0.065958,0.191793,0.193512
X_feature_price_upside_vol21,X_feature_short_interest_to_volume_log_ratio_std252,-0.006402,-0.004030,0.100577,0.103239,-0.006864,0.034123,0.153976,0.115136,0.068201,0.041619,0.093611,0.191219,0.085961,0.157852,0.184434,0.158655,0.217932,0.138654,0.130803,0.188543,0.155918,0.179244,0.232542,0.222863
X_feature_price_upside_vol21,X_feature_short_interest_to_volume_log_ratio_std63,0.007148,0.009598,0.086461,0.066794,0.065393,0.114365,0.199337,0.169538,0.095001,0.092955,0.118030,0.165128,0.126449,0.115712,0.191669,0.196652,0.260336,0.131185,0.110018,0.235148,0.151820,0.193754,0.202460,0.220991
X_feature_price_upside_vol21,X_feature_short_interest_to_volume_log_ratio,-0.123248,-0.195136,-0.264039,-0.220012,-0.094259,-0.111474,-0.136383,-0.137541,-0.181577,-0.094381,-0.005409,-0.004131,-0.049706,-0.091555,-0.066994,-0.048270,-0.061217,-0.010185,0.038156,0.039270,0.024956,0.000326,-0.013016,0.030779
X_feature_price_upside_vol21,X_feature_short_interest_to_volume_log_ratio_mean252,-0.097858,-0.166180,-0.284749,-0.305722,-0.181172,-0.053787,-0.111598,-0.110864,-0.149820,-0.057634,0.027741,0.082063,-0.001651,-0.025674,-0.066454,-0.002304,-0.001030,-0.020146,0.052543,0.106631,0.069812,0.031364,0.007025,0.112089
X_feature_price_upside_vol21,X_feature_short_interest_to_volume_log_ratio_mean63,-0.115988,-0.201387,-0.290550,-0.262146,-0.114813,-0.086689,-0.134433,-0.128649,-0.172246,-0.069133,0.001060,0.033281,-0.024333,-0.063303,-0.071599,-0.022018,-0.036480,-0.008223,0.068847,0.073277,0.052271,0.020679,-0.006888,0.074003
X_feature_price_upside_vol21,X_feature_short_interest_log_diff21,-0.008845,0.002706,0.029165,0.020853,0.001627,0.002596,-0.002022,-0.006677,0.010693,0.038309,0.053587,0.000348,-0.004120,0.004030,0.049901,-0.007324,0.031029,0.048420,0.024932,0.038483,-0.001852,0.039863,0.059792,-0.007309
X_feature_price_upside_vol21,X_feature_short_interest_log_diff252,0.009447,-0.007275,0.050970,0.141725,0.111244,-0.007702,0.016409,-0.017650,-0.020745,0.035388,0.137882,0.049290,-0.021450,-0.019111,0.097137,0.011238,0.001423,0.124274,0.152202,0.054413,-0.006646,0.077642,0.181367,-0.049080
X_feature_price_upside_vol21,X_feature_short_interest_log_diff63,-0.001631,0.010231,0.045068,0.054547,0.018305,-0.005059,-0.001719,-0.023538,0.004483,0.040544,0.080859,0.005440,-0.011188,-0.009263,0.103128,-0.013254,0.033432,0.067288,0.062028,0.047964,0.000126,0.076476,0.089269,-0.031729
X_feature_price_upside_vol21,X_feature_short_interest_log_diff126,-0.015803,-0.009414,0.058205,0.091301,0.054029,-0.003259,-0.000141,-0.017359,-0.000407,0.043251,0.100799,0.005194,-0.028821,-0.015343,0.098855,-0.009050,0.029346,0.080445,0.092121,0.061465,-0.014741,0.089199,0.148669,-0.068337
X_feature_price_upside_vol63,X_feature_price_atr5,0.667174,0.706392,0.747948,0.825622,0.788926,0.752465,0.693380,0.619419,0.680138,0.609656,0.735526,0.804240,0.732761,0.720584,0.747758,0.664534,0.661862,0.636171,0.677986,0.651666,0.598651,0.660376,0.691159,0.723941
X_feature_price_upside_vol63,X_feature_price_downside_vol126,0.787974,0.805492,0.820595,0.886273,0.853001,0.811557,0.752553,0.659542,0.708156,0.651721,0.787312,0.860007,0.777507,0.739532,0.804047,0.690465,0.682240,0.687355,0.747081,0.655223,0.634197,0.729441,0.742961,0.763576
X_feature_price_upside_vol63,X_feature_price_downside_vol63,0.763421,0.778817,0.802818,0.861941,0.832284,0.777675,0.705132,0.600083,0.666866,0.587854,0.760258,0.829885,0.716449,0.698461,0.745864,0.622019,0.623804,0.613409,0.638876,0.586802,0.550920,0.648417,0.705061,0.708963
X_feature_price_upside_vol63,X_feature_price_atr21,0.798340,0.826706,0.844962,0.896437,0.871773,0.850190,0.803148,0.747070,0.789332,0.734540,0.827194,0.884746,0.833747,0.819791,0.845937,0.790338,0.775800,0.748693,0.779417,0.762650,0.719084,0.771384,0.798485,0.826367
X_feature_price_upside_vol63,X_feature_price_atr126,0.846696,0.866069,0.877502,0.924645,0.901143,0.884186,0.840404,0.789920,0.813100,0.764688,0.842131,0.906403,0.858740,0.833450,0.876549,0.825514,0.800714,0.793040,0.835671,0.797827,0.766161,0.834243,0.812558,0.861274
X_feature_price_upside_vol63,X_feature_price_vol252,0.856981,0.855608,0.881096,0.913294,0.893848,0.865850,0.832704,0.779234,0.806235,0.747504,0.848282,0.868542,0.830101,0.814919,0.850293,0.792250,0.793745,0.798222,0.823223,0.776530,0.771143,0.822889,0.808217,0.801563
X_feature_price_upside_vol63,X_feature_market_cap_log_identity,0.114855,0.022997,-0.039451,0.252129,0.188532,0.114401,0.198752,0.170825,0.135513,0.153324,0.235931,0.361286,0.228307,0.224336,0.273607,0.181563,0.156511,0.180068,0.315470,0.303786,0.120346,0.220562,0.329949,0.273210
X_feature_price_upside_vol63,X_feature_market_cap_log_std21,0.568205,0.631721,0.658833,0.753729,0.678384,0.651796,0.590431,0.542576,0.579350,0.507206,0.595007,0.678236,0.603499,0.596204,0.634551,0.510268,0.541762,0.528427,0.574390,0.525020,0.477321,0.547166,0.560945,0.576428
X_feature_price_upside_vol63,X_feature_market_cap_log_std126,0.564860,0.663507,0.681055,0.795975,0.729865,0.710215,0.619689,0.630219,0.628177,0.547078,0.634027,0.760167,0.653691,0.633529,0.684672,0.600882,0.633651,0.587173,0.642213,0.574847,0.531733,0.591184,0.652339,0.611544
X_feature_price_upside_vol63,X_feature_market_cap_log_std504,0.447515,0.586403,0.703272,0.723874,0.648637,0.697273,0.598750,0.508488,0.574442,0.490663,0.565829,0.721542,0.662885,0.520670,0.617925,0.515254,0.493836,0.510669,0.599207,0.491894,0.475515,0.564522,0.582327,0.672388
X_feature_price_upside_vol63,X_feature_market_cap_log_std252,0.517543,0.657476,0.681059,0.743402,0.731429,0.700104,0.597965,0.570510,0.606873,0.493914,0.631934,0.745697,0.606451,0.625236,0.667681,0.553480,0.574021,0.565443,0.626471,0.537178,0.539256,0.567624,0.682291,0.622513
X_feature_price_upside_vol63,X_feature_market_cap_log_diff_126,0.004371,-0.253683,-0.088440,0.383017,0.294505,-0.260356,-0.062543,-0.254062,-0.079636,-0.173501,0.229107,-0.106591,-0.197733,-0.066685,0.051278,-0.239749,-0.160249,0.078519,0.053403,-0.048868,-0.128514,0.128251,0.089043,-0.239893
X_feature_price_upside_vol63,X_feature_market_cap_log_to_min126,0.416826,0.583075,0.420883,0.452632,0.377504,0.588496,0.396173,0.525838,0.445524,0.427889,0.467669,0.653268,0.505055,0.443793,0.424013,0.456145,0.442276,0.361092,0.457864,0.349022,0.397071,0.368833,0.484220,0.442425
X_feature_price_upside_vol63,X_feature_market_cap_log_to_max504,0.280536,0.139851,0.172949,0.640072,0.620135,0.452510,0.288106,0.125955,0.212984,0.153671,0.404380,0.545520,0.216132,0.266451,0.448108,0.252321,0.185315,0.313225,0.496858,0.324348,0.156518,0.409053,0.431707,0.200841
X_feature_price_upside_vol63,X_feature_market_cap_log_diff_504,-0.135901,-0.206557,-0.470333,-0.086185,0.435009,0.239306,-0.222798,-0.289389,-0.282268,-0.219313,0.187006,0.409596,-0.039670,-0.237114,0.086868,0.006355,-0.234562,0.009176,0.347218,0.173863,-0.129838,0.074090,0.299781,-0.154860
X_feature_price_upside_vol63,X_feature_market_cap_log_to_min504,-0.292988,-0.462809,-0.596799,-0.292575,-0.098400,-0.484318,-0.500969,-0.396428,-0.439147,-0.360433,-0.310683,-0.648777,-0.603682,-0.352013,-0.229391,-0.327369,-0.414997,-0.182373,-0.211731,-0.217398,-0.307719,-0.180913,-0.295483,-0.565533
X_feature_price_upside_vol63,X_feature_pv_pv_corr21,0.149011,0.233108,0.103971,0.169213,0.083323,0.159733,0.152873,0.186514,0.169286,0.216518,0.130547,0.191943,0.220597,0.141292,0.155471,0.186476,0.146034,0.208806,0.208470,0.114592,0.136010,0.149907,0.187205,0.200278
X_feature_price_upside_vol63,X_feature_pv_pv_corr126,0.136378,0.259647,0.168947,0.130085,0.081756,0.234353,0.142441,0.263992,0.146020,0.292372,0.074493,0.290441,0.327803,0.214968,0.175658,0.268342,0.224151,0.224714,0.267019,0.151941,0.149333,0.113791,0.288404,0.356555
X_feature_price_upside_vol63,X_feature_pv_pv_corr63,0.188982,0.320961,0.174698,0.224091,0.107845,0.274475,0.221771,0.343217,0.272586,0.391803,0.171058,0.328529,0.371304,0.268573,0.269207,0.331283,0.285811,0.330875,0.342137,0.244574,0.243423,0.248946,0.327937,0.369968
X_feature_price_upside_vol63,X_feature_liquidity_turnover_level63,0.554716,0.656067,0.688072,0.679701,0.627791,0.598364,0.651243,0.624231,0.638789,0.552437,0.564769,0.529019,0.556182,0.515668,0.583182,0.546203,0.547990,0.533159,0.568028,0.563939,0.479318,0.514420,0.537713,0.551887
X_feature_price_upside_vol63,X_feature_volume_log_volume_ratio_max126,0.032757,0.038130,0.059892,0.068972,0.075803,0.077094,0.197741,0.198956,0.133062,0.144983,0.105312,0.087896,0.122688,0.118789,0.118026,0.200681,0.239471,0.194026,0.152556,0.208879,0.246070,0.171519,0.131421,0.220587
X_feature_price_upside_vol63,X_feature_volume_log_volume_ratio_max252,0.021622,0.006595,0.050893,0.065402,0.032550,0.027981,0.138215,0.158630,0.080042,0.107144,0.048021,0.036401,0.099086,0.092316,0.082975,0.162636,0.189050,0.164262,0.125659,0.163850,0.220798,0.160942,0.099466,0.240058
X_feature_price_upside_vol63,X_feature_pv_illiquidity_mean21,-0.020804,-0.094503,-0.141007,0.140294,0.085427,0.014118,0.064058,0.039003,0.037807,0.077717,0.207374,0.346399,0.164519,0.186506,0.234407,0.124656,0.125540,0.137829,0.278419,0.267011,0.114240,0.221757,0.288715,0.250703
X_feature_price_upside_vol63,X_feature_volume_log_volume_std504,-0.067410,-0.067042,0.015937,-0.008312,-0.094357,-0.002982,0.197711,0.210560,0.149814,0.158991,0.094356,0.156846,0.189444,0.245546,0.245324,0.224733,0.282123,0.159179,0.150934,0.209674,0.194472,0.206545,0.156170,0.263421
X_feature_price_upside_vol63,X_feature_volume_log_volume_std126,-0.080586,-0.096680,-0.032638,0.001389,0.012437,0.097627,0.245713,0.254847,0.137411,0.165159,0.114787,0.217101,0.182601,0.232939,0.218932,0.248643,0.319546,0.170510,0.133192,0.270342,0.208194,0.190732,0.169140,0.273285
X_feature_price_upside_vol63,X_feature_volume_log_volume_std63,-0.067535,-0.083753,-0.028810,0.043147,0.031364,0.112438,0.254585,0.271027,0.144147,0.196933,0.134274,0.201980,0.189635,0.227215,0.222545,0.249817,0.328866,0.177369,0.155094,0.274184,0.205460,0.196321,0.184782,0.270584
X_feature_price_upside_vol63,X_feature_market_corr504,0.103693,-0.064095,-0.262423,-0.496834,-0.363232,-0.002103,0.188939,0.186989,0.210572,0.133791,-0.003616,0.033608,0.063567,0.047259,0.192985,0.302621,0.327903,0.291018,0.300942,0.258672,0.136825,-0.043651,0.146604,0.380011
X_feature_price_upside_vol63,X_feature_market_corr252,0.053421,-0.124539,-0.276736,-0.536470,-0.197621,0.107421,0.121001,0.264548,0.189279,0.145879,0.047660,0.052115,-0.060089,0.128776,0.172092,0.271182,0.334234,0.308666,0.298907,0.114338,0.144150,-0.055746,0.222204,0.251465
X_feature_price_upside_vol63,X_feature_short_interest_to_volume_log_ratio_std252,0.018968,0.025587,0.144885,0.132603,0.002227,0.057520,0.210456,0.206168,0.136685,0.113199,0.144647,0.229588,0.128743,0.214386,0.230177,0.223818,0.296235,0.213609,0.188928,0.258575,0.231280,0.236649,0.284341,0.294070
X_feature_price_upside_vol63,X_feature_short_interest_to_volume_log_ratio_std63,0.045870,0.046255,0.146367,0.100762,0.088299,0.153644,0.275544,0.284630,0.180978,0.191821,0.168879,0.199269,0.175207,0.185393,0.248644,0.280836,0.366916,0.234422,0.183576,0.337832,0.242244,0.275184,0.264653,0.310647
X_feature_price_upside_vol63,X_feature_short_interest_to_volume_log_ratio,-0.111991,-0.178577,-0.258367,-0.208336,-0.066108,-0.068429,-0.106229,-0.117646,-0.153069,-0.047465,0.034032,0.037901,-0.020739,-0.063408,-0.034400,-0.021403,-0.026467,0.020063,0.083458,0.083596,0.086002,0.042834,0.031364,0.084004
X_feature_price_upside_vol63,X_feature_short_interest_to_volume_log_ratio_mean252,-0.110262,-0.180505,-0.314686,-0.330410,-0.189920,-0.046194,-0.113807,-0.129407,-0.150394,-0.044318,0.043483,0.098827,0.005996,-0.019288,-0.062504,-0.006832,0.008388,-0.031256,0.074710,0.128234,0.088325,0.041921,0.017621,0.131553
X_feature_price_upside_vol63,X_feature_short_interest_to_volume_log_ratio_mean63,-0.131746,-0.223706,-0.320229,-0.285903,-0.117754,-0.083728,-0.148569,-0.160487,-0.180086,-0.069707,0.015684,0.045778,-0.022937,-0.067454,-0.068714,-0.026078,-0.036451,-0.014872,0.088289,0.083475,0.076601,0.033684,0.007360,0.094352
X_feature_price_upside_vol63,X_feature_short_interest_log_diff21,0.016142,0.035583,0.053504,0.039486,0.032935,0.033358,0.017043,-0.003683,0.003339,0.035814,0.058575,-0.006021,-0.000212,0.011252,0.049326,-0.006212,0.007491,0.046964,0.014414,0.027076,-0.018997,0.039097,0.041850,-0.014040
X_feature_price_upside_vol63,X_feature_short_interest_log_diff252,0.028990,0.005538,0.068966,0.167494,0.138676,0.008506,0.021138,-0.031045,-0.021886,0.035352,0.167421,0.054681,-0.009328,-0.016513,0.117921,0.025613,-0.010510,0.153655,0.164182,0.049097,0.011081,0.092176,0.206113,-0.027090
X_feature_price_upside_vol63,X_feature_short_interest_log_diff63,0.014043,0.028150,0.066892,0.077568,0.045772,0.019472,0.016197,-0.022992,0.001884,0.045216,0.102386,0.012160,-0.007304,-0.007028,0.121990,-0.008772,0.020998,0.084698,0.059879,0.044427,-0.005120,0.091294,0.096371,-0.027040
X_feature_price_upside_vol63,X_feature_short_interest_log_diff126,-0.005901,0.008909,0.077675,0.115017,0.080845,0.011385,0.010167,-0.030013,-0.002504,0.040706,0.138940,0.019648,-0.017443,-0.011409,0.126123,-0.000365,0.024956,0.104234,0.095570,0.060716,-0.000741,0.103041,0.166647,-0.053008
X_feature_price_atr5,X_feature_price_downside_vol126,0.694250,0.717121,0.765381,0.839256,0.810024,0.749730,0.712483,0.644395,0.705436,0.646157,0.790985,0.812580,0.750622,0.756583,0.769749,0.650744,0.687754,0.706490,0.731390,0.676526,0.668828,0.719701,0.719340,0.747990
X_feature_price_atr5,X_feature_price_downside_vol63,0.696809,0.730636,0.771209,0.836753,0.807721,0.753018,0.712704,0.651023,0.709273,0.649870,0.801149,0.814768,0.736088,0.754000,0.761908,0.646366,0.686869,0.700522,0.711126,0.687590,0.669046,0.712247,0.730889,0.742928
X_feature_price_atr5,X_feature_price_atr21,0.835832,0.855382,0.881479,0.919020,0.903253,0.877895,0.855793,0.824084,0.859769,0.831606,0.893847,0.910060,0.869564,0.878540,0.877633,0.824994,0.846930,0.840633,0.863419,0.846598,0.826327,0.850211,0.870438,0.876031
X_feature_price_atr5,X_feature_price_atr126,0.745298,0.770976,0.817862,0.872471,0.844260,0.818548,0.780743,0.735294,0.789179,0.724949,0.823468,0.857651,0.811074,0.817438,0.822826,0.742477,0.770365,0.764112,0.794365,0.770224,0.742519,0.785051,0.778817,0.808826
X_feature_price_atr5,X_feature_price_vol252,0.695538,0.721817,0.772784,0.834446,0.813171,0.768220,0.734702,0.661418,0.729528,0.629693,0.774507,0.807718,0.754645,0.764478,0.770907,0.673281,0.704158,0.699084,0.720855,0.703322,0.684280,0.718983,0.726877,0.715942
X_feature_price_atr5,X_feature_market_cap_log_identity,0.097079,0.001146,-0.056049,0.211499,0.177215,0.084836,0.158774,0.162604,0.116762,0.129036,0.261355,0.376321,0.241123,0.234109,0.317803,0.246141,0.244440,0.274052,0.370482,0.357125,0.197103,0.292756,0.401985,0.288418
X_feature_price_atr5,X_feature_market_cap_log_std21,0.581732,0.635579,0.679161,0.767374,0.717483,0.643521,0.593671,0.572290,0.614691,0.568972,0.685412,0.707269,0.609984,0.638572,0.634359,0.502520,0.562998,0.577699,0.597197,0.557037,0.541849,0.564176,0.623735,0.587083
X_feature_price_atr5,X_feature_market_cap_log_std126,0.450512,0.542517,0.599516,0.721882,0.666309,0.589259,0.506811,0.508718,0.551725,0.460841,0.641651,0.677260,0.549510,0.588872,0.604899,0.460573,0.539359,0.519891,0.562802,0.467533,0.472270,0.510544,0.610730,0.521948
X_feature_price_atr5,X_feature_market_cap_log_std504,0.363059,0.503523,0.644994,0.673648,0.595469,0.612137,0.518560,0.448059,0.537934,0.451005,0.584970,0.698787,0.608572,0.501362,0.578384,0.449912,0.444672,0.474110,0.554357,0.450060,0.450231,0.522631,0.567136,0.615859
X_feature_price_atr5,X_feature_market_cap_log_std252,0.415534,0.556884,0.615524,0.681097,0.664066,0.602777,0.506038,0.486019,0.555701,0.447063,0.631636,0.700483,0.542398,0.598071,0.605369,0.453609,0.516183,0.523781,0.579423,0.469463,0.492808,0.535270,0.656244,0.568130
X_feature_price_atr5,X_feature_market_cap_log_diff_126,0.132231,-0.120953,0.008304,0.442795,0.380768,-0.140914,0.082863,-0.085326,0.053647,0.003150,0.348344,-0.024360,-0.043416,0.083477,0.171517,-0.088213,0.013275,0.252949,0.231918,0.138396,0.088133,0.311343,0.199146,-0.108761
X_feature_price_atr5,X_feature_market_cap_log_to_min126,0.183999,0.359323,0.242001,0.282397,0.173534,0.394084,0.168321,0.279397,0.223891,0.189290,0.263861,0.505767,0.294891,0.235294,0.225900,0.247193,0.192687,0.086537,0.192413,0.079084,0.088594,0.078390,0.302361,0.262906
X_feature_price_atr5,X_feature_market_cap_log_to_max504,0.354120,0.208824,0.232301,0.640349,0.657563,0.471085,0.407354,0.253119,0.329454,0.288375,0.498245,0.588744,0.322775,0.400489,0.513599,0.354285,0.342719,0.470040,0.578006,0.467059,0.346567,0.521887,0.510460,0.304117
X_feature_price_atr5,X_feature_market_cap_log_diff_504,-0.052768,-0.148711,-0.419797,-0.068032,0.457761,0.259075,-0.126020,-0.197903,-0.211988,-0.137260,0.240772,0.439655,0.047778,-0.167921,0.136916,0.067768,-0.137981,0.119661,0.372654,0.251311,-0.049192,0.161033,0.340588,-0.131605
X_feature_price_atr5,X_feature_market_cap_log_to_min504,-0.164445,-0.337421,-0.498640,-0.227257,0.007073,-0.362598,-0.377696,-0.279939,-0.342648,-0.238266,-0.191684,-0.534401,-0.501214,-0.269663,-0.129505,-0.220802,-0.297346,-0.036224,-0.077401,-0.093064,-0.178075,-0.015931,-0.175650,-0.480903
X_feature_price_atr5,X_feature_pv_pv_corr21,0.017139,0.086326,-0.021757,0.054727,-0.056040,0.035077,-0.020936,-0.007817,-0.002972,0.047750,-0.022921,0.100313,0.096860,0.001960,0.026488,0.028438,-0.017578,0.030940,0.028587,-0.071311,-0.055166,-0.028608,0.099656,0.073798
X_feature_price_atr5,X_feature_pv_pv_corr126,-0.002211,0.115636,0.047575,0.032833,-0.021609,0.127243,-0.022666,0.037783,-0.052417,0.059170,-0.063807,0.177553,0.164587,0.035927,0.031863,0.102345,0.030554,0.016175,0.086140,-0.049771,-0.055905,-0.072867,0.179513,0.181041
X_feature_price_atr5,X_feature_pv_pv_corr63,-0.006142,0.106744,-0.014683,0.072582,-0.046823,0.085187,-0.039148,0.004690,-0.037629,0.050502,-0.061406,0.144173,0.129659,0.012569,0.032666,0.067286,-0.003768,0.023402,0.063066,-0.076622,-0.079592,-0.037649,0.148499,0.122621
X_feature_price_atr5,X_feature_liquidity_turnover_level63,0.472492,0.568913,0.638200,0.651223,0.574423,0.523553,0.574470,0.533625,0.583834,0.471206,0.547719,0.510532,0.507969,0.470082,0.533137,0.472499,0.477609,0.478831,0.509788,0.506013,0.436270,0.472321,0.518774,0.486653
X_feature_price_atr5,X_feature_volume_log_volume_ratio_max126,-0.130507,-0.130891,-0.106154,-0.044973,-0.033639,-0.074792,0.006538,-0.048268,-0.079106,-0.105100,-0.046146,-0.048661,-0.040754,-0.042290,-0.030548,0.021603,0.036049,-0.005731,-0.021054,0.001411,0.040867,-0.004112,-0.006792,0.068838
X_feature_price_atr5,X_feature_volume_log_volume_ratio_max252,-0.128532,-0.145589,-0.100954,-0.049144,-0.060267,-0.104040,-0.031697,-0.054705,-0.104329,-0.110630,-0.078992,-0.083922,-0.042570,-0.051112,-0.056869,-0.006063,0.007702,-0.006994,-0.021563,-0.015705,0.034570,0.001217,-0.014617,0.108397
X_feature_price_atr5,X_feature_pv_illiquidity_mean21,-0.021435,-0.090861,-0.148737,0.098286,0.078855,0.010376,0.044486,0.065426,0.039737,0.093328,0.226823,0.352115,0.186957,0.212825,0.289963,0.205124,0.235164,0.256355,0.364027,0.348584,0.210662,0.304741,0.359229,0.291776
X_feature_price_atr5,X_feature_volume_log_volume_std504,-0.131341,-0.119237,-0.048271,-0.061443,-0.111928,-0.046127,0.111366,0.117989,0.075941,0.066696,0.080325,0.132685,0.153925,0.193450,0.247125,0.225716,0.269390,0.166084,0.160583,0.190706,0.167688,0.205526,0.198070,0.260022
X_feature_price_atr5,X_feature_volume_log_volume_std126,-0.153285,-0.158122,-0.103555,-0.064860,-0.013729,0.030714,0.137712,0.124188,0.048088,0.054569,0.094024,0.189485,0.141192,0.173778,0.220005,0.237502,0.283773,0.151621,0.121155,0.230667,0.163241,0.184237,0.185483,0.252690
X_feature_price_atr5,X_feature_volume_log_volume_std63,-0.145294,-0.145646,-0.105188,-0.024093,0.006437,0.042985,0.142578,0.124633,0.038671,0.065434,0.107619,0.177628,0.144930,0.156356,0.214879,0.228631,0.271196,0.141409,0.128445,0.220037,0.152041,0.180364,0.181701,0.223067
X_feature_price_atr5,X_feature_market_corr504,0.039145,-0.107305,-0.288676,-0.442165,-0.319837,-0.012959,0.138415,0.131041,0.164252,0.030409,-0.000201,0.053312,0.069170,0.001147,0.186354,0.261578,0.276340,0.304072,0.334337,0.268623,0.085190,0.028892,0.197142,0.374460
X_feature_price_atr5,X_feature_market_corr252,-0.000956,-0.158597,-0.306522,-0.471746,-0.164285,0.082130,0.058828,0.170367,0.131435,0.041314,0.040174,0.067889,-0.052256,0.065875,0.165933,0.245681,0.281352,0.330628,0.323164,0.130534,0.089372,0.014085,0.256601,0.258723
X_feature_price_atr5,X_feature_short_interest_to_volume_log_ratio_std252,-0.058116,-0.049409,0.063249,0.071166,-0.020179,0.003742,0.107183,0.086738,0.045198,0.020563,0.107919,0.180600,0.089750,0.153736,0.212609,0.192923,0.252268,0.194931,0.161523,0.213686,0.180320,0.203024,0.273573,0.257671
X_feature_price_atr5,X_feature_short_interest_to_volume_log_ratio_std63,-0.054492,-0.034578,0.045050,0.032499,0.044343,0.077681,0.155504,0.126387,0.063154,0.070502,0.123018,0.159111,0.123340,0.115007,0.228714,0.231813,0.286052,0.156358,0.135307,0.253338,0.182665,0.229410,0.232480,0.253704
X_feature_price_atr5,X_feature_short_interest_to_volume_log_ratio,-0.169707,-0.253853,-0.327827,-0.287758,-0.163058,-0.187631,-0.208352,-0.201692,-0.246412,-0.137199,-0.040464,-0.050513,-0.097653,-0.120070,-0.093748,-0.087122,-0.115055,-0.038721,0.003658,-0.000904,-0.022080,-0.039811,-0.037099,-0.005088
X_feature_price_atr5,X_feature_short_interest_to_volume_log_ratio_mean252,-0.089633,-0.170001,-0.299845,-0.328916,-0.204953,-0.079456,-0.133374,-0.102474,-0.158341,-0.041475,0.045779,0.083015,-0.003793,-0.012291,-0.030480,0.040070,0.023592,0.028695,0.092088,0.148962,0.108216,0.081577,0.067336,0.150631
X_feature_price_atr5,X_feature_short_interest_to_volume_log_ratio_mean63,-0.097989,-0.199358,-0.299809,-0.284864,-0.121636,-0.104565,-0.140549,-0.111633,-0.168363,-0.036450,0.024315,0.036988,-0.013178,-0.040459,-0.034849,0.021132,-0.013048,0.054343,0.110514,0.123721,0.092184,0.070909,0.051841,0.119579
X_feature_price_atr5,X_feature_short_interest_log_diff21,-0.002631,0.009720,0.026509,0.016718,0.010156,0.011151,0.002753,-0.003874,0.013176,0.032113,0.061605,0.005421,0.006768,0.010213,0.060430,-0.000430,0.031030,0.054586,0.037491,0.051417,0.004785,0.045778,0.057497,-0.008948
X_feature_price_atr5,X_feature_short_interest_log_diff252,0.000116,-0.012695,0.045270,0.138657,0.115750,-0.005228,0.032527,-0.023859,-0.009335,0.067566,0.161222,0.045957,0.006160,-0.008883,0.104856,0.030340,-0.001163,0.155138,0.174274,0.086854,-0.002151,0.094794,0.187703,-0.041205
X_feature_price_atr5,X_feature_short_interest_log_diff63,-0.007731,0.009517,0.041866,0.049609,0.024252,0.009649,0.009048,-0.021825,0.012619,0.054297,0.088837,0.007545,-0.002114,-0.009667,0.110042,-0.006340,0.030944,0.075045,0.074971,0.069389,0.001483,0.084741,0.087198,-0.035696
X_feature_price_atr5,X_feature_short_interest_log_diff126,-0.023895,-0.013096,0.060002,0.088856,0.065237,0.001294,0.006277,-0.020990,0.008248,0.067961,0.116910,0.003278,-0.007943,-0.010254,0.112874,0.003220,0.023615,0.098459,0.113139,0.082511,-0.007721,0.102988,0.145743,-0.061924
X_feature_price_downside_vol126,X_feature_price_downside_vol63,0.919524,0.903298,0.923889,0.938384,0.932998,0.890464,0.894114,0.862035,0.890173,0.873433,0.937444,0.922831,0.897968,0.914446,0.902102,0.861461,0.879794,0.891124,0.862679,0.860683,0.870954,0.879749,0.859862,0.887396
X_feature_price_downside_vol126,X_feature_price_atr21,0.818442,0.833149,0.858056,0.906060,0.890298,0.849468,0.824740,0.771577,0.813712,0.767805,0.875988,0.891306,0.849638,0.850082,0.867893,0.775321,0.798567,0.813182,0.832986,0.783392,0.793479,0.833032,0.811813,0.846757
X_feature_price_downside_vol126,X_feature_price_atr126,0.901753,0.923061,0.929567,0.947017,0.933158,0.917571,0.894331,0.863670,0.895161,0.848943,0.914832,0.950011,0.908923,0.894133,0.926797,0.862382,0.869810,0.882123,0.898133,0.854700,0.856326,0.897490,0.874465,0.904501
X_feature_price_downside_vol126,X_feature_price_vol252,0.902877,0.908326,0.917663,0.930381,0.921745,0.889515,0.878838,0.834975,0.878091,0.810896,0.909094,0.928316,0.883839,0.877497,0.896957,0.837019,0.852315,0.843763,0.874424,0.813421,0.830162,0.875296,0.872026,0.811432
X_feature_price_downside_vol126,X_feature_market_cap_log_identity,0.197097,0.089535,0.000228,0.260587,0.226630,0.123683,0.243408,0.247395,0.221806,0.231442,0.297126,0.381203,0.298437,0.295917,0.341726,0.270763,0.258090,0.263057,0.332119,0.381089,0.183952,0.270426,0.423816,0.299837
X_feature_price_downside_vol126,X_feature_market_cap_log_std21,0.592753,0.620264,0.664269,0.756683,0.711878,0.624049,0.590626,0.541485,0.582652,0.535786,0.685148,0.674594,0.615102,0.637592,0.652217,0.483750,0.549289,0.581790,0.594774,0.540135,0.531394,0.580753,0.575632,0.569689
X_feature_price_downside_vol126,X_feature_market_cap_log_std126,0.565846,0.677894,0.708211,0.804676,0.771152,0.667489,0.578195,0.574900,0.605262,0.507177,0.758210,0.716267,0.618860,0.623795,0.675334,0.431470,0.563221,0.581159,0.633591,0.454785,0.529549,0.598060,0.661399,0.511870
X_feature_price_downside_vol126,X_feature_market_cap_log_std504,0.427911,0.602035,0.728351,0.747216,0.669470,0.689349,0.587583,0.513680,0.602623,0.513657,0.670039,0.747288,0.676914,0.522302,0.616220,0.457489,0.484009,0.496008,0.605635,0.461018,0.465719,0.587642,0.566037,0.650762
X_feature_price_downside_vol126,X_feature_market_cap_log_std252,0.500706,0.677470,0.717254,0.753730,0.761408,0.681581,0.562744,0.550360,0.616079,0.479705,0.742918,0.753530,0.588232,0.607865,0.666029,0.419968,0.529363,0.551087,0.618707,0.436995,0.505407,0.570425,0.694527,0.532917
X_feature_price_downside_vol126,X_feature_market_cap_log_diff_126,0.264803,-0.021650,0.130995,0.534194,0.479570,-0.009697,0.240066,0.120682,0.275300,0.197618,0.465812,0.034861,0.094641,0.256561,0.302249,0.143751,0.235165,0.448246,0.354983,0.376431,0.295506,0.455924,0.334084,0.045625
X_feature_price_downside_vol126,X_feature_market_cap_log_to_min126,0.174020,0.393290,0.216564,0.302787,0.217126,0.396563,0.118425,0.182033,0.114490,0.076401,0.247258,0.534947,0.246057,0.140467,0.194970,0.099483,0.064818,-0.007902,0.186435,-0.059150,-0.017288,0.061383,0.319569,0.173626
X_feature_price_downside_vol126,X_feature_market_cap_log_to_max504,0.506209,0.327922,0.347467,0.708475,0.741264,0.605754,0.549364,0.443941,0.502881,0.477697,0.601911,0.654634,0.456200,0.559695,0.636678,0.544003,0.514013,0.628724,0.686393,0.621694,0.518880,0.636531,0.607802,0.430331
X_feature_price_downside_vol126,X_feature_market_cap_log_diff_504,-0.016749,-0.133393,-0.397060,-0.072440,0.504375,0.340406,-0.091908,-0.149641,-0.168366,-0.078012,0.280569,0.472028,0.133280,-0.102578,0.221279,0.199096,-0.078139,0.209725,0.444584,0.355130,0.052848,0.214391,0.420469,-0.097779
X_feature_price_downside_vol126,X_feature_market_cap_log_to_min504,-0.152996,-0.355917,-0.491406,-0.245197,0.008076,-0.338594,-0.375019,-0.237612,-0.302527,-0.174768,-0.177782,-0.562864,-0.509406,-0.212498,-0.061655,-0.107829,-0.249606,0.053870,-0.025216,0.019844,-0.083246,0.033204,-0.149077,-0.446160
X_feature_price_downside_vol126,X_feature_pv_pv_corr21,-0.017266,0.058795,-0.049126,0.063722,-0.041689,0.013532,-0.059791,-0.080969,-0.070041,-0.031299,-0.066017,0.083521,0.050633,-0.047875,-0.011825,-0.019624,-0.071359,-0.012327,0.027262,-0.102033,-0.096463,-0.024648,0.060943,0.050492
X_feature_price_downside_vol126,X_feature_pv_pv_corr126,-0.142989,-0.024522,-0.093557,-0.087533,-0.158782,-0.076553,-0.255629,-0.220064,-0.307167,-0.156531,-0.218786,0.080620,0.010356,-0.124985,-0.130722,-0.139595,-0.220460,-0.186351,-0.078316,-0.312109,-0.305219,-0.247806,0.042634,0.063502
X_feature_price_downside_vol126,X_feature_pv_pv_corr63,-0.096529,0.030543,-0.087767,0.021607,-0.108403,-0.005217,-0.169393,-0.148801,-0.191038,-0.089047,-0.150755,0.112092,0.039821,-0.095815,-0.049063,-0.074861,-0.160603,-0.094681,-0.016520,-0.212991,-0.220975,-0.114856,0.066036,0.061876
X_feature_price_downside_vol126,X_feature_liquidity_turnover_level63,0.604121,0.665408,0.707638,0.688225,0.636618,0.590757,0.679398,0.656715,0.686626,0.601441,0.622255,0.544694,0.574383,0.555290,0.609256,0.582098,0.583639,0.586431,0.606267,0.635831,0.525127,0.557247,0.531982,0.577976
X_feature_price_downside_vol126,X_feature_volume_log_volume_ratio_max126,0.075427,0.083777,0.123996,0.129025,0.166496,0.175921,0.282612,0.255197,0.193200,0.158885,0.171665,0.104789,0.163464,0.163689,0.154003,0.257627,0.274100,0.197484,0.183406,0.255906,0.277744,0.224595,0.134105,0.267672
X_feature_price_downside_vol126,X_feature_volume_log_volume_ratio_max252,0.047681,0.037687,0.090791,0.097814,0.097699,0.095001,0.189019,0.190376,0.122156,0.110397,0.105882,0.041625,0.130371,0.114023,0.094847,0.170351,0.197965,0.148590,0.136460,0.183821,0.211174,0.185206,0.081410,0.276324
X_feature_price_downside_vol126,X_feature_pv_illiquidity_mean21,0.012651,-0.062035,-0.129066,0.128014,0.098474,0.007856,0.070577,0.073803,0.079155,0.110747,0.230497,0.350733,0.205090,0.222285,0.279952,0.172382,0.193961,0.191463,0.280512,0.297429,0.151651,0.249681,0.369204,0.262012
X_feature_price_downside_vol126,X_feature_volume_log_volume_std504,-0.062154,-0.053268,-0.011989,-0.006249,-0.088236,-0.009179,0.201965,0.209854,0.172686,0.118414,0.115609,0.117197,0.191508,0.231196,0.251167,0.238381,0.290608,0.144887,0.150403,0.212650,0.174885,0.211977,0.154776,0.283316
X_feature_price_downside_vol126,X_feature_volume_log_volume_std126,-0.071800,-0.083986,-0.037002,0.007600,0.051981,0.123854,0.262669,0.260629,0.155747,0.132845,0.154106,0.178523,0.184362,0.241587,0.240212,0.285437,0.327212,0.168782,0.133450,0.294140,0.207496,0.217126,0.164858,0.294886
X_feature_price_downside_vol126,X_feature_volume_log_volume_std63,-0.066334,-0.079426,-0.048290,0.039894,0.065164,0.112466,0.240122,0.232165,0.119944,0.126796,0.150333,0.149724,0.171668,0.209110,0.216624,0.252933,0.291759,0.145361,0.126872,0.259942,0.182671,0.193753,0.154601,0.252274
X_feature_price_downside_vol126,X_feature_market_corr504,0.105885,-0.046055,-0.277136,-0.450931,-0.278053,0.033613,0.214563,0.219473,0.272323,0.106585,0.065533,-0.007921,0.057266,0.034692,0.163337,0.312951,0.301155,0.323146,0.318416,0.373178,0.108136,-0.023544,0.081573,0.435553
X_feature_price_downside_vol126,X_feature_market_corr252,0.045997,-0.112461,-0.282151,-0.477681,-0.095144,0.148964,0.138396,0.281073,0.235846,0.112240,0.118018,0.015409,-0.066160,0.118619,0.145356,0.296836,0.304710,0.359824,0.317727,0.251320,0.123459,-0.031799,0.146242,0.298376
X_feature_price_downside_vol126,X_feature_short_interest_to_volume_log_ratio_std252,0.019289,0.035922,0.133413,0.138430,0.011598,0.082479,0.219310,0.209413,0.177681,0.102159,0.175631,0.232057,0.149792,0.211684,0.242185,0.238482,0.320997,0.228836,0.199684,0.274214,0.232307,0.254998,0.307166,0.310385
X_feature_price_downside_vol126,X_feature_short_interest_to_volume_log_ratio_std63,0.043040,0.052970,0.129851,0.098346,0.119797,0.165631,0.281111,0.258536,0.172337,0.151417,0.179540,0.157329,0.173590,0.173044,0.245216,0.291925,0.359029,0.208192,0.176919,0.325334,0.246994,0.295019,0.237843,0.310914
X_feature_price_downside_vol126,X_feature_short_interest_to_volume_log_ratio,-0.111071,-0.179957,-0.256415,-0.230364,-0.063707,-0.071736,-0.109944,-0.110601,-0.138572,-0.048642,0.013204,0.000748,-0.013336,-0.056577,-0.015665,-0.011503,-0.030222,0.051584,0.069567,0.135648,0.083248,0.050487,0.007650,0.106262
X_feature_price_downside_vol126,X_feature_short_interest_to_volume_log_ratio_mean252,-0.118479,-0.187543,-0.322364,-0.354267,-0.202782,-0.063783,-0.138487,-0.140920,-0.157114,-0.070923,0.011854,0.043898,-0.007352,-0.021973,-0.062109,0.008194,0.004903,0.010033,0.053127,0.171272,0.101953,0.053682,0.001451,0.155053
X_feature_price_downside_vol126,X_feature_short_interest_to_volume_log_ratio_mean63,-0.125549,-0.224292,-0.319948,-0.310582,-0.106434,-0.086899,-0.158435,-0.149561,-0.170993,-0.072557,-0.005142,0.003601,-0.018998,-0.054708,-0.052177,-0.009042,-0.045975,0.029582,0.075361,0.140825,0.089002,0.050221,-0.003944,0.129961
X_feature_price_downside_vol126,X_feature_short_interest_log_diff21,0.004897,0.029920,0.040482,0.025086,0.019619,0.020421,0.019853,-0.000525,0.012008,0.037814,0.054394,-0.003635,0.020846,0.023657,0.066906,0.017354,0.040788,0.071277,0.034067,0.069330,0.013476,0.055831,0.053691,-0.009661
X_feature_price_downside_vol126,X_feature_short_interest_log_diff252,0.034165,0.020709,0.059593,0.158164,0.153560,0.016499,0.035169,-0.012335,-0.001176,0.048992,0.155782,0.066423,0.014981,0.008871,0.158776,0.063033,-0.001809,0.175546,0.194251,0.133847,0.049725,0.136460,0.195610,-0.017707
X_feature_price_downside_vol126,X_feature_short_interest_log_diff63,0.014026,0.037944,0.059983,0.061520,0.045279,0.023159,0.030004,-0.006495,0.020925,0.057069,0.092444,0.013361,0.015078,0.006451,0.146332,0.022356,0.055843,0.108596,0.078865,0.112751,0.028651,0.121874,0.109932,-0.022759
X_feature_price_downside_vol126,X_feature_short_interest_log_diff126,-0.000960,0.008072,0.076892,0.095643,0.094556,0.014222,0.025537,-0.002920,0.012866,0.061294,0.126321,0.026459,-0.000006,0.010199,0.163337,0.027385,0.036791,0.128545,0.123183,0.137509,0.039652,0.146501,0.174483,-0.032288
X_feature_price_downside_vol63,X_feature_price_atr21,0.823153,0.850325,0.867996,0.904884,0.890998,0.855880,0.828539,0.778883,0.819612,0.766941,0.884573,0.893925,0.834949,0.844998,0.858033,0.770571,0.795674,0.806013,0.807860,0.792638,0.786261,0.822904,0.825212,0.839404
X_feature_price_downside_vol63,X_feature_price_atr126,0.837602,0.855156,0.878463,0.901035,0.876669,0.853262,0.815319,0.772449,0.828399,0.753484,0.866662,0.897999,0.831746,0.831237,0.852546,0.763435,0.786007,0.787792,0.782544,0.770828,0.755360,0.808934,0.782391,0.816005
X_feature_price_downside_vol63,X_feature_price_vol252,0.833128,0.828777,0.858916,0.878703,0.863381,0.824126,0.795797,0.729202,0.802003,0.690135,0.850854,0.870310,0.798210,0.806605,0.813467,0.728804,0.758526,0.751095,0.747406,0.727826,0.725884,0.777089,0.760357,0.723857
X_feature_price_downside_vol63,X_feature_market_cap_log_identity,0.200438,0.076064,-0.008936,0.249339,0.203643,0.129078,0.229212,0.228748,0.186333,0.199807,0.278629,0.389141,0.276778,0.268728,0.318660,0.248432,0.221977,0.244629,0.329972,0.349242,0.162800,0.266155,0.396648,0.280066
X_feature_price_downside_vol63,X_feature_market_cap_log_std21,0.599795,0.635793,0.679727,0.766457,0.721812,0.632224,0.594287,0.554146,0.591381,0.542005,0.700717,0.688276,0.606737,0.645683,0.656531,0.492519,0.569699,0.595199,0.599028,0.552317,0.545035,0.589860,0.601912,0.571005
X_feature_price_downside_vol63,X_feature_market_cap_log_std126,0.531559,0.634062,0.672238,0.774823,0.730316,0.620140,0.532046,0.534535,0.572591,0.464574,0.726198,0.687329,0.561431,0.594938,0.602912,0.391357,0.525927,0.520470,0.544390,0.414970,0.473509,0.505744,0.585534,0.450009
X_feature_price_downside_vol63,X_feature_market_cap_log_std504,0.417497,0.549624,0.695978,0.712492,0.620307,0.650631,0.552379,0.480334,0.567583,0.463745,0.625799,0.717127,0.625789,0.490758,0.575460,0.440529,0.457660,0.466224,0.543694,0.433055,0.449307,0.536699,0.549523,0.599818
X_feature_price_downside_vol63,X_feature_market_cap_log_std252,0.477733,0.633477,0.667799,0.723352,0.714959,0.641178,0.546738,0.521119,0.586243,0.453996,0.697716,0.722235,0.554449,0.601526,0.617639,0.422062,0.518082,0.523070,0.567481,0.442593,0.482292,0.534460,0.649387,0.523821
X_feature_price_downside_vol63,X_feature_market_cap_log_diff_126,0.247480,-0.014814,0.101033,0.513734,0.478447,-0.035315,0.205851,0.076309,0.214113,0.165193,0.453344,0.068029,0.104094,0.235041,0.315563,0.110699,0.188269,0.423579,0.384210,0.338843,0.257986,0.436190,0.343701,0.055192
X_feature_price_downside_vol63,X_feature_market_cap_log_to_min126,0.127147,0.306517,0.174156,0.244383,0.145645,0.316685,0.049668,0.118762,0.063579,0.016522,0.196133,0.459783,0.156526,0.094576,0.090734,0.030330,0.008632,-0.093675,0.033754,-0.134275,-0.088612,-0.045076,0.199968,0.094243
X_feature_price_downside_vol63,X_feature_market_cap_log_to_max504,0.503039,0.338425,0.327448,0.688338,0.729555,0.570896,0.544914,0.424799,0.476727,0.454804,0.586973,0.649724,0.459867,0.556278,0.637160,0.537255,0.500782,0.616762,0.670060,0.611025,0.500648,0.615754,0.596150,0.453316
X_feature_price_downside_vol63,X_feature_market_cap_log_diff_504,-0.028984,-0.104909,-0.400163,-0.067089,0.498691,0.304730,-0.090815,-0.155863,-0.171745,-0.065687,0.283024,0.482470,0.134125,-0.094218,0.221831,0.163036,-0.080560,0.206619,0.419230,0.334532,0.024629,0.207051,0.390556,-0.085942
X_feature_price_downside_vol63,X_feature_market_cap_log_to_min504,-0.150809,-0.305302,-0.477894,-0.226571,0.048022,-0.319822,-0.347029,-0.225875,-0.289202,-0.149362,-0.145548,-0.507278,-0.458617,-0.189815,-0.023693,-0.107656,-0.237036,0.065840,0.037667,0.025673,-0.087786,0.065159,-0.107973,-0.401672
X_feature_price_downside_vol63,X_feature_pv_pv_corr21,-0.063701,0.001636,-0.100743,0.011855,-0.095160,-0.054868,-0.136747,-0.162188,-0.138129,-0.100557,-0.105533,0.037605,-0.014491,-0.098213,-0.072578,-0.100013,-0.143350,-0.084834,-0.053263,-0.176383,-0.168828,-0.087262,0.011255,-0.007705
X_feature_price_downside_vol63,X_feature_pv_pv_corr126,-0.124512,-0.008037,-0.066910,-0.061779,-0.146807,-0.039661,-0.206211,-0.171973,-0.243380,-0.127026,-0.199915,0.076839,0.003056,-0.115945,-0.134210,-0.105927,-0.169372,-0.176574,-0.086347,-0.261069,-0.255303,-0.222333,0.060828,0.037434
X_feature_price_downside_vol63,X_feature_pv_pv_corr63,-0.177193,-0.070132,-0.182606,-0.080651,-0.214338,-0.150394,-0.307582,-0.297030,-0.316077,-0.222184,-0.234222,-0.006102,-0.095086,-0.199829,-0.189971,-0.231317,-0.288153,-0.231827,-0.197303,-0.369409,-0.353389,-0.253885,-0.025242,-0.070982
X_feature_price_downside_vol63,X_feature_liquidity_turnover_level63,0.570893,0.646302,0.690499,0.680533,0.625469,0.590667,0.649476,0.615708,0.657973,0.532401,0.602643,0.548855,0.549409,0.515101,0.587252,0.534728,0.541773,0.544065,0.556391,0.584437,0.479241,0.519743,0.529132,0.535804
X_feature_price_downside_vol63,X_feature_volume_log_volume_ratio_max126,0.036485,0.030586,0.064874,0.079380,0.120547,0.108024,0.200173,0.147648,0.115732,0.070918,0.106919,0.067228,0.106762,0.090976,0.104335,0.172151,0.183624,0.126755,0.117339,0.160602,0.182669,0.145811,0.089949,0.201878
X_feature_price_downside_vol63,X_feature_volume_log_volume_ratio_max252,0.015246,-0.012983,0.040503,0.052828,0.056085,0.040436,0.122026,0.099152,0.052990,0.034977,0.049378,0.009640,0.079979,0.057395,0.048371,0.102910,0.122543,0.093470,0.086980,0.106204,0.135974,0.120896,0.049652,0.212835
X_feature_price_downside_vol63,X_feature_pv_illiquidity_mean21,0.036849,-0.061137,-0.127982,0.122863,0.085440,0.014327,0.071211,0.077826,0.061318,0.115541,0.221657,0.351089,0.190525,0.215544,0.262991,0.171799,0.176860,0.191475,0.293351,0.292340,0.149195,0.256752,0.344621,0.255512
X_feature_price_downside_vol63,X_feature_volume_log_volume_std504,-0.041873,-0.077300,-0.018036,-0.017779,-0.103741,-0.003913,0.172245,0.172682,0.137561,0.086126,0.090492,0.123011,0.171224,0.194312,0.233065,0.210137,0.242157,0.118004,0.131166,0.179883,0.136286,0.177421,0.150599,0.248233
X_feature_price_downside_vol63,X_feature_volume_log_volume_std126,-0.060194,-0.102898,-0.051037,-0.014016,0.027584,0.105993,0.223642,0.203417,0.114543,0.087737,0.121995,0.179343,0.159767,0.193198,0.219902,0.245492,0.273511,0.129067,0.109855,0.240573,0.154000,0.176443,0.155170,0.256300
X_feature_price_downside_vol63,X_feature_volume_log_volume_std63,-0.045305,-0.080147,-0.037437,0.038284,0.076163,0.149472,0.251199,0.228420,0.124417,0.123582,0.151699,0.182523,0.183744,0.195889,0.241579,0.263563,0.286864,0.154906,0.148823,0.263745,0.182050,0.205990,0.173116,0.252091
X_feature_price_downside_vol63,X_feature_market_corr504,0.104266,-0.051390,-0.286812,-0.440401,-0.292220,0.027835,0.182894,0.184607,0.229581,0.029833,0.026027,0.010056,0.061759,-0.014757,0.189018,0.276980,0.238290,0.289844,0.314252,0.309778,0.058597,-0.024011,0.141372,0.385949
X_feature_price_downside_vol63,X_feature_market_corr252,0.046596,-0.104097,-0.297405,-0.470582,-0.122528,0.131061,0.109197,0.222217,0.203588,0.031212,0.075129,0.028709,-0.056572,0.055326,0.171061,0.253187,0.240459,0.326025,0.321251,0.186252,0.065105,-0.030485,0.208307,0.272072
X_feature_price_downside_vol63,X_feature_short_interest_to_volume_log_ratio_std252,0.026831,0.012966,0.111927,0.117658,-0.002402,0.060867,0.181072,0.157926,0.132747,0.066793,0.149939,0.216758,0.127442,0.181507,0.222047,0.197557,0.271801,0.185277,0.157910,0.225796,0.185623,0.207698,0.270082,0.271538
X_feature_price_downside_vol63,X_feature_short_interest_to_volume_log_ratio_std63,0.066383,0.060047,0.147379,0.095691,0.147065,0.205347,0.293898,0.256760,0.187226,0.163939,0.194277,0.194424,0.198371,0.177827,0.279193,0.298186,0.364033,0.205207,0.194523,0.337221,0.260361,0.294968,0.266996,0.318764
X_feature_price_downside_vol63,X_feature_short_interest_to_volume_log_ratio,-0.122887,-0.207272,-0.272227,-0.244140,-0.083728,-0.104871,-0.141381,-0.124094,-0.167118,-0.063043,-0.010384,-0.001715,-0.043668,-0.080938,-0.040373,-0.036991,-0.065894,0.028587,0.059352,0.097482,0.041031,0.021375,-0.002592,0.068858
X_feature_price_downside_vol63,X_feature_short_interest_to_volume_log_ratio_mean252,-0.104408,-0.181353,-0.312836,-0.337458,-0.193399,-0.063134,-0.136372,-0.114397,-0.153260,-0.040926,0.010143,0.068058,-0.014121,-0.024212,-0.059043,0.019977,0.002540,0.021219,0.063981,0.163670,0.083245,0.052262,0.026842,0.136452
X_feature_price_downside_vol63,X_feature_short_interest_to_volume_log_ratio_mean63,-0.125708,-0.232292,-0.324260,-0.304199,-0.123509,-0.111161,-0.177462,-0.143583,-0.189152,-0.067477,-0.020257,0.010463,-0.037462,-0.069132,-0.068617,-0.018003,-0.063996,0.017358,0.069159,0.114622,0.050006,0.026019,-0.009764,0.090835
X_feature_price_downside_vol63,X_feature_short_interest_log_diff21,-0.005734,0.004824,0.027792,0.016574,0.012835,0.005445,0.006206,-0.002977,0.006380,0.033315,0.064310,0.003554,0.014549,0.020301,0.077782,0.011732,0.042713,0.082256,0.053427,0.083781,0.033001,0.076378,0.077567,0.010593
X_feature_price_downside_vol63,X_feature_short_interest_log_diff252,0.025685,-0.004669,0.052243,0.148973,0.136866,-0.003597,0.021190,-0.006649,-0.007944,0.043264,0.156728,0.061441,0.003899,0.001083,0.136256,0.036957,-0.013363,0.154400,0.176625,0.118008,0.028917,0.113843,0.174997,-0.023976
X_feature_price_downside_vol63,X_feature_short_interest_log_diff63,-0.001894,-0.002395,0.046737,0.044448,0.033889,-0.001648,0.008774,-0.011968,0.007770,0.046524,0.092947,0.013065,-0.009401,-0.009672,0.130937,-0.004318,0.031224,0.091001,0.074265,0.107101,0.030176,0.109886,0.109866,-0.013204
X_feature_price_downside_vol63,X_feature_short_interest_log_diff126,-0.008849,-0.010334,0.063395,0.086460,0.083265,0.002000,0.010857,-0.000451,0.001566,0.053173,0.117904,0.016742,-0.012680,-0.004740,0.138937,0.006189,0.009590,0.094976,0.121701,0.111604,0.025224,0.121082,0.151858,-0.033493
X_feature_price_atr21,X_feature_price_atr126,0.880833,0.891978,0.915488,0.942669,0.926674,0.920627,0.897536,0.874678,0.904460,0.862457,0.915883,0.938820,0.916942,0.920461,0.925069,0.878799,0.893126,0.885680,0.902667,0.890412,0.880404,0.906386,0.892234,0.915451
X_feature_price_atr21,X_feature_price_vol252,0.820511,0.835389,0.866461,0.900807,0.891338,0.864602,0.846118,0.793181,0.841254,0.757170,0.864318,0.884373,0.852184,0.862244,0.867911,0.799721,0.821416,0.815439,0.825894,0.816376,0.816619,0.837011,0.830728,0.809291
X_feature_price_atr21,X_feature_market_cap_log_identity,0.117794,0.015272,-0.054664,0.227694,0.194787,0.098781,0.183010,0.198272,0.145792,0.162520,0.285529,0.409362,0.272325,0.264876,0.358271,0.292638,0.281078,0.305499,0.407802,0.407223,0.235368,0.329614,0.448907,0.332181
X_feature_price_atr21,X_feature_market_cap_log_std21,0.674517,0.725433,0.751922,0.822938,0.775891,0.728470,0.696311,0.692656,0.718307,0.672929,0.750751,0.771462,0.703468,0.730861,0.739205,0.627927,0.681588,0.688252,0.715229,0.677025,0.657678,0.686390,0.703713,0.683908
X_feature_price_atr21,X_feature_market_cap_log_std126,0.534620,0.634579,0.671325,0.779583,0.734457,0.664740,0.585553,0.611826,0.637871,0.556132,0.711163,0.741771,0.626970,0.662978,0.682229,0.540950,0.624755,0.600411,0.637932,0.540535,0.562704,0.588425,0.689242,0.581996
X_feature_price_atr21,X_feature_market_cap_log_std504,0.417708,0.574806,0.711628,0.720858,0.649529,0.687300,0.592623,0.526824,0.611618,0.536024,0.644107,0.762192,0.681756,0.561822,0.648883,0.524304,0.507715,0.542077,0.623615,0.512463,0.521354,0.599043,0.640214,0.689919
X_feature_price_atr21,X_feature_market_cap_log_std252,0.484471,0.641028,0.683494,0.731393,0.728010,0.676044,0.579263,0.576788,0.636894,0.532700,0.698364,0.763954,0.610690,0.670199,0.679879,0.528735,0.591244,0.598593,0.650533,0.537271,0.577468,0.611158,0.741501,0.634423
X_feature_price_atr21,X_feature_market_cap_log_diff_126,0.143248,-0.130365,0.005765,0.463788,0.407939,-0.148525,0.094636,-0.094558,0.063848,-0.006195,0.368861,-0.034390,-0.049669,0.077794,0.185689,-0.098275,0.013389,0.267268,0.245682,0.149231,0.094645,0.340450,0.210596,-0.120017
X_feature_price_atr21,X_feature_market_cap_log_to_min126,0.232300,0.415279,0.275962,0.320261,0.209893,0.436806,0.193426,0.328471,0.260002,0.233211,0.313028,0.558355,0.335388,0.279782,0.261794,0.281286,0.225925,0.119915,0.228469,0.103354,0.123802,0.113846,0.351871,0.297086
X_feature_price_atr21,X_feature_market_cap_log_to_max504,0.404092,0.244083,0.252460,0.679914,0.706272,0.531804,0.462086,0.302864,0.377664,0.335726,0.537671,0.636940,0.356847,0.438201,0.571216,0.417159,0.389238,0.520119,0.643958,0.525390,0.394065,0.587344,0.568307,0.336647
X_feature_price_atr21,X_feature_market_cap_log_diff_504,-0.063713,-0.161971,-0.452280,-0.071211,0.485669,0.290070,-0.144696,-0.230533,-0.234667,-0.164313,0.255041,0.475500,0.045965,-0.192690,0.150539,0.079653,-0.159459,0.117779,0.415156,0.285905,-0.055263,0.176685,0.376288,-0.144630
X_feature_price_atr21,X_feature_market_cap_log_to_min504,-0.194889,-0.379239,-0.545513,-0.245563,-0.004010,-0.400152,-0.428370,-0.326828,-0.386042,-0.287954,-0.227187,-0.591551,-0.560111,-0.308439,-0.150913,-0.255010,-0.342373,-0.059789,-0.089754,-0.107695,-0.209659,-0.029899,-0.207487,-0.537437
X_feature_price_atr21,X_feature_pv_pv_corr21,0.030042,0.109839,-0.012335,0.065406,-0.048785,0.037415,-0.016083,0.005584,0.010822,0.077098,-0.009179,0.113466,0.111607,0.018783,0.042585,0.046560,-0.002474,0.058542,0.055893,-0.057481,-0.043104,-0.003087,0.117942,0.105789
X_feature_price_atr21,X_feature_pv_pv_corr126,0.001638,0.124525,0.052611,0.037307,-0.030307,0.125461,-0.029818,0.046171,-0.059079,0.085798,-0.065633,0.193572,0.186154,0.053315,0.038955,0.116448,0.039782,0.029377,0.100340,-0.046752,-0.059684,-0.079381,0.208589,0.211892
X_feature_price_atr21,X_feature_pv_pv_corr63,-0.002535,0.116643,-0.011745,0.076303,-0.054672,0.084338,-0.050727,0.010729,-0.041002,0.072421,-0.059374,0.160372,0.148044,0.025205,0.042649,0.077465,-0.000241,0.035238,0.075774,-0.074714,-0.086421,-0.033810,0.174037,0.151770
X_feature_price_atr21,X_feature_liquidity_turnover_level63,0.556357,0.655875,0.709107,0.696422,0.630789,0.590588,0.662374,0.639191,0.674526,0.571453,0.607429,0.558711,0.581082,0.539950,0.604237,0.563574,0.563028,0.558423,0.582655,0.593334,0.524763,0.550304,0.593630,0.552150
X_feature_price_atr21,X_feature_volume_log_volume_ratio_max126,-0.048961,-0.046858,-0.015696,0.020336,0.047261,0.019012,0.119783,0.077059,0.027246,0.011502,0.042644,0.029417,0.060752,0.051318,0.074739,0.147373,0.166297,0.120529,0.088202,0.128894,0.174076,0.110819,0.092102,0.180237
X_feature_price_atr21,X_feature_volume_log_volume_ratio_max252,-0.056541,-0.072511,-0.019640,0.010815,0.009212,-0.022592,0.067003,0.055801,-0.010167,-0.006598,-0.002319,-0.014963,0.045793,0.029783,0.037557,0.104248,0.121169,0.107947,0.077870,0.095469,0.153798,0.105259,0.072310,0.212889
X_feature_price_atr21,X_feature_pv_illiquidity_mean21,-0.022500,-0.097005,-0.159357,0.108845,0.086050,0.005564,0.044462,0.069027,0.044167,0.100314,0.244089,0.377617,0.198600,0.227645,0.315269,0.231166,0.254824,0.272557,0.390162,0.383922,0.236511,0.334046,0.395846,0.328647
X_feature_price_atr21,X_feature_volume_log_volume_std504,-0.136196,-0.123816,-0.047005,-0.058474,-0.107953,-0.037908,0.139855,0.159698,0.106793,0.100397,0.095795,0.149845,0.182784,0.229226,0.286144,0.278136,0.322467,0.208969,0.194090,0.234451,0.216420,0.245348,0.231916,0.302432
X_feature_price_atr21,X_feature_volume_log_volume_std126,-0.160827,-0.164183,-0.099744,-0.058407,0.000022,0.050012,0.173775,0.176159,0.077811,0.087986,0.112985,0.210089,0.169789,0.212319,0.258902,0.295367,0.345211,0.197755,0.154187,0.283160,0.214199,0.221108,0.220034,0.295904
X_feature_price_atr21,X_feature_volume_log_volume_std63,-0.151826,-0.149460,-0.099094,-0.016913,0.023876,0.066271,0.180469,0.178558,0.066385,0.103114,0.128595,0.196048,0.176539,0.193385,0.255084,0.287096,0.333805,0.187692,0.165218,0.273002,0.202452,0.217423,0.217618,0.264480
X_feature_price_atr21,X_feature_market_corr504,0.061888,-0.102935,-0.300709,-0.473272,-0.334263,-0.001425,0.167123,0.165584,0.202531,0.069479,0.009647,0.058286,0.090427,0.026175,0.219768,0.318468,0.324128,0.357168,0.372440,0.315310,0.114350,0.030134,0.229451,0.426186
X_feature_price_atr21,X_feature_market_corr252,0.014916,-0.160889,-0.316328,-0.505663,-0.163086,0.104821,0.080202,0.218149,0.172955,0.079980,0.055899,0.072826,-0.041543,0.104045,0.197366,0.301576,0.330786,0.386385,0.360785,0.156781,0.123049,0.015078,0.302074,0.292105
X_feature_price_atr21,X_feature_short_interest_to_volume_log_ratio_std252,-0.053394,-0.039230,0.079551,0.082395,-0.013236,0.016238,0.139598,0.129327,0.077835,0.048463,0.129507,0.202590,0.112612,0.184842,0.249071,0.241385,0.307128,0.242922,0.200018,0.264833,0.237696,0.247236,0.318020,0.301897
X_feature_price_atr21,X_feature_short_interest_to_volume_log_ratio_std63,-0.041445,-0.016953,0.071935,0.045087,0.067740,0.107785,0.202014,0.185710,0.101274,0.112269,0.147910,0.177082,0.158389,0.150099,0.271107,0.294112,0.358119,0.211309,0.176851,0.319599,0.245860,0.279828,0.278093,0.303387
X_feature_price_atr21,X_feature_short_interest_to_volume_log_ratio,-0.137617,-0.227201,-0.302119,-0.258564,-0.114244,-0.134594,-0.154449,-0.152880,-0.203008,-0.080169,0.010486,0.000868,-0.048886,-0.080393,-0.040923,-0.033764,-0.057560,0.026117,0.073016,0.083804,0.055901,0.030721,0.031775,0.074013
X_feature_price_atr21,X_feature_short_interest_to_volume_log_ratio_mean252,-0.101581,-0.187094,-0.325645,-0.346700,-0.215316,-0.084825,-0.142114,-0.119034,-0.174600,-0.048035,0.048062,0.092063,-0.005774,-0.011014,-0.033937,0.040588,0.026949,0.029576,0.103090,0.172896,0.128310,0.092457,0.079591,0.176576
X_feature_price_atr21,X_feature_short_interest_to_volume_log_ratio_mean63,-0.114876,-0.225183,-0.329588,-0.302843,-0.129821,-0.115157,-0.156926,-0.136735,-0.190137,-0.050029,0.023224,0.039067,-0.020561,-0.045855,-0.042140,0.016121,-0.020266,0.052417,0.120256,0.137763,0.107953,0.077379,0.060405,0.136734
X_feature_price_atr21,X_feature_short_interest_log_diff21,-0.009432,0.007039,0.028329,0.019216,0.011526,0.009671,0.001942,-0.004466,0.015124,0.041821,0.067100,0.004248,0.011391,0.010449,0.066140,-0.000018,0.039387,0.068277,0.038862,0.058292,-0.000457,0.053317,0.065054,-0.010304
X_feature_price_atr21,X_feature_short_interest_log_diff252,-0.000325,-0.015477,0.048752,0.146428,0.128936,-0.004634,0.035589,-0.028111,-0.010616,0.069863,0.177516,0.049145,0.008421,-0.008742,0.118918,0.033193,-0.003102,0.168373,0.194187,0.096803,0.001979,0.107269,0.214084,-0.047286
X_feature_price_atr21,X_feature_short_interest_log_diff63,-0.008044,0.006347,0.044690,0.053563,0.028449,0.010481,0.009417,-0.024445,0.016293,0.057923,0.102163,0.007361,0.000551,-0.007743,0.124622,-0.007295,0.035888,0.084457,0.078816,0.079183,0.000666,0.096142,0.096486,-0.038296
X_feature_price_atr21,X_feature_short_interest_log_diff126,-0.029193,-0.015242,0.063241,0.092623,0.071779,0.002889,0.005863,-0.024530,0.009865,0.071248,0.130301,0.004859,-0.007158,-0.007366,0.127258,0.004776,0.027039,0.108861,0.123282,0.095286,-0.006084,0.114699,0.164432,-0.067921
X_feature_price_atr126,X_feature_price_vol252,0.926644,0.941829,0.948500,0.960698,0.962750,0.946389,0.943109,0.921093,0.933150,0.903338,0.941011,0.954739,0.938882,0.940727,0.952897,0.925130,0.924378,0.920091,0.928201,0.918572,0.926438,0.935306,0.929562,0.906866
X_feature_price_atr126,X_feature_market_cap_log_identity,0.100373,0.017943,-0.048866,0.229172,0.215686,0.081169,0.185304,0.220433,0.181745,0.183063,0.297139,0.385114,0.294316,0.276605,0.371076,0.321114,0.308479,0.323789,0.407149,0.446675,0.268794,0.338229,0.476335,0.363074
X_feature_price_atr126,X_feature_market_cap_log_std21,0.569265,0.628359,0.674682,0.760042,0.695455,0.645558,0.600143,0.574359,0.616615,0.554094,0.667537,0.694028,0.625989,0.648711,0.666417,0.513187,0.573101,0.583626,0.607182,0.562064,0.538980,0.594236,0.590336,0.587892
X_feature_price_atr126,X_feature_market_cap_log_std126,0.563813,0.688720,0.706788,0.797148,0.755794,0.708238,0.624476,0.655383,0.657690,0.595382,0.703364,0.754552,0.656300,0.676821,0.718818,0.574623,0.655130,0.644247,0.680694,0.560851,0.602849,0.635377,0.706987,0.628118
X_feature_price_atr126,X_feature_market_cap_log_std504,0.462572,0.638085,0.766087,0.760038,0.707519,0.740540,0.649390,0.590336,0.674209,0.621570,0.698147,0.779651,0.754924,0.619091,0.690092,0.582384,0.570164,0.596382,0.682544,0.580816,0.559476,0.652225,0.696087,0.751727
X_feature_price_atr126,X_feature_market_cap_log_std252,0.528047,0.704358,0.738285,0.758771,0.773203,0.724770,0.613965,0.638872,0.683579,0.595517,0.724861,0.788623,0.658424,0.694819,0.720238,0.577577,0.636984,0.645912,0.687177,0.571625,0.615050,0.636461,0.785871,0.667585
X_feature_price_atr126,X_feature_market_cap_log_diff_126,0.112998,-0.174931,-0.000859,0.445196,0.360600,-0.169624,0.088292,-0.108626,0.077176,-0.033765,0.329137,-0.082255,-0.085500,0.047882,0.152990,-0.113423,0.010054,0.248972,0.191618,0.130895,0.072650,0.304995,0.165799,-0.150049
X_feature_price_atr126,X_feature_market_cap_log_to_min126,0.292509,0.500579,0.314163,0.375279,0.292793,0.507338,0.250717,0.383569,0.286679,0.285529,0.345480,0.613214,0.389584,0.316740,0.328829,0.336649,0.269175,0.192050,0.321864,0.163686,0.188438,0.202482,0.434140,0.354315
X_feature_price_atr126,X_feature_market_cap_log_to_max504,0.390020,0.234860,0.267780,0.688022,0.702530,0.573899,0.466539,0.323482,0.398019,0.356802,0.536127,0.631363,0.359943,0.437472,0.579077,0.426494,0.401363,0.522914,0.658026,0.533436,0.399953,0.594303,0.574725,0.342170
X_feature_price_atr126,X_feature_market_cap_log_diff_504,-0.091806,-0.190300,-0.468488,-0.090944,0.474418,0.329269,-0.151901,-0.252765,-0.264905,-0.199038,0.227860,0.458484,0.036405,-0.235200,0.149737,0.093083,-0.195857,0.092863,0.430412,0.295864,-0.045225,0.166093,0.385706,-0.126779
X_feature_price_atr126,X_feature_market_cap_log_to_min504,-0.242099,-0.439718,-0.579383,-0.284231,-0.068594,-0.435463,-0.478259,-0.368274,-0.431471,-0.348636,-0.272929,-0.642240,-0.632516,-0.365628,-0.184699,-0.288128,-0.396355,-0.104383,-0.144962,-0.159610,-0.231440,-0.080530,-0.271867,-0.585257
X_feature_price_atr126,X_feature_pv_pv_corr21,0.059351,0.132682,0.011373,0.116267,0.021530,0.082831,0.027952,0.027924,0.014818,0.078851,0.014900,0.119694,0.118231,0.033778,0.055177,0.073967,0.013262,0.089080,0.102654,-0.023861,-0.014273,0.042655,0.127051,0.119970
X_feature_price_atr126,X_feature_pv_pv_corr126,0.030370,0.152764,0.070908,0.059067,0.011633,0.148287,-0.013231,0.076392,-0.063256,0.129502,-0.030901,0.225100,0.215388,0.095618,0.065382,0.141761,0.049328,0.072935,0.149616,-0.023658,-0.045005,-0.041861,0.222888,0.267657
X_feature_price_atr126,X_feature_pv_pv_corr63,0.038531,0.157830,0.024204,0.122606,0.014604,0.136077,-0.004983,0.053283,-0.024742,0.116049,-0.007053,0.194231,0.176466,0.061569,0.080492,0.113330,0.018055,0.091943,0.139798,-0.027116,-0.044114,0.024560,0.198943,0.200147
X_feature_price_atr126,X_feature_liquidity_turnover_level63,0.599593,0.698301,0.741861,0.711483,0.663546,0.604691,0.704978,0.700690,0.719410,0.660881,0.641217,0.566437,0.597430,0.582858,0.622221,0.617742,0.605715,0.601333,0.617578,0.634422,0.578677,0.588133,0.625266,0.589739
X_feature_price_atr126,X_feature_volume_log_volume_ratio_max126,0.004457,0.011679,0.047914,0.061436,0.092677,0.064474,0.195582,0.197109,0.111455,0.121768,0.123879,0.074488,0.120399,0.133440,0.127609,0.244964,0.273987,0.223935,0.167555,0.227494,0.289379,0.196143,0.191694,0.262258
X_feature_price_atr126,X_feature_volume_log_volume_ratio_max252,-0.005762,-0.012170,0.043439,0.056835,0.060229,0.025619,0.140855,0.173043,0.070993,0.105937,0.077832,0.030003,0.109833,0.106876,0.095023,0.201974,0.231372,0.208413,0.154911,0.193105,0.266913,0.188841,0.167882,0.296467
X_feature_price_atr126,X_feature_pv_illiquidity_mean21,-0.077328,-0.133907,-0.177916,0.097149,0.083253,-0.025390,0.017560,0.045955,0.047485,0.064224,0.235818,0.354194,0.206711,0.211586,0.316923,0.230143,0.257829,0.268304,0.366233,0.397898,0.243532,0.324955,0.402634,0.337441
X_feature_price_atr126,X_feature_volume_log_volume_std504,-0.160354,-0.129157,-0.048308,-0.054101,-0.097175,-0.056921,0.153804,0.203324,0.140411,0.120111,0.119850,0.129758,0.191141,0.257254,0.288273,0.315517,0.375694,0.255930,0.215499,0.270355,0.270986,0.278428,0.261464,0.333566
X_feature_price_atr126,X_feature_volume_log_volume_std126,-0.184905,-0.174929,-0.098477,-0.052735,0.004349,0.038284,0.190994,0.228922,0.101018,0.107598,0.133973,0.187903,0.170811,0.245117,0.257269,0.332099,0.403255,0.244560,0.171885,0.328413,0.270416,0.247060,0.250343,0.334214
X_feature_price_atr126,X_feature_volume_log_volume_std63,-0.174689,-0.164083,-0.105575,-0.016105,0.010634,0.037486,0.175266,0.204339,0.068111,0.100338,0.128804,0.158492,0.158300,0.206008,0.228817,0.290928,0.354731,0.198947,0.157043,0.285120,0.229045,0.220418,0.228895,0.279854
X_feature_price_atr126,X_feature_market_corr504,0.064905,-0.114529,-0.300900,-0.500251,-0.334919,-0.015995,0.172696,0.189482,0.232298,0.146482,0.036948,0.018653,0.070407,0.075264,0.170677,0.347369,0.375470,0.397101,0.381880,0.348914,0.178950,0.016891,0.247317,0.457262
X_feature_price_atr126,X_feature_market_corr252,0.008123,-0.182356,-0.310138,-0.530292,-0.150915,0.096134,0.070381,0.261888,0.189904,0.150674,0.084700,0.037056,-0.073184,0.162175,0.146626,0.320728,0.374486,0.421933,0.366484,0.173857,0.194259,-0.004644,0.326579,0.306588
X_feature_price_atr126,X_feature_short_interest_to_volume_log_ratio_std252,-0.073780,-0.037962,0.090801,0.094829,-0.006239,0.015485,0.152186,0.177306,0.109402,0.053445,0.153747,0.213513,0.120037,0.199359,0.256925,0.288476,0.353933,0.294729,0.231767,0.301553,0.290463,0.285693,0.358756,0.342517
X_feature_price_atr126,X_feature_short_interest_to_volume_log_ratio_std63,-0.066408,-0.037955,0.067981,0.045275,0.041614,0.073205,0.183996,0.203835,0.096898,0.081638,0.131566,0.148330,0.133244,0.145364,0.241471,0.303289,0.370830,0.233954,0.173569,0.315999,0.253684,0.294192,0.257494,0.307795
X_feature_price_atr126,X_feature_short_interest_to_volume_log_ratio,-0.114250,-0.188741,-0.275535,-0.231497,-0.070520,-0.082526,-0.098733,-0.111263,-0.153498,-0.035466,0.069878,0.017207,-0.003492,-0.041363,-0.005393,0.009384,-0.004559,0.079450,0.121206,0.148782,0.141367,0.084455,0.100732,0.130998
X_feature_price_atr126,X_feature_short_interest_to_volume_log_ratio_mean252,-0.123657,-0.198143,-0.345465,-0.371501,-0.229187,-0.081248,-0.145102,-0.141429,-0.174640,-0.090492,0.054558,0.066277,0.000157,-0.013644,-0.045693,0.023095,0.023305,0.019350,0.113535,0.182873,0.159179,0.092219,0.092081,0.185496
X_feature_price_atr126,X_feature_short_interest_to_volume_log_ratio_mean63,-0.127893,-0.232352,-0.338399,-0.315686,-0.116959,-0.094495,-0.144863,-0.147607,-0.181414,-0.065866,0.052562,0.028784,-0.007642,-0.037968,-0.036672,0.014671,-0.015588,0.059094,0.136795,0.161644,0.154447,0.093217,0.096012,0.163502
X_feature_price_atr126,X_feature_short_interest_log_diff21,-0.005322,0.022012,0.037249,0.023671,0.009285,0.015976,0.009931,-0.015231,0.006591,0.026792,0.055255,-0.013556,0.008770,0.009066,0.052051,-0.003756,0.024021,0.054220,0.018469,0.040587,-0.014725,0.043166,0.042616,-0.022364
X_feature_price_atr126,X_feature_short_interest_log_diff252,-0.002854,-0.010858,0.049929,0.155637,0.145189,0.005039,0.042656,-0.050150,-0.010962,0.059772,0.191479,0.058899,0.002424,-0.014378,0.132112,0.046652,-0.006522,0.178461,0.196698,0.097470,0.008434,0.122270,0.227889,-0.033904
X_feature_price_atr126,X_feature_short_interest_log_diff63,-0.006469,0.022476,0.051535,0.062232,0.034244,0.016204,0.018958,-0.035566,0.012081,0.043972,0.096563,-0.005007,-0.001049,-0.011958,0.123135,-0.007824,0.034257,0.084398,0.057973,0.064904,-0.022878,0.099962,0.090585,-0.050007
X_feature_price_atr126,X_feature_short_interest_log_diff126,-0.032852,-0.006345,0.068716,0.100326,0.082844,0.010310,0.016039,-0.038894,0.003742,0.054317,0.146550,0.015357,-0.013339,-0.004944,0.142975,0.003904,0.031408,0.121189,0.110564,0.096452,-0.014543,0.130225,0.173404,-0.066529
X_feature_price_vol252,X_feature_market_cap_log_identity,0.144066,0.072750,-0.033788,0.251819,0.255833,0.084770,0.204207,0.249495,0.224288,0.232970,0.311273,0.337125,0.285998,0.291522,0.354508,0.258376,0.247367,0.254972,0.327025,0.375997,0.241585,0.257709,0.419922,0.331695
X_feature_price_vol252,X_feature_market_cap_log_std21,0.579331,0.618605,0.661793,0.743716,0.686503,0.627543,0.595193,0.545420,0.592939,0.510343,0.651394,0.655536,0.599514,0.615178,0.636806,0.477847,0.550113,0.550400,0.574904,0.533160,0.518731,0.565742,0.567496,0.514999
X_feature_price_vol252,X_feature_market_cap_log_std126,0.582821,0.690549,0.703919,0.788393,0.756331,0.709740,0.634913,0.660822,0.650657,0.577565,0.708327,0.721821,0.646783,0.667242,0.702082,0.559072,0.657125,0.642143,0.677734,0.580282,0.612827,0.640005,0.704537,0.617280
X_feature_price_vol252,X_feature_market_cap_log_std504,0.486226,0.670335,0.777187,0.778482,0.729469,0.771610,0.671346,0.615404,0.681354,0.616480,0.702171,0.758012,0.764818,0.629446,0.686457,0.564176,0.570672,0.614988,0.694234,0.595113,0.549752,0.665626,0.653667,0.733895
X_feature_price_vol252,X_feature_market_cap_log_std252,0.556920,0.734843,0.742950,0.772643,0.789335,0.752182,0.644645,0.667534,0.689843,0.590607,0.732358,0.772797,0.694349,0.691295,0.718395,0.579189,0.644003,0.667963,0.701269,0.602517,0.626986,0.643721,0.767499,0.693622
X_feature_price_vol252,X_feature_market_cap_log_diff_126,0.099014,-0.206396,-0.035623,0.406141,0.325701,-0.216240,0.067497,-0.125992,0.067702,-0.068038,0.309820,-0.092411,-0.107969,0.052284,0.122077,-0.136299,-0.013676,0.200281,0.141516,0.075484,0.024591,0.232899,0.142830,-0.197565
X_feature_price_vol252,X_feature_market_cap_log_to_min126,0.312901,0.520527,0.341097,0.391912,0.310344,0.530934,0.261826,0.398224,0.287057,0.309738,0.363654,0.595850,0.398934,0.313171,0.340881,0.348427,0.287824,0.222517,0.346418,0.198985,0.229137,0.242860,0.459040,0.381246
X_feature_price_vol252,X_feature_market_cap_log_to_max504,0.399294,0.235064,0.249764,0.684595,0.694917,0.577170,0.471974,0.333955,0.403354,0.343846,0.524715,0.603219,0.343793,0.430933,0.557436,0.403043,0.394160,0.485026,0.621437,0.508471,0.372933,0.545572,0.547776,0.322170
X_feature_price_vol252,X_feature_market_cap_log_diff_504,-0.095894,-0.197950,-0.481719,-0.091602,0.458182,0.335182,-0.144016,-0.255496,-0.257018,-0.189933,0.212570,0.415484,0.033052,-0.238601,0.148512,0.119764,-0.185359,0.059888,0.402703,0.295901,-0.032329,0.125599,0.383689,-0.046874
X_feature_price_vol252,X_feature_market_cap_log_to_min504,-0.260191,-0.471716,-0.607115,-0.311819,-0.103620,-0.475644,-0.499726,-0.381762,-0.430828,-0.353418,-0.296754,-0.650452,-0.658680,-0.372282,-0.197061,-0.276065,-0.391941,-0.137640,-0.189405,-0.184377,-0.233832,-0.141848,-0.290054,-0.590571
X_feature_price_vol252,X_feature_pv_pv_corr21,0.065146,0.130829,0.018914,0.120283,0.020711,0.079041,0.028382,0.039465,0.015815,0.087767,0.016514,0.109249,0.109703,0.025213,0.044934,0.065819,0.015933,0.080633,0.094013,-0.031134,-0.010417,0.040932,0.117678,0.102698
X_feature_price_vol252,X_feature_pv_pv_corr126,0.045936,0.170885,0.102624,0.085337,0.037240,0.169131,0.013086,0.117345,-0.038795,0.171293,-0.014225,0.219838,0.222025,0.104098,0.072461,0.145839,0.055210,0.106954,0.166338,0.004033,-0.010591,-0.011060,0.210922,0.284368
X_feature_price_vol252,X_feature_pv_pv_corr63,0.050181,0.162945,0.045656,0.135191,0.024544,0.138367,0.006022,0.078368,-0.009870,0.142597,0.000915,0.173832,0.171993,0.056721,0.075483,0.103779,0.025137,0.101167,0.136887,-0.026204,-0.028311,0.035388,0.194144,0.186708
X_feature_price_vol252,X_feature_liquidity_turnover_level63,0.621887,0.683102,0.727153,0.702005,0.670467,0.602627,0.709190,0.715192,0.729996,0.687904,0.642701,0.542320,0.569732,0.591044,0.605885,0.620206,0.622308,0.612375,0.624907,0.657429,0.595224,0.577963,0.580498,0.572897
X_feature_price_vol252,X_feature_volume_log_volume_ratio_max126,0.059636,0.054961,0.087239,0.084686,0.118559,0.079484,0.242988,0.266099,0.185828,0.209061,0.175148,0.072625,0.129128,0.167331,0.125352,0.263521,0.296967,0.258870,0.198665,0.260581,0.332052,0.234949,0.175929,0.236592
X_feature_price_vol252,X_feature_volume_log_volume_ratio_max252,0.073337,0.059196,0.107660,0.109638,0.105138,0.077402,0.222804,0.288881,0.183117,0.235042,0.150421,0.058240,0.166965,0.170706,0.126897,0.260598,0.300470,0.284220,0.211932,0.269421,0.354587,0.260596,0.174551,0.322745
X_feature_price_vol252,X_feature_pv_illiquidity_mean21,-0.045716,-0.080686,-0.164366,0.115072,0.111469,-0.031315,0.024889,0.052723,0.067176,0.070232,0.236808,0.319706,0.204952,0.204825,0.296220,0.155602,0.174286,0.173980,0.259185,0.290809,0.189621,0.232872,0.352398,0.287491
X_feature_price_vol252,X_feature_volume_log_volume_std504,-0.083706,-0.044900,0.002721,-0.002856,-0.059783,-0.040535,0.207820,0.287388,0.221872,0.194249,0.160438,0.106102,0.198284,0.279073,0.267768,0.290881,0.346582,0.248314,0.184175,0.255871,0.294370,0.277175,0.206959,0.286782
X_feature_price_vol252,X_feature_volume_log_volume_std126,-0.096987,-0.088022,-0.042194,0.000746,0.047281,0.063060,0.249569,0.306341,0.180103,0.182188,0.176615,0.154543,0.162676,0.262166,0.215352,0.296731,0.357270,0.231630,0.146797,0.313360,0.290304,0.243243,0.199893,0.284768
X_feature_price_vol252,X_feature_volume_log_volume_std63,-0.091408,-0.081106,-0.047162,0.034889,0.053908,0.066201,0.230315,0.275046,0.143194,0.177557,0.173320,0.129739,0.152617,0.224729,0.191814,0.260316,0.319015,0.197570,0.143912,0.271017,0.252760,0.218161,0.185877,0.236794
X_feature_price_vol252,X_feature_market_corr504,0.134387,-0.070058,-0.262579,-0.505616,-0.329001,-0.010451,0.205129,0.267742,0.317699,0.256969,0.105817,-0.033546,0.043218,0.072769,0.105436,0.358786,0.405111,0.410979,0.386787,0.360182,0.230513,0.019419,0.143383,0.385672
X_feature_price_vol252,X_feature_market_corr252,0.077219,-0.148090,-0.263540,-0.531770,-0.126622,0.106950,0.123505,0.362808,0.296743,0.272668,0.157464,-0.022938,-0.097544,0.164134,0.082493,0.338529,0.418842,0.442964,0.386171,0.192374,0.257475,0.003239,0.221895,0.261889
X_feature_price_vol252,X_feature_short_interest_to_volume_log_ratio_std252,0.018178,0.041704,0.148803,0.148302,0.037463,0.060777,0.223836,0.287286,0.210755,0.141942,0.201189,0.220168,0.143967,0.229103,0.245870,0.308920,0.363669,0.326894,0.247757,0.326738,0.337589,0.313945,0.347731,0.337747
X_feature_price_vol252,X_feature_short_interest_to_volume_log_ratio_std63,0.018859,0.029652,0.117589,0.081216,0.078528,0.097451,0.237568,0.279388,0.178252,0.153147,0.178263,0.124190,0.124004,0.169843,0.211062,0.288386,0.352924,0.250821,0.180542,0.318209,0.282714,0.299246,0.232269,0.257305
X_feature_price_vol252,X_feature_short_interest_to_volume_log_ratio,-0.107057,-0.163990,-0.255875,-0.217947,-0.059994,-0.058706,-0.072624,-0.102550,-0.136188,-0.040993,0.049160,-0.010071,0.011003,-0.043444,-0.016342,-0.006398,-0.024153,0.042997,0.077249,0.116970,0.129035,0.078070,0.060945,0.102558
X_feature_price_vol252,X_feature_short_interest_to_volume_log_ratio_mean252,-0.131254,-0.197268,-0.336133,-0.368161,-0.227794,-0.047607,-0.112648,-0.151357,-0.167904,-0.112314,0.042041,0.019307,0.015963,-0.016125,-0.065466,-0.008375,-0.005862,-0.012939,0.070432,0.150843,0.149427,0.074903,0.040393,0.132437
X_feature_price_vol252,X_feature_short_interest_to_volume_log_ratio_mean63,-0.123250,-0.208888,-0.309335,-0.298401,-0.097784,-0.058725,-0.106909,-0.141322,-0.161904,-0.070888,0.036514,-0.002581,0.012976,-0.036883,-0.043213,0.000749,-0.032535,0.025231,0.091001,0.129949,0.145577,0.086962,0.056327,0.131575
X_feature_price_vol252,X_feature_short_interest_log_diff21,-0.002475,0.026650,0.031495,0.019687,-0.000317,0.007542,0.001718,-0.018067,-0.001931,0.013949,0.045343,-0.014327,-0.006870,0.002850,0.040106,-0.014077,0.008351,0.041642,0.007235,0.022709,-0.020271,0.038155,0.030361,-0.022536
X_feature_price_vol252,X_feature_short_interest_log_diff252,0.026696,0.015626,0.064825,0.171489,0.146675,-0.000101,0.033415,-0.050962,-0.015538,0.005457,0.151266,0.060834,-0.016270,-0.027625,0.128412,0.039875,-0.023696,0.144624,0.149949,0.051149,-0.006046,0.114080,0.207882,-0.025582
X_feature_price_vol252,X_feature_short_interest_log_diff63,0.000246,0.030304,0.043605,0.057591,0.015470,-0.002592,0.008742,-0.035818,0.001122,0.011826,0.075223,-0.015731,-0.023332,-0.024226,0.097881,-0.028382,0.004404,0.058304,0.031483,0.029501,-0.041095,0.083818,0.068754,-0.065616
X_feature_price_vol252,X_feature_short_interest_log_diff126,-0.009202,0.013343,0.069601,0.101625,0.070363,-0.010591,0.006807,-0.042299,-0.003827,0.006091,0.116587,-0.002866,-0.044185,-0.016168,0.117238,-0.019788,0.000793,0.086858,0.065674,0.044968,-0.046748,0.106285,0.148786,-0.095239
X_feature_market_cap_log_identity,X_feature_market_cap_log_std21,0.132666,0.031527,-0.026746,0.232345,0.206222,0.119353,0.153024,0.147247,0.110401,0.145635,0.281440,0.323487,0.188766,0.191281,0.237030,0.162194,0.150687,0.205203,0.278995,0.224487,0.116905,0.197769,0.289943,0.154468
X_feature_market_cap_log_identity,X_feature_market_cap_log_std126,0.178645,0.067073,-0.005317,0.272060,0.275796,0.156068,0.169757,0.150450,0.129486,0.162241,0.323651,0.337253,0.198409,0.213051,0.230853,0.152101,0.164974,0.224234,0.304511,0.213375,0.142864,0.210212,0.302072,0.169078
X_feature_market_cap_log_identity,X_feature_market_cap_log_std504,0.021634,0.013244,-0.038970,0.204029,0.241446,0.144768,0.157904,0.156787,0.094995,0.102264,0.271500,0.365498,0.176810,0.114755,0.218787,0.140099,0.032703,0.130598,0.263669,0.219196,0.057304,0.154527,0.273048,0.129670
X_feature_market_cap_log_identity,X_feature_market_cap_log_std252,0.108787,0.056234,0.012553,0.236320,0.285542,0.167942,0.162289,0.127154,0.125084,0.115207,0.343155,0.347924,0.159949,0.162986,0.266906,0.119508,0.122900,0.197235,0.302633,0.196275,0.103026,0.198834,0.347145,0.158663
X_feature_market_cap_log_identity,X_feature_market_cap_log_diff_126,0.339484,0.290939,0.286945,0.196951,0.157278,0.048202,0.090552,0.103006,0.180834,0.172559,0.294853,0.117162,0.092956,0.187658,0.176128,0.076437,0.176165,0.213631,0.136466,0.187045,0.196012,0.258035,0.302113,0.066283
X_feature_market_cap_log_identity,X_feature_market_cap_log_to_min126,-0.158141,-0.158807,-0.239319,0.081519,0.028230,0.039783,0.019639,-0.007507,-0.074977,-0.061586,0.030598,0.169140,0.021900,-0.025466,0.004347,0.014449,-0.063671,-0.044049,0.097162,-0.037253,-0.084097,-0.045979,0.027622,0.011298
X_feature_market_cap_log_identity,X_feature_market_cap_log_to_max504,0.361157,0.398956,0.285571,0.244040,0.200729,0.118345,0.131454,0.164210,0.220076,0.288816,0.420553,0.369936,0.217783,0.286354,0.351430,0.265769,0.288448,0.322453,0.328081,0.327988,0.291953,0.353016,0.504305,0.297367
X_feature_market_cap_log_identity,X_feature_market_cap_log_diff_504,0.264715,0.356102,0.296525,0.050837,0.089651,-0.007967,-0.059755,-0.005594,0.052715,0.144069,0.368465,0.332544,0.093119,0.122710,0.257416,0.211153,0.175745,0.259762,0.269706,0.228545,0.204589,0.314779,0.460336,0.285474
X_feature_market_cap_log_identity,X_feature_market_cap_log_to_min504,0.205719,0.249869,0.236231,-0.012422,-0.041331,-0.050662,-0.067729,-0.032435,0.025735,0.094811,0.099164,-0.187755,-0.090524,0.063766,0.097828,0.037795,0.092016,0.147202,0.007593,0.046037,0.143579,0.182411,0.104139,-0.025787
X_feature_market_cap_log_identity,X_feature_pv_pv_corr21,-0.047260,-0.041587,-0.028541,0.057956,0.022489,-0.047379,-0.007715,-0.019247,-0.055050,0.017970,0.021704,0.019199,0.018844,0.037456,0.015025,-0.009778,0.014456,0.059659,0.071125,-0.016726,0.007523,0.039640,0.036251,0.075110
X_feature_market_cap_log_identity,X_feature_pv_pv_corr126,-0.132290,-0.061787,-0.050033,0.103222,0.081243,-0.075723,-0.024824,-0.016296,-0.066260,0.007436,0.056145,0.025004,0.074824,0.057383,0.026130,-0.010285,0.000836,0.063262,0.185391,-0.019497,0.012179,0.012057,0.113623,0.124767
X_feature_market_cap_log_identity,X_feature_pv_pv_corr63,-0.094013,-0.052558,-0.043960,0.098968,0.046250,-0.066025,-0.015160,-0.028058,-0.060370,0.018790,0.039793,0.022537,0.042381,0.058542,0.015258,-0.012194,0.006815,0.066640,0.117976,-0.024386,0.006679,0.023420,0.077697,0.114047
X_feature_market_cap_log_identity,X_feature_liquidity_turnover_level63,0.152802,0.049523,-0.020620,0.174988,0.151702,0.089565,0.163147,0.167712,0.167253,0.175443,0.203007,0.172509,0.072621,0.099699,0.177039,0.199126,0.246037,0.280920,0.327473,0.355438,0.311792,0.334696,0.357196,0.262240
X_feature_market_cap_log_identity,X_feature_volume_log_volume_ratio_max126,0.262857,0.278103,0.279562,0.307532,0.299373,0.281552,0.269840,0.241372,0.266025,0.219939,0.211715,0.201482,0.219894,0.244119,0.235915,0.198250,0.220945,0.172902,0.170611,0.188980,0.224027,0.128591,0.157487,0.206104
X_feature_market_cap_log_identity,X_feature_volume_log_volume_ratio_max252,0.262690,0.279482,0.290968,0.313774,0.330840,0.271924,0.291736,0.244982,0.268271,0.247753,0.217419,0.192084,0.248601,0.237335,0.257758,0.203194,0.230209,0.187661,0.177308,0.191865,0.245385,0.148253,0.158501,0.236668
X_feature_market_cap_log_identity,X_feature_pv_illiquidity_mean21,0.796325,0.836599,0.860195,0.861111,0.854603,0.853937,0.848389,0.859167,0.865727,0.861969,0.889629,0.892108,0.885393,0.889722,0.899555,0.891971,0.886891,0.888021,0.889570,0.880848,0.881121,0.885005,0.888027,0.885877
X_feature_market_cap_log_identity,X_feature_volume_log_volume_std504,0.667530,0.664729,0.642257,0.652293,0.641295,0.671312,0.688746,0.659870,0.617114,0.573435,0.573850,0.577207,0.636477,0.648551,0.639922,0.644596,0.634979,0.570195,0.550299,0.549389,0.582973,0.591115,0.527243,0.554908
X_feature_market_cap_log_identity,X_feature_volume_log_volume_std126,0.646903,0.673977,0.653503,0.632980,0.636741,0.654692,0.636215,0.591840,0.554489,0.488472,0.506980,0.564139,0.581407,0.594789,0.573085,0.609796,0.566065,0.467052,0.457249,0.504531,0.540281,0.487643,0.439811,0.520742
X_feature_market_cap_log_identity,X_feature_volume_log_volume_std63,0.615866,0.637995,0.602587,0.612526,0.590999,0.610459,0.572140,0.549604,0.491033,0.434489,0.463772,0.513961,0.513734,0.539179,0.508005,0.548322,0.503112,0.405080,0.404851,0.445069,0.483410,0.416192,0.396169,0.461755
X_feature_market_cap_log_identity,X_feature_market_corr504,0.561997,0.507032,0.397798,0.076989,0.058517,0.268577,0.289796,0.234991,0.224934,0.240879,0.295975,0.276596,0.216537,0.143531,0.139458,0.173644,0.270296,0.326007,0.343218,0.287998,0.260723,0.252481,0.285247,0.315481
X_feature_market_cap_log_identity,X_feature_market_corr252,0.488877,0.475765,0.355689,-0.009217,0.220451,0.305810,0.285444,0.240337,0.227246,0.251184,0.326407,0.255183,0.152420,0.136651,0.155444,0.258230,0.267493,0.355552,0.311395,0.157562,0.305748,0.220563,0.298223,0.276473
X_feature_market_cap_log_identity,X_feature_short_interest_to_volume_log_ratio_std252,0.541618,0.509671,0.477994,0.541928,0.508576,0.529404,0.561291,0.489282,0.463837,0.409578,0.391059,0.361482,0.371918,0.367461,0.452260,0.449250,0.438203,0.385189,0.340502,0.400501,0.413215,0.372422,0.312966,0.369901
X_feature_market_cap_log_identity,X_feature_short_interest_to_volume_log_ratio_std63,0.523031,0.518492,0.443013,0.522347,0.467730,0.514401,0.484552,0.459487,0.421497,0.386307,0.312940,0.391325,0.362719,0.374438,0.422420,0.446305,0.386296,0.307496,0.276637,0.369332,0.358021,0.353872,0.262163,0.375041
X_feature_market_cap_log_identity,X_feature_short_interest_to_volume_log_ratio,0.000333,0.059113,0.109053,0.077227,0.181293,0.190881,0.175977,0.248325,0.308134,0.332687,0.396206,0.324781,0.367132,0.347743,0.279358,0.239234,0.179171,0.216378,0.222860,0.255214,0.295948,0.285654,0.276939,0.291917
X_feature_market_cap_log_identity,X_feature_short_interest_to_volume_log_ratio_mean252,-0.022448,0.052944,0.083522,0.008760,0.072978,0.229728,0.204309,0.275480,0.386157,0.401323,0.438195,0.440757,0.425384,0.434405,0.351509,0.307374,0.231612,0.229480,0.286573,0.318816,0.335411,0.356960,0.336446,0.397919
X_feature_market_cap_log_identity,X_feature_short_interest_to_volume_log_ratio_mean63,-0.001120,0.069929,0.106667,0.059204,0.187661,0.231817,0.190939,0.288477,0.371782,0.384430,0.439133,0.378027,0.419555,0.401918,0.309720,0.276945,0.203194,0.249090,0.263310,0.302676,0.333431,0.340982,0.317568,0.364463
X_feature_market_cap_log_identity,X_feature_short_interest_log_diff21,0.019808,-0.001312,0.013241,0.010359,0.016938,0.006869,0.039684,0.014515,0.003806,0.040060,0.020234,-0.017704,0.000165,-0.006191,0.026379,0.008423,0.010247,0.028832,0.021895,0.038537,0.021839,0.023044,0.029518,-0.013349
X_feature_market_cap_log_identity,X_feature_short_interest_log_diff252,0.064804,0.092193,0.084516,0.111970,0.114482,0.098019,0.114245,0.087986,0.082292,0.009805,0.165099,-0.097931,0.033363,0.017879,0.007652,0.014990,0.017483,0.098271,0.090656,0.125677,0.044633,0.108825,0.077308,-0.024190
X_feature_market_cap_log_identity,X_feature_short_interest_log_diff63,0.038805,0.020425,0.036966,0.025547,0.029334,0.020523,0.069742,0.023088,0.019687,0.033968,0.062349,-0.048184,-0.005037,-0.024655,0.064245,0.015006,0.016255,0.028463,0.050360,0.058643,0.040962,0.049852,0.036332,-0.030420
X_feature_market_cap_log_identity,X_feature_short_interest_log_diff126,0.062346,0.045624,0.069504,0.057689,0.046850,0.053731,0.097785,0.038658,0.042211,0.025389,0.107773,-0.076632,0.000348,0.000718,0.030910,0.028484,0.017697,0.062662,0.068848,0.094108,0.044542,0.082955,0.061186,-0.035740
X_feature_market_cap_log_std21,X_feature_market_cap_log_std126,0.472379,0.530301,0.564884,0.691353,0.626534,0.547604,0.473681,0.472018,0.505223,0.424587,0.605630,0.594498,0.471285,0.502302,0.526001,0.359464,0.449195,0.466609,0.484897,0.380321,0.394212,0.427968,0.499545,0.427620
X_feature_market_cap_log_std21,X_feature_market_cap_log_std504,0.341027,0.450273,0.558784,0.616015,0.521691,0.536110,0.455518,0.391330,0.461933,0.366524,0.522241,0.609171,0.488229,0.403976,0.484839,0.332746,0.352885,0.376196,0.432759,0.339238,0.354454,0.398070,0.431096,0.463612
X_feature_market_cap_log_std21,X_feature_market_cap_log_std252,0.407585,0.510332,0.548284,0.637761,0.604719,0.541105,0.453475,0.434584,0.487092,0.376928,0.583391,0.609049,0.431373,0.490439,0.517966,0.339921,0.413379,0.431426,0.472899,0.361005,0.384609,0.407076,0.505861,0.405630
X_feature_market_cap_log_std21,X_feature_market_cap_log_diff_126,0.119550,-0.096766,0.023341,0.407536,0.366269,-0.168421,0.025989,-0.102666,0.019331,0.010333,0.381342,-0.024119,-0.045256,0.105344,0.152254,-0.089124,0.003532,0.240967,0.173598,0.099631,0.072309,0.225946,0.143324,-0.114488
X_feature_market_cap_log_std21,X_feature_market_cap_log_to_min126,0.217360,0.337715,0.223301,0.283372,0.161379,0.405111,0.203097,0.283166,0.232748,0.165462,0.180188,0.445663,0.271554,0.185959,0.206986,0.216755,0.174321,0.063954,0.194065,0.097229,0.079841,0.135156,0.301485,0.250124
X_feature_market_cap_log_std21,X_feature_market_cap_log_to_max504,0.334927,0.197740,0.235183,0.585323,0.592878,0.359893,0.297021,0.179950,0.253702,0.244203,0.501693,0.509138,0.249582,0.346372,0.434504,0.236384,0.264033,0.405570,0.446792,0.335243,0.268211,0.397548,0.369030,0.172810
X_feature_market_cap_log_std21,X_feature_market_cap_log_diff_504,-0.050059,-0.124809,-0.348828,-0.056272,0.408435,0.178341,-0.142565,-0.194830,-0.199659,-0.093508,0.266627,0.386613,0.041976,-0.116836,0.126769,0.039715,-0.113413,0.126727,0.295501,0.183917,-0.040952,0.140368,0.250872,-0.169485
X_feature_market_cap_log_std21,X_feature_market_cap_log_to_min504,-0.159674,-0.291415,-0.425292,-0.214343,0.025569,-0.341545,-0.349977,-0.259939,-0.308741,-0.178848,-0.122374,-0.452067,-0.400468,-0.199189,-0.099223,-0.174497,-0.234838,0.004330,-0.069815,-0.062011,-0.136220,-0.015316,-0.173189,-0.379245
X_feature_market_cap_log_std21,X_feature_pv_pv_corr21,0.026773,0.086488,-0.020031,0.062557,-0.065586,0.080842,0.035966,0.045109,0.055143,0.088318,-0.066112,0.134020,0.134819,0.009496,0.067757,0.103860,0.024320,0.044631,0.065665,0.006779,-0.039446,0.055837,0.160844,0.119556
X_feature_market_cap_log_std21,X_feature_pv_pv_corr126,-0.027416,0.079369,0.015004,0.024533,-0.057088,0.081508,-0.021978,0.033249,-0.045246,0.048816,-0.098224,0.133299,0.117190,-0.003163,0.009599,0.062303,0.015588,-0.001380,0.067143,-0.060045,-0.053952,-0.047637,0.155471,0.135060
X_feature_market_cap_log_std21,X_feature_pv_pv_corr63,-0.019107,0.076937,-0.043351,0.064148,-0.072329,0.065396,-0.031430,0.018534,-0.027016,0.056384,-0.096762,0.115979,0.106611,-0.005924,0.026280,0.053015,-0.009257,0.010013,0.053863,-0.063434,-0.067144,-0.006927,0.148136,0.104997
X_feature_market_cap_log_std21,X_feature_liquidity_turnover_level63,0.452066,0.518627,0.555677,0.607333,0.513147,0.477182,0.498233,0.474856,0.510680,0.421639,0.483916,0.422176,0.415040,0.413060,0.479321,0.382448,0.407748,0.425973,0.443677,0.427717,0.358923,0.390060,0.424742,0.384983
X_feature_market_cap_log_std21,X_feature_volume_log_volume_ratio_max126,-0.039785,-0.046972,-0.047348,-0.002613,0.023667,0.010881,0.087052,0.028940,-0.007572,-0.012966,0.022470,0.009118,0.024541,0.005449,0.027367,0.057776,0.059885,0.032536,0.020654,0.054820,0.061279,0.036494,0.014276,0.084191
X_feature_market_cap_log_std21,X_feature_volume_log_volume_ratio_max252,-0.053288,-0.078643,-0.062630,-0.017958,-0.018173,-0.035792,0.033575,0.006174,-0.046320,-0.025166,-0.014467,-0.031963,0.006230,-0.019399,-0.008208,0.028016,0.026576,0.012524,0.002390,0.020606,0.037042,0.030185,-0.004602,0.094470
X_feature_market_cap_log_std21,X_feature_pv_illiquidity_mean21,0.012351,-0.072382,-0.116376,0.115813,0.103595,0.028967,0.039885,0.039888,0.021174,0.087940,0.222244,0.305623,0.139840,0.154934,0.190580,0.112401,0.121955,0.160929,0.258620,0.194591,0.113731,0.203257,0.255153,0.156986
X_feature_market_cap_log_std21,X_feature_volume_log_volume_std504,-0.034749,-0.042614,-0.004945,-0.014328,-0.064685,0.014463,0.145532,0.136711,0.101241,0.101012,0.107163,0.121898,0.129437,0.163797,0.187434,0.153924,0.190894,0.096416,0.103529,0.121180,0.111827,0.133371,0.140674,0.184455
X_feature_market_cap_log_std21,X_feature_volume_log_volume_std126,-0.045960,-0.064855,-0.044406,-0.014584,0.039312,0.098950,0.179126,0.157147,0.090620,0.098686,0.133152,0.176800,0.126382,0.154884,0.173145,0.168241,0.214063,0.100582,0.083921,0.158935,0.111686,0.129529,0.142484,0.181150
X_feature_market_cap_log_std21,X_feature_volume_log_volume_std63,-0.036567,-0.051239,-0.037233,0.025936,0.066635,0.118746,0.188390,0.165310,0.096697,0.116007,0.152728,0.176492,0.134651,0.146696,0.182676,0.173597,0.210923,0.106695,0.108167,0.158462,0.113633,0.140044,0.148004,0.167426
X_feature_market_cap_log_std21,X_feature_market_corr504,0.077486,-0.053542,-0.235585,-0.378706,-0.247976,0.035265,0.149966,0.146798,0.165607,0.057612,0.066135,0.044028,0.027461,0.011936,0.168824,0.204280,0.202228,0.257326,0.237929,0.213756,0.048228,-0.016664,0.129346,0.268904
X_feature_market_cap_log_std21,X_feature_market_corr252,0.042824,-0.097836,-0.249625,-0.417560,-0.106781,0.116418,0.097685,0.181387,0.142765,0.073451,0.103055,0.058369,-0.064159,0.065887,0.156246,0.192955,0.213498,0.284869,0.236227,0.119153,0.047218,-0.022045,0.181283,0.181243
X_feature_market_cap_log_std21,X_feature_short_interest_to_volume_log_ratio_std252,0.037994,0.024776,0.099175,0.107077,0.021878,0.062885,0.156041,0.119484,0.094317,0.063673,0.133528,0.163315,0.091313,0.139512,0.170264,0.140880,0.201826,0.144143,0.123728,0.151983,0.141312,0.155128,0.219400,0.192468
X_feature_market_cap_log_std21,X_feature_short_interest_to_volume_log_ratio_std63,0.060498,0.066478,0.108346,0.079397,0.117109,0.156023,0.224618,0.179476,0.136226,0.137696,0.162860,0.166338,0.130332,0.133041,0.208684,0.194325,0.257005,0.142944,0.132735,0.213158,0.174194,0.191350,0.204421,0.215785
X_feature_market_cap_log_std21,X_feature_short_interest_to_volume_log_ratio,-0.123751,-0.186593,-0.264749,-0.238762,-0.114249,-0.125513,-0.150480,-0.146922,-0.187190,-0.083941,-0.018096,-0.020077,-0.055615,-0.092123,-0.058091,-0.046252,-0.091149,-0.022243,0.001310,0.012214,-0.028227,-0.029662,-0.037065,-0.018980
X_feature_market_cap_log_std21,X_feature_short_interest_to_volume_log_ratio_mean252,-0.062070,-0.112900,-0.236851,-0.272234,-0.155039,-0.040549,-0.089176,-0.080145,-0.114214,-0.010234,0.045349,0.077227,0.002959,-0.008253,-0.029099,0.035967,0.003144,0.016944,0.056771,0.110760,0.062027,0.041489,0.031810,0.077691
X_feature_market_cap_log_std21,X_feature_short_interest_to_volume_log_ratio_mean63,-0.075915,-0.147354,-0.249956,-0.237779,-0.086467,-0.074017,-0.118875,-0.098052,-0.137916,-0.022253,0.026771,0.034346,-0.011742,-0.040325,-0.037502,0.015902,-0.034848,0.021209,0.061937,0.080547,0.041540,0.025743,0.006297,0.045490
X_feature_market_cap_log_std21,X_feature_short_interest_log_diff21,-0.001757,0.010131,0.024535,0.011782,0.014978,0.003328,-0.005781,-0.002574,0.015368,0.029318,0.046563,0.005072,0.005935,0.013027,0.050727,-0.008440,0.030897,0.052091,0.025672,0.032982,0.007406,0.036228,0.053045,-0.005218
X_feature_market_cap_log_std21,X_feature_short_interest_log_diff252,0.032552,0.013885,0.062232,0.145760,0.120617,0.012363,0.030958,0.010426,0.004791,0.058710,0.140693,0.038986,0.010197,0.004863,0.106548,0.028279,0.006778,0.128502,0.133686,0.070717,0.006659,0.083182,0.151645,-0.028809
X_feature_market_cap_log_std21,X_feature_short_interest_log_diff63,-0.001660,0.013462,0.048328,0.052134,0.032601,0.011405,0.007311,-0.007968,0.021507,0.052010,0.078860,0.010031,0.000303,-0.007909,0.095938,-0.005281,0.029319,0.064190,0.052143,0.054182,0.011443,0.063950,0.071138,-0.017033
X_feature_market_cap_log_std21,X_feature_short_interest_log_diff126,0.001176,0.004302,0.060647,0.087688,0.071364,0.012366,0.009235,0.000336,0.020664,0.056318,0.099655,0.004836,-0.001282,-0.002987,0.105047,0.006981,0.028769,0.086218,0.085581,0.066594,0.008462,0.082169,0.121961,-0.037319
X_feature_market_cap_log_std126,X_feature_market_cap_log_std504,0.439312,0.582550,0.665229,0.683403,0.617584,0.698970,0.567488,0.565058,0.569275,0.513144,0.649302,0.744304,0.550111,0.480788,0.615521,0.483426,0.457701,0.521559,0.578111,0.455445,0.432116,0.561544,0.556740,0.573047
X_feature_market_cap_log_std126,X_feature_market_cap_log_std252,0.705908,0.752614,0.788525,0.804805,0.818157,0.797420,0.712116,0.743894,0.744336,0.712639,0.824720,0.834667,0.662914,0.743420,0.738745,0.690449,0.702947,0.735896,0.754002,0.653307,0.693057,0.705182,0.763606,0.652060
X_feature_market_cap_log_std126,X_feature_market_cap_log_diff_126,0.023138,-0.240952,-0.034670,0.397153,0.330099,-0.370338,-0.210816,-0.333103,-0.112672,-0.210944,0.518097,-0.172175,-0.257583,-0.034441,-0.059932,-0.498312,-0.234883,0.132286,0.020294,-0.213247,-0.084962,0.105187,0.006782,-0.496564
X_feature_market_cap_log_std126,X_feature_market_cap_log_to_min126,0.469756,0.607961,0.431212,0.472213,0.388252,0.711250,0.536952,0.609124,0.500392,0.486096,0.275627,0.738226,0.568966,0.438302,0.529720,0.691207,0.515107,0.347175,0.504973,0.504343,0.397245,0.454797,0.601399,0.681919
X_feature_market_cap_log_std126,X_feature_market_cap_log_to_max504,0.382606,0.192713,0.244046,0.649812,0.627922,0.363821,0.251680,0.125281,0.236051,0.201182,0.612486,0.514275,0.186178,0.345745,0.366395,0.120165,0.222262,0.404747,0.435077,0.224708,0.247770,0.361866,0.360527,0.086323
X_feature_market_cap_log_std126,X_feature_market_cap_log_diff_504,-0.044757,-0.143041,-0.352984,-0.006801,0.443869,0.174633,-0.244041,-0.331976,-0.247281,-0.168211,0.320661,0.405716,-0.042720,-0.130958,0.045545,-0.075768,-0.192852,0.081981,0.280201,0.081449,-0.034841,0.045618,0.246866,-0.179430
X_feature_market_cap_log_std126,X_feature_market_cap_log_to_min504,-0.194788,-0.389752,-0.468310,-0.222720,-0.008725,-0.483104,-0.461119,-0.426882,-0.393961,-0.299237,-0.121111,-0.654830,-0.471771,-0.216514,-0.251305,-0.362581,-0.343346,-0.073614,-0.227319,-0.211652,-0.180793,-0.182903,-0.333545,-0.516777
X_feature_market_cap_log_std126,X_feature_pv_pv_corr21,0.047717,0.095136,0.020161,0.108567,0.004381,0.059407,0.026704,0.030294,0.021697,0.057532,-0.028001,0.116784,0.092838,0.000224,0.045275,0.068254,0.019451,0.074547,0.082363,-0.002397,-0.014832,0.030456,0.093921,0.073298
X_feature_market_cap_log_std126,X_feature_pv_pv_corr126,0.033545,0.137888,0.057280,0.046901,-0.023981,0.178982,0.085982,0.163312,0.026942,0.192823,-0.173914,0.230506,0.260758,0.100365,0.125732,0.292179,0.152503,0.100195,0.193115,0.122773,0.023037,0.032307,0.243339,0.323062
X_feature_market_cap_log_std126,X_feature_pv_pv_corr63,0.047729,0.139102,0.025374,0.116467,-0.011473,0.158362,0.065828,0.103779,0.046063,0.137373,-0.125499,0.212675,0.202177,0.052481,0.113609,0.211495,0.094895,0.094052,0.158540,0.074936,-0.006389,0.064388,0.208590,0.208287
X_feature_market_cap_log_std126,X_feature_liquidity_turnover_level63,0.461928,0.602766,0.612167,0.625065,0.540367,0.506066,0.534262,0.581268,0.578497,0.515816,0.562276,0.441220,0.473528,0.452943,0.541832,0.425766,0.526045,0.528424,0.557144,0.487222,0.466135,0.474638,0.499376,0.424968
X_feature_market_cap_log_std126,X_feature_volume_log_volume_ratio_max126,0.095139,0.102494,0.088158,0.125678,0.146702,0.151447,0.225671,0.199982,0.158323,0.169820,0.167574,0.122579,0.206117,0.161443,0.159577,0.206698,0.239183,0.201493,0.215147,0.237447,0.253753,0.211661,0.133795,0.203424
X_feature_market_cap_log_std126,X_feature_volume_log_volume_ratio_max252,0.066923,0.058478,0.050308,0.087848,0.095834,0.097403,0.170814,0.163512,0.103474,0.139492,0.114575,0.071713,0.159673,0.124060,0.116527,0.186996,0.193202,0.159981,0.163365,0.179770,0.204213,0.163967,0.102644,0.194560
X_feature_market_cap_log_std126,X_feature_pv_illiquidity_mean21,0.036060,-0.081536,-0.129305,0.149182,0.162668,0.062444,0.040717,0.001816,0.008361,0.054793,0.236531,0.326768,0.117687,0.152968,0.159133,0.092068,0.095051,0.137429,0.230327,0.141407,0.083311,0.163642,0.243823,0.136971
X_feature_market_cap_log_std126,X_feature_volume_log_volume_std504,0.006870,0.006374,0.042357,0.011277,-0.016515,0.062342,0.222719,0.225346,0.184094,0.188361,0.147302,0.163752,0.215146,0.229225,0.225180,0.226498,0.254343,0.163083,0.170955,0.185450,0.173121,0.203185,0.152472,0.202828
X_feature_market_cap_log_std126,X_feature_volume_log_volume_std126,0.006986,-0.016551,0.004863,0.028558,0.098517,0.154934,0.252728,0.246662,0.174174,0.192212,0.194296,0.218263,0.213677,0.242713,0.219856,0.230745,0.293002,0.178639,0.163966,0.225381,0.182651,0.210904,0.168889,0.227937
X_feature_market_cap_log_std126,X_feature_volume_log_volume_std63,-0.005978,-0.027144,-0.017257,0.051926,0.108484,0.137445,0.226867,0.219332,0.143855,0.169753,0.183791,0.180985,0.184164,0.202294,0.195955,0.197732,0.259112,0.148590,0.155602,0.188983,0.163225,0.190776,0.154005,0.193092
X_feature_market_cap_log_std126,X_feature_market_corr504,0.139402,0.015045,-0.183331,-0.395227,-0.240423,0.067290,0.235773,0.248848,0.233034,0.166297,0.162280,0.064441,0.136891,0.050080,0.199127,0.264371,0.347733,0.343266,0.317974,0.237975,0.187675,0.028512,0.111292,0.264159
X_feature_market_cap_log_std126,X_feature_market_corr252,0.111065,-0.033395,-0.188221,-0.435730,-0.077265,0.156077,0.201990,0.307638,0.223126,0.194547,0.201587,0.074707,0.068485,0.119266,0.193537,0.264475,0.358890,0.389484,0.320065,0.139880,0.190901,0.031140,0.180479,0.201713
X_feature_market_cap_log_std126,X_feature_short_interest_to_volume_log_ratio_std252,0.111647,0.095872,0.172193,0.161072,0.073548,0.125095,0.253130,0.240741,0.183021,0.170965,0.189881,0.247696,0.176986,0.214535,0.216663,0.227528,0.284609,0.226758,0.222283,0.255688,0.239528,0.254244,0.303461,0.258956
X_feature_market_cap_log_std126,X_feature_short_interest_to_volume_log_ratio_std63,0.088220,0.104340,0.151148,0.132736,0.157653,0.178587,0.257267,0.254230,0.186065,0.197017,0.196097,0.192115,0.185457,0.185909,0.234272,0.230474,0.313492,0.207685,0.207342,0.284861,0.237886,0.275212,0.238104,0.233776
X_feature_market_cap_log_std126,X_feature_short_interest_to_volume_log_ratio,-0.051576,-0.119488,-0.200960,-0.176899,-0.030563,0.001308,-0.053215,-0.108654,-0.105633,-0.009065,-0.008542,0.018610,0.014989,-0.043219,-0.024110,0.004855,-0.028567,0.037987,0.051901,0.040007,0.043840,0.013717,0.006455,0.031464
X_feature_market_cap_log_std126,X_feature_short_interest_to_volume_log_ratio_mean252,-0.045415,-0.101237,-0.226151,-0.265582,-0.133775,0.016579,-0.066866,-0.106594,-0.089752,-0.009138,0.013369,0.072402,0.030046,0.005867,-0.030447,0.023186,0.013997,0.040942,0.058268,0.099414,0.090007,0.049074,0.021552,0.055827
X_feature_market_cap_log_std126,X_feature_short_interest_to_volume_log_ratio_mean63,-0.070396,-0.152985,-0.252302,-0.237047,-0.064715,-0.006362,-0.091597,-0.149771,-0.127902,-0.031569,-0.034423,0.025047,0.008814,-0.033391,-0.045757,0.016328,-0.032372,0.023077,0.042375,0.040035,0.043997,0.010357,-0.001096,0.039523
X_feature_market_cap_log_std126,X_feature_short_interest_log_diff21,0.005172,0.011146,0.029638,0.007407,0.008142,-0.003136,0.005528,-0.010599,0.002073,0.012193,0.039840,-0.018774,-0.017131,-0.027052,0.022631,-0.047669,-0.009777,0.014166,0.001871,-0.001851,-0.025870,0.018041,0.009525,-0.036845
X_feature_market_cap_log_std126,X_feature_short_interest_log_diff252,0.052781,0.042330,0.083207,0.154924,0.142624,0.050719,0.088042,0.005186,0.033532,0.052767,0.103269,0.041734,0.021826,0.007573,0.111328,0.039780,0.017309,0.137209,0.162113,0.026392,0.008608,0.099734,0.166509,0.026192
X_feature_market_cap_log_std126,X_feature_short_interest_log_diff63,0.002974,0.025461,0.055675,0.045770,0.032107,0.021779,0.033340,-0.012600,0.005834,0.031792,0.065473,-0.021408,-0.018501,-0.039240,0.081015,-0.046637,-0.008346,0.024534,0.033034,-0.001435,-0.046168,0.060186,0.048251,-0.067276
X_feature_market_cap_log_std126,X_feature_short_interest_log_diff126,-0.000741,0.009070,0.083897,0.095126,0.073156,0.024975,0.048241,-0.012345,0.023463,0.052381,0.087709,-0.007537,0.007764,-0.010230,0.100866,-0.004097,0.014480,0.068381,0.089587,0.020827,-0.026546,0.088788,0.115799,-0.046374
X_feature_market_cap_log_std504,X_feature_market_cap_log_std252,0.704450,0.756891,0.817227,0.777819,0.766324,0.819955,0.743843,0.737920,0.744963,0.709618,0.779990,0.860267,0.709353,0.672711,0.739150,0.716260,0.653393,0.726417,0.736039,0.692789,0.667010,0.715202,0.751754,0.784264
X_feature_market_cap_log_std504,X_feature_market_cap_log_diff_126,-0.183946,-0.262554,-0.070642,0.316396,0.203654,-0.262901,-0.144626,-0.287065,-0.079445,-0.165191,0.308769,-0.079964,-0.207251,-0.133353,0.004524,-0.246276,-0.157746,0.009931,0.054932,-0.123409,-0.133342,0.108195,0.013807,-0.299071
X_feature_market_cap_log_std504,X_feature_market_cap_log_to_min126,0.372548,0.469059,0.321843,0.345767,0.280889,0.528099,0.360520,0.434262,0.319675,0.326261,0.267338,0.582379,0.405103,0.343344,0.327873,0.350398,0.294309,0.275880,0.316930,0.274637,0.243254,0.235420,0.378324,0.423004
X_feature_market_cap_log_std504,X_feature_market_cap_log_to_max504,0.060442,0.117050,0.267217,0.578224,0.520024,0.526548,0.197358,0.022742,0.193957,0.150283,0.572682,0.822279,0.201343,0.119949,0.376108,0.156658,0.082069,0.228957,0.549473,0.207180,0.085792,0.388853,0.387136,0.148975
X_feature_market_cap_log_std504,X_feature_market_cap_log_diff_504,-0.652692,-0.437183,-0.524346,-0.262984,0.164639,0.234733,-0.516267,-0.695389,-0.604455,-0.529470,0.186859,0.678483,-0.123588,-0.662734,-0.141669,-0.350443,-0.687773,-0.329598,0.236220,-0.162442,-0.510914,-0.116910,0.110920,-0.385743
X_feature_market_cap_log_std504,X_feature_market_cap_log_to_min504,-0.780523,-0.710989,-0.694296,-0.559865,-0.393022,-0.607889,-0.860565,-0.788686,-0.760412,-0.691828,-0.374701,-0.616526,-0.853272,-0.773299,-0.468036,-0.700317,-0.827707,-0.540464,-0.417843,-0.604358,-0.683581,-0.422064,-0.488659,-0.823429
X_feature_market_cap_log_std504,X_feature_pv_pv_corr21,0.027284,0.083229,-0.009713,0.076655,0.036934,0.051148,0.014908,-0.000783,-0.005591,0.054237,-0.011877,0.099826,0.079875,0.008458,0.037602,0.023327,-0.017017,0.057478,0.075527,-0.014155,-0.035871,0.013281,0.074386,0.073560
X_feature_market_cap_log_std504,X_feature_pv_pv_corr126,0.081458,0.127582,0.035908,0.047739,0.046798,0.149912,0.050499,0.074064,-0.022611,0.117303,-0.068610,0.161642,0.189301,0.086692,0.079163,0.129338,0.045291,0.095957,0.172595,0.073868,-0.013089,-0.012718,0.171794,0.214581
X_feature_market_cap_log_std504,X_feature_pv_pv_corr63,0.031466,0.102523,-0.003859,0.081691,0.046595,0.108173,0.014131,0.020160,-0.027850,0.086829,-0.045011,0.158187,0.133572,0.033744,0.063522,0.058875,-0.003495,0.071426,0.124332,0.016374,-0.047149,0.008215,0.130494,0.136193
X_feature_market_cap_log_std504,X_feature_liquidity_turnover_level63,0.284970,0.502828,0.615735,0.618515,0.536185,0.502585,0.518984,0.493338,0.522598,0.426769,0.497840,0.429336,0.432314,0.375466,0.511671,0.392716,0.300553,0.409449,0.509742,0.396375,0.299413,0.444996,0.495936,0.448742
X_feature_market_cap_log_std504,X_feature_volume_log_volume_ratio_max126,0.002351,0.048158,0.073922,0.082046,0.155652,0.102194,0.180357,0.128390,0.093027,0.125099,0.171696,0.065745,0.092962,0.115409,0.154304,0.163675,0.126798,0.191713,0.192083,0.185002,0.185908,0.176309,0.186301,0.163525
X_feature_market_cap_log_std504,X_feature_volume_log_volume_ratio_max252,0.019697,0.055031,0.080825,0.093567,0.162533,0.097198,0.168039,0.159141,0.086553,0.149383,0.175274,0.053064,0.110233,0.121939,0.164320,0.186045,0.126631,0.214643,0.223219,0.234590,0.222403,0.215852,0.219036,0.249943
X_feature_market_cap_log_std504,X_feature_pv_illiquidity_mean21,-0.043564,-0.108637,-0.151626,0.067098,0.116039,0.045306,0.044013,0.034369,0.007882,0.041232,0.200469,0.343708,0.143677,0.092722,0.154851,0.084279,0.051234,0.093228,0.206144,0.190772,0.080499,0.127468,0.203528,0.126030
X_feature_market_cap_log_std504,X_feature_volume_log_volume_std504,0.059508,0.030993,0.057599,0.058864,0.026607,0.062685,0.267329,0.275072,0.211234,0.223095,0.183821,0.150767,0.199004,0.244955,0.288454,0.261673,0.245208,0.237808,0.198457,0.227406,0.234650,0.228630,0.223628,0.218382
X_feature_market_cap_log_std504,X_feature_volume_log_volume_std126,-0.046095,-0.044177,-0.028688,-0.003643,0.087096,0.127537,0.218029,0.214581,0.120370,0.135583,0.192379,0.186752,0.134947,0.179177,0.229352,0.199620,0.195517,0.179153,0.146963,0.197611,0.152273,0.171229,0.187915,0.156214
X_feature_market_cap_log_std504,X_feature_volume_log_volume_std63,-0.057339,-0.044400,-0.038091,0.020228,0.082863,0.120180,0.196238,0.185945,0.089369,0.123131,0.179109,0.170942,0.122807,0.143381,0.202688,0.165361,0.165155,0.149945,0.126913,0.156604,0.125753,0.143237,0.163171,0.111119
X_feature_market_cap_log_std504,X_feature_market_corr504,0.030839,-0.039160,-0.189205,-0.330089,-0.165122,0.150400,0.227960,0.261445,0.246611,0.164748,0.217068,0.082730,0.027740,0.036040,0.273439,0.235252,0.106494,0.380173,0.450046,0.232302,-0.019873,0.101793,0.304993,0.274797
X_feature_market_cap_log_std504,X_feature_market_corr252,-0.036388,-0.130503,-0.225117,-0.359495,0.041560,0.228463,0.074552,0.246997,0.150046,0.142397,0.243676,0.078055,-0.143546,0.063638,0.262548,0.183960,0.021902,0.357505,0.439228,0.054228,-0.046212,0.072415,0.345370,0.101161
X_feature_market_cap_log_std504,X_feature_short_interest_to_volume_log_ratio_std252,0.098397,0.078236,0.143750,0.174910,0.101018,0.122277,0.222688,0.234821,0.164424,0.121130,0.181089,0.211987,0.138378,0.171087,0.245224,0.212329,0.233324,0.253284,0.221468,0.233321,0.239230,0.280444,0.296638,0.235819
X_feature_market_cap_log_std504,X_feature_short_interest_to_volume_log_ratio_std63,0.024926,0.032705,0.096319,0.078827,0.106125,0.135302,0.197286,0.180492,0.101833,0.078230,0.130941,0.163837,0.110205,0.112252,0.218126,0.177424,0.196051,0.184481,0.122032,0.182128,0.156974,0.219221,0.175137,0.146492
X_feature_market_cap_log_std504,X_feature_short_interest_to_volume_log_ratio,-0.076723,-0.109720,-0.178809,-0.189546,-0.050272,-0.025413,-0.051498,-0.095815,-0.122760,-0.027106,0.038931,-0.028818,-0.045627,-0.063147,-0.017080,-0.053221,-0.139094,0.001391,0.083544,0.020798,-0.028663,0.011824,0.046320,0.007070
X_feature_market_cap_log_std504,X_feature_short_interest_to_volume_log_ratio_mean252,-0.068262,-0.128572,-0.236026,-0.307114,-0.175262,-0.018148,-0.030573,-0.093026,-0.122070,-0.036386,0.033146,-0.015795,-0.016106,0.008224,-0.012801,-0.010916,-0.089636,-0.007039,0.074565,0.060990,-0.002445,0.007131,0.031840,0.025384
X_feature_market_cap_log_std504,X_feature_short_interest_to_volume_log_ratio_mean63,-0.088711,-0.136976,-0.219368,-0.257528,-0.093299,-0.024141,-0.070516,-0.118657,-0.138968,-0.040955,0.026042,-0.025552,-0.041515,-0.055217,-0.031916,-0.050504,-0.152769,-0.016094,0.088481,0.029862,-0.037571,0.004894,0.035750,0.007255
X_feature_market_cap_log_std504,X_feature_short_interest_log_diff21,0.013413,0.030623,0.027372,0.013803,-0.007755,0.002542,-0.012594,-0.017948,-0.004975,-0.002465,0.017973,-0.005171,-0.017876,-0.009804,0.026774,-0.032666,-0.006367,0.032847,0.008085,-0.014322,-0.003261,0.028201,0.022595,-0.021815
X_feature_market_cap_log_std504,X_feature_short_interest_log_diff252,0.015331,0.028491,0.056400,0.136113,0.098397,0.018794,-0.029174,-0.062878,-0.032303,-0.048668,0.065695,0.076628,-0.072148,-0.144550,0.052910,-0.081414,-0.172264,0.034978,0.135983,-0.061090,-0.103188,0.086722,0.163219,-0.106258
X_feature_market_cap_log_std504,X_feature_short_interest_log_diff63,0.012833,0.031237,0.034913,0.040258,0.005002,-0.005426,-0.025495,-0.038541,-0.015203,-0.017528,0.025895,-0.000063,-0.039594,-0.063209,0.057218,-0.066464,-0.033654,0.026354,0.028156,-0.029252,-0.026965,0.068960,0.052374,-0.056929
X_feature_market_cap_log_std504,X_feature_short_interest_log_diff126,-0.002934,0.019536,0.053470,0.077591,0.037191,-0.002684,-0.039301,-0.057633,-0.028273,-0.038723,0.043626,0.009700,-0.062765,-0.094721,0.056598,-0.093678,-0.075934,0.021784,0.061447,-0.047546,-0.052262,0.088046,0.104396,-0.097282
X_feature_market_cap_log_std252,X_feature_market_cap_log_diff_126,-0.116520,-0.240320,-0.045155,0.317258,0.269575,-0.302879,-0.232116,-0.353728,-0.134896,-0.266378,0.483569,-0.116395,-0.303451,-0.110929,-0.031099,-0.460610,-0.260371,0.076661,0.052344,-0.199652,-0.175392,0.112455,0.092824,-0.443664
X_feature_market_cap_log_std252,X_feature_market_cap_log_to_min126,0.442954,0.515871,0.365504,0.418741,0.347151,0.588163,0.446178,0.527140,0.410926,0.433160,0.254317,0.647467,0.480866,0.402809,0.408296,0.549945,0.419355,0.287304,0.391186,0.369360,0.363066,0.298118,0.452350,0.512134
X_feature_market_cap_log_std252,X_feature_market_cap_log_to_max504,0.228543,0.214845,0.289838,0.584058,0.614845,0.441208,0.175244,0.093813,0.221564,0.123437,0.706033,0.610964,0.067817,0.262299,0.398462,0.072499,0.149206,0.361569,0.502337,0.164531,0.177899,0.381172,0.474516,0.004071
X_feature_market_cap_log_std252,X_feature_market_cap_log_diff_504,-0.274954,-0.201293,-0.378272,-0.062057,0.384394,0.228604,-0.368760,-0.443995,-0.353057,-0.298741,0.403926,0.450891,-0.178769,-0.292757,0.040264,-0.194163,-0.348689,-0.029017,0.320310,-0.052848,-0.180032,0.015299,0.302098,-0.274636
X_feature_market_cap_log_std252,X_feature_market_cap_log_to_min504,-0.450991,-0.488893,-0.521805,-0.345172,-0.126045,-0.498551,-0.626872,-0.547851,-0.519981,-0.476285,-0.100831,-0.678838,-0.669824,-0.399468,-0.294777,-0.535056,-0.511806,-0.222514,-0.255263,-0.427795,-0.364030,-0.256483,-0.342625,-0.752759
X_feature_market_cap_log_std252,X_feature_pv_pv_corr21,0.053568,0.090303,0.008312,0.106665,0.024519,0.043714,0.015797,0.007205,0.000584,0.046104,-0.018538,0.101812,0.068675,0.000343,0.039622,0.036825,-0.007036,0.066567,0.069984,-0.034035,-0.022701,0.012496,0.100968,0.053025
X_feature_market_cap_log_std252,X_feature_pv_pv_corr126,0.107908,0.131475,0.045782,0.097437,0.017848,0.162983,0.091397,0.141912,0.013599,0.181765,-0.140425,0.185875,0.240564,0.104132,0.100958,0.252264,0.134504,0.114719,0.184474,0.105404,0.024190,0.008466,0.220417,0.249848
X_feature_market_cap_log_std252,X_feature_pv_pv_corr63,0.061945,0.109591,0.014001,0.125487,0.015511,0.120025,0.023025,0.055592,-0.002618,0.098522,-0.083217,0.169399,0.139241,0.037725,0.072648,0.121122,0.034116,0.085141,0.131281,0.011344,-0.026985,0.018447,0.178920,0.125635
X_feature_market_cap_log_std252,X_feature_liquidity_turnover_level63,0.396905,0.593152,0.612779,0.594047,0.568523,0.483204,0.526169,0.546791,0.563787,0.457937,0.548107,0.446390,0.404651,0.441327,0.536952,0.367102,0.439992,0.489812,0.543458,0.434157,0.419032,0.477503,0.547297,0.406004
X_feature_market_cap_log_std252,X_feature_volume_log_volume_ratio_max126,0.043733,0.074032,0.093267,0.101635,0.157899,0.133233,0.182421,0.165772,0.147107,0.147047,0.170735,0.105533,0.147409,0.134453,0.159548,0.173627,0.193837,0.209421,0.201703,0.222957,0.242192,0.192477,0.154019,0.155523
X_feature_market_cap_log_std252,X_feature_volume_log_volume_ratio_max252,0.059031,0.073342,0.083153,0.102949,0.140340,0.128299,0.172279,0.191151,0.132060,0.156645,0.155286,0.087757,0.181099,0.137521,0.153121,0.202679,0.202341,0.219826,0.208440,0.244599,0.253941,0.199651,0.147022,0.220998
X_feature_market_cap_log_std252,X_feature_pv_illiquidity_mean21,-0.006398,-0.087727,-0.112322,0.118365,0.155715,0.080450,0.044366,-0.008951,0.016588,0.035625,0.257190,0.336337,0.120951,0.121188,0.192214,0.084647,0.089729,0.133054,0.233871,0.156004,0.075063,0.158729,0.278710,0.157052
X_feature_market_cap_log_std252,X_feature_volume_log_volume_std504,0.028268,0.001121,0.064191,0.028845,0.006762,0.073186,0.251493,0.246718,0.220893,0.217593,0.159729,0.158401,0.222389,0.244101,0.259027,0.237827,0.271306,0.204295,0.156330,0.227207,0.200434,0.211678,0.174688,0.185768
X_feature_market_cap_log_std252,X_feature_volume_log_volume_std126,-0.022483,-0.048482,-0.009377,0.019267,0.097972,0.148158,0.232087,0.227693,0.168471,0.178817,0.189108,0.186728,0.174896,0.216185,0.237280,0.209235,0.263396,0.190760,0.135664,0.216754,0.181668,0.201664,0.170204,0.180862
X_feature_market_cap_log_std252,X_feature_volume_log_volume_std63,-0.034860,-0.051679,-0.027942,0.041871,0.098079,0.130353,0.208323,0.195840,0.127008,0.157149,0.171614,0.158082,0.155153,0.170405,0.212077,0.172560,0.225063,0.155927,0.115109,0.170139,0.147832,0.169415,0.153335,0.130280
X_feature_market_cap_log_std252,X_feature_market_corr504,0.126594,0.000993,-0.145704,-0.368073,-0.205847,0.095889,0.225901,0.292131,0.245051,0.200053,0.184433,0.045685,0.113751,0.060691,0.185438,0.245424,0.324762,0.391407,0.373256,0.190430,0.148653,0.104590,0.209695,0.178976
X_feature_market_cap_log_std252,X_feature_market_corr252,0.088574,-0.063831,-0.161767,-0.387975,-0.016504,0.187312,0.148739,0.329492,0.219652,0.217391,0.227613,0.045829,0.012670,0.129999,0.185244,0.199378,0.317611,0.433317,0.385614,0.061753,0.143595,0.119865,0.295929,0.102644
X_feature_market_cap_log_std252,X_feature_short_interest_to_volume_log_ratio_std252,0.130618,0.086726,0.188681,0.188527,0.099104,0.146326,0.258700,0.271797,0.215053,0.182630,0.220987,0.240122,0.182154,0.230960,0.251680,0.233555,0.293826,0.269085,0.231668,0.303949,0.289522,0.290076,0.358721,0.252972
X_feature_market_cap_log_std252,X_feature_short_interest_to_volume_log_ratio_std63,0.046584,0.044272,0.114877,0.105624,0.137485,0.149598,0.222851,0.200052,0.149718,0.142367,0.158422,0.171634,0.141945,0.147030,0.228719,0.196131,0.247412,0.183245,0.130371,0.231805,0.196768,0.241020,0.200833,0.151219
X_feature_market_cap_log_std252,X_feature_short_interest_to_volume_log_ratio,-0.060344,-0.110312,-0.186681,-0.178098,-0.036831,0.002639,-0.058371,-0.097911,-0.093045,-0.004804,0.033680,-0.019689,0.014696,-0.077798,-0.013097,-0.047475,-0.054967,0.039260,0.060773,-0.003792,0.030992,0.001151,0.008643,-0.001547
X_feature_market_cap_log_std252,X_feature_short_interest_to_volume_log_ratio_mean252,-0.037566,-0.122544,-0.240188,-0.270676,-0.131146,0.018394,-0.037491,-0.104336,-0.085588,-0.008708,0.023914,0.004984,0.061212,0.001358,-0.007741,-0.009509,0.019800,0.036440,0.061757,0.044862,0.082971,0.021235,0.009129,0.038403
X_feature_market_cap_log_std252,X_feature_short_interest_to_volume_log_ratio_mean63,-0.066658,-0.147808,-0.238087,-0.235030,-0.074760,0.006057,-0.075075,-0.130100,-0.112572,-0.011550,0.009075,-0.015545,0.028264,-0.061625,-0.033315,-0.033120,-0.047682,0.025998,0.056592,-0.005014,0.031725,-0.006664,-0.011636,0.003203
X_feature_market_cap_log_std252,X_feature_short_interest_log_diff21,0.000771,0.031986,0.033816,-0.001914,0.003165,-0.007243,-0.012881,-0.018037,-0.001965,-0.006380,0.044874,-0.010673,-0.028567,-0.031493,0.031728,-0.059623,-0.026408,0.018951,-0.002256,-0.009215,-0.023446,0.031023,0.031061,-0.043553
X_feature_market_cap_log_std252,X_feature_short_interest_log_diff252,0.014338,0.034193,0.079178,0.141261,0.130350,0.020968,0.043408,-0.011866,0.020963,0.033527,0.124996,0.043152,-0.050098,-0.073241,0.089548,-0.036369,-0.071249,0.100051,0.131181,-0.030240,-0.065956,0.097096,0.196911,-0.093825
X_feature_market_cap_log_std252,X_feature_short_interest_log_diff63,-0.020494,0.035636,0.054132,0.014249,0.012315,-0.011565,-0.026118,-0.030904,-0.007481,-0.011944,0.071087,-0.012214,-0.062248,-0.085287,0.069485,-0.107017,-0.059842,0.012862,0.013547,-0.023200,-0.049133,0.064983,0.072588,-0.090151
X_feature_market_cap_log_std252,X_feature_short_interest_log_diff126,-0.039407,0.010783,0.070714,0.059988,0.050052,-0.002916,-0.027598,-0.037923,-0.000560,0.001352,0.099039,0.001166,-0.098564,-0.094366,0.073594,-0.110737,-0.092488,0.024503,0.049018,-0.037790,-0.070355,0.081936,0.128429,-0.147089
X_feature_market_cap_log_diff_126,X_feature_market_cap_log_to_min126,-0.649216,-0.749364,-0.726076,-0.315404,-0.444239,-0.740075,-0.776961,-0.815044,-0.726160,-0.812748,-0.376483,-0.535420,-0.783544,-0.689610,-0.676382,-0.859824,-0.793789,-0.655377,-0.609110,-0.811077,-0.782642,-0.586881,-0.513780,-0.860974
X_feature_market_cap_log_diff_126,X_feature_market_cap_log_to_max504,0.719238,0.596073,0.670111,0.632789,0.644611,0.278595,0.638082,0.628656,0.678647,0.649018,0.777865,0.253455,0.534388,0.672427,0.613318,0.490228,0.630917,0.750752,0.544591,0.619836,0.707791,0.709219,0.653916,0.488325
X_feature_market_cap_log_diff_126,X_feature_market_cap_log_diff_504,0.549644,0.487956,0.414120,0.127725,0.514033,0.242258,0.416745,0.540867,0.407911,0.507937,0.581549,0.218609,0.412372,0.515435,0.457160,0.354759,0.413477,0.603338,0.351783,0.499604,0.461278,0.512985,0.568258,0.227816
X_feature_market_cap_log_diff_126,X_feature_market_cap_log_to_min504,0.584523,0.638391,0.485744,0.221377,0.503289,0.619765,0.414298,0.593519,0.467919,0.597440,0.438140,0.483365,0.434582,0.508039,0.582285,0.554946,0.465400,0.613767,0.574006,0.582914,0.563307,0.586198,0.549685,0.490629
X_feature_market_cap_log_diff_126,X_feature_pv_pv_corr21,-0.193175,-0.213790,-0.181253,-0.078658,-0.171911,-0.192828,-0.188540,-0.182637,-0.169007,-0.201636,-0.156495,-0.118448,-0.159311,-0.137771,-0.144873,-0.167497,-0.173862,-0.121859,-0.159784,-0.180413,-0.145547,-0.119269,-0.102063,-0.121842
X_feature_market_cap_log_diff_126,X_feature_pv_pv_corr126,-0.490031,-0.506296,-0.443570,-0.373682,-0.443506,-0.522321,-0.512718,-0.495224,-0.496259,-0.486430,-0.438892,-0.397455,-0.441200,-0.456711,-0.457948,-0.504927,-0.525430,-0.454232,-0.448475,-0.547304,-0.475952,-0.429756,-0.303904,-0.429634
X_feature_market_cap_log_diff_126,X_feature_pv_pv_corr63,-0.345715,-0.362044,-0.294480,-0.188902,-0.316428,-0.348840,-0.342568,-0.326598,-0.319265,-0.341605,-0.306647,-0.225589,-0.302226,-0.291791,-0.296449,-0.315804,-0.344076,-0.289415,-0.310859,-0.374783,-0.312907,-0.261223,-0.207349,-0.260737
X_feature_market_cap_log_diff_126,X_feature_liquidity_turnover_level63,0.139367,-0.177038,-0.064687,0.281569,0.182081,-0.156635,0.028357,-0.113531,0.101848,0.010112,0.222735,-0.051463,-0.027082,0.059791,0.136873,-0.008372,0.037537,0.226990,0.135785,0.151841,0.083260,0.233463,0.083236,-0.061292
X_feature_market_cap_log_diff_126,X_feature_volume_log_volume_ratio_max126,0.052063,0.073538,0.085565,0.094784,0.112103,0.068684,0.042634,0.039181,0.047490,-0.038459,0.084489,-0.032289,-0.027729,0.013645,-0.000348,-0.033612,-0.009667,-0.078973,-0.000468,-0.030330,-0.026807,-0.031169,-0.106241,-0.030558
X_feature_market_cap_log_diff_126,X_feature_volume_log_volume_ratio_max252,0.025000,0.046885,0.050488,0.050964,0.046391,0.019186,0.005193,-0.001640,0.022817,-0.053451,0.061711,-0.053615,-0.048388,-0.006088,-0.033693,-0.092470,-0.055934,-0.098170,-0.026931,-0.061526,-0.073318,-0.059713,-0.158435,-0.031314
X_feature_market_cap_log_diff_126,X_feature_pv_illiquidity_mean21,0.213281,0.272413,0.250307,0.127529,0.124021,0.045830,0.029432,0.078104,0.088196,0.097240,0.244590,0.081523,0.034992,0.129285,0.117629,0.013407,0.119961,0.135660,0.118023,0.110085,0.148414,0.208254,0.271294,0.030026
X_feature_market_cap_log_diff_126,X_feature_volume_log_volume_std504,-0.011009,0.069380,-0.051790,-0.071400,-0.123701,-0.063444,-0.070648,-0.073055,-0.011137,-0.044001,0.084768,-0.041863,-0.044682,-0.004204,-0.014686,-0.084762,-0.005911,-0.077139,0.041319,-0.029309,-0.000697,-0.016065,-0.063973,0.023753
X_feature_market_cap_log_diff_126,X_feature_volume_log_volume_std126,0.034418,0.107338,0.023943,-0.065295,0.003674,-0.025139,-0.017535,-0.015926,0.013698,-0.032342,0.106922,-0.023357,-0.021447,0.018935,0.013003,-0.048358,0.005035,-0.053927,0.027663,0.004310,0.036028,-0.014104,-0.056638,-0.005345
X_feature_market_cap_log_diff_126,X_feature_volume_log_volume_std63,0.049037,0.113486,0.027852,-0.025798,0.029589,-0.021467,0.001237,-0.008241,0.014944,-0.032175,0.110305,-0.001848,-0.004693,0.035283,0.016004,-0.032349,0.016406,-0.045239,0.019889,0.021621,0.036955,-0.002984,-0.051895,0.007451
X_feature_market_cap_log_diff_126,X_feature_market_corr504,0.066387,0.144766,-0.029113,-0.262263,-0.162611,-0.027181,-0.115976,-0.133668,0.045780,-0.051500,0.018447,-0.000332,0.028683,0.014623,0.063040,0.040361,-0.014577,0.035266,0.051174,0.180079,0.017948,0.011848,-0.011862,0.082461
X_feature_market_cap_log_diff_126,X_feature_market_corr252,0.074641,0.191685,-0.002546,-0.291031,-0.078853,-0.011507,-0.118604,-0.104267,0.037925,-0.053347,0.053294,0.032332,0.089433,-0.012093,0.061860,0.066349,-0.023648,0.077039,0.092366,0.234157,0.048087,0.024570,-0.019035,0.072065
X_feature_market_cap_log_diff_126,X_feature_short_interest_to_volume_log_ratio_std252,0.008243,0.041079,-0.011976,0.013137,-0.064106,-0.043282,-0.063527,-0.045086,0.016082,0.003584,0.133137,-0.002324,-0.009162,0.038245,0.035340,-0.059230,0.019257,0.023035,0.039743,-0.011186,0.013731,0.020325,0.018983,-0.034328
X_feature_market_cap_log_diff_126,X_feature_short_interest_to_volume_log_ratio_std63,0.056168,0.080008,0.007916,0.007304,0.062617,0.007837,0.016162,0.007775,0.042410,0.019009,0.133416,0.022533,0.034407,0.021439,0.060278,-0.025023,0.063903,-0.007191,0.057561,0.020747,0.054510,0.058086,0.009786,0.016988
X_feature_market_cap_log_diff_126,X_feature_short_interest_to_volume_log_ratio,-0.017194,0.065119,0.017489,-0.157771,-0.060368,-0.009817,-0.051386,0.028526,0.001341,0.047146,0.019814,0.003778,-0.056766,-0.015411,-0.028794,-0.002961,-0.007473,0.019127,-0.001866,0.061763,-0.019584,-0.016917,-0.076336,0.039481
X_feature_market_cap_log_diff_126,X_feature_short_interest_to_volume_log_ratio_mean252,-0.043045,0.091517,0.015898,-0.199923,-0.114622,-0.034612,-0.062914,0.015646,-0.001297,0.056170,-0.013176,0.011750,-0.086874,-0.026899,-0.078996,-0.012621,-0.032042,-0.006442,-0.013452,0.038357,-0.050476,-0.016982,-0.062300,0.040575
X_feature_market_cap_log_diff_126,X_feature_short_interest_to_volume_log_ratio_mean63,-0.031860,0.082196,0.000489,-0.190892,-0.090134,-0.034773,-0.079421,0.025363,-0.012750,0.041586,-0.002614,-0.006233,-0.074993,-0.022114,-0.063661,-0.026148,-0.036728,-0.004640,-0.018481,0.043825,-0.042353,-0.029322,-0.099797,0.035306
X_feature_market_cap_log_diff_126,X_feature_short_interest_log_diff21,0.024218,-0.002217,0.014570,0.008968,0.023666,0.024705,0.018387,0.021951,0.011642,0.059422,0.064704,0.035868,0.052835,0.050654,0.082292,0.089963,0.089326,0.101911,0.081408,0.118096,0.086861,0.075595,0.104602,0.068722
X_feature_market_cap_log_diff_126,X_feature_short_interest_log_diff252,0.015102,0.001222,-0.022030,0.008043,0.032651,0.000368,-0.066209,0.002252,-0.001126,0.090676,0.140094,0.018817,0.056636,0.076505,0.121650,0.067131,0.053362,0.147976,0.104752,0.162663,0.134742,0.091000,0.081648,0.035033
X_feature_market_cap_log_diff_126,X_feature_short_interest_log_diff63,0.046144,-0.001473,0.022849,-0.006200,0.024352,0.022043,0.006418,0.038273,0.024472,0.091201,0.112927,0.054566,0.081863,0.050728,0.120207,0.136382,0.155359,0.153369,0.133307,0.182771,0.163939,0.132397,0.159168,0.131155
X_feature_market_cap_log_diff_126,X_feature_short_interest_log_diff126,0.037766,-0.009006,-0.009032,-0.028526,0.004881,0.000781,-0.061174,0.025388,0.008753,0.082864,0.122551,0.015656,0.064864,0.030796,0.096216,0.101163,0.118911,0.146074,0.129227,0.172882,0.167649,0.131245,0.131691,0.123757
X_feature_market_cap_log_to_min126,X_feature_market_cap_log_to_max504,-0.369615,-0.360716,-0.446374,0.058822,-0.073250,0.019038,-0.421618,-0.443813,-0.427138,-0.470865,-0.168125,0.242785,-0.332222,-0.386375,-0.244005,-0.346268,-0.457476,-0.410161,-0.110333,-0.418730,-0.503720,-0.282658,-0.164735,-0.387947
X_feature_market_cap_log_to_min126,X_feature_market_cap_log_diff_504,-0.426753,-0.432166,-0.459440,-0.112283,-0.068575,-0.029183,-0.437267,-0.516137,-0.415115,-0.483521,-0.166141,0.176809,-0.337968,-0.449994,-0.295979,-0.264281,-0.405505,-0.417060,-0.042852,-0.353498,-0.342161,-0.294107,-0.162303,-0.249946
X_feature_market_cap_log_to_min126,X_feature_market_cap_log_to_min504,-0.582068,-0.684229,-0.615479,-0.420452,-0.516433,-0.678152,-0.535383,-0.613620,-0.549734,-0.623996,-0.712694,-0.873692,-0.556364,-0.541199,-0.597513,-0.537905,-0.513237,-0.588901,-0.624161,-0.552361,-0.511995,-0.582807,-0.739728,-0.557015
X_feature_market_cap_log_to_min126,X_feature_pv_pv_corr21,0.294070,0.316446,0.292402,0.343171,0.282062,0.266629,0.297385,0.271685,0.288168,0.290420,0.302334,0.243279,0.275314,0.228060,0.261940,0.245060,0.273089,0.303984,0.298946,0.266194,0.238692,0.237126,0.219427,0.210254
X_feature_market_cap_log_to_min126,X_feature_pv_pv_corr126,0.362372,0.404142,0.358788,0.330657,0.293052,0.400152,0.394312,0.423222,0.361479,0.426820,0.252415,0.357760,0.432329,0.385855,0.402229,0.467753,0.443213,0.427998,0.427503,0.449643,0.374589,0.343952,0.317293,0.438001
X_feature_market_cap_log_to_min126,X_feature_pv_pv_corr63,0.358949,0.418251,0.363068,0.395317,0.347676,0.406749,0.409179,0.401080,0.390444,0.408886,0.310993,0.356513,0.413044,0.351213,0.401584,0.404933,0.417244,0.430343,0.438385,0.439680,0.360732,0.356400,0.327739,0.355734
X_feature_market_cap_log_to_min126,X_feature_liquidity_turnover_level63,0.185214,0.421855,0.305554,0.306387,0.225082,0.351493,0.221352,0.327808,0.203490,0.198122,0.256315,0.334926,0.239834,0.185717,0.189841,0.182208,0.172215,0.102587,0.236022,0.086953,0.127501,0.120760,0.298974,0.208987
X_feature_market_cap_log_to_min126,X_feature_volume_log_volume_ratio_max126,0.021068,0.016518,-0.002032,0.035717,0.038648,0.060386,0.103036,0.093355,0.077687,0.117031,0.093637,0.105266,0.112460,0.074760,0.079386,0.131401,0.138505,0.168588,0.127895,0.155876,0.154947,0.150902,0.155135,0.112300
X_feature_market_cap_log_to_min126,X_feature_volume_log_volume_ratio_max252,0.029073,0.012873,0.002199,0.041739,0.049934,0.058713,0.104536,0.102642,0.070319,0.110745,0.060293,0.083554,0.108567,0.072805,0.094041,0.163985,0.148028,0.161351,0.110888,0.149259,0.163057,0.146507,0.153783,0.107515
X_feature_market_cap_log_to_min126,X_feature_pv_illiquidity_mean21,-0.134195,-0.203551,-0.237264,0.060721,0.016771,0.012047,0.019362,-0.040123,-0.053893,-0.035850,0.047316,0.207075,0.040220,-0.001554,0.029334,0.041420,-0.035474,-0.011331,0.089499,-0.001591,-0.066927,-0.016999,0.018133,0.027951
X_feature_market_cap_log_to_min126,X_feature_volume_log_volume_std504,-0.012299,-0.035996,0.049246,0.035090,0.031628,0.046828,0.158989,0.148651,0.087489,0.104879,0.048401,0.125088,0.118790,0.107240,0.122856,0.149537,0.121478,0.113248,0.070684,0.107870,0.075343,0.114219,0.122488,0.058844
X_feature_market_cap_log_to_min126,X_feature_volume_log_volume_std126,-0.041215,-0.076528,-0.013928,0.058311,0.030853,0.083941,0.139500,0.129868,0.075140,0.098894,0.064546,0.163017,0.109003,0.092705,0.092667,0.134641,0.125587,0.100883,0.067454,0.102906,0.057605,0.114090,0.128207,0.085942
X_feature_market_cap_log_to_min126,X_feature_volume_log_volume_std63,-0.056897,-0.091125,-0.030801,0.048048,0.007911,0.050753,0.098705,0.102880,0.052982,0.092719,0.054905,0.124770,0.080574,0.054285,0.067529,0.095341,0.100607,0.072546,0.056978,0.061079,0.032476,0.089108,0.110910,0.066271
X_feature_market_cap_log_to_min126,X_feature_market_corr504,0.002124,-0.108585,-0.054114,-0.186424,-0.043135,0.011830,0.185899,0.192067,0.078295,0.116578,0.050282,0.028589,0.006479,0.001779,0.019732,0.062496,0.153931,0.123748,0.124449,-0.024686,0.113402,-0.063927,0.069685,0.043449
X_feature_market_cap_log_to_min126,X_feature_market_corr252,-0.018967,-0.165046,-0.066275,-0.197159,-0.008311,0.059706,0.167945,0.207123,0.071275,0.125270,0.064811,0.030020,-0.058773,0.055076,0.009204,0.048121,0.156367,0.110090,0.101207,-0.103867,0.094062,-0.071403,0.130123,0.009213
X_feature_market_cap_log_to_min126,X_feature_short_interest_to_volume_log_ratio_std252,0.039458,0.026798,0.088834,0.109555,0.057302,0.089341,0.168124,0.137801,0.079053,0.068982,0.071325,0.188606,0.083502,0.077111,0.086912,0.139833,0.104766,0.091296,0.100434,0.119080,0.083582,0.123001,0.214188,0.119921
X_feature_market_cap_log_to_min126,X_feature_short_interest_to_volume_log_ratio_std63,-0.005036,-0.010069,0.056793,0.074343,0.040285,0.059257,0.093473,0.097226,0.044658,0.053788,0.074231,0.126457,0.050464,0.046397,0.044801,0.098369,0.075417,0.077498,0.053799,0.093258,0.037464,0.091953,0.147767,0.068870
X_feature_market_cap_log_to_min126,X_feature_short_interest_to_volume_log_ratio,-0.028619,-0.101712,-0.095126,-0.031490,0.050945,0.025001,0.027452,-0.047731,-0.034793,-0.041697,0.039436,0.009297,0.042064,-0.008580,0.024085,0.022180,0.029420,0.020833,0.049983,0.008851,0.086513,0.027397,0.033209,0.008661
X_feature_market_cap_log_to_min126,X_feature_short_interest_to_volume_log_ratio_mean252,-0.023634,-0.127200,-0.118417,-0.109510,0.012469,0.013066,0.000625,-0.065069,-0.060309,-0.067221,0.041531,0.019867,0.055610,0.008285,0.025974,0.010880,0.021328,-0.014437,0.035473,0.018795,0.091411,0.004505,0.010197,-0.007531
X_feature_market_cap_log_to_min126,X_feature_short_interest_to_volume_log_ratio_mean63,-0.042105,-0.146845,-0.128620,-0.076708,0.025175,0.013856,0.013289,-0.079100,-0.062608,-0.061898,0.012709,0.007487,0.035363,-0.011368,0.018862,0.028092,0.025222,-0.009058,0.039904,0.006004,0.084561,0.014504,0.021914,0.002588
X_feature_market_cap_log_to_min126,X_feature_short_interest_log_diff21,-0.000780,0.020364,0.025027,0.026634,0.009863,0.005340,0.001063,-0.009523,0.010049,-0.024507,0.013671,-0.014183,-0.024769,-0.022340,-0.029640,-0.075370,-0.053946,-0.046969,-0.050218,-0.086856,-0.066166,-0.040424,-0.036241,-0.056740
X_feature_market_cap_log_to_min126,X_feature_short_interest_log_diff252,0.022996,0.015136,0.054339,0.135134,0.065632,0.035152,0.085681,-0.000103,0.011450,-0.047944,0.036505,0.045457,-0.028158,-0.049609,-0.004884,-0.016292,-0.014744,-0.013118,0.041714,-0.089393,-0.058360,0.000336,0.082681,-0.004630
X_feature_market_cap_log_to_min126,X_feature_short_interest_log_diff63,-0.007566,0.035240,0.040476,0.070002,0.024541,0.022917,0.039152,-0.025025,0.005337,-0.035888,0.014858,-0.019042,-0.033969,-0.033823,-0.004548,-0.091323,-0.068768,-0.054017,-0.037397,-0.112011,-0.105569,-0.041334,-0.022198,-0.099152
X_feature_market_cap_log_to_min126,X_feature_short_interest_log_diff126,-0.023895,0.009893,0.048321,0.099365,0.039189,0.017445,0.074826,-0.022307,0.012360,-0.039952,0.037421,0.000465,-0.038176,-0.015600,-0.000037,-0.050958,-0.038165,-0.026636,-0.006280,-0.087952,-0.095105,-0.021454,0.038605,-0.079104
X_feature_market_cap_log_to_max504,X_feature_market_cap_log_diff_504,0.490704,0.613258,0.424569,0.322076,0.753511,0.783905,0.417883,0.484968,0.441882,0.524915,0.760155,0.839575,0.717886,0.427240,0.682763,0.588183,0.401780,0.651080,0.770966,0.723726,0.583416,0.696272,0.835805,0.441342
X_feature_market_cap_log_to_max504,X_feature_market_cap_log_to_min504,0.418467,0.469369,0.344195,0.174854,0.380493,0.154275,0.156108,0.440526,0.354524,0.454687,0.350983,-0.216161,0.158493,0.349981,0.482329,0.402429,0.312792,0.543007,0.358995,0.473874,0.523377,0.525929,0.390390,0.225124
X_feature_market_cap_log_to_max504,X_feature_pv_pv_corr21,-0.180248,-0.141007,-0.172560,0.028944,-0.103408,-0.071378,-0.215036,-0.188711,-0.177634,-0.167221,-0.109230,0.005705,-0.084647,-0.166579,-0.098393,-0.153352,-0.206145,-0.106455,-0.035692,-0.192745,-0.161826,-0.070550,-0.028971,-0.114317
X_feature_market_cap_log_to_max504,X_feature_pv_pv_corr126,-0.303855,-0.224218,-0.253205,-0.039846,-0.168804,-0.081403,-0.306443,-0.238379,-0.313649,-0.223055,-0.240535,-0.008251,-0.161834,-0.244754,-0.201514,-0.183682,-0.289712,-0.248817,-0.065443,-0.292184,-0.311986,-0.230551,-0.017801,-0.085079
X_feature_market_cap_log_to_max504,X_feature_pv_pv_corr63,-0.253588,-0.196342,-0.229986,0.015963,-0.153556,-0.076191,-0.296597,-0.233129,-0.258654,-0.211576,-0.195954,0.010023,-0.143452,-0.229978,-0.159564,-0.175274,-0.286644,-0.190359,-0.067263,-0.275779,-0.271904,-0.149972,-0.019275,-0.116635
X_feature_market_cap_log_to_max504,X_feature_liquidity_turnover_level63,0.335615,0.154293,0.130377,0.435388,0.410261,0.250756,0.331108,0.229055,0.354996,0.326449,0.374501,0.318984,0.225927,0.315649,0.405975,0.360697,0.346472,0.403604,0.440989,0.422562,0.342327,0.428330,0.371059,0.295282
X_feature_market_cap_log_to_max504,X_feature_volume_log_volume_ratio_max126,0.073059,0.094545,0.097428,0.080052,0.090231,0.044376,0.141235,0.135487,0.114874,0.097845,0.121023,-0.001086,0.040105,0.109051,0.070730,0.115903,0.137087,0.051306,0.076159,0.104981,0.099392,0.047851,0.015659,0.118320
X_feature_market_cap_log_to_max504,X_feature_volume_log_volume_ratio_max252,0.063918,0.081690,0.092851,0.095706,0.070346,0.046851,0.095440,0.123805,0.110026,0.111431,0.123167,-0.019251,0.022548,0.092554,0.067282,0.060531,0.101629,0.031201,0.073670,0.071586,0.064337,0.046517,-0.015420,0.143725
X_feature_market_cap_log_to_max504,X_feature_pv_illiquidity_mean21,0.194792,0.308641,0.235170,0.169470,0.126893,0.072385,0.009355,0.052211,0.080700,0.143610,0.339304,0.333629,0.135761,0.190194,0.268075,0.138347,0.185501,0.231374,0.278471,0.232434,0.203253,0.298330,0.425383,0.213790
X_feature_market_cap_log_to_max504,X_feature_volume_log_volume_std504,-0.016882,0.043853,-0.040934,-0.103196,-0.185859,-0.131361,0.015464,0.043241,0.086375,0.083318,0.142238,0.056570,0.025407,0.140060,0.130192,0.095430,0.163756,0.042006,0.092049,0.091181,0.067391,0.079100,0.050995,0.159639
X_feature_market_cap_log_to_max504,X_feature_volume_log_volume_std126,0.026728,0.102429,0.027054,-0.046896,-0.030802,-0.000675,0.091345,0.110753,0.104871,0.094205,0.148949,0.110734,0.062019,0.167628,0.121955,0.151556,0.191608,0.061513,0.069445,0.164652,0.119221,0.068935,0.063915,0.139051
X_feature_market_cap_log_to_max504,X_feature_volume_log_volume_std63,0.040982,0.117923,0.035797,-0.005805,-0.001594,0.015383,0.100730,0.110667,0.092839,0.086565,0.146118,0.115078,0.067700,0.153507,0.120836,0.155145,0.178451,0.061569,0.078695,0.160727,0.114829,0.076173,0.068996,0.128880
X_feature_market_cap_log_to_max504,X_feature_market_corr504,0.155203,0.204460,-0.050288,-0.421547,-0.300906,-0.042745,0.040645,0.013720,0.242790,0.125994,0.104875,0.017445,0.032592,0.136514,0.147129,0.282838,0.295864,0.260278,0.298730,0.362781,0.225664,0.057030,0.145808,0.366385
X_feature_market_cap_log_to_max504,X_feature_market_corr252,0.152038,0.236400,-0.020278,-0.445093,-0.153537,0.057670,0.028004,0.100093,0.237695,0.135946,0.146121,0.026653,0.032880,0.164905,0.137310,0.293656,0.306291,0.310244,0.322565,0.325591,0.258232,0.073632,0.167233,0.350600
X_feature_market_cap_log_to_max504,X_feature_short_interest_to_volume_log_ratio_std252,0.070128,0.087041,0.044035,0.061669,-0.046347,0.018475,0.057826,0.091957,0.113831,0.118690,0.184706,0.153770,0.075907,0.159309,0.184487,0.148452,0.194439,0.169775,0.137861,0.168153,0.136303,0.158806,0.174657,0.147748
X_feature_market_cap_log_to_max504,X_feature_short_interest_to_volume_log_ratio_std63,0.078564,0.118430,0.048731,0.032654,0.041657,0.058098,0.128112,0.121119,0.119168,0.114339,0.138833,0.118707,0.088639,0.123593,0.158308,0.174879,0.217370,0.099929,0.095333,0.182451,0.138798,0.153494,0.100389,0.139200
X_feature_market_cap_log_to_max504,X_feature_short_interest_to_volume_log_ratio,-0.029339,0.047645,-0.008996,-0.157592,-0.064306,-0.044217,-0.044984,-0.017176,-0.018546,0.080797,0.114558,-0.028728,-0.022320,-0.016624,-0.009213,0.019241,0.002815,0.061167,0.071112,0.103759,0.066668,0.014675,0.004934,0.067036
X_feature_market_cap_log_to_max504,X_feature_short_interest_to_volume_log_ratio_mean252,-0.052529,0.043838,-0.034212,-0.258246,-0.218550,-0.066169,-0.079855,-0.058741,-0.039987,0.041603,0.066164,-0.026297,-0.086634,-0.024618,-0.081574,0.017584,0.002783,0.020509,0.058474,0.105270,0.046084,-0.000537,-0.015811,0.063493
X_feature_market_cap_log_to_max504,X_feature_short_interest_to_volume_log_ratio_mean63,-0.031888,0.057931,-0.018359,-0.203497,-0.098412,-0.051675,-0.081748,-0.031550,-0.030253,0.064951,0.101633,-0.027383,-0.036211,-0.018833,-0.046655,0.024705,-0.008664,0.047292,0.075865,0.105056,0.068292,0.013152,-0.008408,0.082696
X_feature_market_cap_log_to_max504,X_feature_short_interest_log_diff21,0.001016,-0.002141,0.005728,-0.001435,0.005408,0.014386,0.014031,-0.000925,0.013757,0.051827,0.056188,0.016288,0.036117,0.026237,0.072345,0.043275,0.056913,0.075210,0.031885,0.098620,0.037561,0.056772,0.082880,0.013875
X_feature_market_cap_log_to_max504,X_feature_short_interest_log_diff252,0.053514,0.055084,0.015758,0.062738,0.098576,0.000991,0.027869,0.019897,0.055301,0.135913,0.205987,0.099821,0.147823,0.096373,0.172707,0.127773,0.092313,0.205177,0.158685,0.190082,0.170939,0.143797,0.206149,0.082241
X_feature_market_cap_log_to_max504,X_feature_short_interest_log_diff63,0.016973,0.006261,0.015573,0.013621,0.019653,0.018906,0.022550,0.014382,0.030690,0.088516,0.107709,0.033269,0.047385,0.020142,0.127927,0.067096,0.088670,0.108322,0.061916,0.141247,0.086437,0.100770,0.124539,0.017689
X_feature_market_cap_log_to_max504,X_feature_short_interest_log_diff126,0.039220,0.028729,0.018523,0.037694,0.058715,0.009747,0.004851,0.032300,0.046076,0.112675,0.151913,0.037446,0.093703,0.044015,0.146629,0.092208,0.103134,0.146385,0.101253,0.168689,0.123043,0.134466,0.175236,0.048615
X_feature_market_cap_log_diff_504,X_feature_market_cap_log_to_min504,0.893773,0.806716,0.875336,0.715230,0.603396,0.347196,0.697534,0.936303,0.892071,0.879366,0.549792,-0.129122,0.402879,0.922156,0.774548,0.736316,0.875747,0.876309,0.508216,0.669059,0.882066,0.772434,0.504424,0.529938
X_feature_market_cap_log_diff_504,X_feature_pv_pv_corr21,-0.059257,-0.070867,-0.031339,0.016647,-0.045332,-0.001189,-0.069770,-0.040965,-0.043203,-0.091731,-0.027929,-0.000271,-0.065890,-0.049733,-0.044514,-0.033890,-0.048301,-0.051021,0.023337,-0.091336,-0.027189,-0.013804,0.017859,-0.037372
X_feature_market_cap_log_diff_504,X_feature_pv_pv_corr126,-0.167284,-0.110424,-0.131186,0.043290,-0.093039,0.002248,-0.142451,-0.133735,-0.098604,-0.136327,-0.119120,0.017006,-0.192332,-0.186033,-0.128908,-0.091195,-0.157848,-0.187927,0.019888,-0.199301,-0.138829,-0.117352,0.027149,-0.024595
X_feature_market_cap_log_diff_504,X_feature_pv_pv_corr63,-0.095748,-0.092582,-0.055813,0.019739,-0.080677,0.008560,-0.112799,-0.083542,-0.056916,-0.126819,-0.072988,0.004779,-0.133455,-0.110053,-0.089737,-0.054162,-0.103777,-0.116386,0.020438,-0.166685,-0.076145,-0.057024,0.038525,-0.031626
X_feature_market_cap_log_diff_504,X_feature_liquidity_turnover_level63,0.017631,-0.144115,-0.433677,-0.219004,0.210246,0.038325,-0.173417,-0.225987,-0.169788,-0.060705,0.161449,0.177058,-0.004853,-0.095867,0.117980,0.113602,-0.015728,0.141169,0.269433,0.253969,0.116983,0.181585,0.250577,0.019719
X_feature_market_cap_log_diff_504,X_feature_volume_log_volume_ratio_max126,0.065477,0.039924,0.031610,0.017524,0.000169,-0.035690,-0.069068,-0.014328,0.035360,-0.001062,0.049371,-0.028732,-0.041422,-0.007021,-0.010690,-0.004273,-0.017423,-0.087487,-0.013565,0.018640,0.000226,-0.066788,-0.078733,-0.044344
X_feature_market_cap_log_diff_504,X_feature_volume_log_volume_ratio_max252,0.052461,0.037667,0.029991,0.033473,-0.028194,-0.028214,-0.091974,-0.033491,0.047256,-0.001689,0.050244,-0.066062,-0.064221,-0.012386,-0.001564,-0.046592,-0.033192,-0.109334,-0.035914,-0.023451,-0.028119,-0.083093,-0.114985,-0.050838
X_feature_market_cap_log_diff_504,X_feature_pv_illiquidity_mean21,0.184079,0.332982,0.357896,0.137616,0.081124,0.016907,-0.038750,0.013152,0.030142,0.066989,0.308997,0.313657,0.056923,0.066956,0.183310,0.123116,0.086431,0.183864,0.226013,0.137139,0.096243,0.251099,0.389679,0.191907
X_feature_market_cap_log_diff_504,X_feature_volume_log_volume_std504,-0.069576,-0.028434,-0.083950,-0.179222,-0.264492,-0.242496,-0.220414,-0.177341,-0.073376,-0.049089,0.057141,0.033849,-0.118980,-0.078482,-0.032200,-0.066900,-0.093619,-0.119850,-0.054260,-0.024004,-0.079690,-0.055056,-0.070134,-0.106678
X_feature_market_cap_log_diff_504,X_feature_volume_log_volume_std126,0.060657,0.094844,0.064560,0.011992,-0.099728,-0.119811,-0.128708,-0.091224,0.014767,0.017742,0.066054,0.107093,-0.053010,-0.012274,-0.017045,0.009673,-0.044248,-0.072149,-0.032724,0.065323,0.004648,-0.038381,-0.039351,-0.043991
X_feature_market_cap_log_diff_504,X_feature_volume_log_volume_std63,0.079350,0.106166,0.083790,0.025902,-0.070033,-0.097767,-0.108892,-0.072795,0.026008,0.014981,0.074485,0.116585,-0.044427,0.002983,-0.010639,0.024186,-0.028842,-0.062934,-0.006288,0.073539,0.008832,-0.027396,-0.019140,-0.034165
X_feature_market_cap_log_diff_504,X_feature_market_corr504,0.140243,0.289330,0.253824,0.013261,-0.310046,-0.152209,-0.184254,-0.140625,0.033236,0.073901,0.026529,0.010257,-0.080963,0.138900,0.032874,0.055385,0.148902,0.067957,0.089975,0.198147,0.328567,0.125971,0.043165,0.065474
X_feature_market_cap_log_diff_504,X_feature_market_corr252,0.189193,0.387376,0.312601,0.043222,-0.236261,-0.080938,-0.101989,-0.070364,0.109231,0.082515,0.053945,0.047536,-0.065989,0.120956,0.024793,0.066589,0.207938,0.116030,0.116458,0.199622,0.351201,0.150197,0.053711,0.190704
X_feature_market_cap_log_diff_504,X_feature_short_interest_to_volume_log_ratio_std252,-0.032061,-0.027009,-0.111952,-0.086106,-0.111174,-0.083060,-0.152909,-0.112857,-0.032595,0.027225,0.098109,0.122098,-0.022754,-0.032183,0.042748,0.020750,-0.072604,-0.015046,0.017032,0.063972,-0.019777,0.006094,0.063268,-0.082596
X_feature_market_cap_log_diff_504,X_feature_short_interest_to_volume_log_ratio_std63,0.034646,0.039789,-0.053656,-0.010512,-0.026924,-0.053370,-0.100656,-0.063501,0.011490,0.044024,0.088011,0.108278,-0.017083,-0.024282,0.005577,0.027180,-0.036214,-0.049890,0.000922,0.077657,-0.000465,-0.003137,0.008004,-0.084122
X_feature_market_cap_log_diff_504,X_feature_short_interest_to_volume_log_ratio,0.063140,0.122116,0.211457,0.086692,-0.063724,-0.030315,0.024928,0.060380,0.112507,0.120436,0.167903,-0.007446,-0.015597,0.069577,0.033818,0.076131,0.129745,0.071963,0.032653,0.094946,0.120221,0.022129,-0.011659,0.040278
X_feature_market_cap_log_diff_504,X_feature_short_interest_to_volume_log_ratio_mean252,0.050021,0.138027,0.262893,0.138623,-0.156055,-0.046110,-0.007714,0.026606,0.093548,0.121793,0.116786,0.035970,-0.092206,0.021257,-0.034565,0.024989,0.096658,0.043891,0.021481,0.072990,0.086629,0.013244,-0.038580,0.012798
X_feature_market_cap_log_diff_504,X_feature_short_interest_to_volume_log_ratio_mean63,0.073551,0.150913,0.250358,0.128182,-0.081925,-0.032751,0.026348,0.068335,0.122492,0.133041,0.169867,0.007515,-0.026163,0.073935,0.011864,0.082670,0.140848,0.077344,0.034342,0.098174,0.136941,0.029410,-0.020706,0.058681
X_feature_market_cap_log_diff_504,X_feature_short_interest_log_diff21,-0.014238,-0.041740,-0.034638,-0.024008,-0.002270,0.007019,0.009680,0.017521,0.009792,0.036232,0.041376,0.009804,0.024537,0.016424,0.047194,0.029937,0.029608,0.033592,0.009380,0.078990,0.008552,0.028709,0.065389,-0.003802
X_feature_market_cap_log_diff_504,X_feature_short_interest_log_diff252,-0.023111,-0.019726,-0.074601,-0.113702,0.022194,-0.024394,0.056436,0.059636,0.086139,0.141847,0.253586,0.089174,0.168882,0.179099,0.150337,0.169449,0.175557,0.176905,0.085550,0.187194,0.197212,0.084367,0.176272,0.122803
X_feature_market_cap_log_diff_504,X_feature_short_interest_log_diff63,-0.019885,-0.046883,-0.047131,-0.051127,-0.002829,0.007814,0.027195,0.034644,0.024011,0.059432,0.110194,0.014158,0.043191,0.047727,0.076144,0.060200,0.058841,0.067511,0.022421,0.113024,0.043678,0.045428,0.092552,-0.004847
X_feature_market_cap_log_diff_504,X_feature_short_interest_log_diff126,-0.002263,-0.034560,-0.072073,-0.064111,0.020808,-0.010603,0.029296,0.055356,0.054029,0.093934,0.173281,0.010811,0.091050,0.083514,0.103155,0.102175,0.099681,0.112966,0.045937,0.152054,0.089386,0.063533,0.136081,0.024643
X_feature_market_cap_log_to_min504,X_feature_pv_pv_corr21,-0.112702,-0.165476,-0.093547,-0.096059,-0.160438,-0.143626,-0.089440,-0.074190,-0.081262,-0.147738,-0.163991,-0.203213,-0.123127,-0.080254,-0.124429,-0.086264,-0.068718,-0.120733,-0.155566,-0.100477,-0.054931,-0.096275,-0.139124,-0.105730
X_feature_market_cap_log_to_min504,X_feature_pv_pv_corr126,-0.239365,-0.274530,-0.211248,-0.115930,-0.250311,-0.317306,-0.194476,-0.192445,-0.153898,-0.248761,-0.193307,-0.327351,-0.277466,-0.226474,-0.276878,-0.231473,-0.203156,-0.277015,-0.309349,-0.299128,-0.195488,-0.231120,-0.221973,-0.261261
X_feature_market_cap_log_to_min504,X_feature_pv_pv_corr63,-0.162793,-0.230785,-0.138207,-0.115835,-0.239111,-0.249252,-0.135742,-0.132075,-0.110706,-0.214459,-0.187642,-0.297473,-0.211956,-0.151397,-0.216308,-0.153383,-0.136691,-0.205409,-0.254485,-0.215972,-0.122334,-0.171455,-0.205050,-0.179314
X_feature_market_cap_log_to_min504,X_feature_liquidity_turnover_level63,-0.112596,-0.352199,-0.516212,-0.341492,-0.152963,-0.405296,-0.395386,-0.320611,-0.296902,-0.170678,-0.187569,-0.397561,-0.324975,-0.174195,-0.101549,-0.139434,-0.154452,-0.004840,-0.123327,-0.019060,-0.031848,-0.025328,-0.212776,-0.339912
X_feature_market_cap_log_to_min504,X_feature_volume_log_volume_ratio_max126,0.037893,0.025002,0.014712,0.007505,-0.051592,-0.044070,-0.108888,-0.049918,-0.020835,-0.062186,-0.089926,-0.130575,-0.057831,-0.034020,-0.060146,-0.076899,-0.085195,-0.154888,-0.111695,-0.058061,-0.080779,-0.140128,-0.167427,-0.094868
X_feature_market_cap_log_to_min504,X_feature_volume_log_volume_ratio_max252,0.022899,0.013264,0.005315,0.014807,-0.078263,-0.042187,-0.110201,-0.071615,-0.011872,-0.080024,-0.075388,-0.122998,-0.095175,-0.042413,-0.071948,-0.119891,-0.097835,-0.187155,-0.152950,-0.120993,-0.128365,-0.184084,-0.211589,-0.165394
X_feature_market_cap_log_to_min504,X_feature_pv_illiquidity_mean21,0.169621,0.288848,0.308640,0.079227,0.001929,0.027323,-0.002993,0.013343,0.027352,0.043303,0.072221,-0.200202,-0.103755,0.023476,0.051382,-0.004363,0.030346,0.092667,0.007128,-0.021055,0.061290,0.147350,0.107865,-0.042692
X_feature_market_cap_log_to_min504,X_feature_volume_log_volume_std504,-0.064789,0.002116,-0.094682,-0.174097,-0.218338,-0.132819,-0.220106,-0.223975,-0.148120,-0.145545,-0.068845,-0.194204,-0.165726,-0.129120,-0.158561,-0.193895,-0.184084,-0.196141,-0.122780,-0.102279,-0.144431,-0.149843,-0.172190,-0.152754
X_feature_market_cap_log_to_min504,X_feature_volume_log_volume_std126,0.044481,0.098149,0.034172,-0.039767,-0.133410,-0.118107,-0.145288,-0.139732,-0.051556,-0.066218,-0.083852,-0.206159,-0.083501,-0.061360,-0.115521,-0.110363,-0.131818,-0.139781,-0.086518,-0.045320,-0.047884,-0.114942,-0.138321,-0.105382
X_feature_market_cap_log_to_min504,X_feature_volume_log_volume_std63,0.061947,0.104663,0.052105,-0.026892,-0.100884,-0.097287,-0.124099,-0.113847,-0.029016,-0.064019,-0.074725,-0.165581,-0.074804,-0.037503,-0.098495,-0.079742,-0.108485,-0.118732,-0.066338,-0.020064,-0.032785,-0.087899,-0.119466,-0.065829
X_feature_market_cap_log_to_min504,X_feature_market_corr504,0.061206,0.198223,0.209263,0.050195,-0.126569,-0.169851,-0.186922,-0.198561,-0.082519,-0.074901,-0.121585,-0.119641,0.009917,0.078301,-0.055823,0.011290,0.013128,-0.120458,-0.202063,0.109583,0.177259,-0.013590,-0.144338,-0.095124
X_feature_market_cap_log_to_min504,X_feature_market_corr252,0.120731,0.292315,0.259407,0.073880,-0.170792,-0.184569,-0.036090,-0.139946,0.006599,-0.038660,-0.119947,-0.104152,0.200483,0.062955,-0.049187,0.046431,0.085564,-0.061422,-0.158154,0.243911,0.218876,0.034232,-0.185788,0.069106
X_feature_market_cap_log_to_min504,X_feature_short_interest_to_volume_log_ratio_std252,-0.052147,-0.031844,-0.141378,-0.157986,-0.162166,-0.103128,-0.167904,-0.153933,-0.094041,-0.024618,-0.042744,-0.206701,-0.076842,-0.057037,-0.058304,-0.095401,-0.146963,-0.094451,-0.100365,-0.046883,-0.093046,-0.114090,-0.193681,-0.175352
X_feature_market_cap_log_to_min504,X_feature_short_interest_to_volume_log_ratio_std63,0.004239,0.027464,-0.082751,-0.060715,-0.076846,-0.084375,-0.126795,-0.103865,-0.038445,-0.004770,-0.068958,-0.152537,-0.048894,-0.036991,-0.076220,-0.079217,-0.118249,-0.110553,-0.040906,-0.021827,-0.041727,-0.081468,-0.133325,-0.105839
X_feature_market_cap_log_to_min504,X_feature_short_interest_to_volume_log_ratio,0.066716,0.145864,0.205603,0.101864,-0.039189,0.025471,0.041042,0.067066,0.123999,0.089252,0.059630,-0.000205,0.032186,0.060244,0.012789,0.066208,0.117487,0.038291,-0.023743,0.059088,0.055630,-0.024161,-0.041091,0.026075
X_feature_market_cap_log_to_min504,X_feature_short_interest_to_volume_log_ratio_mean252,0.049062,0.164020,0.250486,0.153548,-0.041647,-0.009985,0.011262,0.036352,0.110246,0.088004,0.026673,-0.023494,-0.019499,0.009324,-0.056829,0.011268,0.077176,0.015099,-0.027953,0.020411,0.013572,-0.030774,-0.034623,0.002642
X_feature_market_cap_log_to_min504,X_feature_short_interest_to_volume_log_ratio_mean63,0.078051,0.180670,0.243298,0.141808,-0.030483,0.021669,0.046723,0.076855,0.135030,0.099454,0.072994,-0.002646,0.020985,0.059935,-0.005993,0.064613,0.126852,0.048776,-0.025724,0.050608,0.060580,-0.021484,-0.036577,0.025624
X_feature_market_cap_log_to_min504,X_feature_short_interest_log_diff21,-0.013654,-0.027012,-0.029998,-0.025423,0.005913,0.012192,0.017826,0.023854,0.016861,0.035127,0.015079,0.019269,0.036798,0.017133,0.048274,0.056042,0.035175,0.033802,0.030236,0.089572,0.030993,0.026890,0.042252,0.029425
X_feature_market_cap_log_to_min504,X_feature_short_interest_log_diff252,-0.013226,0.006243,-0.062362,-0.144204,-0.034000,0.020767,0.046838,0.075324,0.075303,0.139908,0.095799,-0.022029,0.148749,0.173292,0.116410,0.175466,0.192338,0.154041,0.011703,0.217775,0.211969,0.059022,-0.003536,0.143336
X_feature_market_cap_log_to_min504,X_feature_short_interest_log_diff63,-0.009001,-0.024881,-0.036598,-0.055745,-0.000062,0.028842,0.033035,0.046968,0.035599,0.066095,0.051941,0.033946,0.073622,0.055934,0.062744,0.097978,0.072625,0.070572,0.036449,0.134918,0.080731,0.031996,0.039160,0.070748
X_feature_market_cap_log_to_min504,X_feature_short_interest_log_diff126,0.012202,-0.001857,-0.055195,-0.078999,-0.008833,0.035002,0.044554,0.070438,0.062058,0.103679,0.066969,0.029410,0.123429,0.086629,0.084615,0.138485,0.111390,0.113885,0.034755,0.177494,0.130636,0.051704,0.019875,0.129696
X_feature_pv_pv_corr21,X_feature_pv_pv_corr126,0.415902,0.404836,0.379740,0.353313,0.376510,0.355035,0.363585,0.383075,0.350558,0.377342,0.407969,0.326016,0.372117,0.387913,0.348845,0.357289,0.345133,0.379644,0.363213,0.332259,0.370367,0.351836,0.387431,0.354042
X_feature_pv_pv_corr21,X_feature_pv_pv_corr63,0.571365,0.584004,0.551352,0.529546,0.548646,0.529560,0.541002,0.554437,0.533893,0.544660,0.566698,0.509309,0.540582,0.556395,0.539030,0.527925,0.531951,0.554748,0.525771,0.532773,0.546978,0.519903,0.543063,0.522394
X_feature_pv_pv_corr21,X_feature_liquidity_turnover_level63,0.048228,0.104806,0.006758,0.064105,-0.037540,0.024805,-0.012301,0.004559,0.005546,0.059626,0.010563,0.086410,0.077554,-0.002448,0.019823,0.039465,-0.002872,0.051029,0.044318,-0.046788,-0.010913,0.026252,0.100882,0.074188
X_feature_pv_pv_corr21,X_feature_volume_log_volume_ratio_max126,0.010170,0.004728,0.020862,0.016277,0.005989,-0.033503,0.023505,0.039821,0.018950,0.058216,0.025007,0.011029,0.047654,0.044462,0.021311,0.050267,0.057277,0.059886,0.033895,0.039370,0.025612,0.023510,0.047466,0.064497
X_feature_pv_pv_corr21,X_feature_volume_log_volume_ratio_max252,0.020677,0.009121,0.031013,0.040571,0.026948,-0.015006,0.032370,0.046564,0.022715,0.063545,0.034841,0.011411,0.045771,0.054264,0.037902,0.055428,0.059189,0.064653,0.043596,0.041392,0.031911,0.032454,0.048680,0.064239
X_feature_pv_pv_corr21,X_feature_pv_illiquidity_mean21,-0.036777,-0.028951,0.012170,0.087936,0.072562,-0.016428,0.032194,0.009225,-0.024647,0.029200,0.048679,0.046184,0.030280,0.058948,0.039750,0.003357,0.036708,0.074508,0.085797,0.015065,0.030288,0.052554,0.028933,0.082508
X_feature_pv_pv_corr21,X_feature_volume_log_volume_std504,-0.016769,-0.029267,0.018132,0.022069,0.035206,-0.054195,0.035114,0.040892,-0.004082,0.089766,0.032532,0.040021,0.078060,0.089693,0.050863,0.038290,0.057880,0.085596,0.052397,0.043357,0.035255,0.050426,0.054754,0.083823
X_feature_pv_pv_corr21,X_feature_volume_log_volume_std126,-0.008176,-0.033224,0.025985,0.032632,0.014597,-0.051308,0.041229,0.045607,0.002864,0.076222,0.015453,0.050884,0.080634,0.088960,0.045522,0.047424,0.049178,0.072120,0.043051,0.027731,0.040755,0.044827,0.066292,0.088682
X_feature_pv_pv_corr21,X_feature_volume_log_volume_std63,-0.010090,-0.029089,0.019136,0.029027,-0.016479,-0.058350,0.028199,0.041603,0.005276,0.076461,0.005340,0.043087,0.074689,0.086867,0.035068,0.037097,0.045914,0.050796,0.032502,0.014542,0.027455,0.023575,0.061878,0.079306
X_feature_pv_pv_corr21,X_feature_market_corr504,0.034331,-0.027443,0.053691,-0.107371,-0.032237,-0.068666,0.023702,0.015236,0.010762,0.091708,0.007002,0.033557,0.054849,0.087389,0.041061,0.057900,0.065437,0.082080,0.055542,0.005091,0.037623,0.024276,0.055569,0.098694
X_feature_pv_pv_corr21,X_feature_market_corr252,0.042456,-0.039523,0.057768,-0.117473,-0.020487,-0.053894,0.022904,0.042475,0.024487,0.085570,0.002751,0.031782,0.057215,0.092972,0.040581,0.061699,0.068811,0.072564,0.050279,-0.005813,0.037034,0.021986,0.077017,0.070280
X_feature_pv_pv_corr21,X_feature_short_interest_to_volume_log_ratio_std252,0.008788,-0.010504,0.024623,0.046385,0.025598,-0.043460,0.029737,0.030884,-0.011748,0.051734,0.000854,0.027569,0.050037,0.052617,0.031108,0.046548,0.035519,0.056130,0.057464,0.029747,0.025043,0.036839,0.068830,0.080886
X_feature_pv_pv_corr21,X_feature_short_interest_to_volume_log_ratio_std63,-0.005764,-0.025714,0.003880,0.027553,-0.040419,-0.063707,0.004859,0.024809,-0.026494,0.038015,-0.018985,0.030309,0.048965,0.030696,0.011730,0.025471,0.005658,0.028502,0.007111,-0.000006,-0.007004,0.009444,0.051344,0.067403
X_feature_pv_pv_corr21,X_feature_short_interest_to_volume_log_ratio,0.018123,0.001829,0.031688,0.011798,0.040807,0.018906,0.042712,0.027357,0.028222,0.035464,0.094522,0.022970,0.015769,0.043507,0.019923,0.019309,0.057683,0.034022,0.044818,0.009430,0.027591,0.022995,0.031274,0.062980
X_feature_pv_pv_corr21,X_feature_short_interest_to_volume_log_ratio_mean252,-0.001667,-0.025690,0.014773,-0.035919,0.007674,0.002408,0.026814,0.003730,0.002052,0.015488,0.066228,0.030976,0.015968,0.037423,0.018451,-0.001118,0.018890,-0.010717,0.014942,-0.004758,-0.001459,0.004282,-0.000955,0.045902
X_feature_pv_pv_corr21,X_feature_short_interest_to_volume_log_ratio_mean63,0.002345,-0.030386,0.012330,-0.019008,0.016793,0.000112,0.034284,0.007599,0.002767,0.018413,0.071400,0.019540,0.008208,0.033720,0.001926,-0.001687,0.031624,-0.003764,0.023324,-0.012144,0.000471,0.001280,0.002564,0.043775
X_feature_pv_pv_corr21,X_feature_short_interest_log_diff21,0.006038,0.019191,0.000006,0.005745,-0.028182,-0.010181,-0.012144,-0.005231,0.003769,0.007331,0.012823,-0.007049,-0.000435,-0.006194,-0.007556,-0.007990,-0.002162,-0.002407,-0.011660,-0.025168,-0.008828,0.000255,0.016329,0.007362
X_feature_pv_pv_corr21,X_feature_short_interest_log_diff252,-0.001135,-0.006070,-0.012180,0.005222,-0.022343,-0.025833,0.014558,-0.001433,-0.002910,0.003130,0.022171,0.003700,0.003413,-0.013982,-0.014146,0.001082,0.013026,0.014195,0.025752,-0.041823,-0.002113,-0.008194,0.053823,0.016125
X_feature_pv_pv_corr21,X_feature_short_interest_log_diff63,0.003940,0.020585,-0.004652,-0.003260,-0.020645,-0.019051,-0.001936,-0.003109,0.003111,0.000856,0.026844,-0.011382,0.007538,-0.012700,0.017071,-0.012334,0.007729,0.011921,0.012079,-0.032724,-0.000857,-0.010887,0.019129,0.004205
X_feature_pv_pv_corr21,X_feature_short_interest_log_diff126,-0.007906,-0.000417,-0.008699,0.004709,-0.027984,-0.020310,0.006578,-0.002947,-0.008646,0.005539,0.022095,-0.004620,-0.003000,-0.017819,-0.006825,-0.004382,0.018379,0.015913,0.011419,-0.027555,-0.010397,-0.000380,0.033973,0.001586
X_feature_pv_pv_corr126,X_feature_pv_pv_corr63,0.733956,0.708776,0.684226,0.659414,0.701106,0.670547,0.673036,0.691222,0.673327,0.695569,0.724773,0.636576,0.684767,0.711910,0.656542,0.667049,0.674458,0.695979,0.683785,0.667394,0.690120,0.683914,0.712688,0.683118
X_feature_pv_pv_corr126,X_feature_liquidity_turnover_level63,-0.007817,0.137039,0.055305,0.028072,-0.041605,0.035180,-0.067210,0.041824,-0.058406,0.114752,-0.032057,0.150937,0.124820,0.016240,-0.014089,0.047258,0.002264,0.015892,0.074407,-0.086690,-0.054676,-0.038286,0.180065,0.151981
X_feature_pv_pv_corr126,X_feature_volume_log_volume_ratio_max126,-0.058365,-0.066945,-0.078496,-0.092328,-0.143966,-0.234953,-0.094872,0.020754,-0.030546,0.105288,-0.036340,-0.027236,0.079099,0.069770,-0.011667,0.024447,0.034163,0.090923,0.023533,0.005190,0.001187,-0.031613,0.072538,0.128649
X_feature_pv_pv_corr126,X_feature_volume_log_volume_ratio_max252,-0.019899,-0.038278,-0.030000,-0.018200,-0.062680,-0.156141,-0.042945,0.065721,-0.012991,0.119016,-0.008161,-0.005541,0.098741,0.102468,0.038430,0.065315,0.076290,0.127964,0.074463,0.035861,0.047972,-0.013002,0.095697,0.136457
X_feature_pv_pv_corr126,X_feature_pv_illiquidity_mean21,-0.096750,-0.072416,-0.038820,0.121433,0.110599,-0.050715,0.028667,-0.004062,-0.036317,-0.013502,0.064919,0.027454,0.070084,0.063354,0.056288,0.003837,0.027403,0.075028,0.184515,0.022666,0.034440,0.028583,0.084979,0.110576
X_feature_pv_pv_corr126,X_feature_volume_log_volume_std504,-0.020018,-0.029833,0.026924,0.074352,0.089360,-0.103597,0.035392,0.102273,0.024381,0.183810,0.108832,0.052138,0.185603,0.199468,0.106259,0.083934,0.117388,0.189155,0.152179,0.079759,0.095761,0.062189,0.155277,0.151213
X_feature_pv_pv_corr126,X_feature_volume_log_volume_std126,-0.017873,-0.038491,0.009410,0.076152,0.020003,-0.153150,0.021345,0.096419,0.030707,0.169723,0.056983,0.051400,0.173638,0.193394,0.088532,0.068352,0.119900,0.153191,0.120237,0.052981,0.084572,0.037162,0.156626,0.188527
X_feature_pv_pv_corr126,X_feature_volume_log_volume_std63,-0.023522,-0.032561,0.000917,0.070228,-0.010582,-0.132250,0.015226,0.091084,0.028842,0.145147,0.047304,0.044997,0.141715,0.155480,0.071578,0.051511,0.102978,0.114207,0.120626,0.049034,0.072344,0.025419,0.147275,0.147606
X_feature_pv_pv_corr126,X_feature_market_corr504,0.014764,-0.017752,0.048269,-0.081260,-0.117547,-0.177171,0.000865,0.035354,-0.015326,0.178656,0.087832,0.052676,0.126651,0.173349,0.056177,0.129844,0.137073,0.148552,0.161165,-0.008651,0.033579,0.034896,0.136774,0.188403
X_feature_pv_pv_corr126,X_feature_market_corr252,0.010693,-0.027220,0.051926,-0.110149,-0.112375,-0.168312,-0.001357,0.075205,0.024021,0.176145,0.070860,0.045273,0.131538,0.179476,0.045827,0.108169,0.143977,0.127779,0.150030,-0.062593,0.027279,0.018912,0.169618,0.155570
X_feature_pv_pv_corr126,X_feature_short_interest_to_volume_log_ratio_std252,-0.015861,-0.009046,0.046948,0.076895,0.073571,-0.126121,0.019124,0.096372,-0.015225,0.087769,0.013283,0.015870,0.104341,0.094425,0.055988,0.086586,0.067516,0.103020,0.122212,0.042860,0.075928,0.012314,0.130784,0.183247
X_feature_pv_pv_corr126,X_feature_short_interest_to_volume_log_ratio_std63,-0.048947,-0.042756,0.009241,0.052689,-0.060382,-0.157786,-0.027075,0.054705,-0.004770,0.077312,-0.010871,-0.002539,0.083101,0.077433,0.031388,0.027491,0.029676,0.065633,0.053362,0.016063,0.032413,-0.021236,0.095125,0.117791
X_feature_pv_pv_corr126,X_feature_short_interest_to_volume_log_ratio,0.031102,-0.020071,-0.004308,0.021142,0.001669,-0.027063,0.042326,0.002868,0.011686,0.050532,0.121282,0.049172,0.042654,0.051317,0.013404,0.007711,0.042338,-0.006026,0.059553,-0.041924,-0.008436,-0.022573,0.051489,0.068695
X_feature_pv_pv_corr126,X_feature_short_interest_to_volume_log_ratio_mean252,0.049366,-0.034945,0.005013,0.003040,-0.010948,0.014754,0.078827,0.010749,0.044713,0.055075,0.159891,0.091445,0.070119,0.063977,0.037979,0.007950,0.048069,-0.009360,0.074062,-0.013778,0.000123,-0.015435,0.044827,0.063153
X_feature_pv_pv_corr126,X_feature_short_interest_to_volume_log_ratio_mean63,0.054900,-0.027640,0.008196,0.022917,0.014849,-0.005310,0.080373,0.009850,0.036664,0.065962,0.152363,0.076917,0.059411,0.059283,0.024674,0.022645,0.060729,0.002212,0.080185,-0.022882,-0.005876,-0.020882,0.059641,0.081411
X_feature_pv_pv_corr126,X_feature_short_interest_log_diff21,-0.031909,-0.010668,-0.025356,-0.011727,-0.035780,-0.035768,-0.042261,-0.028311,-0.025039,-0.046350,-0.038489,-0.043928,-0.043716,-0.032834,-0.036990,-0.052798,-0.063467,-0.061549,-0.052431,-0.081942,-0.054472,-0.047840,-0.025452,-0.045101
X_feature_pv_pv_corr126,X_feature_short_interest_log_diff252,-0.037512,-0.025742,-0.014934,0.011320,-0.035140,-0.085823,0.008042,-0.036321,-0.033612,-0.034939,-0.016974,-0.010988,-0.035298,-0.049225,-0.061747,-0.032245,-0.039887,-0.056756,-0.014550,-0.143683,-0.093289,-0.079610,0.042489,0.005465
X_feature_pv_pv_corr126,X_feature_short_interest_log_diff63,-0.058985,-0.020210,-0.034048,-0.002656,-0.050758,-0.051589,-0.052988,-0.038714,-0.049877,-0.063411,-0.058646,-0.078953,-0.056208,-0.057222,-0.040170,-0.078982,-0.096507,-0.097096,-0.077764,-0.142026,-0.093251,-0.085193,-0.040924,-0.084013
X_feature_pv_pv_corr126,X_feature_short_interest_log_diff126,-0.042803,-0.007952,-0.007257,0.018948,-0.035856,-0.070925,-0.035555,-0.038429,-0.044463,-0.051718,-0.037043,-0.052552,-0.044752,-0.053014,-0.045592,-0.053072,-0.061428,-0.079862,-0.061209,-0.144930,-0.108637,-0.090489,-0.007618,-0.079770
X_feature_pv_pv_corr63,X_feature_liquidity_turnover_level63,0.011542,0.124239,0.005992,0.060099,-0.070961,0.018921,-0.062806,0.009103,-0.032269,0.097121,-0.021303,0.117616,0.106007,0.003137,0.006945,0.038701,-0.011053,0.040895,0.057363,-0.083654,-0.046045,0.006336,0.145486,0.121228
X_feature_pv_pv_corr63,X_feature_volume_log_volume_ratio_max126,-0.020014,-0.029460,-0.018846,-0.026939,-0.075033,-0.121514,-0.025454,0.048848,0.009548,0.092630,0.007763,0.011411,0.080057,0.066192,0.014771,0.052036,0.053356,0.080601,0.034961,0.033646,0.014581,0.005717,0.069674,0.108151
X_feature_pv_pv_corr63,X_feature_volume_log_volume_ratio_max252,0.009138,-0.012086,0.012503,0.023962,-0.021460,-0.071495,0.006535,0.067050,0.021839,0.099046,0.025599,0.016988,0.081364,0.086975,0.045773,0.067286,0.071635,0.097746,0.058712,0.053651,0.036489,0.017214,0.081785,0.106084
X_feature_pv_pv_corr63,X_feature_pv_illiquidity_mean21,-0.073105,-0.052390,-0.020571,0.114112,0.091179,-0.034711,0.036477,-0.003032,-0.032061,0.010389,0.055641,0.036504,0.042833,0.072650,0.039165,0.001069,0.030972,0.076476,0.123696,0.012800,0.029630,0.036971,0.059029,0.107015
X_feature_pv_pv_corr63,X_feature_volume_log_volume_std504,-0.025953,-0.028190,0.018019,0.051521,0.061760,-0.085653,0.038884,0.068824,0.013681,0.139769,0.071125,0.049870,0.132413,0.157424,0.067059,0.056113,0.092362,0.133743,0.099015,0.061833,0.060802,0.055682,0.103497,0.132722
X_feature_pv_pv_corr63,X_feature_volume_log_volume_std126,-0.014161,-0.034883,0.022322,0.062204,0.015228,-0.098268,0.035864,0.077494,0.022565,0.131366,0.039335,0.060133,0.136598,0.158867,0.055488,0.057849,0.091578,0.109699,0.076575,0.038458,0.063510,0.039842,0.115689,0.151334
X_feature_pv_pv_corr63,X_feature_volume_log_volume_std63,-0.018954,-0.042121,0.004231,0.042882,-0.048038,-0.133473,0.007836,0.067697,0.012573,0.125226,0.020686,0.031146,0.114594,0.142602,0.034279,0.026223,0.082937,0.073698,0.044062,0.015247,0.030766,0.006135,0.104005,0.138777
X_feature_pv_pv_corr63,X_feature_market_corr504,0.035218,-0.034336,0.077727,-0.120654,-0.074959,-0.124655,0.015003,0.027747,-0.000099,0.142610,0.045800,0.054424,0.082413,0.143911,0.035464,0.096380,0.106542,0.116542,0.103034,-0.000353,0.042640,0.029428,0.091292,0.161273
X_feature_pv_pv_corr63,X_feature_market_corr252,0.044767,-0.047544,0.087061,-0.143903,-0.068330,-0.105958,0.021101,0.067486,0.025274,0.138571,0.037269,0.051999,0.086798,0.150634,0.027423,0.093492,0.113128,0.101198,0.095947,-0.024951,0.042077,0.020337,0.120952,0.121008
X_feature_pv_pv_corr63,X_feature_short_interest_to_volume_log_ratio_std252,-0.001602,-0.008578,0.033215,0.071627,0.046893,-0.075606,0.030090,0.064879,-0.016291,0.075240,0.002718,0.032562,0.079949,0.083017,0.039517,0.071605,0.055449,0.080723,0.091560,0.036228,0.038857,0.030273,0.100454,0.148265
X_feature_pv_pv_corr63,X_feature_short_interest_to_volume_log_ratio_std63,-0.042328,-0.045245,-0.015061,0.044752,-0.101177,-0.148803,-0.033142,0.029161,-0.031326,0.056930,-0.043043,-0.001304,0.057804,0.049951,0.000071,0.009085,0.003213,0.033069,-0.013317,-0.013367,-0.016991,-0.015572,0.055124,0.107679
X_feature_pv_pv_corr63,X_feature_short_interest_to_volume_log_ratio,0.041636,0.005532,0.040444,0.029468,0.033854,0.015353,0.066409,0.022029,0.042083,0.057870,0.130992,0.037760,0.042753,0.069426,0.031203,0.032981,0.069916,0.021544,0.070392,-0.001483,0.022983,0.012120,0.047771,0.087212
X_feature_pv_pv_corr63,X_feature_short_interest_to_volume_log_ratio_mean252,0.015366,-0.032207,0.023789,-0.026377,0.002936,0.011760,0.057010,0.000715,0.032462,0.039648,0.125482,0.041827,0.043542,0.059548,0.025771,0.001394,0.040076,-0.018428,0.048336,-0.008842,0.002879,-0.007453,0.008855,0.065404
X_feature_pv_pv_corr63,X_feature_short_interest_to_volume_log_ratio_mean63,0.034436,-0.024429,0.032156,0.002893,0.034043,0.016542,0.081356,0.011749,0.043923,0.053256,0.141267,0.037895,0.037315,0.059864,0.022749,0.018221,0.067540,0.008980,0.071332,-0.004943,0.013754,0.000492,0.035528,0.083330
X_feature_pv_pv_corr63,X_feature_short_interest_log_diff21,0.016570,0.039212,0.019159,0.027835,-0.002935,0.003976,-0.003782,-0.001549,-0.002218,-0.014528,-0.040245,-0.026043,-0.017431,-0.010232,-0.028133,-0.020855,-0.045456,-0.055155,-0.050591,-0.070003,-0.055102,-0.038928,-0.028827,-0.039753
X_feature_pv_pv_corr63,X_feature_short_interest_log_diff252,0.005222,0.003588,0.003527,0.039996,-0.024976,-0.035062,0.031195,-0.008072,-0.008383,0.003045,0.012805,0.002756,-0.003608,-0.016946,-0.021472,0.007830,0.002559,-0.008569,0.021293,-0.087344,-0.032661,-0.027916,0.069876,0.022595
X_feature_pv_pv_corr63,X_feature_short_interest_log_diff63,0.015507,0.051790,0.022081,0.046228,-0.013375,-0.013826,0.002521,-0.007884,-0.004806,-0.006727,-0.009161,-0.014630,-0.001828,-0.004965,0.003169,-0.011398,-0.024986,-0.034428,-0.020028,-0.081233,-0.040514,-0.031685,-0.001399,-0.031187
X_feature_pv_pv_corr63,X_feature_short_interest_log_diff126,0.002542,0.027343,0.012781,0.037141,-0.028127,-0.031851,0.011795,-0.009820,-0.002249,-0.004844,0.015021,-0.003578,-0.001915,-0.017581,-0.003497,-0.000805,0.005008,-0.009650,-0.001183,-0.072073,-0.040793,-0.024951,0.029841,-0.024522
X_feature_liquidity_turnover_level63,X_feature_volume_log_volume_ratio_max126,0.061094,0.071269,0.035101,0.030819,0.083051,0.098240,0.187708,0.174032,0.118724,0.162115,0.087435,0.025501,0.079933,0.103831,0.104372,0.179582,0.244596,0.184741,0.190500,0.227537,0.256386,0.185543,0.165760,0.177264
X_feature_liquidity_turnover_level63,X_feature_volume_log_volume_ratio_max252,0.003513,0.006863,-0.007799,-0.015528,0.023914,0.015017,0.110435,0.130271,0.057369,0.136712,0.034542,-0.052020,0.031362,0.056588,0.026694,0.099368,0.185606,0.150049,0.133405,0.166311,0.219780,0.152774,0.119569,0.172829
X_feature_liquidity_turnover_level63,X_feature_pv_illiquidity_mean21,-0.285720,-0.311511,-0.349837,-0.175578,-0.218676,-0.286460,-0.223744,-0.207709,-0.176866,-0.187424,-0.099933,-0.116323,-0.243485,-0.208984,-0.101378,-0.110926,-0.054660,-0.027094,0.039217,0.053158,0.006522,0.046490,0.045054,-0.037497
X_feature_liquidity_turnover_level63,X_feature_volume_log_volume_std504,-0.134837,-0.115537,-0.058211,-0.084086,-0.120838,-0.068837,0.073748,0.148350,0.111428,0.068932,-0.014142,-0.053728,-0.014136,0.033151,0.077986,0.131847,0.225158,0.137168,0.107933,0.163275,0.168808,0.158886,0.126436,0.134218
X_feature_liquidity_turnover_level63,X_feature_volume_log_volume_std126,-0.124185,-0.133587,-0.123223,-0.121983,-0.059471,0.022797,0.133974,0.158996,0.083974,0.097149,0.003179,0.009741,-0.013965,0.043148,0.072446,0.158122,0.247831,0.146122,0.113830,0.218215,0.179181,0.146392,0.177712,0.137594
X_feature_liquidity_turnover_level63,X_feature_volume_log_volume_std63,-0.099202,-0.107511,-0.113261,-0.079467,-0.023877,0.049287,0.144404,0.164958,0.088709,0.119700,0.029724,0.014865,0.012134,0.047053,0.092569,0.161713,0.242972,0.151645,0.136367,0.219892,0.180203,0.161076,0.189985,0.134766
X_feature_liquidity_turnover_level63,X_feature_market_corr504,0.110746,-0.031220,-0.182246,-0.356799,-0.223735,0.045619,0.128044,0.159914,0.206643,0.160786,0.075381,0.035264,0.121007,0.170980,0.299211,0.334313,0.395099,0.388534,0.394542,0.355943,0.280579,0.182573,0.348511,0.410058
X_feature_liquidity_turnover_level63,X_feature_market_corr252,0.084044,-0.087828,-0.220088,-0.385147,-0.089068,0.110098,0.076768,0.209792,0.185009,0.174198,0.087386,0.038738,0.075518,0.259026,0.278092,0.329698,0.414912,0.406819,0.385924,0.246679,0.286193,0.159219,0.397500,0.327248
X_feature_liquidity_turnover_level63,X_feature_short_interest_to_volume_log_ratio_std252,-0.020361,-0.013767,0.061173,0.060263,-0.018955,-0.019804,0.100819,0.136359,0.110571,0.059485,0.028350,0.022510,-0.010273,0.038359,0.095821,0.186289,0.260938,0.228414,0.147396,0.265970,0.253851,0.206618,0.274729,0.201882
X_feature_liquidity_turnover_level63,X_feature_short_interest_to_volume_log_ratio_std63,0.034458,0.044109,0.072623,0.030030,0.036641,0.125093,0.188869,0.208723,0.145933,0.135139,0.058347,0.053855,0.054127,0.067740,0.168446,0.244381,0.319509,0.214746,0.199541,0.328249,0.263826,0.267796,0.251520,0.223331
X_feature_liquidity_turnover_level63,X_feature_short_interest_to_volume_log_ratio,-0.123633,-0.212861,-0.292148,-0.290219,-0.130600,-0.118960,-0.119532,-0.124298,-0.156959,-0.052633,0.000368,-0.051545,-0.108279,-0.102597,-0.074426,-0.019920,0.018296,0.043523,0.053846,0.069516,0.068519,0.043804,0.035409,0.048830
X_feature_liquidity_turnover_level63,X_feature_short_interest_to_volume_log_ratio_mean252,-0.116681,-0.218937,-0.356720,-0.390109,-0.248377,-0.110034,-0.142860,-0.139940,-0.172042,-0.123513,-0.014671,-0.019887,-0.137573,-0.106205,-0.098778,-0.051702,0.011349,0.020890,0.060608,0.093133,0.055129,0.042424,0.033788,0.048344
X_feature_liquidity_turnover_level63,X_feature_short_interest_to_volume_log_ratio_mean63,-0.157781,-0.280697,-0.366697,-0.373663,-0.195661,-0.161409,-0.175807,-0.181237,-0.206096,-0.108403,-0.039502,-0.077409,-0.147528,-0.126785,-0.128477,-0.049286,-0.011915,0.011700,0.031666,0.046880,0.039160,0.018341,-0.004835,0.031004
X_feature_liquidity_turnover_level63,X_feature_short_interest_log_diff21,0.012103,0.036513,0.042968,0.047095,0.028745,0.032909,0.032408,-0.000546,0.020927,0.032026,0.054724,0.039455,0.031531,0.018439,0.066523,0.026136,0.026240,0.048217,0.040454,0.061200,0.017302,0.051447,0.073393,0.014320
X_feature_liquidity_turnover_level63,X_feature_short_interest_log_diff252,0.015070,-0.004990,0.054501,0.185712,0.165938,0.023044,0.043693,-0.006084,0.027242,0.089633,0.145292,0.112112,0.112473,0.071077,0.138681,0.141712,0.095687,0.138190,0.168100,0.139312,0.104500,0.160955,0.213854,0.103118
X_feature_liquidity_turnover_level63,X_feature_short_interest_log_diff63,0.000704,0.034340,0.059206,0.090988,0.059485,0.045309,0.038713,-0.016957,0.037871,0.052684,0.096522,0.079909,0.059605,0.018482,0.127232,0.066134,0.053422,0.078582,0.097671,0.105344,0.053541,0.113056,0.132371,0.033250
X_feature_liquidity_turnover_level63,X_feature_short_interest_log_diff126,0.001397,0.008297,0.070390,0.133965,0.100562,0.036304,0.036102,-0.014809,0.041560,0.066608,0.125962,0.094660,0.083258,0.049038,0.137326,0.107828,0.074823,0.102321,0.129768,0.132474,0.078859,0.149306,0.182903,0.051429
X_feature_volume_log_volume_ratio_max126,X_feature_volume_log_volume_ratio_max252,0.850665,0.848549,0.831344,0.832372,0.823350,0.812570,0.824885,0.835115,0.839660,0.841067,0.847269,0.820715,0.787550,0.807383,0.821456,0.797002,0.806906,0.827549,0.816313,0.790483,0.822162,0.795486,0.806512,0.779435
X_feature_volume_log_volume_ratio_max126,X_feature_pv_illiquidity_mean21,0.258232,0.260160,0.275790,0.316119,0.281402,0.251534,0.225505,0.192308,0.237929,0.167106,0.212988,0.213959,0.210503,0.205871,0.219239,0.178811,0.184457,0.147596,0.141046,0.146386,0.190023,0.114973,0.147680,0.197098
X_feature_volume_log_volume_ratio_max126,X_feature_volume_log_volume_std504,0.335832,0.365233,0.332883,0.359857,0.377560,0.387983,0.392509,0.385684,0.417869,0.386744,0.380726,0.366410,0.394978,0.379395,0.373045,0.360174,0.380159,0.362550,0.340810,0.367579,0.388952,0.306771,0.338996,0.334358
X_feature_volume_log_volume_ratio_max126,X_feature_volume_log_volume_std126,0.423100,0.439410,0.428948,0.448542,0.490298,0.486162,0.489092,0.513959,0.513655,0.499874,0.489979,0.470373,0.491995,0.494173,0.474361,0.467517,0.502012,0.497173,0.459697,0.494363,0.483009,0.412462,0.452291,0.459287
X_feature_volume_log_volume_ratio_max126,X_feature_volume_log_volume_std63,0.391248,0.395756,0.391965,0.407693,0.437915,0.418689,0.419279,0.442938,0.440093,0.427444,0.428124,0.383610,0.408401,0.413832,0.388530,0.380635,0.413636,0.411853,0.360772,0.379439,0.392047,0.321281,0.353052,0.365071
X_feature_volume_log_volume_ratio_max126,X_feature_market_corr504,0.284706,0.275923,0.163851,0.087056,0.159829,0.270201,0.234137,0.208063,0.281288,0.297130,0.326811,0.270522,0.241906,0.280144,0.246129,0.265765,0.309000,0.240792,0.227178,0.172400,0.217019,0.132370,0.222217,0.250155
X_feature_volume_log_volume_ratio_max126,X_feature_market_corr252,0.291876,0.258426,0.154861,0.075897,0.273870,0.302942,0.261738,0.284406,0.323331,0.311034,0.347851,0.272906,0.284047,0.328655,0.280585,0.319442,0.311772,0.270209,0.244147,0.153094,0.249486,0.139707,0.240849,0.224271
X_feature_volume_log_volume_ratio_max126,X_feature_short_interest_to_volume_log_ratio_std252,0.350878,0.347433,0.283161,0.328391,0.276538,0.397935,0.403089,0.401289,0.409588,0.355234,0.329574,0.264724,0.367712,0.342866,0.354623,0.365843,0.384515,0.345117,0.340408,0.390988,0.420180,0.356759,0.290140,0.350879
X_feature_volume_log_volume_ratio_max126,X_feature_short_interest_to_volume_log_ratio_std63,0.390456,0.380596,0.353880,0.396050,0.426742,0.427979,0.422104,0.452393,0.435898,0.379097,0.355984,0.349605,0.386257,0.369849,0.377759,0.397255,0.407969,0.403259,0.349404,0.400962,0.391102,0.381729,0.286861,0.358935
X_feature_volume_log_volume_ratio_max126,X_feature_short_interest_to_volume_log_ratio,0.368047,0.380527,0.398429,0.406999,0.427701,0.452756,0.418390,0.384805,0.418600,0.380628,0.392093,0.413226,0.396996,0.363676,0.395974,0.344407,0.338346,0.373675,0.379061,0.381694,0.427995,0.427442,0.471578,0.473660
X_feature_volume_log_volume_ratio_max126,X_feature_short_interest_to_volume_log_ratio_mean252,0.027385,0.043106,0.065600,0.046656,0.079332,0.115877,0.094494,0.071062,0.144763,0.090427,0.107638,0.160814,0.136113,0.120092,0.141694,0.089589,0.062994,0.079754,0.105104,0.109858,0.143552,0.102091,0.163314,0.156478
X_feature_volume_log_volume_ratio_max126,X_feature_short_interest_to_volume_log_ratio_mean63,0.036400,0.056505,0.095319,0.072788,0.109176,0.136521,0.087386,0.069606,0.140083,0.086278,0.131977,0.162468,0.135753,0.117608,0.133041,0.079117,0.060164,0.092869,0.101309,0.086470,0.144188,0.123408,0.180259,0.175779
X_feature_volume_log_volume_ratio_max126,X_feature_short_interest_log_diff21,0.017968,0.024920,0.012467,0.003655,0.011532,-0.004603,0.006788,-0.003243,-0.015695,-0.005840,-0.008179,-0.039452,-0.021835,-0.018864,-0.014914,-0.023581,-0.017014,-0.021201,-0.032966,-0.006527,-0.014875,0.002733,-0.030667,-0.035864
X_feature_volume_log_volume_ratio_max126,X_feature_short_interest_log_diff252,0.065908,0.111338,0.064024,0.061142,0.089834,0.096374,0.052430,0.013687,0.011918,0.007279,0.048435,-0.019434,0.041734,0.021723,0.039674,0.029039,0.050469,0.025270,0.067923,0.048698,0.032509,0.089153,0.073853,0.054089
X_feature_volume_log_volume_ratio_max126,X_feature_short_interest_log_diff63,0.037248,0.057963,0.025457,0.019150,0.047820,0.018885,0.030203,-0.000215,-0.017799,-0.001804,0.010935,-0.046401,-0.008701,-0.023414,0.011828,-0.025030,0.006763,-0.019453,-0.022433,0.006774,-0.008382,0.031332,-0.013178,-0.032665
X_feature_volume_log_volume_ratio_max126,X_feature_short_interest_log_diff126,0.066226,0.079052,0.050554,0.043819,0.075358,0.062630,0.053540,0.008786,0.006082,0.005893,0.052144,0.000176,0.019549,0.009398,0.028361,0.002682,0.039579,0.022916,0.022886,0.042373,0.030409,0.075550,0.031789,0.014665
X_feature_volume_log_volume_ratio_max252,X_feature_pv_illiquidity_mean21,0.293372,0.287105,0.309982,0.347210,0.328107,0.271891,0.270139,0.209905,0.258381,0.198573,0.232095,0.228771,0.258316,0.214685,0.258891,0.209643,0.204980,0.173090,0.167698,0.173205,0.223286,0.146384,0.161915,0.239108
X_feature_volume_log_volume_ratio_max252,X_feature_volume_log_volume_std504,0.353357,0.388055,0.361815,0.381235,0.418137,0.412497,0.438450,0.431356,0.455821,0.429727,0.436646,0.396712,0.438239,0.428937,0.406267,0.400019,0.420562,0.427428,0.388650,0.417876,0.465377,0.368148,0.412511,0.411926
X_feature_volume_log_volume_ratio_max252,X_feature_volume_log_volume_std126,0.393038,0.409992,0.407456,0.418158,0.453956,0.432166,0.442390,0.467519,0.470479,0.454149,0.463071,0.410533,0.425350,0.434763,0.410931,0.396680,0.429949,0.446169,0.399891,0.407280,0.447135,0.364799,0.399962,0.408419
X_feature_volume_log_volume_ratio_max252,X_feature_volume_log_volume_std63,0.367275,0.369101,0.374752,0.382435,0.403576,0.371702,0.379393,0.399452,0.398217,0.386732,0.399594,0.334880,0.352391,0.361653,0.331479,0.318700,0.350903,0.369354,0.314491,0.309072,0.364684,0.286548,0.311271,0.323426
X_feature_volume_log_volume_ratio_max252,X_feature_market_corr504,0.309882,0.284340,0.176078,0.078307,0.200239,0.288319,0.265082,0.261083,0.305153,0.333725,0.375590,0.295917,0.247142,0.311206,0.246413,0.260654,0.332473,0.296915,0.255543,0.188093,0.243333,0.168741,0.243226,0.308203
X_feature_volume_log_volume_ratio_max252,X_feature_market_corr252,0.321628,0.269227,0.182701,0.074160,0.326596,0.335154,0.301930,0.336375,0.356810,0.355749,0.390553,0.287660,0.288174,0.356507,0.282491,0.321187,0.334197,0.320799,0.278471,0.168180,0.276521,0.178563,0.258834,0.253359
X_feature_volume_log_volume_ratio_max252,X_feature_short_interest_to_volume_log_ratio_std252,0.388861,0.374700,0.310838,0.366612,0.339624,0.464881,0.456419,0.463432,0.455810,0.395969,0.370664,0.290350,0.405038,0.401664,0.394178,0.421712,0.433460,0.417455,0.408999,0.450815,0.484551,0.437617,0.344062,0.428028
X_feature_volume_log_volume_ratio_max252,X_feature_short_interest_to_volume_log_ratio_std63,0.339861,0.319425,0.301807,0.342538,0.353397,0.342532,0.344574,0.373988,0.372903,0.311790,0.296249,0.274485,0.304570,0.296132,0.292875,0.305286,0.317325,0.341991,0.282207,0.301408,0.328612,0.310509,0.214425,0.284835
X_feature_volume_log_volume_ratio_max252,X_feature_short_interest_to_volume_log_ratio,0.373697,0.398630,0.413008,0.418065,0.435808,0.468357,0.470137,0.392822,0.438164,0.395768,0.392613,0.423932,0.422987,0.344524,0.405928,0.361252,0.336597,0.369440,0.374710,0.377115,0.425307,0.428961,0.492889,0.479219
X_feature_volume_log_volume_ratio_max252,X_feature_short_interest_to_volume_log_ratio_mean252,0.031664,0.063170,0.089399,0.065005,0.077303,0.127836,0.143093,0.074097,0.158503,0.104078,0.118511,0.162828,0.173832,0.115069,0.163012,0.106950,0.075797,0.086382,0.111651,0.107716,0.164700,0.118877,0.206905,0.200448
X_feature_volume_log_volume_ratio_max252,X_feature_short_interest_to_volume_log_ratio_mean63,0.071664,0.103343,0.147333,0.124401,0.160575,0.189408,0.177002,0.105430,0.182742,0.132138,0.162445,0.202867,0.199468,0.127130,0.166734,0.123090,0.092072,0.123068,0.130065,0.111060,0.184607,0.170413,0.251553,0.234806
X_feature_volume_log_volume_ratio_max252,X_feature_short_interest_log_diff21,0.002737,0.013635,0.002064,-0.020888,-0.013700,-0.017953,-0.006650,-0.011613,-0.015440,-0.009598,-0.023959,-0.051299,-0.037495,-0.033325,-0.027470,-0.031082,-0.029101,-0.025291,-0.051302,-0.019272,-0.033893,-0.010739,-0.046148,-0.050847
X_feature_volume_log_volume_ratio_max252,X_feature_short_interest_log_diff252,0.065538,0.103340,0.068726,0.042811,0.072067,0.095101,0.058117,0.004582,0.007154,-0.014725,0.023318,-0.016286,0.014877,-0.007706,0.006204,0.002199,0.019152,-0.005445,0.032577,0.008366,-0.002440,0.086933,0.051131,0.006503
X_feature_volume_log_volume_ratio_max252,X_feature_short_interest_log_diff63,0.011533,0.035134,0.008161,-0.023046,-0.009780,-0.014485,0.005618,-0.016931,-0.022386,-0.019910,-0.020049,-0.079367,-0.038019,-0.055148,-0.020231,-0.052533,-0.032299,-0.039177,-0.057385,-0.022526,-0.052483,0.004568,-0.051155,-0.071122
X_feature_volume_log_volume_ratio_max252,X_feature_short_interest_log_diff126,0.046827,0.057890,0.039032,-0.003652,0.015022,0.022055,0.023005,-0.019980,-0.013178,-0.024207,0.012558,-0.050346,-0.033092,-0.039410,-0.025264,-0.048860,-0.015180,-0.028282,-0.039320,-0.009018,-0.041669,0.031223,-0.031529,-0.063369
X_feature_pv_illiquidity_mean21,X_feature_volume_log_volume_std504,0.725338,0.684002,0.629518,0.663938,0.654260,0.681822,0.683247,0.622403,0.593278,0.558843,0.600300,0.607220,0.639349,0.642260,0.648821,0.635351,0.615164,0.564192,0.558360,0.557618,0.604882,0.605349,0.548952,0.575871
X_feature_pv_illiquidity_mean21,X_feature_volume_log_volume_std126,0.696756,0.696673,0.669569,0.671722,0.653429,0.641738,0.610529,0.551473,0.530597,0.457963,0.535414,0.575512,0.586181,0.580806,0.579715,0.594108,0.546381,0.461587,0.459809,0.495384,0.544423,0.502095,0.439676,0.537900
X_feature_pv_illiquidity_mean21,X_feature_volume_log_volume_std63,0.657560,0.656645,0.619045,0.641730,0.601146,0.588999,0.542964,0.504865,0.461134,0.397214,0.482272,0.522844,0.513823,0.525925,0.507508,0.532015,0.484424,0.393979,0.400779,0.428882,0.480383,0.421111,0.388049,0.472849
X_feature_pv_illiquidity_mean21,X_feature_market_corr504,0.490934,0.462979,0.368299,0.115898,0.078123,0.232447,0.259958,0.203200,0.171809,0.160890,0.236135,0.218930,0.134190,0.029783,0.026509,0.065606,0.147576,0.209965,0.235009,0.180357,0.166016,0.154793,0.160154,0.220789
X_feature_pv_illiquidity_mean21,X_feature_market_corr252,0.424581,0.441055,0.346458,0.039805,0.198846,0.254200,0.260353,0.190502,0.165631,0.159654,0.272901,0.199231,0.061406,0.002907,0.046639,0.137827,0.130178,0.239326,0.205265,0.057208,0.209465,0.125569,0.168724,0.178481
X_feature_pv_illiquidity_mean21,X_feature_short_interest_to_volume_log_ratio_std252,0.553651,0.498647,0.437997,0.509613,0.494602,0.537245,0.545342,0.457553,0.423867,0.388798,0.418370,0.399409,0.376895,0.374805,0.458693,0.420008,0.412490,0.354759,0.339394,0.357771,0.385834,0.370562,0.276669,0.371472
X_feature_pv_illiquidity_mean21,X_feature_short_interest_to_volume_log_ratio_std63,0.517270,0.488282,0.411596,0.513830,0.471690,0.469748,0.438515,0.398901,0.367577,0.334546,0.332418,0.393017,0.355988,0.356478,0.403631,0.407451,0.348780,0.274415,0.246360,0.312536,0.319179,0.332215,0.226854,0.367102
X_feature_pv_illiquidity_mean21,X_feature_short_interest_to_volume_log_ratio,0.079016,0.139188,0.217579,0.200471,0.248650,0.243389,0.230228,0.290076,0.354983,0.346027,0.411846,0.346541,0.398170,0.361724,0.290551,0.245303,0.160809,0.221932,0.242167,0.276422,0.326729,0.310555,0.303356,0.310985
X_feature_pv_illiquidity_mean21,X_feature_short_interest_to_volume_log_ratio_mean252,0.052655,0.129309,0.202137,0.145695,0.165538,0.269539,0.258722,0.317847,0.418133,0.437749,0.446183,0.444623,0.464027,0.453077,0.355912,0.325277,0.220845,0.217671,0.282332,0.341866,0.373978,0.377682,0.348497,0.426700
X_feature_pv_illiquidity_mean21,X_feature_short_interest_to_volume_log_ratio_mean63,0.088599,0.163946,0.230328,0.196313,0.263616,0.291145,0.259505,0.341911,0.425557,0.411527,0.457303,0.402266,0.458745,0.415604,0.327362,0.291188,0.187760,0.252294,0.287301,0.335959,0.372988,0.369811,0.348835,0.391521
X_feature_pv_illiquidity_mean21,X_feature_short_interest_log_diff21,0.011618,-0.003172,-0.001441,-0.014390,0.002215,-0.002219,0.014542,0.012916,-0.006272,0.031493,0.013999,-0.034858,-0.019701,-0.011562,0.004716,-0.012389,0.003978,0.025383,0.006890,0.016016,0.010559,0.006893,0.000390,-0.036344
X_feature_pv_illiquidity_mean21,X_feature_short_interest_log_diff252,0.079524,0.093153,0.067055,0.040322,0.052684,0.086688,0.095833,0.078972,0.070360,-0.016379,0.153178,-0.109773,-0.033396,-0.037256,-0.028407,-0.052216,-0.030921,0.095215,0.092352,0.082291,0.002942,0.065411,0.026824,-0.084476
X_feature_pv_illiquidity_mean21,X_feature_short_interest_log_diff63,0.031821,0.014692,0.015333,-0.013771,0.007086,0.010179,0.042192,0.027061,0.005417,0.020686,0.051577,-0.073557,-0.037559,-0.032995,0.032639,-0.024434,0.004765,0.023718,0.031588,0.020865,0.020603,0.025260,-0.002273,-0.067251
X_feature_pv_illiquidity_mean21,X_feature_short_interest_log_diff126,0.059675,0.043267,0.045535,0.001367,0.009993,0.045245,0.075724,0.038329,0.028031,0.006161,0.095512,-0.102190,-0.049716,-0.030130,0.000209,-0.027067,-0.008676,0.059128,0.056313,0.052478,0.014169,0.046890,0.015304,-0.086332
X_feature_volume_log_volume_std504,X_feature_volume_log_volume_std126,0.876051,0.879230,0.830604,0.838755,0.849634,0.850097,0.850038,0.841228,0.832690,0.800351,0.791655,0.809212,0.840618,0.821312,0.838278,0.833363,0.795826,0.769695,0.779367,0.772047,0.785438,0.778211,0.773895,0.781189
X_feature_volume_log_volume_std504,X_feature_volume_log_volume_std63,0.810018,0.806582,0.743987,0.767813,0.759608,0.766946,0.754711,0.748266,0.728382,0.687618,0.684643,0.708808,0.729223,0.716882,0.733570,0.722933,0.682833,0.654550,0.661882,0.654598,0.672311,0.651317,0.650719,0.663472
X_feature_volume_log_volume_std504,X_feature_market_corr504,0.612357,0.523611,0.414799,0.283392,0.323619,0.487256,0.524844,0.503621,0.489670,0.478680,0.487137,0.535230,0.513287,0.444366,0.412610,0.438577,0.453447,0.393316,0.331839,0.282074,0.268791,0.264374,0.325746,0.389075
X_feature_volume_log_volume_std504,X_feature_market_corr252,0.517557,0.405802,0.299674,0.187205,0.418487,0.450873,0.489969,0.485116,0.447878,0.418552,0.466610,0.466764,0.447312,0.380106,0.379462,0.458652,0.343386,0.336669,0.274212,0.152581,0.276760,0.196823,0.318094,0.246987
X_feature_volume_log_volume_std504,X_feature_short_interest_to_volume_log_ratio_std252,0.734392,0.683184,0.646449,0.639776,0.647939,0.681954,0.742246,0.709587,0.684164,0.606042,0.554434,0.468704,0.614336,0.605392,0.624753,0.666438,0.663428,0.592653,0.606275,0.673339,0.665514,0.627461,0.497743,0.623648
X_feature_volume_log_volume_std504,X_feature_short_interest_to_volume_log_ratio_std63,0.679444,0.645332,0.571712,0.613672,0.592023,0.622394,0.625766,0.622200,0.597634,0.533451,0.468518,0.531896,0.555792,0.523065,0.600723,0.605501,0.535580,0.513701,0.504059,0.547934,0.532123,0.544716,0.434626,0.541432
X_feature_volume_log_volume_std504,X_feature_short_interest_to_volume_log_ratio,0.032055,0.111992,0.115229,0.177239,0.225892,0.223567,0.218737,0.244207,0.285906,0.269463,0.350202,0.322359,0.320606,0.255186,0.201022,0.183874,0.123567,0.154431,0.189094,0.197517,0.232064,0.257240,0.320821,0.344539
X_feature_volume_log_volume_std504,X_feature_short_interest_to_volume_log_ratio_mean252,0.030503,0.099559,0.128492,0.180944,0.245786,0.274368,0.269172,0.307269,0.373586,0.380574,0.399363,0.448200,0.406355,0.370614,0.306198,0.281488,0.181551,0.182048,0.240641,0.264134,0.266871,0.317563,0.364812,0.454457
X_feature_volume_log_volume_std504,X_feature_short_interest_to_volume_log_ratio_mean63,0.035362,0.124936,0.130530,0.191302,0.256457,0.264478,0.248976,0.286604,0.346165,0.321213,0.390034,0.376223,0.371048,0.303831,0.237761,0.220798,0.133303,0.181226,0.223625,0.230087,0.256498,0.301180,0.360645,0.420087
X_feature_volume_log_volume_std504,X_feature_short_interest_log_diff21,0.024655,0.026631,0.020061,0.019485,0.022439,0.004410,0.014080,0.004093,-0.002376,0.016193,0.006176,-0.023475,-0.002804,-0.028588,0.011330,-0.010662,-0.000648,0.007177,0.008367,0.012653,0.005273,0.008269,0.012278,-0.019823
X_feature_volume_log_volume_std504,X_feature_short_interest_log_diff252,0.117381,0.177524,0.135743,0.076126,0.084723,0.111468,0.113896,0.039511,0.058909,-0.015553,0.103743,-0.099107,0.017457,-0.045953,-0.012107,-0.007278,-0.002183,0.009674,0.082678,0.074318,0.020319,0.098390,0.070197,0.028957
X_feature_volume_log_volume_std504,X_feature_short_interest_log_diff63,0.044341,0.057950,0.035280,0.031085,0.030566,0.010488,0.045032,0.004694,0.003563,-0.005202,0.032395,-0.055756,0.004132,-0.066926,0.038602,-0.021981,0.001798,-0.008454,0.024109,0.023429,0.014325,0.030635,0.022525,-0.031467
X_feature_volume_log_volume_std504,X_feature_short_interest_log_diff126,0.082132,0.095622,0.075235,0.042619,0.040344,0.050522,0.078277,0.003843,0.025859,-0.022364,0.062929,-0.078129,0.003984,-0.062196,0.008259,-0.014212,0.003551,-0.000437,0.044861,0.045685,0.020972,0.055970,0.040123,-0.018828
X_feature_volume_log_volume_std126,X_feature_volume_log_volume_std63,0.927872,0.923021,0.908761,0.917404,0.901355,0.903692,0.890916,0.892647,0.885269,0.863572,0.864442,0.874364,0.874511,0.868394,0.878943,0.868118,0.859770,0.854253,0.843989,0.844384,0.856711,0.844972,0.837908,0.845017
X_feature_volume_log_volume_std126,X_feature_market_corr504,0.572293,0.522691,0.398024,0.246739,0.261513,0.461683,0.399001,0.383595,0.411516,0.409129,0.492884,0.509818,0.401971,0.368784,0.371674,0.353773,0.378800,0.302525,0.266481,0.249585,0.237091,0.192637,0.291935,0.331030
X_feature_volume_log_volume_std126,X_feature_market_corr252,0.524844,0.464871,0.367162,0.204787,0.408777,0.492322,0.438355,0.455418,0.454377,0.425848,0.514432,0.495537,0.411360,0.394843,0.408419,0.428878,0.369532,0.333219,0.267216,0.173824,0.294439,0.186320,0.324459,0.267341
X_feature_volume_log_volume_std126,X_feature_short_interest_to_volume_log_ratio_std252,0.693245,0.658270,0.593118,0.606203,0.578283,0.692618,0.708613,0.684898,0.653996,0.591304,0.550027,0.491154,0.586490,0.577990,0.626360,0.623096,0.626085,0.563514,0.566428,0.618317,0.640961,0.590312,0.464440,0.603831
X_feature_volume_log_volume_std126,X_feature_short_interest_to_volume_log_ratio_std63,0.741333,0.721483,0.661513,0.706304,0.704359,0.735854,0.716639,0.726976,0.702271,0.643700,0.575152,0.637037,0.638611,0.614183,0.700803,0.697738,0.654836,0.633898,0.599726,0.653388,0.614915,0.651056,0.532103,0.643535
X_feature_volume_log_volume_std126,X_feature_short_interest_to_volume_log_ratio,0.046620,0.107802,0.140727,0.184099,0.200293,0.190614,0.180025,0.202129,0.243389,0.224474,0.282076,0.274126,0.283704,0.233070,0.207586,0.161517,0.093253,0.129128,0.134555,0.148056,0.201849,0.191845,0.273727,0.303799
X_feature_volume_log_volume_std126,X_feature_short_interest_to_volume_log_ratio_mean252,0.056090,0.111830,0.156415,0.204780,0.192793,0.236270,0.230589,0.251038,0.325544,0.321908,0.323108,0.401860,0.358788,0.320031,0.302671,0.256665,0.150084,0.165363,0.195040,0.221548,0.221830,0.244848,0.302869,0.381459
X_feature_volume_log_volume_std126,X_feature_short_interest_to_volume_log_ratio_mean63,0.053330,0.120850,0.157619,0.203907,0.216748,0.224120,0.198691,0.231050,0.296014,0.263392,0.317438,0.325377,0.326555,0.271741,0.245523,0.196136,0.097343,0.151988,0.160643,0.165685,0.212808,0.217251,0.290959,0.363169
X_feature_volume_log_volume_std126,X_feature_short_interest_log_diff21,0.025974,0.023119,0.016547,0.015764,0.027552,0.019688,0.025252,0.012441,0.003738,0.030412,0.008316,-0.010650,-0.000553,-0.011765,0.024481,-0.008321,0.008159,0.007129,0.008403,0.025753,0.019571,0.022548,0.030464,-0.015962
X_feature_volume_log_volume_std126,X_feature_short_interest_log_diff252,0.113619,0.157933,0.113081,0.059314,0.098103,0.126014,0.110281,0.060906,0.082102,0.027143,0.098495,-0.065190,0.047731,0.007092,0.042844,0.029918,0.038554,0.040458,0.087327,0.082628,0.061540,0.098552,0.107245,0.088708
X_feature_volume_log_volume_std126,X_feature_short_interest_log_diff63,0.050443,0.063537,0.035794,0.037684,0.050154,0.034220,0.063161,0.030364,0.016272,0.031935,0.035325,-0.035396,0.015580,-0.035272,0.067018,-0.011915,0.024095,0.000237,0.024149,0.046999,0.040688,0.051297,0.060783,-0.009526
X_feature_volume_log_volume_std126,X_feature_short_interest_log_diff126,0.088447,0.091451,0.074423,0.049034,0.062983,0.070553,0.100999,0.037787,0.048298,0.027692,0.066187,-0.051752,0.026801,-0.018435,0.060091,0.008688,0.041469,0.028556,0.054533,0.069935,0.068581,0.076584,0.098705,0.023578
X_feature_volume_log_volume_std63,X_feature_market_corr504,0.538932,0.491072,0.367620,0.207718,0.242591,0.410672,0.356867,0.332561,0.361082,0.367216,0.440767,0.457483,0.349969,0.320264,0.332843,0.311272,0.327967,0.247587,0.236371,0.222484,0.199528,0.160673,0.265365,0.286480
X_feature_volume_log_volume_std63,X_feature_market_corr252,0.496744,0.441329,0.344337,0.169410,0.381973,0.439305,0.397051,0.399053,0.408833,0.381700,0.463617,0.445431,0.362676,0.341881,0.364595,0.373858,0.322576,0.279500,0.233760,0.159161,0.254439,0.158460,0.293326,0.226139
X_feature_volume_log_volume_std63,X_feature_short_interest_to_volume_log_ratio_std252,0.640028,0.607390,0.534997,0.559010,0.521500,0.621624,0.631950,0.604827,0.576656,0.514509,0.488140,0.422086,0.513218,0.502516,0.545918,0.536614,0.536978,0.484904,0.482385,0.518171,0.553846,0.487728,0.396918,0.518869
X_feature_volume_log_volume_std63,X_feature_short_interest_to_volume_log_ratio_std63,0.762744,0.748091,0.690423,0.707510,0.745029,0.777231,0.764969,0.770327,0.745487,0.692501,0.632978,0.682095,0.679219,0.666068,0.744971,0.738545,0.694134,0.688481,0.663073,0.697631,0.662729,0.692292,0.586029,0.697171
X_feature_volume_log_volume_std63,X_feature_short_interest_to_volume_log_ratio,0.036265,0.089491,0.127282,0.144862,0.164811,0.159776,0.137082,0.164242,0.201103,0.171421,0.239020,0.231695,0.232426,0.207489,0.172688,0.122481,0.079194,0.090209,0.098810,0.109376,0.166085,0.143436,0.222346,0.253408
X_feature_volume_log_volume_std63,X_feature_short_interest_to_volume_log_ratio_mean252,0.054646,0.105476,0.146027,0.173024,0.167482,0.217227,0.206211,0.228715,0.292411,0.272954,0.285910,0.360103,0.309123,0.291231,0.266061,0.220506,0.141732,0.137404,0.172897,0.191633,0.197191,0.209471,0.259304,0.333757
X_feature_volume_log_volume_std63,X_feature_short_interest_to_volume_log_ratio_mean63,0.048947,0.110673,0.146888,0.170649,0.176548,0.193227,0.157426,0.194966,0.253971,0.211710,0.276144,0.286663,0.273604,0.238305,0.203893,0.158889,0.084147,0.114615,0.125183,0.130190,0.174299,0.161517,0.229619,0.300028
X_feature_volume_log_volume_std63,X_feature_short_interest_log_diff21,0.026872,0.022810,0.018305,0.009953,0.030315,0.022316,0.026395,0.016303,0.004772,0.035702,0.005109,-0.011195,0.009648,0.003340,0.035052,0.000000,0.021105,0.013216,0.014986,0.029572,0.023229,0.037869,0.049537,-0.001623
X_feature_volume_log_volume_std63,X_feature_short_interest_log_diff252,0.109199,0.141952,0.096212,0.052327,0.082695,0.111215,0.089959,0.050341,0.077105,0.018743,0.094074,-0.067918,0.042695,0.010630,0.045222,0.026506,0.047017,0.047737,0.074799,0.070841,0.056416,0.077586,0.097591,0.086103
X_feature_volume_log_volume_std63,X_feature_short_interest_log_diff63,0.045283,0.054496,0.035179,0.025658,0.039968,0.031434,0.062083,0.030587,0.022957,0.031692,0.029037,-0.036171,0.019909,-0.015727,0.076172,0.001940,0.040877,0.014829,0.026879,0.047230,0.050823,0.056258,0.081821,0.008142
X_feature_volume_log_volume_std63,X_feature_short_interest_log_diff126,0.078150,0.075999,0.066168,0.036587,0.049881,0.064099,0.087561,0.033022,0.041321,0.024069,0.061192,-0.055671,0.030948,-0.010212,0.060417,0.019671,0.043477,0.035735,0.051210,0.063980,0.064709,0.060958,0.095787,0.030639
X_feature_market_corr504,X_feature_market_corr252,0.923054,0.901551,0.888421,0.929111,0.856089,0.906828,0.814653,0.843304,0.859301,0.884408,0.948753,0.938120,0.790352,0.872261,0.920125,0.850204,0.870028,0.895937,0.927300,0.840451,0.929121,0.932356,0.938099,0.774753
X_feature_market_corr504,X_feature_short_interest_to_volume_log_ratio_std252,0.526489,0.428491,0.311718,0.151670,0.200548,0.397738,0.400195,0.404793,0.398912,0.341349,0.292738,0.243967,0.337007,0.276115,0.304906,0.381242,0.342236,0.274231,0.237114,0.266775,0.232671,0.201952,0.261077,0.309302
X_feature_market_corr504,X_feature_short_interest_to_volume_log_ratio_std63,0.479679,0.412544,0.262452,0.158963,0.208822,0.365840,0.317612,0.301406,0.327304,0.276466,0.268994,0.381870,0.311609,0.252242,0.327679,0.339574,0.269962,0.223576,0.171545,0.224163,0.156748,0.168654,0.205698,0.251502
X_feature_market_corr504,X_feature_short_interest_to_volume_log_ratio,0.035430,0.077997,0.121212,0.176855,0.120146,0.050748,0.084722,0.086952,0.061622,0.077449,0.124089,0.143454,0.091028,0.096068,0.041898,0.059117,0.148030,0.116430,0.137184,0.157825,0.219930,0.212427,0.218781,0.252927
X_feature_market_corr504,X_feature_short_interest_to_volume_log_ratio_mean252,0.016947,0.094004,0.145846,0.250886,0.190394,0.086615,0.075442,0.106398,0.045728,0.055910,0.127119,0.255436,0.101485,0.096390,0.090291,0.079897,0.142783,0.179671,0.173074,0.182698,0.237432,0.302220,0.291566,0.299076
X_feature_market_corr504,X_feature_short_interest_to_volume_log_ratio_mean63,0.042662,0.088297,0.138763,0.221091,0.141034,0.063654,0.086098,0.093979,0.060698,0.070043,0.131903,0.189743,0.098050,0.108580,0.046915,0.069213,0.158627,0.135392,0.153198,0.180495,0.251959,0.265176,0.248909,0.302425
X_feature_market_corr504,X_feature_short_interest_log_diff21,0.006033,-0.009916,-0.011444,-0.001154,0.010938,-0.002403,0.022065,-0.000863,0.007870,-0.012156,-0.039459,-0.032110,0.014025,-0.019717,0.029437,0.011965,0.001541,-0.014065,0.012271,0.049652,-0.018047,0.010072,0.010416,-0.013488
X_feature_market_corr504,X_feature_short_interest_log_diff252,0.093507,0.046336,0.024992,-0.029494,0.008395,0.017746,0.125922,0.052768,0.055111,-0.038379,-0.075499,-0.127343,0.071573,0.053253,0.017080,0.078258,0.126252,-0.073132,0.046295,0.134035,0.084775,-0.005285,0.053103,0.033250
X_feature_market_corr504,X_feature_short_interest_log_diff63,0.014968,0.000921,-0.010437,-0.016724,0.006025,-0.012782,0.050978,0.007878,0.015839,-0.043515,-0.042322,-0.077443,0.032881,-0.041780,0.049762,0.017809,0.019928,-0.060498,0.025593,0.076908,-0.011681,0.001613,0.014911,-0.023402
X_feature_market_corr504,X_feature_short_interest_log_diff126,0.053648,0.010973,-0.001333,-0.021648,0.006934,-0.007167,0.086717,0.005622,0.043719,-0.054438,-0.050770,-0.105357,0.062125,-0.016150,0.028014,0.033555,0.055645,-0.073081,0.036660,0.109048,0.008212,-0.001474,0.016992,-0.007665
X_feature_market_corr252,X_feature_short_interest_to_volume_log_ratio_std252,0.480991,0.370799,0.268087,0.098736,0.297832,0.433955,0.443119,0.470135,0.448039,0.355366,0.331519,0.257206,0.362577,0.301085,0.337548,0.449672,0.306423,0.297562,0.250716,0.196662,0.278864,0.206246,0.302640,0.259519
X_feature_market_corr252,X_feature_short_interest_to_volume_log_ratio_std63,0.449244,0.375766,0.243876,0.130289,0.334513,0.406430,0.366331,0.377850,0.397763,0.298977,0.304197,0.375908,0.348871,0.281534,0.364921,0.400578,0.271651,0.249379,0.186474,0.173133,0.200949,0.170468,0.244063,0.209047
X_feature_market_corr252,X_feature_short_interest_to_volume_log_ratio,0.036753,0.077413,0.114352,0.158479,0.114527,0.032272,0.100247,0.045263,0.049469,0.073062,0.122246,0.124056,0.067281,0.086456,0.050257,0.079818,0.142978,0.123566,0.134473,0.107264,0.240457,0.178167,0.204986,0.215257
X_feature_market_corr252,X_feature_short_interest_to_volume_log_ratio_mean252,0.024843,0.099455,0.143612,0.244481,0.133235,0.048342,0.092243,0.038815,0.027148,0.052899,0.124219,0.236664,0.053130,0.076466,0.098730,0.103341,0.130249,0.175111,0.158435,0.099938,0.254633,0.249491,0.256898,0.218954
X_feature_market_corr252,X_feature_short_interest_to_volume_log_ratio_mean63,0.043017,0.086764,0.129772,0.198496,0.123356,0.038623,0.105254,0.035980,0.042283,0.068765,0.125299,0.168849,0.062255,0.093035,0.057903,0.091236,0.155835,0.141119,0.147681,0.114652,0.275750,0.219486,0.221346,0.248757
X_feature_market_corr252,X_feature_short_interest_log_diff21,0.001899,-0.012329,-0.014381,-0.004988,0.013861,0.003239,0.026863,0.008085,0.014568,-0.011414,-0.029236,-0.027704,0.020660,-0.009901,0.028621,0.014043,0.004540,-0.006835,0.018300,0.053225,-0.014110,0.013896,0.027722,-0.012620
X_feature_market_corr252,X_feature_short_interest_log_diff252,0.090256,0.042322,0.020758,-0.056000,0.057166,0.037080,0.144887,0.060656,0.046856,-0.020281,-0.047894,-0.104580,0.120583,0.084736,0.041376,0.097115,0.182761,-0.003198,0.077069,0.166049,0.112798,0.027925,0.107653,0.109458
X_feature_market_corr252,X_feature_short_interest_log_diff63,0.013487,0.000260,-0.014936,-0.020967,0.015714,-0.002662,0.061681,0.024374,0.034114,-0.041363,-0.021475,-0.066559,0.047319,-0.020561,0.054059,0.023788,0.030431,-0.041136,0.038660,0.088160,-0.003178,0.009795,0.048729,-0.006519
X_feature_market_corr252,X_feature_short_interest_log_diff126,0.055388,0.015079,0.002424,-0.034015,0.031675,0.009106,0.111132,0.029915,0.057867,-0.035399,-0.023606,-0.086766,0.093401,0.012811,0.041893,0.053218,0.079436,-0.035844,0.062215,0.127660,0.024948,0.013023,0.060325,0.033049
X_feature_short_interest_to_volume_log_ratio_std252,X_feature_short_interest_to_volume_log_ratio_std63,0.691423,0.656136,0.598341,0.603681,0.457967,0.640289,0.658698,0.660212,0.640154,0.597712,0.553265,0.477274,0.582009,0.562369,0.600708,0.621200,0.598570,0.561429,0.540712,0.602631,0.604192,0.587445,0.481752,0.559767
X_feature_short_interest_to_volume_log_ratio_std252,X_feature_short_interest_to_volume_log_ratio,-0.057279,-0.046394,-0.084424,0.000176,0.106406,0.154751,0.087952,0.105713,0.097083,0.082738,0.125161,0.084071,0.090602,-0.009784,0.062299,0.025560,-0.044935,0.006917,0.029319,0.055627,0.090794,0.141327,0.082130,0.215795
X_feature_short_interest_to_volume_log_ratio_std252,X_feature_short_interest_to_volume_log_ratio_mean252,-0.102708,-0.085885,-0.134468,-0.138568,-0.059566,0.088521,0.096910,0.099620,0.128121,0.146028,0.111948,0.124703,0.091341,0.061549,0.055408,0.020549,-0.037151,-0.050627,-0.021636,0.054434,0.083863,0.115483,0.125845,0.258081
X_feature_short_interest_to_volume_log_ratio_std252,X_feature_short_interest_to_volume_log_ratio_mean63,-0.078812,-0.075469,-0.117238,-0.029238,0.108663,0.164963,0.083424,0.108927,0.105250,0.090215,0.129192,0.080460,0.098267,-0.013178,0.060840,0.028660,-0.066279,-0.006136,0.028209,0.039727,0.080308,0.148927,0.075131,0.252933
X_feature_short_interest_to_volume_log_ratio_std252,X_feature_short_interest_log_diff21,0.026912,0.032055,0.037558,0.012138,0.015940,0.011825,0.026453,0.008360,0.003269,0.023908,0.024161,0.027708,0.005643,0.001781,0.029049,-0.011220,0.004185,0.031467,0.005513,0.032620,0.018591,0.022120,0.036214,-0.022616
X_feature_short_interest_to_volume_log_ratio_std252,X_feature_short_interest_log_diff252,0.159706,0.125894,0.125909,0.246666,0.137304,0.269375,0.137159,0.103587,0.030679,0.027283,0.159308,0.065485,0.127379,-0.039334,0.130621,0.125746,0.053033,0.161962,0.218336,0.123328,0.067713,0.208813,0.109733,0.128977
X_feature_short_interest_to_volume_log_ratio_std252,X_feature_short_interest_log_diff63,0.045612,0.055963,0.066687,0.059435,0.033879,0.047571,0.052707,0.020975,0.012684,0.007775,0.050375,0.053916,0.042241,-0.029169,0.087108,-0.002102,0.018224,0.044499,0.042122,0.062567,0.029410,0.074447,0.055724,-0.024619
X_feature_short_interest_to_volume_log_ratio_std252,X_feature_short_interest_log_diff126,0.093649,0.060691,0.099004,0.123177,0.049461,0.145561,0.089531,0.039805,0.021327,0.008077,0.089624,0.068656,0.072279,-0.071644,0.137142,0.040690,0.033420,0.079086,0.114561,0.095308,0.043115,0.123477,0.084575,0.005586
X_feature_short_interest_to_volume_log_ratio_std63,X_feature_short_interest_to_volume_log_ratio,-0.058214,-0.054511,-0.058384,0.047421,0.079136,0.072756,0.044192,0.072879,0.083978,0.079536,0.082575,0.109074,0.077161,0.025706,0.039327,0.021174,-0.040625,-0.001857,-0.009827,0.020820,0.044975,0.089448,0.061824,0.145269
X_feature_short_interest_to_volume_log_ratio_std63,X_feature_short_interest_to_volume_log_ratio_mean252,-0.060167,-0.023849,-0.061351,-0.002163,0.097196,0.111994,0.107989,0.126299,0.157901,0.186187,0.113932,0.187682,0.117319,0.092929,0.110290,0.074500,0.014515,0.001047,0.037886,0.090723,0.077250,0.106644,0.106043,0.213691
X_feature_short_interest_to_volume_log_ratio_std63,X_feature_short_interest_to_volume_log_ratio_mean63,-0.081767,-0.065236,-0.086788,-0.017296,0.047070,0.072124,0.042870,0.075032,0.110226,0.106150,0.096751,0.108376,0.079944,0.033794,0.040789,0.018201,-0.062328,-0.027459,-0.018158,0.007122,0.036873,0.068668,0.050636,0.160677
X_feature_short_interest_to_volume_log_ratio_std63,X_feature_short_interest_log_diff21,0.046079,0.028833,0.034420,0.035168,0.052118,0.039487,0.025326,0.014458,0.006571,0.032181,0.026656,0.039700,0.021174,-0.007466,0.043756,0.008811,0.015312,0.049408,0.026153,0.039767,0.025258,0.051295,0.058990,0.009069
X_feature_short_interest_to_volume_log_ratio_std63,X_feature_short_interest_log_diff252,0.120335,0.105059,0.097877,0.105474,0.102013,0.105227,0.082177,0.039551,0.049448,0.020151,0.100748,-0.021805,0.054037,-0.017372,0.042391,0.047752,0.028329,0.078161,0.091227,0.061956,0.054806,0.128743,0.103891,0.071905
X_feature_short_interest_to_volume_log_ratio_std63,X_feature_short_interest_log_diff63,0.081416,0.045612,0.071986,0.107807,0.092887,0.077573,0.062806,0.037916,0.033857,0.042540,0.049993,0.062403,0.066492,0.001187,0.106436,0.049914,0.061682,0.105023,0.067469,0.092725,0.061379,0.142656,0.113767,0.052733
X_feature_short_interest_to_volume_log_ratio_std63,X_feature_short_interest_log_diff126,0.107593,0.043373,0.090531,0.117096,0.101096,0.089029,0.077228,0.031004,0.041591,0.041198,0.081119,0.013444,0.061218,-0.006352,0.075135,0.055820,0.048276,0.098157,0.068755,0.088090,0.072902,0.133665,0.117288,0.053716
X_feature_short_interest_to_volume_log_ratio,X_feature_short_interest_to_volume_log_ratio_mean252,0.655030,0.638498,0.641254,0.611253,0.477289,0.653052,0.652161,0.663964,0.686584,0.664224,0.710666,0.728253,0.747255,0.739781,0.718006,0.714210,0.682892,0.674460,0.694387,0.696833,0.697132,0.680370,0.667668,0.658555
X_feature_short_interest_to_volume_log_ratio,X_feature_short_interest_to_volume_log_ratio_mean63,0.770909,0.775016,0.780783,0.715073,0.749129,0.754872,0.756904,0.763652,0.788335,0.777583,0.824829,0.826597,0.826056,0.829300,0.817530,0.812646,0.800632,0.790440,0.794129,0.792854,0.791112,0.779620,0.781357,0.759450
X_feature_short_interest_to_volume_log_ratio,X_feature_short_interest_log_diff21,0.132524,0.153366,0.136035,0.127502,0.138202,0.123495,0.127990,0.127187,0.124093,0.130403,0.123563,0.078900,0.099588,0.121589,0.128520,0.104135,0.094204,0.102219,0.097933,0.118846,0.088059,0.120086,0.092850,0.101164
X_feature_short_interest_to_volume_log_ratio,X_feature_short_interest_log_diff252,0.295271,0.326726,0.267033,0.174003,0.286644,0.308356,0.299832,0.297943,0.326061,0.319746,0.403119,0.184975,0.238809,0.293733,0.320916,0.288958,0.289712,0.273864,0.277756,0.316800,0.229140,0.273458,0.258591,0.256882
X_feature_short_interest_to_volume_log_ratio,X_feature_short_interest_log_diff63,0.193496,0.223242,0.180959,0.165933,0.209470,0.185203,0.201497,0.194536,0.207038,0.211285,0.221651,0.109458,0.160635,0.179061,0.236061,0.172988,0.172150,0.162865,0.183574,0.185866,0.132179,0.184160,0.151913,0.136278
X_feature_short_interest_to_volume_log_ratio,X_feature_short_interest_log_diff126,0.260465,0.279183,0.216399,0.174979,0.261621,0.233994,0.262596,0.247067,0.264559,0.262880,0.320463,0.152962,0.193467,0.250235,0.273005,0.230533,0.233831,0.219809,0.236660,0.253017,0.164817,0.234824,0.194236,0.186375
X_feature_short_interest_to_volume_log_ratio_mean252,X_feature_short_interest_to_volume_log_ratio_mean63,0.852867,0.830187,0.826579,0.840840,0.619057,0.865496,0.860543,0.870303,0.875666,0.857478,0.871081,0.882899,0.904429,0.895312,0.882328,0.880771,0.862269,0.857815,0.875905,0.881332,0.883378,0.874520,0.855800,0.859568
X_feature_short_interest_to_volume_log_ratio_mean252,X_feature_short_interest_log_diff21,-0.082404,-0.065593,-0.089740,-0.080760,-0.022657,-0.072446,-0.075372,-0.061791,-0.067217,-0.055476,-0.068437,-0.086711,-0.077533,-0.066113,-0.054118,-0.073666,-0.092529,-0.094234,-0.075712,-0.058460,-0.101349,-0.069567,-0.098700,-0.085134
X_feature_short_interest_to_volume_log_ratio_mean252,X_feature_short_interest_log_diff252,-0.043643,-0.021261,-0.096218,-0.255836,-0.211890,-0.027627,-0.027492,0.000972,0.019502,0.002915,0.095127,-0.141679,-0.086156,-0.033519,-0.000054,-0.031188,-0.054485,-0.081920,-0.046113,0.006882,-0.135101,-0.060926,-0.110481,-0.094291
X_feature_short_interest_to_volume_log_ratio_mean252,X_feature_short_interest_log_diff63,-0.138971,-0.117085,-0.157578,-0.176670,-0.060143,-0.121740,-0.115275,-0.109219,-0.102492,-0.094144,-0.080530,-0.167735,-0.131375,-0.132065,-0.053141,-0.117034,-0.141059,-0.166909,-0.112762,-0.100661,-0.177453,-0.122221,-0.160624,-0.155640
X_feature_short_interest_to_volume_log_ratio_mean252,X_feature_short_interest_log_diff126,-0.129670,-0.130984,-0.192427,-0.254527,-0.124354,-0.144860,-0.115351,-0.106815,-0.101797,-0.102200,-0.050560,-0.205443,-0.162101,-0.119802,-0.085859,-0.122228,-0.157511,-0.183692,-0.131613,-0.093512,-0.216683,-0.139049,-0.194368,-0.182465
X_feature_short_interest_to_volume_log_ratio_mean63,X_feature_short_interest_log_diff21,-0.109000,-0.090046,-0.135395,-0.133850,-0.104380,-0.113966,-0.105908,-0.089278,-0.087052,-0.099898,-0.096544,-0.130644,-0.106356,-0.094436,-0.081213,-0.106069,-0.122360,-0.121790,-0.110106,-0.085016,-0.132321,-0.101271,-0.138828,-0.125027
X_feature_short_interest_to_volume_log_ratio_mean63,X_feature_short_interest_log_diff252,0.218892,0.259229,0.169673,0.026268,0.208276,0.235675,0.242813,0.243020,0.273805,0.244815,0.342034,0.098719,0.155863,0.213070,0.250083,0.217927,0.219087,0.197687,0.212175,0.247192,0.136954,0.198227,0.155957,0.185931
X_feature_short_interest_to_volume_log_ratio_mean63,X_feature_short_interest_log_diff63,-0.043383,-0.015757,-0.082667,-0.149772,-0.040442,-0.048239,-0.021039,-0.022806,-0.000147,-0.021909,0.000809,-0.113680,-0.053885,-0.047786,0.026944,-0.044702,-0.059051,-0.075466,-0.033623,-0.025998,-0.102302,-0.045579,-0.095682,-0.105230
X_feature_short_interest_to_volume_log_ratio_mean63,X_feature_short_interest_log_diff126,0.122991,0.140662,0.052345,-0.053840,0.112216,0.092965,0.142825,0.128635,0.145224,0.123295,0.186564,0.002838,0.059731,0.112115,0.156785,0.104711,0.096887,0.078838,0.106993,0.126919,0.013490,0.095384,0.035784,0.045273
X_feature_short_interest_log_diff21,X_feature_short_interest_log_diff252,0.247329,0.243825,0.266642,0.225541,0.221762,0.235806,0.239845,0.243700,0.241426,0.251982,0.253322,0.233784,0.243253,0.243710,0.255451,0.231122,0.232841,0.247150,0.221480,0.277512,0.235576,0.247394,0.264728,0.207968
X_feature_short_interest_log_diff21,X_feature_short_interest_log_diff63,0.490141,0.490983,0.489320,0.478322,0.468715,0.490320,0.489760,0.484569,0.498919,0.497004,0.526245,0.494101,0.501930,0.486120,0.511802,0.508539,0.514505,0.509831,0.495923,0.524483,0.501027,0.495398,0.523678,0.474391
X_feature_short_interest_log_diff21,X_feature_short_interest_log_diff126,0.337165,0.334196,0.351876,0.327081,0.323647,0.348459,0.336684,0.335652,0.350563,0.344838,0.352181,0.331567,0.338300,0.330382,0.328400,0.333154,0.342152,0.344501,0.341617,0.361791,0.333892,0.348119,0.374727,0.321791
X_feature_short_interest_log_diff252,X_feature_short_interest_log_diff63,0.420216,0.396587,0.401419,0.397006,0.371645,0.396019,0.408314,0.414556,0.413659,0.430918,0.445934,0.388566,0.426307,0.419648,0.444628,0.397724,0.404057,0.423211,0.412127,0.460869,0.414728,0.430250,0.448344,0.346212
X_feature_short_interest_log_diff252,X_feature_short_interest_log_diff126,0.572344,0.563063,0.550313,0.553577,0.541652,0.575956,0.587500,0.593621,0.592118,0.603251,0.638392,0.555236,0.610277,0.586074,0.599979,0.571605,0.587656,0.600532,0.603526,0.636705,0.594536,0.605704,0.645176,0.544231
X_feature_short_interest_log_diff63,X_feature_short_interest_log_diff126,0.597925,0.588542,0.584337,0.590152,0.576167,0.605329,0.605641,0.614757,0.636205,0.628723,0.643449,0.613997,0.619210,0.623664,0.608457,0.621153,0.616043,0.631595,0.623427,0.636398,0.630830,0.627633,0.647670,0.590821
