date,theme,ic
1998-01-02,Medium- and long-term return,-0.015247
1998-01-02,Short-term return,0.062823
1998-01-02,Volatility,-0.013879
1998-01-02,Size,0.051300
1998-01-02,Trading activity,0.034671
1998-01-02,Market correlation,0.029455
1998-01-02,Short interest,0.077755
1998-01-09,Medium- and long-term return,0.018971
1998-01-09,Short-term return,0.119431
1998-01-09,Volatility,0.006939
1998-01-09,Size,0.095985
1998-01-09,Trading activity,0.085851
1998-01-09,Market correlation,0.130707
1998-01-09,Short interest,0.098900
1998-01-16,Medium- and long-term return,-0.026966
1998-01-16,Short-term return,0.105175
1998-01-16,Volatility,0.064115
1998-01-16,Size,0.067945
1998-01-16,Trading activity,0.040544
1998-01-16,Market correlation,0.101165
1998-01-16,Short interest,0.074766
1998-01-26,Medium- and long-term return,-0.001656
1998-01-26,Short-term return,0.116433
1998-01-26,Volatility,0.097338
1998-01-26,Size,0.038622
1998-01-26,Trading activity,0.092534
1998-01-26,Market correlation,0.123032
1998-01-26,Short interest,0.036607
1998-02-02,Medium- and long-term return,-0.018285
1998-02-02,Short-term return,0.110342
1998-02-02,Volatility,0.143116
1998-02-02,Size,-0.017000
1998-02-02,Trading activity,0.100599
1998-02-02,Market correlation,0.062483
1998-02-02,Short interest,-0.028841
1998-02-09,Medium- and long-term return,0.041964
1998-02-09,Short-term return,0.132459
1998-02-09,Volatility,0.157680
1998-02-09,Size,0.033354
1998-02-09,Trading activity,0.094758
1998-02-09,Market correlation,0.103644
1998-02-09,Short interest,-0.047447
1998-02-17,Medium- and long-term return,0.021578
1998-02-17,Short-term return,0.080625
1998-02-17,Volatility,0.062754
1998-02-17,Size,0.063222
1998-02-17,Trading activity,0.080675
1998-02-17,Market correlation,0.120403
1998-02-17,Short interest,-0.041183
1998-02-24,Medium- and long-term return,0.020322
1998-02-24,Short-term return,0.074825
1998-02-24,Volatility,0.096243
1998-02-24,Size,0.116347
1998-02-24,Trading activity,0.090326
1998-02-24,Market correlation,0.144451
1998-02-24,Short interest,0.025182
1998-03-03,Medium- and long-term return,0.069263
1998-03-03,Short-term return,0.034145
1998-03-03,Volatility,0.071010
1998-03-03,Size,0.061230
1998-03-03,Trading activity,0.032851
1998-03-03,Market correlation,0.053599
1998-03-03,Short interest,0.020328
1998-03-10,Medium- and long-term return,0.040139
1998-03-10,Short-term return,0.085864
1998-03-10,Volatility,0.074562
1998-03-10,Size,0.068427
1998-03-10,Trading activity,0.003366
1998-03-10,Market correlation,0.045763
1998-03-10,Short interest,0.058579
1998-03-17,Medium- and long-term return,0.032611
1998-03-17,Short-term return,0.096888
1998-03-17,Volatility,0.041020
1998-03-17,Size,0.030163
1998-03-17,Trading activity,0.006558
1998-03-17,Market correlation,0.001776
1998-03-17,Short interest,0.038081
1998-03-24,Medium- and long-term return,0.017533
1998-03-24,Short-term return,0.092379
1998-03-24,Volatility,-0.024229
1998-03-24,Size,-0.027385
1998-03-24,Trading activity,0.015074
1998-03-24,Market correlation,-0.026893
1998-03-24,Short interest,0.002571
1998-03-31,Medium- and long-term return,-0.035704
1998-03-31,Short-term return,0.154545
1998-03-31,Volatility,-0.079621
1998-03-31,Size,-0.010856
1998-03-31,Trading activity,-0.057571
1998-03-31,Market correlation,-0.043166
1998-03-31,Short interest,0.026583
1998-04-07,Medium- and long-term return,-0.075495
1998-04-07,Short-term return,0.112545
1998-04-07,Volatility,-0.068643
1998-04-07,Size,-0.030080
1998-04-07,Trading activity,0.016918
1998-04-07,Market correlation,-0.054194
1998-04-07,Short interest,0.029045
1998-04-15,Medium- and long-term return,-0.033038
1998-04-15,Short-term return,0.130254
1998-04-15,Volatility,-0.015105
1998-04-15,Size,0.044676
1998-04-15,Trading activity,0.004890
1998-04-15,Market correlation,0.015976
1998-04-15,Short interest,0.053307
1998-04-22,Medium- and long-term return,0.033403
1998-04-22,Short-term return,0.057701
1998-04-22,Volatility,0.004130
1998-04-22,Size,0.100269
1998-04-22,Trading activity,0.007508
1998-04-22,Market correlation,0.056892
1998-04-22,Short interest,0.048724
1998-04-29,Medium- and long-term return,0.072146
1998-04-29,Short-term return,0.095710
1998-04-29,Volatility,0.069333
1998-04-29,Size,0.153362
1998-04-29,Trading activity,0.063327
1998-04-29,Market correlation,0.115052
1998-04-29,Short interest,0.076735
1998-05-06,Medium- and long-term return,0.121285
1998-05-06,Short-term return,0.096310
1998-05-06,Volatility,0.032967
1998-05-06,Size,0.137775
1998-05-06,Trading activity,0.119537
1998-05-06,Market correlation,0.098442
1998-05-06,Short interest,0.142669
1998-05-13,Medium- and long-term return,0.181423
1998-05-13,Short-term return,0.010265
1998-05-13,Volatility,-0.021479
1998-05-13,Size,0.123375
1998-05-13,Trading activity,0.072438
1998-05-13,Market correlation,0.047820
1998-05-13,Short interest,0.120388
1998-05-20,Medium- and long-term return,0.169881
1998-05-20,Short-term return,-0.045612
1998-05-20,Volatility,-0.063234
1998-05-20,Size,0.164846
1998-05-20,Trading activity,0.053936
1998-05-20,Market correlation,0.074311
1998-05-20,Short interest,0.137816
1998-05-28,Medium- and long-term return,0.253550
1998-05-28,Short-term return,-0.117068
1998-05-28,Volatility,-0.084279
1998-05-28,Size,0.170673
1998-05-28,Trading activity,-0.070533
1998-05-28,Market correlation,0.098483
1998-05-28,Short interest,0.114045
1998-06-04,Medium- and long-term return,0.238229
1998-06-04,Short-term return,-0.036913
1998-06-04,Volatility,-0.078604
1998-06-04,Size,0.115982
1998-06-04,Trading activity,-0.054431
1998-06-04,Market correlation,0.057319
1998-06-04,Short interest,0.045218
1998-06-11,Medium- and long-term return,0.251125
1998-06-11,Short-term return,-0.124058
1998-06-11,Volatility,-0.048775
1998-06-11,Size,0.140940
1998-06-11,Trading activity,-0.076015
1998-06-11,Market correlation,0.074180
1998-06-11,Short interest,0.038150
1998-06-18,Medium- and long-term return,0.215441
1998-06-18,Short-term return,-0.112805
1998-06-18,Volatility,-0.061956
1998-06-18,Size,0.036432
1998-06-18,Trading activity,-0.062503
1998-06-18,Market correlation,-0.006540
1998-06-18,Short interest,0.014950
1998-06-25,Medium- and long-term return,0.182940
1998-06-25,Short-term return,-0.053050
1998-06-25,Volatility,0.006838
1998-06-25,Size,0.019124
1998-06-25,Trading activity,-0.023118
1998-06-25,Market correlation,-0.038713
1998-06-25,Short interest,0.034277
1998-07-02,Medium- and long-term return,0.119620
1998-07-02,Short-term return,-0.004906
1998-07-02,Volatility,-0.031029
1998-07-02,Size,0.096143
1998-07-02,Trading activity,-0.032872
1998-07-02,Market correlation,0.025202
1998-07-02,Short interest,0.029578
1998-07-10,Medium- and long-term return,0.017494
1998-07-10,Short-term return,0.004978
1998-07-10,Volatility,-0.055710
1998-07-10,Size,-0.013716
1998-07-10,Trading activity,-0.004511
1998-07-10,Market correlation,-0.041644
1998-07-10,Short interest,0.000775
1998-07-17,Medium- and long-term return,0.048574
1998-07-17,Short-term return,0.014725
1998-07-17,Volatility,-0.014690
1998-07-17,Size,-0.043035
1998-07-17,Trading activity,-0.027423
1998-07-17,Market correlation,-0.054063
1998-07-17,Short interest,0.057454
1998-07-24,Medium- and long-term return,0.086148
1998-07-24,Short-term return,-0.015364
1998-07-24,Volatility,0.009538
1998-07-24,Size,0.097552
1998-07-24,Trading activity,-0.042442
1998-07-24,Market correlation,0.038741
1998-07-24,Short interest,0.132462
1998-07-31,Medium- and long-term return,0.137496
1998-07-31,Short-term return,0.015150
1998-07-31,Volatility,0.046561
1998-07-31,Size,0.172180
1998-07-31,Trading activity,0.008852
1998-07-31,Market correlation,0.060648
1998-07-31,Short interest,0.114972
1998-08-07,Medium- and long-term return,0.086433
1998-08-07,Short-term return,-0.037136
1998-08-07,Volatility,0.036936
1998-08-07,Size,0.156081
1998-08-07,Trading activity,-0.027696
1998-08-07,Market correlation,0.026546
1998-08-07,Short interest,0.114126
1998-08-14,Medium- and long-term return,0.103508
1998-08-14,Short-term return,0.023044
1998-08-14,Volatility,0.055300
1998-08-14,Size,0.250646
1998-08-14,Trading activity,0.040745
1998-08-14,Market correlation,0.136441
1998-08-14,Short interest,0.147801
1998-08-21,Medium- and long-term return,0.052267
1998-08-21,Short-term return,-0.000365
1998-08-21,Volatility,0.061478
1998-08-21,Size,0.173467
1998-08-21,Trading activity,0.011102
1998-08-21,Market correlation,0.067437
1998-08-21,Short interest,0.088933
1998-08-28,Medium- and long-term return,-0.023494
1998-08-28,Short-term return,0.036449
1998-08-28,Volatility,0.032138
1998-08-28,Size,0.069676
1998-08-28,Trading activity,-0.030734
1998-08-28,Market correlation,0.037588
1998-08-28,Short interest,0.075069
1998-09-04,Medium- and long-term return,0.063011
1998-09-04,Short-term return,-0.079881
1998-09-04,Volatility,0.146442
1998-09-04,Size,0.170988
1998-09-04,Trading activity,-0.016719
1998-09-04,Market correlation,0.094538
1998-09-04,Short interest,0.093443
1998-09-14,Medium- and long-term return,-0.017108
1998-09-14,Short-term return,-0.023826
1998-09-14,Volatility,0.083697
1998-09-14,Size,0.163633
1998-09-14,Trading activity,-0.008719
1998-09-14,Market correlation,0.097361
1998-09-14,Short interest,0.097075
1998-09-21,Medium- and long-term return,-0.075926
1998-09-21,Short-term return,0.126774
1998-09-21,Volatility,0.043093
1998-09-21,Size,0.167878
1998-09-21,Trading activity,0.092804
1998-09-21,Market correlation,0.183776
1998-09-21,Short interest,0.111940
1998-09-28,Medium- and long-term return,-0.184081
1998-09-28,Short-term return,0.170874
1998-09-28,Volatility,-0.039439
1998-09-28,Size,0.016864
1998-09-28,Trading activity,0.097404
1998-09-28,Market correlation,0.049446
1998-09-28,Short interest,0.054110
1998-10-05,Medium- and long-term return,-0.206148
1998-10-05,Short-term return,0.238712
1998-10-05,Volatility,-0.080636
1998-10-05,Size,-0.022206
1998-10-05,Trading activity,0.104143
1998-10-05,Market correlation,0.087623
1998-10-05,Short interest,0.026287
1998-10-12,Medium- and long-term return,-0.199986
1998-10-12,Short-term return,0.230611
1998-10-12,Volatility,-0.052634
1998-10-12,Size,-0.178503
1998-10-12,Trading activity,0.058276
1998-10-12,Market correlation,-0.033423
1998-10-12,Short interest,-0.015042
1998-10-19,Medium- and long-term return,-0.130394
1998-10-19,Short-term return,0.078888
1998-10-19,Volatility,0.000982
1998-10-19,Size,-0.116482
1998-10-19,Trading activity,0.008573
1998-10-19,Market correlation,-0.030985
1998-10-19,Short interest,0.045037
1998-10-26,Medium- and long-term return,0.023103
1998-10-26,Short-term return,0.131330
1998-10-26,Volatility,0.108995
1998-10-26,Size,0.122325
1998-10-26,Trading activity,0.041591
1998-10-26,Market correlation,0.128573
1998-10-26,Short interest,0.103778
1998-11-02,Medium- and long-term return,0.027882
1998-11-02,Short-term return,0.080732
1998-11-02,Volatility,0.074758
1998-11-02,Size,0.129344
1998-11-02,Trading activity,0.033756
1998-11-02,Market correlation,0.124223
1998-11-02,Short interest,0.129913
1998-11-09,Medium- and long-term return,0.185242
1998-11-09,Short-term return,0.086146
1998-11-09,Volatility,0.082096
1998-11-09,Size,0.147684
1998-11-09,Trading activity,0.020266
1998-11-09,Market correlation,0.109121
1998-11-09,Short interest,0.169800
1998-11-16,Medium- and long-term return,0.181370
1998-11-16,Short-term return,0.043251
1998-11-16,Volatility,-0.003549
1998-11-16,Size,0.119426
1998-11-16,Trading activity,0.034395
1998-11-16,Market correlation,0.081176
1998-11-16,Short interest,0.103070
1998-11-23,Medium- and long-term return,0.269760
1998-11-23,Short-term return,0.022996
1998-11-23,Volatility,0.000591
1998-11-23,Size,0.109026
1998-11-23,Trading activity,-0.079467
1998-11-23,Market correlation,0.043121
1998-11-23,Short interest,0.070953
1998-12-01,Medium- and long-term return,0.320950
1998-12-01,Short-term return,-0.001568
1998-12-01,Volatility,0.031286
1998-12-01,Size,0.088791
1998-12-01,Trading activity,-0.046772
1998-12-01,Market correlation,0.071313
1998-12-01,Short interest,0.044692
1998-12-08,Medium- and long-term return,0.115475
1998-12-08,Short-term return,0.019009
1998-12-08,Volatility,-0.113694
1998-12-08,Size,0.101366
1998-12-08,Trading activity,-0.070455
1998-12-08,Market correlation,0.078147
1998-12-08,Short interest,0.014692
1998-12-15,Medium- and long-term return,0.007025
1998-12-15,Short-term return,-0.021539
1998-12-15,Volatility,-0.152423
1998-12-15,Size,-0.019120
1998-12-15,Trading activity,-0.155562
1998-12-15,Market correlation,0.002545
1998-12-15,Short interest,-0.042052
1998-12-22,Medium- and long-term return,-0.083778
1998-12-22,Short-term return,0.057366
1998-12-22,Volatility,-0.182613
1998-12-22,Size,-0.095084
1998-12-22,Trading activity,-0.115658
1998-12-22,Market correlation,-0.056887
1998-12-22,Short interest,-0.041330
1998-12-30,Medium- and long-term return,0.055722
1998-12-30,Short-term return,0.032412
1998-12-30,Volatility,-0.151529
1998-12-30,Size,0.108259
1998-12-30,Trading activity,-0.152895
1998-12-30,Market correlation,0.046542
1998-12-30,Short interest,0.038814
1999-01-07,Medium- and long-term return,0.135383
1999-01-07,Short-term return,-0.081319
1999-01-07,Volatility,-0.075290
1999-01-07,Size,0.114130
1999-01-07,Trading activity,-0.091048
1999-01-07,Market correlation,0.032042
1999-01-07,Short interest,0.028425
1999-01-14,Medium- and long-term return,0.160438
1999-01-14,Short-term return,0.039578
1999-01-14,Volatility,-0.034853
1999-01-14,Size,0.218429
1999-01-14,Trading activity,-0.012231
1999-01-14,Market correlation,0.126986
1999-01-14,Short interest,0.090033
1999-01-22,Medium- and long-term return,0.130099
1999-01-22,Short-term return,0.093976
1999-01-22,Volatility,0.022260
1999-01-22,Size,0.300742
1999-01-22,Trading activity,0.087129
1999-01-22,Market correlation,0.191195
1999-01-22,Short interest,0.126559
1999-01-29,Medium- and long-term return,-0.012453
1999-01-29,Short-term return,0.048804
1999-01-29,Volatility,-0.016546
1999-01-29,Size,0.088683
1999-01-29,Trading activity,0.075467
1999-01-29,Market correlation,0.058834
1999-01-29,Short interest,0.022468
1999-02-05,Medium- and long-term return,0.121903
1999-02-05,Short-term return,-0.046540
1999-02-05,Volatility,-0.006341
1999-02-05,Size,0.194802
1999-02-05,Trading activity,-0.026220
1999-02-05,Market correlation,0.165795
1999-02-05,Short interest,0.079730
1999-02-12,Medium- and long-term return,0.144795
1999-02-12,Short-term return,-0.109825
1999-02-12,Volatility,-0.024673
1999-02-12,Size,0.243032
1999-02-12,Trading activity,-0.055006
1999-02-12,Market correlation,0.187416
1999-02-12,Short interest,0.095021
1999-02-22,Medium- and long-term return,0.053410
1999-02-22,Short-term return,-0.085982
1999-02-22,Volatility,-0.050688
1999-02-22,Size,0.142517
1999-02-22,Trading activity,-0.101101
1999-02-22,Market correlation,0.089747
1999-02-22,Short interest,0.079031
1999-03-01,Medium- and long-term return,0.080058
1999-03-01,Short-term return,-0.047873
1999-03-01,Volatility,-0.061010
1999-03-01,Size,0.196965
1999-03-01,Trading activity,-0.067640
1999-03-01,Market correlation,0.132062
1999-03-01,Short interest,0.126058
1999-03-08,Medium- and long-term return,0.068027
1999-03-08,Short-term return,-0.079797
1999-03-08,Volatility,-0.105265
1999-03-08,Size,0.139253
1999-03-08,Trading activity,-0.077936
1999-03-08,Market correlation,0.080158
1999-03-08,Short interest,0.105643
1999-03-15,Medium- and long-term return,0.090312
1999-03-15,Short-term return,-0.055600
1999-03-15,Volatility,-0.101357
1999-03-15,Size,0.120418
1999-03-15,Trading activity,-0.054330
1999-03-15,Market correlation,0.089234
1999-03-15,Short interest,0.091036
1999-03-22,Medium- and long-term return,-0.145548
1999-03-22,Short-term return,0.052053
1999-03-22,Volatility,0.035565
1999-03-22,Size,-0.048135
1999-03-22,Trading activity,0.062383
1999-03-22,Market correlation,-0.018623
1999-03-22,Short interest,0.014911
1999-03-29,Medium- and long-term return,-0.122906
1999-03-29,Short-term return,0.062993
1999-03-29,Volatility,0.045815
1999-03-29,Size,0.010863
1999-03-29,Trading activity,0.035172
1999-03-29,Market correlation,0.033403
1999-03-29,Short interest,0.014821
1999-04-06,Medium- and long-term return,-0.311564
1999-04-06,Short-term return,0.208960
1999-04-06,Volatility,0.086045
1999-04-06,Size,-0.175088
1999-04-06,Trading activity,0.121615
1999-04-06,Market correlation,-0.093237
1999-04-06,Short interest,-0.098846
1999-04-13,Medium- and long-term return,-0.394829
1999-04-13,Short-term return,0.196956
1999-04-13,Volatility,0.103831
1999-04-13,Size,-0.250847
1999-04-13,Trading activity,0.132755
1999-04-13,Market correlation,-0.141031
1999-04-13,Short interest,-0.130980
1999-04-20,Medium- and long-term return,-0.256373
1999-04-20,Short-term return,0.056979
1999-04-20,Volatility,-0.012928
1999-04-20,Size,-0.197668
1999-04-20,Trading activity,-0.007703
1999-04-20,Market correlation,-0.111215
1999-04-20,Short interest,-0.060176
1999-04-27,Medium- and long-term return,-0.409845
1999-04-27,Short-term return,0.088174
1999-04-27,Volatility,0.076179
1999-04-27,Size,-0.321404
1999-04-27,Trading activity,0.007014
1999-04-27,Market correlation,-0.255120
1999-04-27,Short interest,-0.122665
1999-05-04,Medium- and long-term return,-0.221691
1999-05-04,Short-term return,0.050036
1999-05-04,Volatility,-0.003384
1999-05-04,Size,-0.124768
1999-05-04,Trading activity,0.019951
1999-05-04,Market correlation,-0.103212
1999-05-04,Short interest,-0.021090
1999-05-11,Medium- and long-term return,-0.117968
1999-05-11,Short-term return,0.124989
1999-05-11,Volatility,-0.005121
1999-05-11,Size,-0.122595
1999-05-11,Trading activity,-0.001677
1999-05-11,Market correlation,-0.087825
1999-05-11,Short interest,-0.009789
1999-05-18,Medium- and long-term return,-0.030729
1999-05-18,Short-term return,0.087031
1999-05-18,Volatility,0.009939
1999-05-18,Size,-0.049723
1999-05-18,Trading activity,0.030571
1999-05-18,Market correlation,-0.036920
1999-05-18,Short interest,0.017394
1999-05-25,Medium- and long-term return,0.118900
1999-05-25,Short-term return,0.169940
1999-05-25,Volatility,-0.048108
1999-05-25,Size,0.009342
1999-05-25,Trading activity,0.043398
1999-05-25,Market correlation,0.063322
1999-05-25,Short interest,0.072932
1999-06-02,Medium- and long-term return,0.021233
1999-06-02,Short-term return,0.079132
1999-06-02,Volatility,-0.062898
1999-06-02,Size,0.072756
1999-06-02,Trading activity,0.075962
1999-06-02,Market correlation,0.078767
1999-06-02,Short interest,0.100711
1999-06-09,Medium- and long-term return,0.051066
1999-06-09,Short-term return,0.000214
1999-06-09,Volatility,-0.062361
1999-06-09,Size,0.111496
1999-06-09,Trading activity,0.062815
1999-06-09,Market correlation,0.136204
1999-06-09,Short interest,0.097703
1999-06-16,Medium- and long-term return,0.082658
1999-06-16,Short-term return,0.004096
1999-06-16,Volatility,-0.076794
1999-06-16,Size,-0.005151
1999-06-16,Trading activity,0.033560
1999-06-16,Market correlation,0.082473
1999-06-16,Short interest,0.077497
1999-06-23,Medium- and long-term return,0.036542
1999-06-23,Short-term return,-0.010931
1999-06-23,Volatility,-0.008039
1999-06-23,Size,-0.027186
1999-06-23,Trading activity,0.023011
1999-06-23,Market correlation,0.006493
1999-06-23,Short interest,0.070236
1999-06-30,Medium- and long-term return,0.016421
1999-06-30,Short-term return,0.180627
1999-06-30,Volatility,0.008514
1999-06-30,Size,-0.117146
1999-06-30,Trading activity,0.032498
1999-06-30,Market correlation,-0.104634
1999-06-30,Short interest,0.001676
1999-07-08,Medium- and long-term return,-0.013269
1999-07-08,Short-term return,0.141844
1999-07-08,Volatility,0.014657
1999-07-08,Size,-0.098453
1999-07-08,Trading activity,0.055326
1999-07-08,Market correlation,-0.155665
1999-07-08,Short interest,0.010216
1999-07-15,Medium- and long-term return,0.004627
1999-07-15,Short-term return,0.067497
1999-07-15,Volatility,-0.035772
1999-07-15,Size,-0.050426
1999-07-15,Trading activity,0.027730
1999-07-15,Market correlation,-0.083794
1999-07-15,Short interest,0.059041
1999-07-22,Medium- and long-term return,0.035503
1999-07-22,Short-term return,0.070664
1999-07-22,Volatility,-0.094318
1999-07-22,Size,0.084093
1999-07-22,Trading activity,0.028066
1999-07-22,Market correlation,0.008451
1999-07-22,Short interest,0.079292
1999-07-29,Medium- and long-term return,0.072384
1999-07-29,Short-term return,-0.017091
1999-07-29,Volatility,-0.084423
1999-07-29,Size,0.152573
1999-07-29,Trading activity,-0.006162
1999-07-29,Market correlation,0.072108
1999-07-29,Short interest,0.092199
1999-08-05,Medium- and long-term return,0.073793
1999-08-05,Short-term return,0.055135
1999-08-05,Volatility,-0.104383
1999-08-05,Size,0.056277
1999-08-05,Trading activity,0.001856
1999-08-05,Market correlation,0.041700
1999-08-05,Short interest,0.050663
1999-08-12,Medium- and long-term return,0.116403
1999-08-12,Short-term return,-0.072435
1999-08-12,Volatility,-0.099363
1999-08-12,Size,0.089622
1999-08-12,Trading activity,-0.019394
1999-08-12,Market correlation,0.067830
1999-08-12,Short interest,0.077005
1999-08-19,Medium- and long-term return,0.164110
1999-08-19,Short-term return,-0.096530
1999-08-19,Volatility,-0.132554
1999-08-19,Size,0.046144
1999-08-19,Trading activity,-0.065738
1999-08-19,Market correlation,0.036019
1999-08-19,Short interest,0.057661
1999-08-26,Medium- and long-term return,0.109282
1999-08-26,Short-term return,-0.025937
1999-08-26,Volatility,-0.179798
1999-08-26,Size,-0.030445
1999-08-26,Trading activity,-0.068811
1999-08-26,Market correlation,0.007063
1999-08-26,Short interest,0.037166
1999-09-02,Medium- and long-term return,0.126615
1999-09-02,Short-term return,-0.088631
1999-09-02,Volatility,-0.117204
1999-09-02,Size,0.020726
1999-09-02,Trading activity,-0.035640
1999-09-02,Market correlation,0.076541
1999-09-02,Short interest,0.060064
1999-09-10,Medium- and long-term return,0.145813
1999-09-10,Short-term return,-0.045669
1999-09-10,Volatility,-0.068509
1999-09-10,Size,0.090955
1999-09-10,Trading activity,-0.011454
1999-09-10,Market correlation,0.181900
1999-09-10,Short interest,0.065240
1999-09-17,Medium- and long-term return,0.119957
1999-09-17,Short-term return,0.005893
1999-09-17,Volatility,-0.086930
1999-09-17,Size,-0.011415
1999-09-17,Trading activity,-0.039108
1999-09-17,Market correlation,0.080765
1999-09-17,Short interest,0.042375
1999-09-24,Medium- and long-term return,0.180089
1999-09-24,Short-term return,-0.086595
1999-09-24,Volatility,0.024978
1999-09-24,Size,0.096435
1999-09-24,Trading activity,-0.001083
1999-09-24,Market correlation,0.144900
1999-09-24,Short interest,0.063227
1999-10-01,Medium- and long-term return,0.138727
1999-10-01,Short-term return,0.025769
1999-10-01,Volatility,0.037465
1999-10-01,Size,0.111368
1999-10-01,Trading activity,0.024363
1999-10-01,Market correlation,0.135127
1999-10-01,Short interest,0.092157
1999-10-08,Medium- and long-term return,0.078897
1999-10-08,Short-term return,0.067949
1999-10-08,Volatility,-0.060389
1999-10-08,Size,-0.047383
1999-10-08,Trading activity,-0.008894
1999-10-08,Market correlation,0.002589
1999-10-08,Short interest,0.044532
1999-10-15,Medium- and long-term return,0.136529
1999-10-15,Short-term return,-0.046565
1999-10-15,Volatility,-0.040963
1999-10-15,Size,0.130531
1999-10-15,Trading activity,0.004070
1999-10-15,Market correlation,0.154733
1999-10-15,Short interest,0.060278
1999-10-22,Medium- and long-term return,0.051622
1999-10-22,Short-term return,-0.006959
1999-10-22,Volatility,-0.095645
1999-10-22,Size,0.024233
1999-10-22,Trading activity,-0.056419
1999-10-22,Market correlation,0.035995
1999-10-22,Short interest,0.029919
1999-10-29,Medium- and long-term return,0.045929
1999-10-29,Short-term return,0.069693
1999-10-29,Volatility,-0.165654
1999-10-29,Size,0.004242
1999-10-29,Trading activity,-0.115959
1999-10-29,Market correlation,-0.005567
1999-10-29,Short interest,0.009395
1999-11-05,Medium- and long-term return,0.092795
1999-11-05,Short-term return,0.023152
1999-11-05,Volatility,-0.097363
1999-11-05,Size,0.081929
1999-11-05,Trading activity,-0.046790
1999-11-05,Market correlation,0.038278
1999-11-05,Short interest,0.050038
1999-11-12,Medium- and long-term return,0.085810
1999-11-12,Short-term return,-0.093869
1999-11-12,Volatility,-0.161980
1999-11-12,Size,0.036892
1999-11-12,Trading activity,-0.059216
1999-11-12,Market correlation,0.018413
1999-11-12,Short interest,0.012570
1999-11-19,Medium- and long-term return,0.170622
1999-11-19,Short-term return,-0.089160
1999-11-19,Volatility,-0.110225
1999-11-19,Size,0.045974
1999-11-19,Trading activity,-0.067640
1999-11-19,Market correlation,0.030189
1999-11-19,Short interest,-0.023827
1999-11-29,Medium- and long-term return,0.155469
1999-11-29,Short-term return,0.010250
1999-11-29,Volatility,-0.023128
1999-11-29,Size,0.032261
1999-11-29,Trading activity,-0.034764
1999-11-29,Market correlation,0.046321
1999-11-29,Short interest,-0.049519
1999-12-06,Medium- and long-term return,0.013891
1999-12-06,Short-term return,0.005326
1999-12-06,Volatility,-0.158011
1999-12-06,Size,-0.028616
1999-12-06,Trading activity,0.006842
1999-12-06,Market correlation,-0.045481
1999-12-06,Short interest,-0.038691
1999-12-13,Medium- and long-term return,-0.033836
1999-12-13,Short-term return,0.081149
1999-12-13,Volatility,-0.025861
1999-12-13,Size,0.000170
1999-12-13,Trading activity,0.065562
1999-12-13,Market correlation,-0.069032
1999-12-13,Short interest,0.035908
1999-12-20,Medium- and long-term return,-0.043425
1999-12-20,Short-term return,-0.031879
1999-12-20,Volatility,-0.104888
1999-12-20,Size,-0.026360
1999-12-20,Trading activity,0.044326
1999-12-20,Market correlation,-0.049363
1999-12-20,Short interest,-0.007285
1999-12-28,Medium- and long-term return,0.000332
1999-12-28,Short-term return,0.025821
1999-12-28,Volatility,-0.139657
1999-12-28,Size,-0.012550
1999-12-28,Trading activity,-0.035981
1999-12-28,Market correlation,-0.047109
1999-12-28,Short interest,-0.014547
2000-01-04,Medium- and long-term return,0.072039
2000-01-04,Short-term return,0.037981
2000-01-04,Volatility,-0.060710
2000-01-04,Size,0.032915
2000-01-04,Trading activity,-0.006588
2000-01-04,Market correlation,0.039022
2000-01-04,Short interest,-0.012796
2000-01-11,Medium- and long-term return,0.132768
2000-01-11,Short-term return,-0.010060
2000-01-11,Volatility,-0.140312
2000-01-11,Size,-0.019084
2000-01-11,Trading activity,-0.080941
2000-01-11,Market correlation,0.066674
2000-01-11,Short interest,-0.024815
2000-01-19,Medium- and long-term return,0.122027
2000-01-19,Short-term return,-0.068604
2000-01-19,Volatility,-0.173140
2000-01-19,Size,0.006925
2000-01-19,Trading activity,-0.092599
2000-01-19,Market correlation,0.013059
2000-01-19,Short interest,-0.043245
2000-01-26,Medium- and long-term return,0.145973
2000-01-26,Short-term return,-0.123838
2000-01-26,Volatility,-0.245929
2000-01-26,Size,-0.011719
2000-01-26,Trading activity,-0.202746
2000-01-26,Market correlation,-0.007515
2000-01-26,Short interest,-0.038909
2000-02-02,Medium- and long-term return,0.188732
2000-02-02,Short-term return,-0.143457
2000-02-02,Volatility,-0.242143
2000-02-02,Size,-0.037008
2000-02-02,Trading activity,-0.147347
2000-02-02,Market correlation,-0.012514
2000-02-02,Short interest,-0.037654
2000-02-09,Medium- and long-term return,0.168346
2000-02-09,Short-term return,-0.107880
2000-02-09,Volatility,-0.241770
2000-02-09,Size,-0.019210
2000-02-09,Trading activity,-0.163428
2000-02-09,Market correlation,-0.001204
2000-02-09,Short interest,-0.016425
2000-02-16,Medium- and long-term return,-0.009272
2000-02-16,Short-term return,0.112465
2000-02-16,Volatility,-0.017587
2000-02-16,Size,-0.012777
2000-02-16,Trading activity,0.003960
2000-02-16,Market correlation,0.064282
2000-02-16,Short interest,-0.003201
2000-02-24,Medium- and long-term return,-0.043312
2000-02-24,Short-term return,0.134355
2000-02-24,Volatility,0.094591
2000-02-24,Size,0.003597
2000-02-24,Trading activity,0.151476
2000-02-24,Market correlation,0.079999
2000-02-24,Short interest,0.004932
2000-03-02,Medium- and long-term return,-0.157896
2000-03-02,Short-term return,0.167948
2000-03-02,Volatility,0.200741
2000-03-02,Size,-0.007084
2000-03-02,Trading activity,0.220906
2000-03-02,Market correlation,0.046450
2000-03-02,Short interest,-0.014074
2000-03-09,Medium- and long-term return,-0.216168
2000-03-09,Short-term return,0.209567
2000-03-09,Volatility,0.297056
2000-03-09,Size,0.005902
2000-03-09,Trading activity,0.313156
2000-03-09,Market correlation,0.043327
2000-03-09,Short interest,-0.000955
2000-03-16,Medium- and long-term return,-0.177718
2000-03-16,Short-term return,0.009384
2000-03-16,Volatility,0.263492
2000-03-16,Size,-0.028915
2000-03-16,Trading activity,0.252124
2000-03-16,Market correlation,-0.030661
2000-03-16,Short interest,0.027712
2000-03-23,Medium- and long-term return,-0.147612
2000-03-23,Short-term return,0.095687
2000-03-23,Volatility,0.253888
2000-03-23,Size,-0.060762
2000-03-23,Trading activity,0.185931
2000-03-23,Market correlation,-0.058124
2000-03-23,Short interest,0.014761
2000-03-30,Medium- and long-term return,-0.088976
2000-03-30,Short-term return,0.003823
2000-03-30,Volatility,0.169456
2000-03-30,Size,-0.021810
2000-03-30,Trading activity,0.102170
2000-03-30,Market correlation,-0.051481
2000-03-30,Short interest,-0.004782
2000-04-06,Medium- and long-term return,-0.036237
2000-04-06,Short-term return,-0.043945
2000-04-06,Volatility,0.032634
2000-04-06,Size,-0.078827
2000-04-06,Trading activity,-0.020452
2000-04-06,Market correlation,-0.135195
2000-04-06,Short interest,-0.025279
2000-04-13,Medium- and long-term return,0.012993
2000-04-13,Short-term return,-0.030499
2000-04-13,Volatility,0.035127
2000-04-13,Size,-0.062445
2000-04-13,Trading activity,-0.010067
2000-04-13,Market correlation,-0.060426
2000-04-13,Short interest,0.004520
2000-04-20,Medium- and long-term return,-0.075493
2000-04-20,Short-term return,0.011518
2000-04-20,Volatility,0.056309
2000-04-20,Size,-0.021145
2000-04-20,Trading activity,0.031661
2000-04-20,Market correlation,-0.062938
2000-04-20,Short interest,0.030282
2000-04-28,Medium- and long-term return,-0.146582
2000-04-28,Short-term return,0.091901
2000-04-28,Volatility,0.173851
2000-04-28,Size,-0.014024
2000-04-28,Trading activity,0.098912
2000-04-28,Market correlation,-0.040027
2000-04-28,Short interest,0.012874
2000-05-05,Medium- and long-term return,-0.116806
2000-05-05,Short-term return,0.098308
2000-05-05,Volatility,0.087551
2000-05-05,Size,0.013040
2000-05-05,Trading activity,0.114932
2000-05-05,Market correlation,0.057741
2000-05-05,Short interest,0.023297
2000-05-12,Medium- and long-term return,-0.044144
2000-05-12,Short-term return,0.033747
2000-05-12,Volatility,0.023195
2000-05-12,Size,-0.029130
2000-05-12,Trading activity,0.085606
2000-05-12,Market correlation,-0.043864
2000-05-12,Short interest,0.025060
2000-05-19,Medium- and long-term return,0.117546
2000-05-19,Short-term return,0.026103
2000-05-19,Volatility,-0.050856
2000-05-19,Size,-0.060928
2000-05-19,Trading activity,0.015904
2000-05-19,Market correlation,-0.009683
2000-05-19,Short interest,0.012924
2000-05-26,Medium- and long-term return,0.102379
2000-05-26,Short-term return,0.092162
2000-05-26,Volatility,-0.108601
2000-05-26,Size,-0.087937
2000-05-26,Trading activity,-0.041911
2000-05-26,Market correlation,-0.036294
2000-05-26,Short interest,0.039894
2000-06-05,Medium- and long-term return,0.159451
2000-06-05,Short-term return,0.019532
2000-06-05,Volatility,-0.065105
2000-06-05,Size,-0.069126
2000-06-05,Trading activity,-0.026688
2000-06-05,Market correlation,-0.035493
2000-06-05,Short interest,0.035571
2000-06-12,Medium- and long-term return,0.155072
2000-06-12,Short-term return,-0.030782
2000-06-12,Volatility,-0.080950
2000-06-12,Size,-0.021622
2000-06-12,Trading activity,0.028265
2000-06-12,Market correlation,0.068107
2000-06-12,Short interest,0.063806
2000-06-19,Medium- and long-term return,0.001148
2000-06-19,Short-term return,0.001222
2000-06-19,Volatility,-0.105053
2000-06-19,Size,-0.057710
2000-06-19,Trading activity,-0.014291
2000-06-19,Market correlation,0.039585
2000-06-19,Short interest,0.038102
2000-06-26,Medium- and long-term return,0.059098
2000-06-26,Short-term return,0.040945
2000-06-26,Volatility,-0.018024
2000-06-26,Size,0.008113
2000-06-26,Trading activity,0.067267
2000-06-26,Market correlation,0.074508
2000-06-26,Short interest,0.054152
2000-07-03,Medium- and long-term return,0.050062
2000-07-03,Short-term return,0.042813
2000-07-03,Volatility,0.087451
2000-07-03,Size,0.005615
2000-07-03,Trading activity,0.020806
2000-07-03,Market correlation,0.002391
2000-07-03,Short interest,0.060545
2000-07-11,Medium- and long-term return,-0.004026
2000-07-11,Short-term return,0.047142
2000-07-11,Volatility,0.105549
2000-07-11,Size,0.043003
2000-07-11,Trading activity,0.008052
2000-07-11,Market correlation,0.008303
2000-07-11,Short interest,0.045521
2000-07-18,Medium- and long-term return,0.018659
2000-07-18,Short-term return,0.099398
2000-07-18,Volatility,0.173284
2000-07-18,Size,0.077640
2000-07-18,Trading activity,0.094037
2000-07-18,Market correlation,0.007855
2000-07-18,Short interest,0.068154
2000-07-25,Medium- and long-term return,-0.034956
2000-07-25,Short-term return,0.062722
2000-07-25,Volatility,0.097433
2000-07-25,Size,0.043809
2000-07-25,Trading activity,0.082869
2000-07-25,Market correlation,-0.010432
2000-07-25,Short interest,0.061826
2000-08-01,Medium- and long-term return,-0.004989
2000-08-01,Short-term return,0.093572
2000-08-01,Volatility,-0.046903
2000-08-01,Size,0.067562
2000-08-01,Trading activity,0.049270
2000-08-01,Market correlation,0.090974
2000-08-01,Short interest,0.028932
2000-08-08,Medium- and long-term return,-0.049546
2000-08-08,Short-term return,0.061378
2000-08-08,Volatility,-0.057831
2000-08-08,Size,-0.023077
2000-08-08,Trading activity,-0.004689
2000-08-08,Market correlation,0.011911
2000-08-08,Short interest,0.009034
2000-08-15,Medium- and long-term return,-0.022042
2000-08-15,Short-term return,0.008707
2000-08-15,Volatility,-0.055472
2000-08-15,Size,-0.026328
2000-08-15,Trading activity,-0.004641
2000-08-15,Market correlation,0.017537
2000-08-15,Short interest,0.017759
2000-08-22,Medium- and long-term return,0.068774
2000-08-22,Short-term return,-0.041345
2000-08-22,Volatility,-0.019970
2000-08-22,Size,-0.051941
2000-08-22,Trading activity,-0.024223
2000-08-22,Market correlation,-0.001891
2000-08-22,Short interest,0.001945
2000-08-29,Medium- and long-term return,0.117841
2000-08-29,Short-term return,0.047580
2000-08-29,Volatility,0.102156
2000-08-29,Size,0.058150
2000-08-29,Trading activity,-0.000644
2000-08-29,Market correlation,-0.022177
2000-08-29,Short interest,0.077744
2000-09-06,Medium- and long-term return,0.112861
2000-09-06,Short-term return,0.062654
2000-09-06,Volatility,0.156552
2000-09-06,Size,0.096735
2000-09-06,Trading activity,0.102944
2000-09-06,Market correlation,-0.007814
2000-09-06,Short interest,0.090165
2000-09-13,Medium- and long-term return,0.082014
2000-09-13,Short-term return,-0.025956
2000-09-13,Volatility,0.174759
2000-09-13,Size,0.085822
2000-09-13,Trading activity,0.085975
2000-09-13,Market correlation,-0.062184
2000-09-13,Short interest,0.066971
2000-09-20,Medium- and long-term return,0.083976
2000-09-20,Short-term return,-0.004724
2000-09-20,Volatility,0.151979
2000-09-20,Size,0.107061
2000-09-20,Trading activity,0.121818
2000-09-20,Market correlation,-0.025934
2000-09-20,Short interest,0.047538
2000-09-27,Medium- and long-term return,-0.057074
2000-09-27,Short-term return,-0.019698
2000-09-27,Volatility,0.093569
2000-09-27,Size,0.020362
2000-09-27,Trading activity,0.074517
2000-09-27,Market correlation,-0.040771
2000-09-27,Short interest,-0.036101
2000-10-04,Medium- and long-term return,-0.089436
2000-10-04,Short-term return,-0.023687
2000-10-04,Volatility,0.045543
2000-10-04,Size,0.013218
2000-10-04,Trading activity,0.100814
2000-10-04,Market correlation,-0.031573
2000-10-04,Short interest,-0.014585
2000-10-11,Medium- and long-term return,-0.153643
2000-10-11,Short-term return,0.010217
2000-10-11,Volatility,0.055649
2000-10-11,Size,-0.072332
2000-10-11,Trading activity,0.011767
2000-10-11,Market correlation,-0.011743
2000-10-11,Short interest,-0.069997
2000-10-18,Medium- and long-term return,-0.168334
2000-10-18,Short-term return,0.062812
2000-10-18,Volatility,0.164137
2000-10-18,Size,-0.056604
2000-10-18,Trading activity,0.029422
2000-10-18,Market correlation,-0.064534
2000-10-18,Short interest,-0.005808
2000-10-25,Medium- and long-term return,-0.094666
2000-10-25,Short-term return,0.032928
2000-10-25,Volatility,0.254848
2000-10-25,Size,-0.075880
2000-10-25,Trading activity,0.086837
2000-10-25,Market correlation,-0.109342
2000-10-25,Short interest,0.031980
2000-11-01,Medium- and long-term return,0.037594
2000-11-01,Short-term return,0.110497
2000-11-01,Volatility,0.288395
2000-11-01,Size,-0.044286
2000-11-01,Trading activity,0.096402
2000-11-01,Market correlation,-0.121580
2000-11-01,Short interest,0.006562
2000-11-08,Medium- and long-term return,0.118526
2000-11-08,Short-term return,0.062013
2000-11-08,Volatility,0.219923
2000-11-08,Size,-0.011036
2000-11-08,Trading activity,0.083600
2000-11-08,Market correlation,-0.050317
2000-11-08,Short interest,0.074959
2000-11-15,Medium- and long-term return,0.054236
2000-11-15,Short-term return,-0.018049
2000-11-15,Volatility,0.164118
2000-11-15,Size,-0.018391
2000-11-15,Trading activity,0.102702
2000-11-15,Market correlation,-0.046313
2000-11-15,Short interest,0.011459
2000-11-22,Medium- and long-term return,0.050472
2000-11-22,Short-term return,-0.063710
2000-11-22,Volatility,0.152077
2000-11-22,Size,0.011149
2000-11-22,Trading activity,0.018955
2000-11-22,Market correlation,-0.018920
2000-11-22,Short interest,-0.033142
2000-11-30,Medium- and long-term return,0.055328
2000-11-30,Short-term return,-0.048412
2000-11-30,Volatility,0.116135
2000-11-30,Size,-0.099665
2000-11-30,Trading activity,0.005099
2000-11-30,Market correlation,-0.038068
2000-11-30,Short interest,-0.086394
2000-12-07,Medium- and long-term return,-0.217782
2000-12-07,Short-term return,0.192467
2000-12-07,Volatility,0.058941
2000-12-07,Size,-0.030519
2000-12-07,Trading activity,0.103858
2000-12-07,Market correlation,-0.022610
2000-12-07,Short interest,-0.049285
2000-12-14,Medium- and long-term return,-0.295731
2000-12-14,Short-term return,0.126466
2000-12-14,Volatility,-0.000989
2000-12-14,Size,-0.134010
2000-12-14,Trading activity,0.083398
2000-12-14,Market correlation,-0.001702
2000-12-14,Short interest,-0.101143
2000-12-21,Medium- and long-term return,-0.338941
2000-12-21,Short-term return,0.185727
2000-12-21,Volatility,-0.169106
2000-12-21,Size,-0.145451
2000-12-21,Trading activity,0.028882
2000-12-21,Market correlation,0.067742
2000-12-21,Short interest,-0.057180
2000-12-29,Medium- and long-term return,-0.382299
2000-12-29,Short-term return,0.181684
2000-12-29,Volatility,-0.179925
2000-12-29,Size,-0.100424
2000-12-29,Trading activity,0.092921
2000-12-29,Market correlation,0.065199
2000-12-29,Short interest,-0.011809
2001-01-08,Medium- and long-term return,-0.221959
2001-01-08,Short-term return,0.076014
2001-01-08,Volatility,-0.090184
2001-01-08,Size,-0.176098
2001-01-08,Trading activity,-0.055110
2001-01-08,Market correlation,0.002267
2001-01-08,Short interest,-0.088527
2001-01-16,Medium- and long-term return,0.002462
2001-01-16,Short-term return,0.171828
2001-01-16,Volatility,0.161970
2001-01-16,Size,-0.109657
2001-01-16,Trading activity,0.073430
2001-01-16,Market correlation,-0.130082
2001-01-16,Short interest,-0.036529
2001-01-23,Medium- and long-term return,0.030321
2001-01-23,Short-term return,0.220839
2001-01-23,Volatility,0.201074
2001-01-23,Size,-0.129722
2001-01-23,Trading activity,0.075752
2001-01-23,Market correlation,-0.179700
2001-01-23,Short interest,-0.042310
2001-01-30,Medium- and long-term return,0.074065
2001-01-30,Short-term return,0.104987
2001-01-30,Volatility,0.216417
2001-01-30,Size,-0.098438
2001-01-30,Trading activity,0.092556
2001-01-30,Market correlation,-0.214552
2001-01-30,Short interest,-0.011567
2001-02-06,Medium- and long-term return,0.084565
2001-02-06,Short-term return,-0.109180
2001-02-06,Volatility,0.182029
2001-02-06,Size,-0.045421
2001-02-06,Trading activity,0.012199
2001-02-06,Market correlation,-0.134930
2001-02-06,Short interest,-0.012066
2001-02-13,Medium- and long-term return,0.052980
2001-02-13,Short-term return,-0.068206
2001-02-13,Volatility,0.087178
2001-02-13,Size,-0.049536
2001-02-13,Trading activity,-0.008631
2001-02-13,Market correlation,-0.104009
2001-02-13,Short interest,0.024256
2001-02-21,Medium- and long-term return,0.034381
2001-02-21,Short-term return,0.008387
2001-02-21,Volatility,0.062131
2001-02-21,Size,-0.006914
2001-02-21,Trading activity,0.006222
2001-02-21,Market correlation,-0.079416
2001-02-21,Short interest,0.030932
2001-02-28,Medium- and long-term return,0.073930
2001-02-28,Short-term return,-0.052781
2001-02-28,Volatility,0.064360
2001-02-28,Size,0.047118
2001-02-28,Trading activity,0.012881
2001-02-28,Market correlation,-0.019474
2001-02-28,Short interest,0.066293
2001-03-07,Medium- and long-term return,0.147997
2001-03-07,Short-term return,0.010671
2001-03-07,Volatility,0.161971
2001-03-07,Size,0.037003
2001-03-07,Trading activity,0.118004
2001-03-07,Market correlation,-0.141440
2001-03-07,Short interest,0.051513
2001-03-14,Medium- and long-term return,0.044589
2001-03-14,Short-term return,0.014870
2001-03-14,Volatility,0.001754
2001-03-14,Size,0.047690
2001-03-14,Trading activity,0.045374
2001-03-14,Market correlation,0.023770
2001-03-14,Short interest,0.033690
2001-03-21,Medium- and long-term return,-0.000824
2001-03-21,Short-term return,0.124605
2001-03-21,Volatility,0.000782
2001-03-21,Size,0.065609
2001-03-21,Trading activity,0.097271
2001-03-21,Market correlation,0.071107
2001-03-21,Short interest,-0.015027
2001-03-28,Medium- and long-term return,0.010690
2001-03-28,Short-term return,0.075105
2001-03-28,Volatility,0.046629
2001-03-28,Size,-0.050380
2001-03-28,Trading activity,0.049861
2001-03-28,Market correlation,-0.024461
2001-03-28,Short interest,-0.075722
2001-04-04,Medium- and long-term return,-0.171446
2001-04-04,Short-term return,0.193370
2001-04-04,Volatility,-0.156520
2001-04-04,Size,-0.107204
2001-04-04,Trading activity,-0.006422
2001-04-04,Market correlation,0.099978
2001-04-04,Short interest,-0.087073
2001-04-11,Medium- and long-term return,-0.083847
2001-04-11,Short-term return,0.072911
2001-04-11,Volatility,-0.002206
2001-04-11,Size,-0.118755
2001-04-11,Trading activity,-0.035347
2001-04-11,Market correlation,-0.031795
2001-04-11,Short interest,-0.086267
2001-04-19,Medium- and long-term return,0.007201
2001-04-19,Short-term return,0.123523
2001-04-19,Volatility,0.091275
2001-04-19,Size,-0.129612
2001-04-19,Trading activity,-0.021728
2001-04-19,Market correlation,-0.104209
2001-04-19,Short interest,-0.046558
2001-04-26,Medium- and long-term return,-0.081429
2001-04-26,Short-term return,0.087139
2001-04-26,Volatility,0.028725
2001-04-26,Size,-0.136196
2001-04-26,Trading activity,-0.026195
2001-04-26,Market correlation,-0.003433
2001-04-26,Short interest,-0.039308
2001-05-03,Medium- and long-term return,0.069276
2001-05-03,Short-term return,0.170524
2001-05-03,Volatility,0.175211
2001-05-03,Size,-0.114594
2001-05-03,Trading activity,0.018577
2001-05-03,Market correlation,-0.113801
2001-05-03,Short interest,-0.024378
2001-05-10,Medium- and long-term return,0.037651
2001-05-10,Short-term return,0.019170
2001-05-10,Volatility,0.133762
2001-05-10,Size,-0.120208
2001-05-10,Trading activity,0.028128
2001-05-10,Market correlation,-0.088107
2001-05-10,Short interest,-0.026920
2001-05-17,Medium- and long-term return,0.032976
2001-05-17,Short-term return,0.063031
2001-05-17,Volatility,0.116374
2001-05-17,Size,-0.184439
2001-05-17,Trading activity,-0.023295
2001-05-17,Market correlation,-0.151636
2001-05-17,Short interest,-0.057149
2001-05-24,Medium- and long-term return,0.159570
2001-05-24,Short-term return,0.112660
2001-05-24,Volatility,0.194164
2001-05-24,Size,-0.035701
2001-05-24,Trading activity,0.098807
2001-05-24,Market correlation,-0.126787
2001-05-24,Short interest,-0.020996
2001-06-01,Medium- and long-term return,0.032370
2001-06-01,Short-term return,-0.073204
2001-06-01,Volatility,0.057311
2001-06-01,Size,-0.089524
2001-06-01,Trading activity,-0.034986
2001-06-01,Market correlation,-0.041635
2001-06-01,Short interest,-0.036082
2001-06-08,Medium- and long-term return,0.063298
2001-06-08,Short-term return,-0.069925
2001-06-08,Volatility,0.107700
2001-06-08,Size,-0.079203
2001-06-08,Trading activity,0.017994
2001-06-08,Market correlation,-0.091678
2001-06-08,Short interest,-0.055131
2001-06-15,Medium- and long-term return,0.047815
2001-06-15,Short-term return,-0.033701
2001-06-15,Volatility,0.086597
2001-06-15,Size,-0.011136
2001-06-15,Trading activity,-0.016068
2001-06-15,Market correlation,-0.070165
2001-06-15,Short interest,0.024487
2001-06-22,Medium- and long-term return,-0.007431
2001-06-22,Short-term return,0.006845
2001-06-22,Volatility,0.085677
2001-06-22,Size,-0.118616
2001-06-22,Trading activity,-0.009964
2001-06-22,Market correlation,-0.091513
2001-06-22,Short interest,-0.015176
2001-06-29,Medium- and long-term return,0.035644
2001-06-29,Short-term return,0.205131
2001-06-29,Volatility,0.153826
2001-06-29,Size,-0.023000
2001-06-29,Trading activity,0.164515
2001-06-29,Market correlation,-0.081953
2001-06-29,Short interest,0.021977
2001-07-09,Medium- and long-term return,0.006200
2001-07-09,Short-term return,0.047328
2001-07-09,Volatility,0.128809
2001-07-09,Size,0.004521
2001-07-09,Trading activity,0.096780
2001-07-09,Market correlation,-0.030600
2001-07-09,Short interest,0.017212
2001-07-16,Medium- and long-term return,-0.007895
2001-07-16,Short-term return,0.109025
2001-07-16,Volatility,0.145910
2001-07-16,Size,-0.027074
2001-07-16,Trading activity,0.111085
2001-07-16,Market correlation,-0.041852
2001-07-16,Short interest,0.029341
2001-07-23,Medium- and long-term return,0.089523
2001-07-23,Short-term return,-0.005209
2001-07-23,Volatility,0.218348
2001-07-23,Size,-0.038937
2001-07-23,Trading activity,0.043815
2001-07-23,Market correlation,-0.129670
2001-07-23,Short interest,0.013432
2001-07-30,Medium- and long-term return,0.052001
2001-07-30,Short-term return,0.032022
2001-07-30,Volatility,0.192053
2001-07-30,Size,-0.027889
2001-07-30,Trading activity,0.019566
2001-07-30,Market correlation,-0.114738
2001-07-30,Short interest,0.004302
2001-08-06,Medium- and long-term return,0.170133
2001-08-06,Short-term return,0.016850
2001-08-06,Volatility,0.176793
2001-08-06,Size,-0.108013
2001-08-06,Trading activity,0.005489
2001-08-06,Market correlation,-0.188756
2001-08-06,Short interest,-0.034150
2001-09-17,Medium- and long-term return,-0.069611
2001-09-17,Short-term return,0.031091
2001-09-17,Volatility,-0.123735
2001-09-17,Size,0.037438
2001-09-17,Trading activity,0.093226
2001-09-17,Market correlation,0.092195
2001-09-17,Short interest,0.092913
2001-09-24,Medium- and long-term return,-0.042044
2001-09-24,Short-term return,0.025630
2001-09-24,Volatility,-0.027794
2001-09-24,Size,0.029977
2001-09-24,Trading activity,0.056019
2001-09-24,Market correlation,0.064234
2001-09-24,Short interest,0.103234
2001-10-01,Medium- and long-term return,-0.203335
2001-10-01,Short-term return,0.206891
2001-10-01,Volatility,-0.157365
2001-10-01,Size,-0.086658
2001-10-01,Trading activity,0.020885
2001-10-01,Market correlation,0.111809
2001-10-01,Short interest,0.041844
2001-10-08,Medium- and long-term return,-0.134999
2001-10-08,Short-term return,0.107290
2001-10-08,Volatility,-0.076285
2001-10-08,Size,0.001353
2001-10-08,Trading activity,0.008695
2001-10-08,Market correlation,0.145071
2001-10-08,Short interest,0.056974
2001-10-15,Medium- and long-term return,-0.106651
2001-10-15,Short-term return,0.017766
2001-10-15,Volatility,-0.029919
2001-10-15,Size,0.015527
2001-10-15,Trading activity,0.023054
2001-10-15,Market correlation,0.095317
2001-10-15,Short interest,0.079744
2001-10-22,Medium- and long-term return,-0.237517
2001-10-22,Short-term return,0.058388
2001-10-22,Volatility,-0.079740
2001-10-22,Size,0.003672
2001-10-22,Trading activity,0.013571
2001-10-22,Market correlation,0.143906
2001-10-22,Short interest,0.044718
2001-10-29,Medium- and long-term return,-0.193338
2001-10-29,Short-term return,0.032220
2001-10-29,Volatility,-0.044745
2001-10-29,Size,0.026407
2001-10-29,Trading activity,0.021115
2001-10-29,Market correlation,0.135485
2001-10-29,Short interest,0.022496
2001-11-05,Medium- and long-term return,-0.172465
2001-11-05,Short-term return,0.086148
2001-11-05,Volatility,-0.015222
2001-11-05,Size,-0.042905
2001-11-05,Trading activity,0.063981
2001-11-05,Market correlation,0.037155
2001-11-05,Short interest,-0.048206
2001-11-12,Medium- and long-term return,-0.122172
2001-11-12,Short-term return,0.039316
2001-11-12,Volatility,-0.011420
2001-11-12,Size,-0.139553
2001-11-12,Trading activity,0.006875
2001-11-12,Market correlation,0.014043
2001-11-12,Short interest,-0.129714
2001-11-19,Medium- and long-term return,0.098779
2001-11-19,Short-term return,0.141878
2001-11-19,Volatility,0.093458
2001-11-19,Size,-0.120703
2001-11-19,Trading activity,0.008209
2001-11-19,Market correlation,-0.043167
2001-11-19,Short interest,-0.022073
2001-11-27,Medium- and long-term return,0.120243
2001-11-27,Short-term return,0.090905
2001-11-27,Volatility,0.120207
2001-11-27,Size,-0.111712
2001-11-27,Trading activity,0.011667
2001-11-27,Market correlation,-0.051773
2001-11-27,Short interest,-0.042940
2001-12-04,Medium- and long-term return,-0.068073
2001-12-04,Short-term return,0.004042
2001-12-04,Volatility,0.026940
2001-12-04,Size,-0.130856
2001-12-04,Trading activity,0.037913
2001-12-04,Market correlation,0.020974
2001-12-04,Short interest,0.007242
2001-12-11,Medium- and long-term return,0.011215
2001-12-11,Short-term return,0.021166
2001-12-11,Volatility,0.070074
2001-12-11,Size,-0.066857
2001-12-11,Trading activity,0.036889
2001-12-11,Market correlation,-0.033128
2001-12-11,Short interest,-0.007683
2001-12-18,Medium- and long-term return,-0.018680
2001-12-18,Short-term return,0.108591
2001-12-18,Volatility,0.099195
2001-12-18,Size,-0.073690
2001-12-18,Trading activity,0.060216
2001-12-18,Market correlation,-0.102713
2001-12-18,Short interest,0.024746
2001-12-26,Medium- and long-term return,-0.006820
2001-12-26,Short-term return,0.094357
2001-12-26,Volatility,0.101394
2001-12-26,Size,-0.003153
2001-12-26,Trading activity,0.059694
2001-12-26,Market correlation,-0.044612
2001-12-26,Short interest,0.064239
2002-01-03,Medium- and long-term return,0.178215
2002-01-03,Short-term return,0.067917
2002-01-03,Volatility,0.177933
2002-01-03,Size,-0.015481
2002-01-03,Trading activity,0.054076
2002-01-03,Market correlation,-0.118195
2002-01-03,Short interest,0.021852
2002-01-10,Medium- and long-term return,0.236401
2002-01-10,Short-term return,0.019684
2002-01-10,Volatility,0.236051
2002-01-10,Size,0.013101
2002-01-10,Trading activity,0.063364
2002-01-10,Market correlation,-0.128450
2002-01-10,Short interest,0.007195
2002-01-17,Medium- and long-term return,0.165582
2002-01-17,Short-term return,-0.044169
2002-01-17,Volatility,0.208039
2002-01-17,Size,0.012629
2002-01-17,Trading activity,0.071011
2002-01-17,Market correlation,-0.076054
2002-01-17,Short interest,0.035389
2002-01-25,Medium- and long-term return,0.166118
2002-01-25,Short-term return,-0.096750
2002-01-25,Volatility,0.227129
2002-01-25,Size,0.029039
2002-01-25,Trading activity,0.154072
2002-01-25,Market correlation,-0.082508
2002-01-25,Short interest,0.078405
2002-02-01,Medium- and long-term return,0.112401
2002-02-01,Short-term return,-0.090602
2002-02-01,Volatility,0.198086
2002-02-01,Size,0.037859
2002-02-01,Trading activity,0.103658
2002-02-01,Market correlation,0.018599
2002-02-01,Short interest,0.058216
2002-02-08,Medium- and long-term return,-0.098869
2002-02-08,Short-term return,0.111497
2002-02-08,Volatility,0.049895
2002-02-08,Size,-0.048238
2002-02-08,Trading activity,0.167202
2002-02-08,Market correlation,0.064829
2002-02-08,Short interest,0.010874
2002-02-15,Medium- and long-term return,-0.047263
2002-02-15,Short-term return,-0.017636
2002-02-15,Volatility,0.048326
2002-02-15,Size,-0.065792
2002-02-15,Trading activity,0.094666
2002-02-15,Market correlation,0.024450
2002-02-15,Short interest,-0.087309
2002-02-25,Medium- and long-term return,-0.119334
2002-02-25,Short-term return,0.117364
2002-02-25,Volatility,-0.043218
2002-02-25,Size,-0.161205
2002-02-25,Trading activity,0.086746
2002-02-25,Market correlation,-0.042525
2002-02-25,Short interest,-0.147238
2002-03-04,Medium- and long-term return,-0.010388
2002-03-04,Short-term return,0.129196
2002-03-04,Volatility,0.055245
2002-03-04,Size,-0.166632
2002-03-04,Trading activity,0.102533
2002-03-04,Market correlation,-0.141610
2002-03-04,Short interest,-0.112147
2002-03-11,Medium- and long-term return,0.255773
2002-03-11,Short-term return,0.213293
2002-03-11,Volatility,0.202458
2002-03-11,Size,-0.108086
2002-03-11,Trading activity,0.010629
2002-03-11,Market correlation,-0.201528
2002-03-11,Short interest,-0.049379
2002-03-18,Medium- and long-term return,0.189906
2002-03-18,Short-term return,0.018250
2002-03-18,Volatility,0.144420
2002-03-18,Size,-0.152656
2002-03-18,Trading activity,-0.001096
2002-03-18,Market correlation,-0.165411
2002-03-18,Short interest,-0.053329
2002-03-25,Medium- and long-term return,0.228905
2002-03-25,Short-term return,-0.083268
2002-03-25,Volatility,0.122894
2002-03-25,Size,-0.092720
2002-03-25,Trading activity,0.014812
2002-03-25,Market correlation,-0.163750
2002-03-25,Short interest,-0.066618
2002-04-02,Medium- and long-term return,0.241409
2002-04-02,Short-term return,-0.087746
2002-04-02,Volatility,0.081994
2002-04-02,Size,-0.126605
2002-04-02,Trading activity,-0.042427
2002-04-02,Market correlation,-0.146199
2002-04-02,Short interest,-0.079713
2002-04-09,Medium- and long-term return,0.224959
2002-04-09,Short-term return,-0.111657
2002-04-09,Volatility,0.090353
2002-04-09,Size,-0.113364
2002-04-09,Trading activity,-0.039969
2002-04-09,Market correlation,-0.176113
2002-04-09,Short interest,-0.105830
2002-04-16,Medium- and long-term return,0.199206
2002-04-16,Short-term return,-0.001623
2002-04-16,Volatility,0.110523
2002-04-16,Size,-0.016916
2002-04-16,Trading activity,-0.005635
2002-04-16,Market correlation,-0.092094
2002-04-16,Short interest,0.020379
2002-04-23,Medium- and long-term return,0.109039
2002-04-23,Short-term return,-0.027115
2002-04-23,Volatility,0.127990
2002-04-23,Size,0.022777
2002-04-23,Trading activity,0.056319
2002-04-23,Market correlation,-0.032985
2002-04-23,Short interest,0.079851
2002-04-30,Medium- and long-term return,-0.001722
2002-04-30,Short-term return,0.037186
2002-04-30,Volatility,0.070524
2002-04-30,Size,0.067382
2002-04-30,Trading activity,0.070037
2002-04-30,Market correlation,-0.015610
2002-04-30,Short interest,0.070832
2002-05-07,Medium- and long-term return,-0.026739
2002-05-07,Short-term return,0.044848
2002-05-07,Volatility,0.044816
2002-05-07,Size,0.101787
2002-05-07,Trading activity,0.085976
2002-05-07,Market correlation,0.032194
2002-05-07,Short interest,0.125115
2002-05-14,Medium- and long-term return,0.122530
2002-05-14,Short-term return,0.078001
2002-05-14,Volatility,0.110023
2002-05-14,Size,0.047316
2002-05-14,Trading activity,0.076342
2002-05-14,Market correlation,-0.154060
2002-05-14,Short interest,0.061742
2002-05-21,Medium- and long-term return,0.208992
2002-05-21,Short-term return,0.028267
2002-05-21,Volatility,0.108539
2002-05-21,Size,0.022839
2002-05-21,Trading activity,0.038061
2002-05-21,Market correlation,-0.160622
2002-05-21,Short interest,0.036827
2002-05-29,Medium- and long-term return,0.170532
2002-05-29,Short-term return,-0.035583
2002-05-29,Volatility,0.112595
2002-05-29,Size,0.037237
2002-05-29,Trading activity,0.042191
2002-05-29,Market correlation,-0.099133
2002-05-29,Short interest,0.071276
2002-06-05,Medium- and long-term return,0.116278
2002-06-05,Short-term return,-0.015759
2002-06-05,Volatility,0.065495
2002-06-05,Size,0.120681
2002-06-05,Trading activity,0.057270
2002-06-05,Market correlation,-0.019451
2002-06-05,Short interest,0.064732
2002-06-12,Medium- and long-term return,-0.035256
2002-06-12,Short-term return,0.029303
2002-06-12,Volatility,-0.051332
2002-06-12,Size,0.126281
2002-06-12,Trading activity,0.045796
2002-06-12,Market correlation,0.083531
2002-06-12,Short interest,0.089413
2002-06-19,Medium- and long-term return,-0.130817
2002-06-19,Short-term return,0.063937
2002-06-19,Volatility,-0.159726
2002-06-19,Size,0.060497
2002-06-19,Trading activity,0.008775
2002-06-19,Market correlation,0.066078
2002-06-19,Short interest,0.039068
2002-06-26,Medium- and long-term return,0.030523
2002-06-26,Short-term return,0.060360
2002-06-26,Volatility,-0.036252
2002-06-26,Size,0.042906
2002-06-26,Trading activity,0.040382
2002-06-26,Market correlation,0.022941
2002-06-26,Short interest,0.056611
2002-07-03,Medium- and long-term return,0.032866
2002-07-03,Short-term return,0.075304
2002-07-03,Volatility,0.016135
2002-07-03,Size,-0.110527
2002-07-03,Trading activity,-0.023232
2002-07-03,Market correlation,-0.074654
2002-07-03,Short interest,-0.005528
2002-07-11,Medium- and long-term return,0.135645
2002-07-11,Short-term return,-0.000865
2002-07-11,Volatility,0.124653
2002-07-11,Size,-0.010346
2002-07-11,Trading activity,-0.013147
2002-07-11,Market correlation,-0.064514
2002-07-11,Short interest,0.028203
2002-07-18,Medium- and long-term return,0.178061
2002-07-18,Short-term return,0.084662
2002-07-18,Volatility,0.166392
2002-07-18,Size,0.049672
2002-07-18,Trading activity,0.031954
2002-07-18,Market correlation,-0.033866
2002-07-18,Short interest,0.120072
2002-07-25,Medium- and long-term return,0.001804
2002-07-25,Short-term return,0.029235
2002-07-25,Volatility,0.058952
2002-07-25,Size,0.000026
2002-07-25,Trading activity,0.069876
2002-07-25,Market correlation,-0.023676
2002-07-25,Short interest,0.057824
2002-08-01,Medium- and long-term return,0.006158
2002-08-01,Short-term return,0.002471
2002-08-01,Volatility,-0.007966
2002-08-01,Size,-0.018415
2002-08-01,Trading activity,0.007546
2002-08-01,Market correlation,-0.031878
2002-08-01,Short interest,0.007591
2002-08-08,Medium- and long-term return,-0.007163
2002-08-08,Short-term return,0.133790
2002-08-08,Volatility,-0.066543
2002-08-08,Size,-0.188769
2002-08-08,Trading activity,-0.010959
2002-08-08,Market correlation,-0.128972
2002-08-08,Short interest,-0.082771
2002-08-15,Medium- and long-term return,-0.037129
2002-08-15,Short-term return,0.122194
2002-08-15,Volatility,-0.070504
2002-08-15,Size,-0.199086
2002-08-15,Trading activity,-0.022308
2002-08-15,Market correlation,-0.200734
2002-08-15,Short interest,-0.046001
2002-08-22,Medium- and long-term return,0.179342
2002-08-22,Short-term return,0.127833
2002-08-22,Volatility,0.041376
2002-08-22,Size,-0.122984
2002-08-22,Trading activity,-0.043494
2002-08-22,Market correlation,-0.192850
2002-08-22,Short interest,0.021850
2002-08-29,Medium- and long-term return,0.224087
2002-08-29,Short-term return,0.033892
2002-08-29,Volatility,0.071236
2002-08-29,Size,-0.025776
2002-08-29,Trading activity,-0.036736
2002-08-29,Market correlation,-0.087105
2002-08-29,Short interest,0.065432
2002-09-06,Medium- and long-term return,0.198408
2002-09-06,Short-term return,-0.000487
2002-09-06,Volatility,0.086224
2002-09-06,Size,0.041194
2002-09-06,Trading activity,-0.029893
2002-09-06,Market correlation,-0.092829
2002-09-06,Short interest,0.075711
2002-09-13,Medium- and long-term return,0.221473
2002-09-13,Short-term return,0.014665
2002-09-13,Volatility,0.112111
2002-09-13,Size,0.122545
2002-09-13,Trading activity,0.033000
2002-09-13,Market correlation,0.039530
2002-09-13,Short interest,0.131379
2002-09-20,Medium- and long-term return,0.134935
2002-09-20,Short-term return,-0.051526
2002-09-20,Volatility,0.041201
2002-09-20,Size,0.119683
2002-09-20,Trading activity,0.001102
2002-09-20,Market correlation,0.099136
2002-09-20,Short interest,0.081015
2002-09-27,Medium- and long-term return,-0.031729
2002-09-27,Short-term return,0.043144
2002-09-27,Volatility,-0.038670
2002-09-27,Size,0.129219
2002-09-27,Trading activity,0.056500
2002-09-27,Market correlation,0.100415
2002-09-27,Short interest,0.077649
2002-10-04,Medium- and long-term return,-0.134477
2002-10-04,Short-term return,0.112001
2002-10-04,Volatility,-0.153780
2002-10-04,Size,0.086581
2002-10-04,Trading activity,0.095100
2002-10-04,Market correlation,0.158875
2002-10-04,Short interest,0.098856
2002-10-11,Medium- and long-term return,-0.260509
2002-10-11,Short-term return,0.097780
2002-10-11,Volatility,-0.185563
2002-10-11,Size,-0.031518
2002-10-11,Trading activity,0.040900
2002-10-11,Market correlation,0.033849
2002-10-11,Short interest,-0.020371
2002-10-18,Medium- and long-term return,-0.294028
2002-10-18,Short-term return,0.015933
2002-10-18,Volatility,-0.218814
2002-10-18,Size,-0.078767
2002-10-18,Trading activity,-0.019868
2002-10-18,Market correlation,-0.003883
2002-10-18,Short interest,-0.069497
2002-10-25,Medium- and long-term return,-0.389611
2002-10-25,Short-term return,-0.060393
2002-10-25,Volatility,-0.259667
2002-10-25,Size,-0.091975
2002-10-25,Trading activity,-0.031967
2002-10-25,Market correlation,0.002039
2002-10-25,Short interest,-0.096889
2002-11-01,Medium- and long-term return,-0.456557
2002-11-01,Short-term return,-0.031192
2002-11-01,Volatility,-0.255905
2002-11-01,Size,-0.141704
2002-11-01,Trading activity,0.017928
2002-11-01,Market correlation,-0.009871
2002-11-01,Short interest,-0.098041
2002-11-08,Medium- and long-term return,-0.243055
2002-11-08,Short-term return,0.004570
2002-11-08,Volatility,-0.107224
2002-11-08,Size,-0.179632
2002-11-08,Trading activity,0.042242
2002-11-08,Market correlation,-0.098566
2002-11-08,Short interest,-0.077352
2002-11-15,Medium- and long-term return,-0.204948
2002-11-15,Short-term return,0.087916
2002-11-15,Volatility,-0.065450
2002-11-15,Size,-0.161585
2002-11-15,Trading activity,0.045994
2002-11-15,Market correlation,-0.103467
2002-11-15,Short interest,-0.046983
2002-11-22,Medium- and long-term return,0.077467
2002-11-22,Short-term return,0.213408
2002-11-22,Volatility,0.122791
2002-11-22,Size,-0.107912
2002-11-22,Trading activity,0.079839
2002-11-22,Market correlation,-0.164422
2002-11-22,Short interest,-0.003190
2002-12-02,Medium- and long-term return,0.136135
2002-12-02,Short-term return,0.286378
2002-12-02,Volatility,0.203143
2002-12-02,Size,-0.154375
2002-12-02,Trading activity,0.095448
2002-12-02,Market correlation,-0.203735
2002-12-02,Short interest,-0.050337
2002-12-09,Medium- and long-term return,-0.036279
2002-12-09,Short-term return,0.012500
2002-12-09,Volatility,-0.004376
2002-12-09,Size,-0.022612
2002-12-09,Trading activity,0.030910
2002-12-09,Market correlation,-0.013700
2002-12-09,Short interest,0.020164
2002-12-16,Medium- and long-term return,-0.176795
2002-12-16,Short-term return,-0.012194
2002-12-16,Volatility,-0.137438
2002-12-16,Size,-0.072150
2002-12-16,Trading activity,-0.007793
2002-12-16,Market correlation,-0.068390
2002-12-16,Short interest,-0.013058
2002-12-23,Medium- and long-term return,-0.150116
2002-12-23,Short-term return,0.146657
2002-12-23,Volatility,-0.114318
2002-12-23,Size,-0.065044
2002-12-23,Trading activity,-0.021518
2002-12-23,Market correlation,-0.048131
2002-12-23,Short interest,-0.023349
2002-12-31,Medium- and long-term return,-0.021761
2002-12-31,Short-term return,0.034778
2002-12-31,Volatility,-0.111642
2002-12-31,Size,0.018092
2002-12-31,Trading activity,-0.104174
2002-12-31,Market correlation,-0.050525
2002-12-31,Short interest,0.028087
2003-01-08,Medium- and long-term return,0.142757
2003-01-08,Short-term return,0.019968
2003-01-08,Volatility,0.034326
2003-01-08,Size,-0.072603
2003-01-08,Trading activity,-0.053398
2003-01-08,Market correlation,-0.095422
2003-01-08,Short interest,0.050593
2003-01-15,Medium- and long-term return,0.271578
2003-01-15,Short-term return,0.137074
2003-01-15,Volatility,0.149299
2003-01-15,Size,-0.019038
2003-01-15,Trading activity,0.005267
2003-01-15,Market correlation,-0.097801
2003-01-15,Short interest,0.072159
2003-01-23,Medium- and long-term return,0.224253
2003-01-23,Short-term return,-0.046307
2003-01-23,Volatility,0.117916
2003-01-23,Size,0.015002
2003-01-23,Trading activity,-0.028907
2003-01-23,Market correlation,-0.019267
2003-01-23,Short interest,0.080304
2003-01-30,Medium- and long-term return,0.178628
2003-01-30,Short-term return,-0.015308
2003-01-30,Volatility,0.124760
2003-01-30,Size,0.041548
2003-01-30,Trading activity,0.003456
2003-01-30,Market correlation,0.040056
2003-01-30,Short interest,0.059797
2003-02-06,Medium- and long-term return,0.159203
2003-02-06,Short-term return,-0.101810
2003-02-06,Volatility,0.061342
2003-02-06,Size,0.038879
2003-02-06,Trading activity,-0.055825
2003-02-06,Market correlation,-0.015742
2003-02-06,Short interest,0.058347
2003-02-13,Medium- and long-term return,0.144712
2003-02-13,Short-term return,-0.112652
2003-02-13,Volatility,0.042179
2003-02-13,Size,0.083859
2003-02-13,Trading activity,-0.035650
2003-02-13,Market correlation,0.021227
2003-02-13,Short interest,0.051328
2003-02-21,Medium- and long-term return,-0.000848
2003-02-21,Short-term return,0.001283
2003-02-21,Volatility,0.002927
2003-02-21,Size,0.092242
2003-02-21,Trading activity,0.030189
2003-02-21,Market correlation,0.044336
2003-02-21,Short interest,0.056172
2003-02-28,Medium- and long-term return,0.049783
2003-02-28,Short-term return,-0.115125
2003-02-28,Volatility,-0.003819
2003-02-28,Size,0.029448
2003-02-28,Trading activity,-0.032684
2003-02-28,Market correlation,-0.085501
2003-02-28,Short interest,0.057508
2003-03-07,Medium- and long-term return,-0.043232
2003-03-07,Short-term return,-0.032320
2003-03-07,Volatility,-0.033233
2003-03-07,Size,0.026953
2003-03-07,Trading activity,-0.009015
2003-03-07,Market correlation,-0.020022
2003-03-07,Short interest,-0.006743
2003-03-14,Medium- and long-term return,-0.063060
2003-03-14,Short-term return,0.052859
2003-03-14,Volatility,-0.026736
2003-03-14,Size,-0.054561
2003-03-14,Trading activity,0.008129
2003-03-14,Market correlation,-0.075912
2003-03-14,Short interest,-0.063568
2003-03-21,Medium- and long-term return,-0.051787
2003-03-21,Short-term return,0.033583
2003-03-21,Volatility,-0.063254
2003-03-21,Size,-0.118568
2003-03-21,Trading activity,-0.035191
2003-03-21,Market correlation,-0.135410
2003-03-21,Short interest,-0.054233
2003-03-28,Medium- and long-term return,-0.188483
2003-03-28,Short-term return,0.126283
2003-03-28,Volatility,-0.106427
2003-03-28,Size,-0.034966
2003-03-28,Trading activity,0.032361
2003-03-28,Market correlation,0.072969
2003-03-28,Short interest,-0.022247
2003-04-04,Medium- and long-term return,-0.193036
2003-04-04,Short-term return,0.021352
2003-04-04,Volatility,-0.149821
2003-04-04,Size,-0.112426
2003-04-04,Trading activity,-0.016096
2003-04-04,Market correlation,-0.017577
2003-04-04,Short interest,-0.029956
2003-04-11,Medium- and long-term return,-0.220108
2003-04-11,Short-term return,0.021235
2003-04-11,Volatility,-0.115506
2003-04-11,Size,-0.071266
2003-04-11,Trading activity,0.001771
2003-04-11,Market correlation,0.039012
2003-04-11,Short interest,0.000632
2003-04-21,Medium- and long-term return,-0.210840
2003-04-21,Short-term return,0.040977
2003-04-21,Volatility,-0.094496
2003-04-21,Size,-0.162098
2003-04-21,Trading activity,0.047006
2003-04-21,Market correlation,-0.152977
2003-04-21,Short interest,-0.005760
2003-04-28,Medium- and long-term return,-0.139390
2003-04-28,Short-term return,0.024459
2003-04-28,Volatility,-0.049924
2003-04-28,Size,-0.090457
2003-04-28,Trading activity,0.035841
2003-04-28,Market correlation,-0.110076
2003-04-28,Short interest,0.020867
2003-05-05,Medium- and long-term return,-0.146059
2003-05-05,Short-term return,0.030940
2003-05-05,Volatility,0.007764
2003-05-05,Size,-0.043455
2003-05-05,Trading activity,0.074096
2003-05-05,Market correlation,-0.012463
2003-05-05,Short interest,0.011539
2003-05-12,Medium- and long-term return,-0.136412
2003-05-12,Short-term return,-0.031242
2003-05-12,Volatility,-0.056708
2003-05-12,Size,-0.044786
2003-05-12,Trading activity,0.052198
2003-05-12,Market correlation,-0.031231
2003-05-12,Short interest,-0.014350
2003-05-19,Medium- and long-term return,-0.047504
2003-05-19,Short-term return,0.014054
2003-05-19,Volatility,-0.027257
2003-05-19,Size,0.073576
2003-05-19,Trading activity,0.027506
2003-05-19,Market correlation,0.106010
2003-05-19,Short interest,0.015650
2003-05-27,Medium- and long-term return,-0.126903
2003-05-27,Short-term return,0.007134
2003-05-27,Volatility,-0.056914
2003-05-27,Size,-0.050806
2003-05-27,Trading activity,0.039619
2003-05-27,Market correlation,-0.042095
2003-05-27,Short interest,-0.003318
2003-06-03,Medium- and long-term return,0.023870
2003-06-03,Short-term return,-0.044315
2003-06-03,Volatility,-0.046623
2003-06-03,Size,-0.113093
2003-06-03,Trading activity,0.001128
2003-06-03,Market correlation,-0.152620
2003-06-03,Short interest,-0.039264
2003-06-10,Medium- and long-term return,0.022418
2003-06-10,Short-term return,-0.021398
2003-06-10,Volatility,-0.087540
2003-06-10,Size,-0.173997
2003-06-10,Trading activity,-0.027647
2003-06-10,Market correlation,-0.138270
2003-06-10,Short interest,-0.067388
2003-06-17,Medium- and long-term return,-0.057160
2003-06-17,Short-term return,0.108698
2003-06-17,Volatility,-0.081188
2003-06-17,Size,-0.228206
2003-06-17,Trading activity,-0.007944
2003-06-17,Market correlation,-0.119937
2003-06-17,Short interest,-0.087582
2003-06-24,Medium- and long-term return,-0.029411
2003-06-24,Short-term return,0.173929
2003-06-24,Volatility,-0.020405
2003-06-24,Size,-0.052468
2003-06-24,Trading activity,-0.001694
2003-06-24,Market correlation,0.025589
2003-06-24,Short interest,-0.036883
2003-07-01,Medium- and long-term return,-0.106846
2003-07-01,Short-term return,-0.008844
2003-07-01,Volatility,-0.014278
2003-07-01,Size,-0.069646
2003-07-01,Trading activity,0.022064
2003-07-01,Market correlation,0.051298
2003-07-01,Short interest,-0.034630
2003-07-09,Medium- and long-term return,-0.127079
2003-07-09,Short-term return,0.098384
2003-07-09,Volatility,0.080525
2003-07-09,Size,-0.005632
2003-07-09,Trading activity,0.030988
2003-07-09,Market correlation,0.048115
2003-07-09,Short interest,0.016706
2003-07-16,Medium- and long-term return,-0.097545
2003-07-16,Short-term return,0.026169
2003-07-16,Volatility,0.047618
2003-07-16,Size,0.043698
2003-07-16,Trading activity,0.038948
2003-07-16,Market correlation,0.058707
2003-07-16,Short interest,0.020732
2003-07-23,Medium- and long-term return,-0.057023
2003-07-23,Short-term return,0.010190
2003-07-23,Volatility,0.023125
2003-07-23,Size,-0.052972
2003-07-23,Trading activity,0.022641
2003-07-23,Market correlation,0.074024
2003-07-23,Short interest,0.005830
2003-07-30,Medium- and long-term return,-0.072216
2003-07-30,Short-term return,0.060043
2003-07-30,Volatility,-0.048302
2003-07-30,Size,-0.032386
2003-07-30,Trading activity,-0.039002
2003-07-30,Market correlation,0.049805
2003-07-30,Short interest,-0.019200
2003-08-06,Medium- and long-term return,-0.007937
2003-08-06,Short-term return,0.059818
2003-08-06,Volatility,0.016902
2003-08-06,Size,-0.075841
2003-08-06,Trading activity,-0.076519
2003-08-06,Market correlation,0.065382
2003-08-06,Short interest,-0.085084
2003-08-13,Medium- and long-term return,-0.103452
2003-08-13,Short-term return,0.041621
2003-08-13,Volatility,-0.023907
2003-08-13,Size,-0.172175
2003-08-13,Trading activity,-0.039053
2003-08-13,Market correlation,-0.038735
2003-08-13,Short interest,-0.123631
2003-08-20,Medium- and long-term return,-0.066236
2003-08-20,Short-term return,0.067960
2003-08-20,Volatility,-0.025681
2003-08-20,Size,-0.086230
2003-08-20,Trading activity,-0.028215
2003-08-20,Market correlation,-0.055545
2003-08-20,Short interest,-0.047519
2003-08-27,Medium- and long-term return,0.012122
2003-08-27,Short-term return,0.104911
2003-08-27,Volatility,0.041431
2003-08-27,Size,-0.103637
2003-08-27,Trading activity,-0.000407
2003-08-27,Market correlation,-0.098608
2003-08-27,Short interest,-0.059280
2003-09-04,Medium- and long-term return,0.064407
2003-09-04,Short-term return,0.041606
2003-09-04,Volatility,0.069377
2003-09-04,Size,-0.010976
2003-09-04,Trading activity,0.021736
2003-09-04,Market correlation,-0.072247
2003-09-04,Short interest,0.043197
2003-09-11,Medium- and long-term return,0.188670
2003-09-11,Short-term return,0.020333
2003-09-11,Volatility,0.054521
2003-09-11,Size,0.004526
2003-09-11,Trading activity,-0.003706
2003-09-11,Market correlation,-0.005283
2003-09-11,Short interest,0.011735
2003-09-18,Medium- and long-term return,0.120272
2003-09-18,Short-term return,0.015496
2003-09-18,Volatility,0.082523
2003-09-18,Size,-0.012866
2003-09-18,Trading activity,0.022722
2003-09-18,Market correlation,-0.002162
2003-09-18,Short interest,0.028273
2003-09-25,Medium- and long-term return,0.097355
2003-09-25,Short-term return,-0.014676
2003-09-25,Volatility,0.085845
2003-09-25,Size,0.094517
2003-09-25,Trading activity,0.031266
2003-09-25,Market correlation,0.040494
2003-09-25,Short interest,0.086000
2003-10-02,Medium- and long-term return,0.097257
2003-10-02,Short-term return,-0.081855
2003-10-02,Volatility,0.037065
2003-10-02,Size,0.045859
2003-10-02,Trading activity,-0.040727
2003-10-02,Market correlation,0.068909
2003-10-02,Short interest,0.028571
2003-10-09,Medium- and long-term return,0.101406
2003-10-09,Short-term return,-0.080787
2003-10-09,Volatility,0.071449
2003-10-09,Size,0.002006
2003-10-09,Trading activity,-0.036204
2003-10-09,Market correlation,0.040642
2003-10-09,Short interest,0.029612
2003-10-16,Medium- and long-term return,0.045695
2003-10-16,Short-term return,-0.035375
2003-10-16,Volatility,0.086832
2003-10-16,Size,-0.054781
2003-10-16,Trading activity,0.006259
2003-10-16,Market correlation,-0.028918
2003-10-16,Short interest,0.004244
2003-10-23,Medium- and long-term return,0.004803
2003-10-23,Short-term return,-0.027084
2003-10-23,Volatility,0.088198
2003-10-23,Size,-0.128739
2003-10-23,Trading activity,-0.003832
2003-10-23,Market correlation,-0.073724
2003-10-23,Short interest,-0.024402
2003-10-30,Medium- and long-term return,0.022500
2003-10-30,Short-term return,-0.026972
2003-10-30,Volatility,0.077077
2003-10-30,Size,-0.119159
2003-10-30,Trading activity,0.048655
2003-10-30,Market correlation,-0.096968
2003-10-30,Short interest,-0.008215
2003-11-06,Medium- and long-term return,-0.156037
2003-11-06,Short-term return,0.048165
2003-11-06,Volatility,0.124342
2003-11-06,Size,-0.064223
2003-11-06,Trading activity,0.102912
2003-11-06,Market correlation,-0.122136
2003-11-06,Short interest,-0.000347
2003-11-13,Medium- and long-term return,-0.164964
2003-11-13,Short-term return,0.039242
2003-11-13,Volatility,0.129773
2003-11-13,Size,0.025111
2003-11-13,Trading activity,0.069748
2003-11-13,Market correlation,0.009220
2003-11-13,Short interest,0.038486
2003-11-20,Medium- and long-term return,-0.163094
2003-11-20,Short-term return,0.033486
2003-11-20,Volatility,0.108990
2003-11-20,Size,0.150558
2003-11-20,Trading activity,0.059688
2003-11-20,Market correlation,0.121155
2003-11-20,Short interest,0.058505
2003-11-28,Medium- and long-term return,-0.235083
2003-11-28,Short-term return,0.130964
2003-11-28,Volatility,0.157613
2003-11-28,Size,0.150236
2003-11-28,Trading activity,0.104409
2003-11-28,Market correlation,0.113616
2003-11-28,Short interest,0.040249
2003-12-05,Medium- and long-term return,-0.243747
2003-12-05,Short-term return,-0.036866
2003-12-05,Volatility,0.012144
2003-12-05,Size,0.117672
2003-12-05,Trading activity,0.027343
2003-12-05,Market correlation,0.080430
2003-12-05,Short interest,0.015292
2003-12-12,Medium- and long-term return,-0.131693
2003-12-12,Short-term return,0.037391
2003-12-12,Volatility,-0.067421
2003-12-12,Size,0.002892
2003-12-12,Trading activity,0.011522
2003-12-12,Market correlation,-0.047083
2003-12-12,Short interest,-0.016576
2003-12-19,Medium- and long-term return,-0.085868
2003-12-19,Short-term return,-0.054845
2003-12-19,Volatility,-0.071599
2003-12-19,Size,-0.068287
2003-12-19,Trading activity,-0.052916
2003-12-19,Market correlation,-0.060824
2003-12-19,Short interest,-0.052082
2003-12-29,Medium- and long-term return,-0.083824
2003-12-29,Short-term return,0.027702
2003-12-29,Volatility,-0.042234
2003-12-29,Size,-0.130381
2003-12-29,Trading activity,-0.020049
2003-12-29,Market correlation,-0.161200
2003-12-29,Short interest,-0.064948
2004-01-06,Medium- and long-term return,-0.013896
2004-01-06,Short-term return,0.003697
2004-01-06,Volatility,0.049503
2004-01-06,Size,-0.041155
2004-01-06,Trading activity,0.015761
2004-01-06,Market correlation,-0.116347
2004-01-06,Short interest,-0.040108
2004-01-13,Medium- and long-term return,0.014599
2004-01-13,Short-term return,0.086409
2004-01-13,Volatility,0.090019
2004-01-13,Size,0.007915
2004-01-13,Trading activity,0.070193
2004-01-13,Market correlation,-0.031056
2004-01-13,Short interest,0.018950
2004-01-21,Medium- and long-term return,-0.051215
2004-01-21,Short-term return,0.130246
2004-01-21,Volatility,0.148196
2004-01-21,Size,-0.013874
2004-01-21,Trading activity,0.075079
2004-01-21,Market correlation,-0.089790
2004-01-21,Short interest,0.002502
2004-01-28,Medium- and long-term return,-0.023165
2004-01-28,Short-term return,0.030037
2004-01-28,Volatility,0.093379
2004-01-28,Size,0.032302
2004-01-28,Trading activity,0.044344
2004-01-28,Market correlation,-0.005741
2004-01-28,Short interest,0.052930
2004-02-04,Medium- and long-term return,0.019579
2004-02-04,Short-term return,0.067172
2004-02-04,Volatility,0.059650
2004-02-04,Size,-0.068896
2004-02-04,Trading activity,-0.009946
2004-02-04,Market correlation,0.000944
2004-02-04,Short interest,-0.026195
2004-02-11,Medium- and long-term return,0.027853
2004-02-11,Short-term return,0.042429
2004-02-11,Volatility,0.064368
2004-02-11,Size,-0.188507
2004-02-11,Trading activity,-0.014753
2004-02-11,Market correlation,-0.178625
2004-02-11,Short interest,-0.095200
2004-02-19,Medium- and long-term return,0.088907
2004-02-19,Short-term return,-0.001846
2004-02-19,Volatility,0.038807
2004-02-19,Size,-0.047261
2004-02-19,Trading activity,-0.010436
2004-02-19,Market correlation,-0.098685
2004-02-19,Short interest,0.014421
2004-02-26,Medium- and long-term return,0.107865
2004-02-26,Short-term return,-0.043866
2004-02-26,Volatility,0.014426
2004-02-26,Size,-0.050811
2004-02-26,Trading activity,-0.020065
2004-02-26,Market correlation,-0.111882
2004-02-26,Short interest,0.006564
2004-03-04,Medium- and long-term return,0.151431
2004-03-04,Short-term return,0.023533
2004-03-04,Volatility,0.054747
2004-03-04,Size,-0.099805
2004-03-04,Trading activity,-0.006028
2004-03-04,Market correlation,-0.133712
2004-03-04,Short interest,-0.014704
2004-03-11,Medium- and long-term return,0.071889
2004-03-11,Short-term return,0.029899
2004-03-11,Volatility,-0.009273
2004-03-11,Size,-0.054534
2004-03-11,Trading activity,-0.046735
2004-03-11,Market correlation,-0.049758
2004-03-11,Short interest,-0.012239
2004-03-18,Medium- and long-term return,-0.019834
2004-03-18,Short-term return,-0.029635
2004-03-18,Volatility,0.036702
2004-03-18,Size,-0.065773
2004-03-18,Trading activity,-0.008272
2004-03-18,Market correlation,-0.013460
2004-03-18,Short interest,-0.003176
2004-03-25,Medium- and long-term return,-0.015871
2004-03-25,Short-term return,0.018066
2004-03-25,Volatility,0.055201
2004-03-25,Size,-0.102034
2004-03-25,Trading activity,-0.005551
2004-03-25,Market correlation,-0.022787
2004-03-25,Short interest,-0.027645
2004-04-01,Medium- and long-term return,-0.113579
2004-04-01,Short-term return,0.052742
2004-04-01,Volatility,0.117090
2004-04-01,Size,0.009991
2004-04-01,Trading activity,0.035193
2004-04-01,Market correlation,-0.021799
2004-04-01,Short interest,0.029382
2004-04-08,Medium- and long-term return,-0.024932
2004-04-08,Short-term return,-0.058141
2004-04-08,Volatility,0.110399
2004-04-08,Size,-0.022119
2004-04-08,Trading activity,0.011797
2004-04-08,Market correlation,-0.042968
2004-04-08,Short interest,-0.006454
2004-04-16,Medium- and long-term return,-0.013008
2004-04-16,Short-term return,0.031074
2004-04-16,Volatility,0.116702
2004-04-16,Size,0.014546
2004-04-16,Trading activity,0.019253
2004-04-16,Market correlation,-0.040941
2004-04-16,Short interest,-0.008827
2004-04-23,Medium- and long-term return,-0.008866
2004-04-23,Short-term return,0.027391
2004-04-23,Volatility,0.082702
2004-04-23,Size,0.046192
2004-04-23,Trading activity,0.017963
2004-04-23,Market correlation,-0.009748
2004-04-23,Short interest,0.047010
2004-04-30,Medium- and long-term return,0.007312
2004-04-30,Short-term return,-0.014661
2004-04-30,Volatility,-0.010458
2004-04-30,Size,0.031878
2004-04-30,Trading activity,0.022984
2004-04-30,Market correlation,0.044885
2004-04-30,Short interest,0.073915
2004-05-07,Medium- and long-term return,0.036203
2004-05-07,Short-term return,0.038650
2004-05-07,Volatility,0.037317
2004-05-07,Size,0.084777
2004-05-07,Trading activity,0.041425
2004-05-07,Market correlation,0.101652
2004-05-07,Short interest,0.091135
2004-05-14,Medium- and long-term return,0.093310
2004-05-14,Short-term return,0.040893
2004-05-14,Volatility,0.101374
2004-05-14,Size,-0.047142
2004-05-14,Trading activity,-0.093419
2004-05-14,Market correlation,-0.001955
2004-05-14,Short interest,-0.023420
2004-05-21,Medium- and long-term return,0.058026
2004-05-21,Short-term return,0.014867
2004-05-21,Volatility,0.064782
2004-05-21,Size,-0.048002
2004-05-21,Trading activity,-0.063531
2004-05-21,Market correlation,-0.047164
2004-05-21,Short interest,-0.017511
2004-05-28,Medium- and long-term return,0.101556
2004-05-28,Short-term return,0.103904
2004-05-28,Volatility,0.046523
2004-05-28,Size,-0.021842
2004-05-28,Trading activity,-0.077279
2004-05-28,Market correlation,-0.003486
2004-05-28,Short interest,-0.040298
2004-06-07,Medium- and long-term return,0.122493
2004-06-07,Short-term return,0.065874
2004-06-07,Volatility,0.019102
2004-06-07,Size,-0.077712
2004-06-07,Trading activity,-0.079668
2004-06-07,Market correlation,-0.097358
2004-06-07,Short interest,-0.039363
2004-06-15,Medium- and long-term return,0.129592
2004-06-15,Short-term return,-0.047004
2004-06-15,Volatility,0.022470
2004-06-15,Size,-0.026221
2004-06-15,Trading activity,-0.017683
2004-06-15,Market correlation,-0.086030
2004-06-15,Short interest,-0.028064
2004-06-22,Medium- and long-term return,0.085079
2004-06-22,Short-term return,0.023824
2004-06-22,Volatility,0.064683
2004-06-22,Size,-0.048906
2004-06-22,Trading activity,-0.025296
2004-06-22,Market correlation,-0.080370
2004-06-22,Short interest,-0.036943
2004-06-29,Medium- and long-term return,0.027774
2004-06-29,Short-term return,0.098724
2004-06-29,Volatility,0.053841
2004-06-29,Size,0.073011
2004-06-29,Trading activity,0.057819
2004-06-29,Market correlation,-0.023202
2004-06-29,Short interest,0.037964
2004-07-07,Medium- and long-term return,-0.049709
2004-07-07,Short-term return,-0.013344
2004-07-07,Volatility,0.126650
2004-07-07,Size,0.120576
2004-07-07,Trading activity,0.113561
2004-07-07,Market correlation,0.105206
2004-07-07,Short interest,0.072973
2004-07-14,Medium- and long-term return,-0.062862
2004-07-14,Short-term return,0.048319
2004-07-14,Volatility,0.060050
2004-07-14,Size,0.097336
2004-07-14,Trading activity,0.104718
2004-07-14,Market correlation,0.068931
2004-07-14,Short interest,0.049745
2004-07-21,Medium- and long-term return,-0.079535
2004-07-21,Short-term return,0.078033
2004-07-21,Volatility,0.045586
2004-07-21,Size,0.179057
2004-07-21,Trading activity,0.141963
2004-07-21,Market correlation,0.139304
2004-07-21,Short interest,0.106397
2004-07-28,Medium- and long-term return,-0.068445
2004-07-28,Short-term return,0.019809
2004-07-28,Volatility,0.087605
2004-07-28,Size,0.040201
2004-07-28,Trading activity,0.061706
2004-07-28,Market correlation,0.021297
2004-07-28,Short interest,0.022476
2004-08-04,Medium- and long-term return,-0.001029
2004-08-04,Short-term return,-0.048366
2004-08-04,Volatility,0.032674
2004-08-04,Size,-0.004831
2004-08-04,Trading activity,-0.027120
2004-08-04,Market correlation,-0.046622
2004-08-04,Short interest,0.001940
2004-08-11,Medium- and long-term return,0.070398
2004-08-11,Short-term return,-0.057733
2004-08-11,Volatility,0.065624
2004-08-11,Size,0.019521
2004-08-11,Trading activity,-0.053204
2004-08-11,Market correlation,0.016829
2004-08-11,Short interest,-0.027785
2004-08-18,Medium- and long-term return,0.111760
2004-08-18,Short-term return,0.022484
2004-08-18,Volatility,0.029093
2004-08-18,Size,-0.021053
2004-08-18,Trading activity,-0.072441
2004-08-18,Market correlation,-0.053162
2004-08-18,Short interest,-0.049276
2004-08-25,Medium- and long-term return,0.144450
2004-08-25,Short-term return,0.079037
2004-08-25,Volatility,-0.080572
2004-08-25,Size,-0.037661
2004-08-25,Trading activity,-0.068348
2004-08-25,Market correlation,-0.101424
2004-08-25,Short interest,-0.051920
2004-09-01,Medium- and long-term return,0.175817
2004-09-01,Short-term return,-0.029203
2004-09-01,Volatility,-0.033644
2004-09-01,Size,0.033033
2004-09-01,Trading activity,-0.064840
2004-09-01,Market correlation,-0.040315
2004-09-01,Short interest,-0.014668
2004-09-09,Medium- and long-term return,0.137704
2004-09-09,Short-term return,-0.024045
2004-09-09,Volatility,-0.037141
2004-09-09,Size,0.032962
2004-09-09,Trading activity,-0.075228
2004-09-09,Market correlation,-0.043379
2004-09-09,Short interest,0.001289
2004-09-16,Medium- and long-term return,0.159064
2004-09-16,Short-term return,-0.062054
2004-09-16,Volatility,-0.009209
2004-09-16,Size,0.036528
2004-09-16,Trading activity,-0.062804
2004-09-16,Market correlation,-0.061719
2004-09-16,Short interest,0.038596
2004-09-23,Medium- and long-term return,0.127012
2004-09-23,Short-term return,0.039743
2004-09-23,Volatility,-0.007986
2004-09-23,Size,0.001446
2004-09-23,Trading activity,-0.046008
2004-09-23,Market correlation,-0.007205
2004-09-23,Short interest,0.018877
2004-09-30,Medium- and long-term return,0.004559
2004-09-30,Short-term return,0.072698
2004-09-30,Volatility,-0.028324
2004-09-30,Size,-0.004462
2004-09-30,Trading activity,0.013754
2004-09-30,Market correlation,0.024112
2004-09-30,Short interest,0.028937
2004-10-07,Medium- and long-term return,0.046521
2004-10-07,Short-term return,-0.028196
2004-10-07,Volatility,0.052062
2004-10-07,Size,0.045884
2004-10-07,Trading activity,0.015711
2004-10-07,Market correlation,0.073967
2004-10-07,Short interest,0.008655
2004-10-14,Medium- and long-term return,0.023810
2004-10-14,Short-term return,0.001316
2004-10-14,Volatility,0.081183
2004-10-14,Size,0.077135
2004-10-14,Trading activity,0.024072
2004-10-14,Market correlation,0.130540
2004-10-14,Short interest,0.033316
2004-10-21,Medium- and long-term return,-0.095001
2004-10-21,Short-term return,0.185013
2004-10-21,Volatility,0.073862
2004-10-21,Size,0.048970
2004-10-21,Trading activity,0.116131
2004-10-21,Market correlation,0.041626
2004-10-21,Short interest,0.023381
2004-10-28,Medium- and long-term return,-0.010624
2004-10-28,Short-term return,0.123244
2004-10-28,Volatility,0.040581
2004-10-28,Size,-0.027308
2004-10-28,Trading activity,0.066410
2004-10-28,Market correlation,-0.051386
2004-10-28,Short interest,0.027375
2004-11-04,Medium- and long-term return,-0.013498
2004-11-04,Short-term return,0.084596
2004-11-04,Volatility,-0.033876
2004-11-04,Size,-0.123678
2004-11-04,Trading activity,-0.007398
2004-11-04,Market correlation,-0.167091
2004-11-04,Short interest,-0.006929
2004-11-11,Medium- and long-term return,0.011039
2004-11-11,Short-term return,-0.001275
2004-11-11,Volatility,-0.051055
2004-11-11,Size,-0.097453
2004-11-11,Trading activity,-0.063033
2004-11-11,Market correlation,-0.176515
2004-11-11,Short interest,0.014580
2004-11-18,Medium- and long-term return,0.054246
2004-11-18,Short-term return,-0.008933
2004-11-18,Volatility,-0.009957
2004-11-18,Size,-0.108050
2004-11-18,Trading activity,-0.067001
2004-11-18,Market correlation,-0.156932
2004-11-18,Short interest,-0.040034
2004-11-26,Medium- and long-term return,-0.002153
2004-11-26,Short-term return,0.050007
2004-11-26,Volatility,0.022545
2004-11-26,Size,-0.047937
2004-11-26,Trading activity,0.019696
2004-11-26,Market correlation,-0.069235
2004-11-26,Short interest,-0.009573
2004-12-03,Medium- and long-term return,-0.037183
2004-12-03,Short-term return,0.038227
2004-12-03,Volatility,0.025414
2004-12-03,Size,-0.013152
2004-12-03,Trading activity,0.014015
2004-12-03,Market correlation,0.002400
2004-12-03,Short interest,0.023774
2004-12-10,Medium- and long-term return,-0.017500
2004-12-10,Short-term return,0.055932
2004-12-10,Volatility,0.002286
2004-12-10,Size,-0.014606
2004-12-10,Trading activity,0.056598
2004-12-10,Market correlation,0.000684
2004-12-10,Short interest,0.002092
2004-12-17,Medium- and long-term return,0.036816
2004-12-17,Short-term return,0.067256
2004-12-17,Volatility,-0.008874
2004-12-17,Size,0.040303
2004-12-17,Trading activity,0.016337
2004-12-17,Market correlation,-0.011529
2004-12-17,Short interest,0.050658
2004-12-27,Medium- and long-term return,0.042512
2004-12-27,Short-term return,0.084047
2004-12-27,Volatility,-0.043166
2004-12-27,Size,-0.038352
2004-12-27,Trading activity,-0.049626
2004-12-27,Market correlation,-0.102933
2004-12-27,Short interest,0.035446
2005-01-03,Medium- and long-term return,0.130514
2005-01-03,Short-term return,0.052289
2005-01-03,Volatility,-0.036420
2005-01-03,Size,-0.038591
2005-01-03,Trading activity,-0.027501
2005-01-03,Market correlation,-0.103112
2005-01-03,Short interest,0.004627
2005-01-10,Medium- and long-term return,0.127236
2005-01-10,Short-term return,-0.003994
2005-01-10,Volatility,-0.016356
2005-01-10,Size,-0.088649
2005-01-10,Trading activity,-0.000870
2005-01-10,Market correlation,-0.077604
2005-01-10,Short interest,-0.007910
2005-01-18,Medium- and long-term return,0.104702
2005-01-18,Short-term return,-0.044828
2005-01-18,Volatility,0.054783
2005-01-18,Size,-0.032390
2005-01-18,Trading activity,0.010609
2005-01-18,Market correlation,-0.062739
2005-01-18,Short interest,0.004944
2005-01-25,Medium- and long-term return,0.137845
2005-01-25,Short-term return,-0.058989
2005-01-25,Volatility,0.013738
2005-01-25,Size,-0.019700
2005-01-25,Trading activity,-0.019471
2005-01-25,Market correlation,-0.068885
2005-01-25,Short interest,-0.030434
2005-02-01,Medium- and long-term return,0.100287
2005-02-01,Short-term return,-0.072363
2005-02-01,Volatility,0.035107
2005-02-01,Size,-0.003874
2005-02-01,Trading activity,0.007800
2005-02-01,Market correlation,-0.035375
2005-02-01,Short interest,-0.006937
2005-02-08,Medium- and long-term return,0.069204
2005-02-08,Short-term return,0.018411
2005-02-08,Volatility,0.016729
2005-02-08,Size,-0.003610
2005-02-08,Trading activity,0.008370
2005-02-08,Market correlation,-0.034259
2005-02-08,Short interest,0.010850
2005-02-15,Medium- and long-term return,0.090286
2005-02-15,Short-term return,-0.019088
2005-02-15,Volatility,0.005554
2005-02-15,Size,-0.111514
2005-02-15,Trading activity,-0.058635
2005-02-15,Market correlation,-0.049113
2005-02-15,Short interest,-0.022412
2005-02-23,Medium- and long-term return,0.042231
2005-02-23,Short-term return,0.000710
2005-02-23,Volatility,0.052910
2005-02-23,Size,-0.064928
2005-02-23,Trading activity,-0.047408
2005-02-23,Market correlation,-0.005711
2005-02-23,Short interest,-0.017921
2005-03-02,Medium- and long-term return,0.012286
2005-03-02,Short-term return,-0.030480
2005-03-02,Volatility,0.059595
2005-03-02,Size,-0.020203
2005-03-02,Trading activity,-0.006754
2005-03-02,Market correlation,-0.031684
2005-03-02,Short interest,0.003678
2005-03-09,Medium- and long-term return,0.069338
2005-03-09,Short-term return,0.023965
2005-03-09,Volatility,0.057456
2005-03-09,Size,0.035091
2005-03-09,Trading activity,0.006550
2005-03-09,Market correlation,-0.045197
2005-03-09,Short interest,0.036360
2005-03-16,Medium- and long-term return,0.037497
2005-03-16,Short-term return,-0.005731
2005-03-16,Volatility,0.064992
2005-03-16,Size,0.089617
2005-03-16,Trading activity,-0.006115
2005-03-16,Market correlation,-0.076672
2005-03-16,Short interest,0.013055
2005-03-23,Medium- and long-term return,0.036576
2005-03-23,Short-term return,-0.000530
2005-03-23,Volatility,-0.013130
2005-03-23,Size,0.110014
2005-03-23,Trading activity,0.024914
2005-03-23,Market correlation,-0.054997
2005-03-23,Short interest,-0.001212
2005-03-31,Medium- and long-term return,0.065988
2005-03-31,Short-term return,-0.011054
2005-03-31,Volatility,-0.007932
2005-03-31,Size,0.079325
2005-03-31,Trading activity,0.018207
2005-03-31,Market correlation,-0.058172
2005-03-31,Short interest,0.004050
2005-04-07,Medium- and long-term return,0.018444
2005-04-07,Short-term return,0.009959
2005-04-07,Volatility,0.029656
2005-04-07,Size,0.108137
2005-04-07,Trading activity,0.101481
2005-04-07,Market correlation,0.023187
2005-04-07,Short interest,0.062697
2005-04-14,Medium- and long-term return,0.021526
2005-04-14,Short-term return,0.006021
2005-04-14,Volatility,-0.002591
2005-04-14,Size,0.076580
2005-04-14,Trading activity,0.054026
2005-04-14,Market correlation,0.069366
2005-04-14,Short interest,0.080794
2005-04-21,Medium- and long-term return,0.027327
2005-04-21,Short-term return,0.012329
2005-04-21,Volatility,0.104624
2005-04-21,Size,0.107021
2005-04-21,Trading activity,0.070250
2005-04-21,Market correlation,0.109129
2005-04-21,Short interest,0.084254
2005-04-28,Medium- and long-term return,-0.001258
2005-04-28,Short-term return,0.006812
2005-04-28,Volatility,0.030584
2005-04-28,Size,0.085515
2005-04-28,Trading activity,0.017125
2005-04-28,Market correlation,0.129074
2005-04-28,Short interest,0.097032
2005-05-05,Medium- and long-term return,0.066780
2005-05-05,Short-term return,-0.019559
2005-05-05,Volatility,-0.085181
2005-05-05,Size,-0.073920
2005-05-05,Trading activity,-0.096849
2005-05-05,Market correlation,-0.031527
2005-05-05,Short interest,0.023971
2005-05-12,Medium- and long-term return,0.058097
2005-05-12,Short-term return,0.026514
2005-05-12,Volatility,-0.059197
2005-05-12,Size,-0.074719
2005-05-12,Trading activity,-0.057394
2005-05-12,Market correlation,-0.061458
2005-05-12,Short interest,0.022058
2005-05-19,Medium- and long-term return,0.068154
2005-05-19,Short-term return,-0.012203
2005-05-19,Volatility,-0.156641
2005-05-19,Size,-0.081770
2005-05-19,Trading activity,-0.084083
2005-05-19,Market correlation,-0.092644
2005-05-19,Short interest,0.009290
2005-05-26,Medium- and long-term return,0.072531
2005-05-26,Short-term return,0.040352
2005-05-26,Volatility,-0.121607
2005-05-26,Size,-0.121839
2005-05-26,Trading activity,-0.094006
2005-05-26,Market correlation,-0.121504
2005-05-26,Short interest,-0.042407
2005-06-03,Medium- and long-term return,0.077124
2005-06-03,Short-term return,-0.078317
2005-06-03,Volatility,-0.070704
2005-06-03,Size,-0.164703
2005-06-03,Trading activity,-0.087957
2005-06-03,Market correlation,-0.098751
2005-06-03,Short interest,-0.078170
2005-06-10,Medium- and long-term return,0.087804
2005-06-10,Short-term return,-0.015716
2005-06-10,Volatility,-0.094441
2005-06-10,Size,-0.084657
2005-06-10,Trading activity,-0.086091
2005-06-10,Market correlation,0.001081
2005-06-10,Short interest,-0.048994
2005-06-17,Medium- and long-term return,0.083777
2005-06-17,Short-term return,0.028095
2005-06-17,Volatility,-0.067581
2005-06-17,Size,-0.058097
2005-06-17,Trading activity,-0.105769
2005-06-17,Market correlation,-0.003773
2005-06-17,Short interest,-0.017067
2005-06-24,Medium- and long-term return,0.006338
2005-06-24,Short-term return,0.072771
2005-06-24,Volatility,-0.009823
2005-06-24,Size,-0.040083
2005-06-24,Trading activity,0.038812
2005-06-24,Market correlation,0.063901
2005-06-24,Short interest,-0.019467
2005-07-01,Medium- and long-term return,0.002762
2005-07-01,Short-term return,-0.005282
2005-07-01,Volatility,-0.042732
2005-07-01,Size,0.025438
2005-07-01,Trading activity,-0.045575
2005-07-01,Market correlation,0.058819
2005-07-01,Short interest,0.017050
2005-07-11,Medium- and long-term return,-0.045906
2005-07-11,Short-term return,0.037311
2005-07-11,Volatility,0.007925
2005-07-11,Size,0.014799
2005-07-11,Trading activity,0.041710
2005-07-11,Market correlation,-0.038767
2005-07-11,Short interest,0.052115
2005-07-18,Medium- and long-term return,-0.015080
2005-07-18,Short-term return,0.077778
2005-07-18,Volatility,0.032098
2005-07-18,Size,0.013026
2005-07-18,Trading activity,-0.011764
2005-07-18,Market correlation,-0.031622
2005-07-18,Short interest,0.061334
2005-07-25,Medium- and long-term return,0.039416
2005-07-25,Short-term return,0.044754
2005-07-25,Volatility,0.020781
2005-07-25,Size,-0.027962
2005-07-25,Trading activity,-0.057215
2005-07-25,Market correlation,-0.123630
2005-07-25,Short interest,0.043299
2005-08-01,Medium- and long-term return,-0.001776
2005-08-01,Short-term return,-0.003814
2005-08-01,Volatility,0.012323
2005-08-01,Size,-0.048448
2005-08-01,Trading activity,-0.053748
2005-08-01,Market correlation,-0.123077
2005-08-01,Short interest,0.000787
2005-08-08,Medium- and long-term return,0.092997
2005-08-08,Short-term return,0.005630
2005-08-08,Volatility,-0.043896
2005-08-08,Size,0.015412
2005-08-08,Trading activity,-0.012707
2005-08-08,Market correlation,-0.018221
2005-08-08,Short interest,0.006076
2005-08-15,Medium- and long-term return,0.132573
2005-08-15,Short-term return,-0.090821
2005-08-15,Volatility,-0.115355
2005-08-15,Size,-0.069324
2005-08-15,Trading activity,-0.095128
2005-08-15,Market correlation,-0.091918
2005-08-15,Short interest,-0.023427
2005-08-22,Medium- and long-term return,0.119390
2005-08-22,Short-term return,-0.020243
2005-08-22,Volatility,-0.093267
2005-08-22,Size,-0.030664
2005-08-22,Trading activity,-0.094552
2005-08-22,Market correlation,-0.059422
2005-08-22,Short interest,-0.005978
2005-08-29,Medium- and long-term return,0.172752
2005-08-29,Short-term return,-0.056960
2005-08-29,Volatility,-0.092069
2005-08-29,Size,0.005323
2005-08-29,Trading activity,-0.088695
2005-08-29,Market correlation,-0.035510
2005-08-29,Short interest,0.027343
2005-09-06,Medium- and long-term return,0.177253
2005-09-06,Short-term return,-0.076146
2005-09-06,Volatility,-0.101979
2005-09-06,Size,-0.089915
2005-09-06,Trading activity,-0.126914
2005-09-06,Market correlation,-0.094365
2005-09-06,Short interest,0.020669
2005-09-13,Medium- and long-term return,0.095028
2005-09-13,Short-term return,-0.022622
2005-09-13,Volatility,-0.062076
2005-09-13,Size,-0.041857
2005-09-13,Trading activity,-0.070920
2005-09-13,Market correlation,-0.107624
2005-09-13,Short interest,0.057651
2005-09-20,Medium- and long-term return,0.072627
2005-09-20,Short-term return,-0.027542
2005-09-20,Volatility,-0.076283
2005-09-20,Size,-0.006480
2005-09-20,Trading activity,-0.040507
2005-09-20,Market correlation,-0.058411
2005-09-20,Short interest,0.091114
2005-09-27,Medium- and long-term return,0.053419
2005-09-27,Short-term return,-0.091704
2005-09-27,Volatility,-0.016283
2005-09-27,Size,0.085447
2005-09-27,Trading activity,-0.048439
2005-09-27,Market correlation,0.042330
2005-09-27,Short interest,0.104768
2005-10-04,Medium- and long-term return,-0.029085
2005-10-04,Short-term return,0.026775
2005-10-04,Volatility,-0.024396
2005-10-04,Size,0.113432
2005-10-04,Trading activity,0.015691
2005-10-04,Market correlation,0.064161
2005-10-04,Short interest,0.075474
2005-10-11,Medium- and long-term return,-0.032931
2005-10-11,Short-term return,0.007937
2005-10-11,Volatility,-0.025230
2005-10-11,Size,0.098401
2005-10-11,Trading activity,-0.000238
2005-10-11,Market correlation,0.116421
2005-10-11,Short interest,0.037508
2005-10-18,Medium- and long-term return,-0.027620
2005-10-18,Short-term return,0.050189
2005-10-18,Volatility,0.020796
2005-10-18,Size,0.087693
2005-10-18,Trading activity,-0.024998
2005-10-18,Market correlation,0.129931
2005-10-18,Short interest,0.018460
2005-10-25,Medium- and long-term return,-0.028818
2005-10-25,Short-term return,-0.000918
2005-10-25,Volatility,0.027003
2005-10-25,Size,0.085009
2005-10-25,Trading activity,0.015589
2005-10-25,Market correlation,0.124748
2005-10-25,Short interest,0.026675
2005-11-01,Medium- and long-term return,-0.041017
2005-11-01,Short-term return,0.092923
2005-11-01,Volatility,0.068796
2005-11-01,Size,0.049758
2005-11-01,Trading activity,0.043588
2005-11-01,Market correlation,0.061627
2005-11-01,Short interest,0.038601
2005-11-08,Medium- and long-term return,0.006119
2005-11-08,Short-term return,0.114600
2005-11-08,Volatility,0.087902
2005-11-08,Size,0.003674
2005-11-08,Trading activity,0.029857
2005-11-08,Market correlation,0.015980
2005-11-08,Short interest,0.002953
2005-11-15,Medium- and long-term return,0.013472
2005-11-15,Short-term return,0.047891
2005-11-15,Volatility,0.033693
2005-11-15,Size,0.003237
2005-11-15,Trading activity,0.035824
2005-11-15,Market correlation,-0.007212
2005-11-15,Short interest,-0.002948
2005-11-22,Medium- and long-term return,0.003191
2005-11-22,Short-term return,0.092441
2005-11-22,Volatility,0.030532
2005-11-22,Size,-0.031945
2005-11-22,Trading activity,-0.017495
2005-11-22,Market correlation,-0.077880
2005-11-22,Short interest,0.016648
2005-11-30,Medium- and long-term return,0.050340
2005-11-30,Short-term return,0.082663
2005-11-30,Volatility,-0.005629
2005-11-30,Size,-0.029868
2005-11-30,Trading activity,-0.028052
2005-11-30,Market correlation,-0.062489
2005-11-30,Short interest,0.012686
2005-12-07,Medium- and long-term return,0.048190
2005-12-07,Short-term return,0.101973
2005-12-07,Volatility,-0.029191
2005-12-07,Size,-0.009106
2005-12-07,Trading activity,0.007623
2005-12-07,Market correlation,-0.032059
2005-12-07,Short interest,0.023441
2005-12-14,Medium- and long-term return,0.018076
2005-12-14,Short-term return,0.103727
2005-12-14,Volatility,-0.083054
2005-12-14,Size,-0.044708
2005-12-14,Trading activity,-0.046390
2005-12-14,Market correlation,-0.082517
2005-12-14,Short interest,0.049095
2005-12-21,Medium- and long-term return,0.030713
2005-12-21,Short-term return,-0.000794
2005-12-21,Volatility,-0.093414
2005-12-21,Size,-0.099604
2005-12-21,Trading activity,-0.042952
2005-12-21,Market correlation,-0.105720
2005-12-21,Short interest,-0.014982
2005-12-29,Medium- and long-term return,0.094117
2005-12-29,Short-term return,-0.021436
2005-12-29,Volatility,-0.107652
2005-12-29,Size,-0.039380
2005-12-29,Trading activity,-0.047358
2005-12-29,Market correlation,-0.025666
2005-12-29,Short interest,0.021926
2006-01-06,Medium- and long-term return,0.123106
2006-01-06,Short-term return,-0.029380
2006-01-06,Volatility,-0.107451
2006-01-06,Size,-0.140139
2006-01-06,Trading activity,-0.046174
2006-01-06,Market correlation,-0.084911
2006-01-06,Short interest,0.014765
2006-01-13,Medium- and long-term return,0.052617
2006-01-13,Short-term return,0.019170
2006-01-13,Volatility,0.023317
2006-01-13,Size,-0.050805
2006-01-13,Trading activity,-0.008064
2006-01-13,Market correlation,-0.020735
2006-01-13,Short interest,0.044603
2006-01-23,Medium- and long-term return,0.055871
2006-01-23,Short-term return,0.007509
2006-01-23,Volatility,0.053491
2006-01-23,Size,0.011433
2006-01-23,Trading activity,-0.019314
2006-01-23,Market correlation,0.064932
2006-01-23,Short interest,0.048802
2006-01-30,Medium- and long-term return,0.000678
2006-01-30,Short-term return,0.090107
2006-01-30,Volatility,0.126570
2006-01-30,Size,-0.027971
2006-01-30,Trading activity,0.001214
2006-01-30,Market correlation,0.043032
2006-01-30,Short interest,0.025827
2006-02-06,Medium- and long-term return,-0.065927
2006-02-06,Short-term return,0.124039
2006-02-06,Volatility,0.191192
2006-02-06,Size,0.066790
2006-02-06,Trading activity,0.025961
2006-02-06,Market correlation,0.076195
2006-02-06,Short interest,0.009735
2006-02-13,Medium- and long-term return,0.069422
2006-02-13,Short-term return,-0.028328
2006-02-13,Volatility,0.121732
2006-02-13,Size,0.036156
2006-02-13,Trading activity,-0.022683
2006-02-13,Market correlation,0.101051
2006-02-13,Short interest,0.017867
2006-02-21,Medium- and long-term return,0.021257
2006-02-21,Short-term return,0.013371
2006-02-21,Volatility,0.115465
2006-02-21,Size,-0.004376
2006-02-21,Trading activity,-0.052244
2006-02-21,Market correlation,0.009780
2006-02-21,Short interest,-0.052162
2006-02-28,Medium- and long-term return,0.038698
2006-02-28,Short-term return,-0.079236
2006-02-28,Volatility,0.048540
2006-02-28,Size,-0.023370
2006-02-28,Trading activity,-0.029131
2006-02-28,Market correlation,-0.030478
2006-02-28,Short interest,-0.072011
2006-03-07,Medium- and long-term return,0.097366
2006-03-07,Short-term return,-0.058287
2006-03-07,Volatility,0.015888
2006-03-07,Size,-0.021089
2006-03-07,Trading activity,-0.029786
2006-03-07,Market correlation,0.048770
2006-03-07,Short interest,-0.059317
2006-03-14,Medium- and long-term return,0.057252
2006-03-14,Short-term return,-0.044690
2006-03-14,Volatility,-0.110906
2006-03-14,Size,-0.055128
2006-03-14,Trading activity,-0.049047
2006-03-14,Market correlation,-0.042902
2006-03-14,Short interest,-0.048062
2006-03-21,Medium- and long-term return,0.079985
2006-03-21,Short-term return,0.035673
2006-03-21,Volatility,-0.162091
2006-03-21,Size,-0.014576
2006-03-21,Trading activity,-0.050751
2006-03-21,Market correlation,0.009301
2006-03-21,Short interest,0.015801
2006-03-28,Medium- and long-term return,0.013219
2006-03-28,Short-term return,0.020610
2006-03-28,Volatility,-0.076633
2006-03-28,Size,0.037929
2006-03-28,Trading activity,0.011912
2006-03-28,Market correlation,-0.008844
2006-03-28,Short interest,0.054730
2006-04-04,Medium- and long-term return,-0.021537
2006-04-04,Short-term return,-0.002545
2006-04-04,Volatility,-0.018848
2006-04-04,Size,0.051508
2006-04-04,Trading activity,0.010478
2006-04-04,Market correlation,-0.017248
2006-04-04,Short interest,0.056842
2006-04-11,Medium- and long-term return,0.022547
2006-04-11,Short-term return,-0.062139
2006-04-11,Volatility,0.040096
2006-04-11,Size,0.077731
2006-04-11,Trading activity,0.052367
2006-04-11,Market correlation,0.053497
2006-04-11,Short interest,0.081567
2006-04-19,Medium- and long-term return,-0.116095
2006-04-19,Short-term return,0.065040
2006-04-19,Volatility,0.128511
2006-04-19,Size,0.015740
2006-04-19,Trading activity,0.061155
2006-04-19,Market correlation,-0.067663
2006-04-19,Short interest,0.011731
2006-04-26,Medium- and long-term return,-0.070799
2006-04-26,Short-term return,0.004242
2006-04-26,Volatility,0.133046
2006-04-26,Size,0.049291
2006-04-26,Trading activity,0.050411
2006-04-26,Market correlation,-0.019190
2006-04-26,Short interest,0.050247
2006-05-03,Medium- and long-term return,-0.039139
2006-05-03,Short-term return,0.008640
2006-05-03,Volatility,0.105846
2006-05-03,Size,0.002761
2006-05-03,Trading activity,0.032083
2006-05-03,Market correlation,0.005150
2006-05-03,Short interest,0.052913
2006-05-10,Medium- and long-term return,-0.116751
2006-05-10,Short-term return,0.106465
2006-05-10,Volatility,0.166558
2006-05-10,Size,-0.025018
2006-05-10,Trading activity,0.053257
2006-05-10,Market correlation,-0.063007
2006-05-10,Short interest,0.038614
2006-05-17,Medium- and long-term return,-0.021861
2006-05-17,Short-term return,0.039700
2006-05-17,Volatility,0.104462
2006-05-17,Size,0.090488
2006-05-17,Trading activity,0.011948
2006-05-17,Market correlation,0.072276
2006-05-17,Short interest,0.085648
2006-05-24,Medium- and long-term return,0.067039
2006-05-24,Short-term return,0.052054
2006-05-24,Volatility,0.023190
2006-05-24,Size,0.061259
2006-05-24,Trading activity,0.011316
2006-05-24,Market correlation,0.020568
2006-05-24,Short interest,0.053833
2006-06-01,Medium- and long-term return,0.104017
2006-06-01,Short-term return,0.001313
2006-06-01,Volatility,0.009360
2006-06-01,Size,0.049742
2006-06-01,Trading activity,0.024641
2006-06-01,Market correlation,0.027738
2006-06-01,Short interest,0.035443
2006-06-08,Medium- and long-term return,0.211914
2006-06-08,Short-term return,0.029608
2006-06-08,Volatility,-0.067519
2006-06-08,Size,0.077965
2006-06-08,Trading activity,0.019059
2006-06-08,Market correlation,0.044391
2006-06-08,Short interest,0.061307
2006-06-15,Medium- and long-term return,0.220353
2006-06-15,Short-term return,0.006310
2006-06-15,Volatility,0.016484
2006-06-15,Size,-0.005864
2006-06-15,Trading activity,0.017416
2006-06-15,Market correlation,-0.048588
2006-06-15,Short interest,0.012097
2006-06-22,Medium- and long-term return,0.167929
2006-06-22,Short-term return,0.001687
2006-06-22,Volatility,0.189747
2006-06-22,Size,0.053852
2006-06-22,Trading activity,0.001564
2006-06-22,Market correlation,0.045783
2006-06-22,Short interest,0.040934
2006-06-29,Medium- and long-term return,0.063474
2006-06-29,Short-term return,0.134693
2006-06-29,Volatility,0.210925
2006-06-29,Size,0.106479
2006-06-29,Trading activity,0.084355
2006-06-29,Market correlation,0.071919
2006-06-29,Short interest,0.092434
2006-07-07,Medium- and long-term return,0.012111
2006-07-07,Short-term return,0.003152
2006-07-07,Volatility,0.158497
2006-07-07,Size,0.059720
2006-07-07,Trading activity,0.082055
2006-07-07,Market correlation,0.096567
2006-07-07,Short interest,0.074499
2006-07-14,Medium- and long-term return,0.001267
2006-07-14,Short-term return,-0.026007
2006-07-14,Volatility,0.170561
2006-07-14,Size,0.084207
2006-07-14,Trading activity,0.049013
2006-07-14,Market correlation,0.089564
2006-07-14,Short interest,0.093822
2006-07-21,Medium- and long-term return,-0.057934
2006-07-21,Short-term return,0.010099
2006-07-21,Volatility,0.044133
2006-07-21,Size,0.043962
2006-07-21,Trading activity,0.078713
2006-07-21,Market correlation,0.096754
2006-07-21,Short interest,0.081191
2006-07-28,Medium- and long-term return,-0.069426
2006-07-28,Short-term return,0.028786
2006-07-28,Volatility,0.088979
2006-07-28,Size,0.018993
2006-07-28,Trading activity,0.022187
2006-07-28,Market correlation,-0.064088
2006-07-28,Short interest,0.041402
2006-08-04,Medium- and long-term return,-0.169997
2006-08-04,Short-term return,0.122383
2006-08-04,Volatility,0.132860
2006-08-04,Size,-0.020110
2006-08-04,Trading activity,0.032735
2006-08-04,Market correlation,-0.117561
2006-08-04,Short interest,0.019640
2006-08-11,Medium- and long-term return,-0.133422
2006-08-11,Short-term return,-0.035541
2006-08-11,Volatility,0.124469
2006-08-11,Size,0.011683
2006-08-11,Trading activity,0.065830
2006-08-11,Market correlation,-0.087838
2006-08-11,Short interest,0.009129
2006-08-18,Medium- and long-term return,-0.116643
2006-08-18,Short-term return,0.038416
2006-08-18,Volatility,0.082688
2006-08-18,Size,0.019433
2006-08-18,Trading activity,0.049539
2006-08-18,Market correlation,-0.081078
2006-08-18,Short interest,0.010789
2006-08-25,Medium- and long-term return,-0.108660
2006-08-25,Short-term return,0.104052
2006-08-25,Volatility,0.100212
2006-08-25,Size,0.050809
2006-08-25,Trading activity,0.085445
2006-08-25,Market correlation,0.003133
2006-08-25,Short interest,-0.008010
2006-09-01,Medium- and long-term return,-0.033639
2006-09-01,Short-term return,0.058601
2006-09-01,Volatility,0.091944
2006-09-01,Size,0.133462
2006-09-01,Trading activity,0.098755
2006-09-01,Market correlation,0.027048
2006-09-01,Short interest,0.058585
2006-09-11,Medium- and long-term return,-0.046735
2006-09-11,Short-term return,0.042010
2006-09-11,Volatility,0.077920
2006-09-11,Size,0.108350
2006-09-11,Trading activity,0.095529
2006-09-11,Market correlation,0.110781
2006-09-11,Short interest,0.045565
2006-09-18,Medium- and long-term return,0.039575
2006-09-18,Short-term return,0.060717
2006-09-18,Volatility,0.157223
2006-09-18,Size,0.048278
2006-09-18,Trading activity,0.066582
2006-09-18,Market correlation,0.096187
2006-09-18,Short interest,-0.003503
2006-09-25,Medium- and long-term return,0.077352
2006-09-25,Short-term return,0.043789
2006-09-25,Volatility,0.126940
2006-09-25,Size,0.050237
2006-09-25,Trading activity,0.013572
2006-09-25,Market correlation,0.061724
2006-09-25,Short interest,0.014230
2006-10-02,Medium- and long-term return,0.005194
2006-10-02,Short-term return,0.022244
2006-10-02,Volatility,0.077290
2006-10-02,Size,0.028457
2006-10-02,Trading activity,-0.045831
2006-10-02,Market correlation,0.067515
2006-10-02,Short interest,-0.017382
2006-10-09,Medium- and long-term return,-0.001647
2006-10-09,Short-term return,-0.015000
2006-10-09,Volatility,0.063618
2006-10-09,Size,0.014663
2006-10-09,Trading activity,-0.003208
2006-10-09,Market correlation,-0.035183
2006-10-09,Short interest,0.016238
2006-10-16,Medium- and long-term return,-0.029743
2006-10-16,Short-term return,0.072140
2006-10-16,Volatility,0.068565
2006-10-16,Size,0.001192
2006-10-16,Trading activity,-0.014039
2006-10-16,Market correlation,-0.068450
2006-10-16,Short interest,-0.032239
2006-10-23,Medium- and long-term return,-0.094660
2006-10-23,Short-term return,0.060875
2006-10-23,Volatility,0.019754
2006-10-23,Size,-0.036967
2006-10-23,Trading activity,0.037120
2006-10-23,Market correlation,0.013981
2006-10-23,Short interest,-0.042754
2006-10-30,Medium- and long-term return,-0.064716
2006-10-30,Short-term return,0.029464
2006-10-30,Volatility,-0.004375
2006-10-30,Size,-0.063542
2006-10-30,Trading activity,-0.032352
2006-10-30,Market correlation,-0.065700
2006-10-30,Short interest,-0.031328
2006-11-06,Medium- and long-term return,-0.035391
2006-11-06,Short-term return,0.017269
2006-11-06,Volatility,0.041788
2006-11-06,Size,-0.051657
2006-11-06,Trading activity,-0.020329
2006-11-06,Market correlation,0.012730
2006-11-06,Short interest,-0.025404
2006-11-13,Medium- and long-term return,-0.015727
2006-11-13,Short-term return,0.046537
2006-11-13,Volatility,0.045808
2006-11-13,Size,-0.001270
2006-11-13,Trading activity,-0.005136
2006-11-13,Market correlation,-0.020379
2006-11-13,Short interest,0.018334
2006-11-20,Medium- and long-term return,0.047706
2006-11-20,Short-term return,0.070069
2006-11-20,Volatility,0.096958
2006-11-20,Size,0.053462
2006-11-20,Trading activity,0.050829
2006-11-20,Market correlation,-0.030035
2006-11-20,Short interest,0.063393
2006-11-28,Medium- and long-term return,0.059534
2006-11-28,Short-term return,0.028654
2006-11-28,Volatility,0.227560
2006-11-28,Size,0.032441
2006-11-28,Trading activity,0.103331
2006-11-28,Market correlation,0.056778
2006-11-28,Short interest,0.004252
2006-12-05,Medium- and long-term return,0.050121
2006-12-05,Short-term return,0.038031
2006-12-05,Volatility,0.134464
2006-12-05,Size,0.039273
2006-12-05,Trading activity,0.053070
2006-12-05,Market correlation,-0.036172
2006-12-05,Short interest,0.002107
2006-12-12,Medium- and long-term return,0.096242
2006-12-12,Short-term return,-0.019173
2006-12-12,Volatility,0.048371
2006-12-12,Size,0.009860
2006-12-12,Trading activity,0.017032
2006-12-12,Market correlation,-0.004552
2006-12-12,Short interest,-0.003095
2006-12-19,Medium- and long-term return,0.033047
2006-12-19,Short-term return,0.086721
2006-12-19,Volatility,0.036246
2006-12-19,Size,-0.060717
2006-12-19,Trading activity,-0.026965
2006-12-19,Market correlation,-0.034909
2006-12-19,Short interest,-0.051585
2006-12-27,Medium- and long-term return,0.023432
2006-12-27,Short-term return,0.084498
2006-12-27,Volatility,-0.039462
2006-12-27,Size,-0.089188
2006-12-27,Trading activity,-0.031821
2006-12-27,Market correlation,-0.096308
2006-12-27,Short interest,-0.026624
2007-01-05,Medium- and long-term return,0.056169
2007-01-05,Short-term return,0.056158
2007-01-05,Volatility,0.035013
2007-01-05,Size,-0.040462
2007-01-05,Trading activity,-0.010431
2007-01-05,Market correlation,0.010112
2007-01-05,Short interest,-0.037577
2007-01-12,Medium- and long-term return,-0.025820
2007-01-12,Short-term return,0.123767
2007-01-12,Volatility,0.109379
2007-01-12,Size,-0.079244
2007-01-12,Trading activity,0.016381
2007-01-12,Market correlation,-0.039912
2007-01-12,Short interest,-0.015731
2007-01-22,Medium- and long-term return,-0.018662
2007-01-22,Short-term return,0.031130
2007-01-22,Volatility,0.080010
2007-01-22,Size,-0.057200
2007-01-22,Trading activity,0.038910
2007-01-22,Market correlation,0.016370
2007-01-22,Short interest,-0.031096
2007-01-29,Medium- and long-term return,-0.113580
2007-01-29,Short-term return,-0.003779
2007-01-29,Volatility,0.051854
2007-01-29,Size,-0.121991
2007-01-29,Trading activity,-0.034066
2007-01-29,Market correlation,-0.008417
2007-01-29,Short interest,-0.060043
2007-02-05,Medium- and long-term return,-0.001036
2007-02-05,Short-term return,-0.059717
2007-02-05,Volatility,0.046573
2007-02-05,Size,-0.077208
2007-02-05,Trading activity,-0.004044
2007-02-05,Market correlation,-0.048706
2007-02-05,Short interest,-0.015563
2007-02-12,Medium- and long-term return,0.101180
2007-02-12,Short-term return,-0.113732
2007-02-12,Volatility,-0.051386
2007-02-12,Size,-0.054043
2007-02-12,Trading activity,-0.027754
2007-02-12,Market correlation,-0.026958
2007-02-12,Short interest,-0.000753
2007-02-20,Medium- and long-term return,0.147305
2007-02-20,Short-term return,-0.074107
2007-02-20,Volatility,-0.040623
2007-02-20,Size,-0.018579
2007-02-20,Trading activity,-0.029323
2007-02-20,Market correlation,-0.031512
2007-02-20,Short interest,0.029405
2007-02-27,Medium- and long-term return,0.259826
2007-02-27,Short-term return,-0.016299
2007-02-27,Volatility,-0.045541
2007-02-27,Size,0.091963
2007-02-27,Trading activity,0.007236
2007-02-27,Market correlation,0.037987
2007-02-27,Short interest,0.094987
2007-03-06,Medium- and long-term return,0.250946
2007-03-06,Short-term return,-0.074806
2007-03-06,Volatility,-0.032878
2007-03-06,Size,-0.014652
2007-03-06,Trading activity,-0.015038
2007-03-06,Market correlation,0.012998
2007-03-06,Short interest,0.001075
2007-03-13,Medium- and long-term return,0.190481
2007-03-13,Short-term return,-0.067591
2007-03-13,Volatility,-0.013876
2007-03-13,Size,0.025480
2007-03-13,Trading activity,-0.031714
2007-03-13,Market correlation,0.014078
2007-03-13,Short interest,0.015021
2007-03-20,Medium- and long-term return,0.081561
2007-03-20,Short-term return,0.019714
2007-03-20,Volatility,0.007246
2007-03-20,Size,-0.030899
2007-03-20,Trading activity,-0.012942
2007-03-20,Market correlation,-0.023498
2007-03-20,Short interest,0.025756
2007-03-27,Medium- and long-term return,0.065819
2007-03-27,Short-term return,-0.013820
2007-03-27,Volatility,0.040472
2007-03-27,Size,0.038246
2007-03-27,Trading activity,0.016993
2007-03-27,Market correlation,0.048151
2007-03-27,Short interest,0.033178
2007-04-03,Medium- and long-term return,-0.058007
2007-04-03,Short-term return,0.062477
2007-04-03,Volatility,0.029333
2007-04-03,Size,0.034100
2007-04-03,Trading activity,0.010665
2007-04-03,Market correlation,0.037153
2007-04-03,Short interest,0.074872
2007-04-11,Medium- and long-term return,-0.014725
2007-04-11,Short-term return,0.038111
2007-04-11,Volatility,0.090048
2007-04-11,Size,0.065325
2007-04-11,Trading activity,0.076567
2007-04-11,Market correlation,0.082082
2007-04-11,Short interest,0.082287
2007-04-18,Medium- and long-term return,0.084062
2007-04-18,Short-term return,0.010769
2007-04-18,Volatility,0.124573
2007-04-18,Size,0.066140
2007-04-18,Trading activity,0.055618
2007-04-18,Market correlation,0.018228
2007-04-18,Short interest,0.057710
2007-04-25,Medium- and long-term return,0.016190
2007-04-25,Short-term return,0.011929
2007-04-25,Volatility,0.059187
2007-04-25,Size,-0.067815
2007-04-25,Trading activity,0.013824
2007-04-25,Market correlation,-0.064694
2007-04-25,Short interest,-0.023356
2007-05-02,Medium- and long-term return,0.078369
2007-05-02,Short-term return,0.007063
2007-05-02,Volatility,0.036432
2007-05-02,Size,-0.038662
2007-05-02,Trading activity,0.009341
2007-05-02,Market correlation,-0.047936
2007-05-02,Short interest,0.026578
2007-05-09,Medium- and long-term return,-0.001863
2007-05-09,Short-term return,0.044055
2007-05-09,Volatility,-0.012400
2007-05-09,Size,-0.120790
2007-05-09,Trading activity,-0.004657
2007-05-09,Market correlation,-0.143126
2007-05-09,Short interest,0.017155
2007-05-16,Medium- and long-term return,0.001057
2007-05-16,Short-term return,0.004626
2007-05-16,Volatility,-0.040666
2007-05-16,Size,-0.106407
2007-05-16,Trading activity,-0.078754
2007-05-16,Market correlation,-0.095756
2007-05-16,Short interest,-0.013611
2007-05-23,Medium- and long-term return,0.071329
2007-05-23,Short-term return,-0.043337
2007-05-23,Volatility,-0.023602
2007-05-23,Size,-0.034804
2007-05-23,Trading activity,-0.065300
2007-05-23,Market correlation,-0.074232
2007-05-23,Short interest,0.047676
2007-05-31,Medium- and long-term return,0.052090
2007-05-31,Short-term return,-0.094438
2007-05-31,Volatility,-0.006793
2007-05-31,Size,-0.065841
2007-05-31,Trading activity,-0.052992
2007-05-31,Market correlation,-0.102508
2007-05-31,Short interest,0.026055
2007-06-07,Medium- and long-term return,0.180515
2007-06-07,Short-term return,-0.100560
2007-06-07,Volatility,0.006329
2007-06-07,Size,-0.017228
2007-06-07,Trading activity,-0.056227
2007-06-07,Market correlation,-0.004916
2007-06-07,Short interest,0.040499
2007-06-14,Medium- and long-term return,0.180024
2007-06-14,Short-term return,-0.116959
2007-06-14,Volatility,-0.020051
2007-06-14,Size,-0.015590
2007-06-14,Trading activity,-0.013651
2007-06-14,Market correlation,0.025075
2007-06-14,Short interest,0.070584
2007-06-21,Medium- and long-term return,0.155605
2007-06-21,Short-term return,-0.041837
2007-06-21,Volatility,-0.002595
2007-06-21,Size,0.031430
2007-06-21,Trading activity,-0.011360
2007-06-21,Market correlation,0.038394
2007-06-21,Short interest,0.087322
2007-06-28,Medium- and long-term return,0.105651
2007-06-28,Short-term return,-0.005141
2007-06-28,Volatility,0.019183
2007-06-28,Size,0.114717
2007-06-28,Trading activity,0.029600
2007-06-28,Market correlation,0.079366
2007-06-28,Short interest,0.105766
2007-07-06,Medium- and long-term return,0.127577
2007-07-06,Short-term return,-0.074935
2007-07-06,Volatility,0.034988
2007-07-06,Size,0.115827
2007-07-06,Trading activity,0.006230
2007-07-06,Market correlation,0.058938
2007-07-06,Short interest,0.080408
2007-07-13,Medium- and long-term return,-0.020544
2007-07-13,Short-term return,-0.051675
2007-07-13,Volatility,0.060218
2007-07-13,Size,0.089861
2007-07-13,Trading activity,0.038223
2007-07-13,Market correlation,0.071965
2007-07-13,Short interest,-0.018386
2007-07-20,Medium- and long-term return,-0.029970
2007-07-20,Short-term return,0.028447
2007-07-20,Volatility,0.148405
2007-07-20,Size,0.107493
2007-07-20,Trading activity,0.154841
2007-07-20,Market correlation,0.100717
2007-07-20,Short interest,0.035473
2007-07-27,Medium- and long-term return,0.094501
2007-07-27,Short-term return,-0.056268
2007-07-27,Volatility,0.149260
2007-07-27,Size,0.117068
2007-07-27,Trading activity,0.044175
2007-07-27,Market correlation,0.082824
2007-07-27,Short interest,0.103347
2007-08-03,Medium- and long-term return,0.017956
2007-08-03,Short-term return,0.031889
2007-08-03,Volatility,0.078276
2007-08-03,Size,0.095340
2007-08-03,Trading activity,0.031035
2007-08-03,Market correlation,0.103027
2007-08-03,Short interest,0.101873
2007-08-10,Medium- and long-term return,0.164209
2007-08-10,Short-term return,0.250041
2007-08-10,Volatility,0.079422
2007-08-10,Size,-0.057242
2007-08-10,Trading activity,-0.031915
2007-08-10,Market correlation,-0.058627
2007-08-10,Short interest,0.173922
2007-08-17,Medium- and long-term return,0.236462
2007-08-17,Short-term return,0.141504
2007-08-17,Volatility,-0.007624
2007-08-17,Size,-0.040880
2007-08-17,Trading activity,-0.108553
2007-08-17,Market correlation,-0.111074
2007-08-17,Short interest,0.101658
2007-08-24,Medium- and long-term return,0.265622
2007-08-24,Short-term return,-0.020060
2007-08-24,Volatility,0.025274
2007-08-24,Size,0.103802
2007-08-24,Trading activity,-0.021837
2007-08-24,Market correlation,-0.012457
2007-08-24,Short interest,0.118323
2007-08-31,Medium- and long-term return,0.244578
2007-08-31,Short-term return,-0.003785
2007-08-31,Volatility,0.068830
2007-08-31,Size,0.099797
2007-08-31,Trading activity,-0.032635
2007-08-31,Market correlation,-0.021946
2007-08-31,Short interest,0.077603
2007-09-10,Medium- and long-term return,0.159176
2007-09-10,Short-term return,-0.084736
2007-09-10,Volatility,0.033961
2007-09-10,Size,0.091879
2007-09-10,Trading activity,0.003907
2007-09-10,Market correlation,0.049293
2007-09-10,Short interest,0.111296
2007-09-17,Medium- and long-term return,0.201622
2007-09-17,Short-term return,-0.048292
2007-09-17,Volatility,0.030553
2007-09-17,Size,0.006469
2007-09-17,Trading activity,-0.058486
2007-09-17,Market correlation,-0.056531
2007-09-17,Short interest,0.123515
2007-09-24,Medium- and long-term return,0.142583
2007-09-24,Short-term return,-0.018246
2007-09-24,Volatility,0.000341
2007-09-24,Size,-0.120490
2007-09-24,Trading activity,-0.073478
2007-09-24,Market correlation,-0.126089
2007-09-24,Short interest,0.091785
2007-10-01,Medium- and long-term return,0.191484
2007-10-01,Short-term return,-0.146688
2007-10-01,Volatility,-0.043942
2007-10-01,Size,-0.031017
2007-10-01,Trading activity,-0.093373
2007-10-01,Market correlation,-0.057458
2007-10-01,Short interest,0.077438
2007-10-08,Medium- and long-term return,0.237922
2007-10-08,Short-term return,-0.125168
2007-10-08,Volatility,0.041754
2007-10-08,Size,-0.004879
2007-10-08,Trading activity,-0.087147
2007-10-08,Market correlation,-0.077709
2007-10-08,Short interest,0.075667
2007-10-15,Medium- and long-term return,0.113838
2007-10-15,Short-term return,-0.066448
2007-10-15,Volatility,0.089826
2007-10-15,Size,-0.014945
2007-10-15,Trading activity,0.004232
2007-10-15,Market correlation,-0.018601
2007-10-15,Short interest,0.064698
2007-10-22,Medium- and long-term return,0.163689
2007-10-22,Short-term return,-0.138860
2007-10-22,Volatility,0.095999
2007-10-22,Size,0.058660
2007-10-22,Trading activity,-0.022967
2007-10-22,Market correlation,0.003866
2007-10-22,Short interest,0.048097
2007-10-29,Medium- and long-term return,0.159904
2007-10-29,Short-term return,-0.059781
2007-10-29,Volatility,0.178382
2007-10-29,Size,0.072179
2007-10-29,Trading activity,0.077198
2007-10-29,Market correlation,0.013292
2007-10-29,Short interest,0.045286
2007-11-05,Medium- and long-term return,0.136029
2007-11-05,Short-term return,0.005547
2007-11-05,Volatility,0.055501
2007-11-05,Size,0.100966
2007-11-05,Trading activity,0.069529
2007-11-05,Market correlation,0.086545
2007-11-05,Short interest,0.089618
2007-11-12,Medium- and long-term return,0.258390
2007-11-12,Short-term return,0.074448
2007-11-12,Volatility,-0.032241
2007-11-12,Size,0.110514
2007-11-12,Trading activity,0.027965
2007-11-12,Market correlation,0.088888
2007-11-12,Short interest,0.120240
2007-11-19,Medium- and long-term return,0.200058
2007-11-19,Short-term return,-0.067364
2007-11-19,Volatility,0.023837
2007-11-19,Size,0.104023
2007-11-19,Trading activity,0.000968
2007-11-19,Market correlation,0.074483
2007-11-19,Short interest,0.120788
2007-11-27,Medium- and long-term return,0.204407
2007-11-27,Short-term return,-0.022124
2007-11-27,Volatility,-0.011145
2007-11-27,Size,0.084696
2007-11-27,Trading activity,-0.022302
2007-11-27,Market correlation,0.085567
2007-11-27,Short interest,0.112066
2007-12-04,Medium- and long-term return,0.213164
2007-12-04,Short-term return,-0.021814
2007-12-04,Volatility,-0.016367
2007-12-04,Size,0.034297
2007-12-04,Trading activity,-0.059341
2007-12-04,Market correlation,0.018744
2007-12-04,Short interest,0.041926
2007-12-11,Medium- and long-term return,0.235882
2007-12-11,Short-term return,-0.031361
2007-12-11,Volatility,0.067677
2007-12-11,Size,0.091849
2007-12-11,Trading activity,0.003863
2007-12-11,Market correlation,0.007950
2007-12-11,Short interest,0.093020
2007-12-18,Medium- and long-term return,-0.019818
2007-12-18,Short-term return,0.043611
2007-12-18,Volatility,-0.043161
2007-12-18,Size,0.042983
2007-12-18,Trading activity,0.025866
2007-12-18,Market correlation,-0.022764
2007-12-18,Short interest,0.058743
2007-12-26,Medium- and long-term return,-0.272176
2007-12-26,Short-term return,0.172297
2007-12-26,Volatility,-0.230868
2007-12-26,Size,0.014089
2007-12-26,Trading activity,0.061534
2007-12-26,Market correlation,-0.024451
2007-12-26,Short interest,-0.042231
2008-01-03,Medium- and long-term return,-0.416793
2008-01-03,Short-term return,0.271584
2008-01-03,Volatility,-0.178335
2008-01-03,Size,-0.046778
2008-01-03,Trading activity,0.127486
2008-01-03,Market correlation,-0.017791
2008-01-03,Short interest,-0.104447
2008-01-10,Medium- and long-term return,-0.353747
2008-01-10,Short-term return,0.159520
2008-01-10,Volatility,-0.218579
2008-01-10,Size,-0.133667
2008-01-10,Trading activity,0.058237
2008-01-10,Market correlation,-0.043704
2008-01-10,Short interest,-0.132939
2008-01-17,Medium- and long-term return,-0.188537
2008-01-17,Short-term return,0.121418
2008-01-17,Volatility,-0.156211
2008-01-17,Size,-0.071539
2008-01-17,Trading activity,0.025689
2008-01-17,Market correlation,-0.010874
2008-01-17,Short interest,-0.016315
2008-01-25,Medium- and long-term return,-0.025831
2008-01-25,Short-term return,0.053329
2008-01-25,Volatility,0.058632
2008-01-25,Size,-0.054215
2008-01-25,Trading activity,-0.011288
2008-01-25,Market correlation,-0.008406
2008-01-25,Short interest,0.062619
2008-02-01,Medium- and long-term return,0.152548
2008-02-01,Short-term return,0.129870
2008-02-01,Volatility,0.106908
2008-02-01,Size,-0.036281
2008-02-01,Trading activity,0.036701
2008-02-01,Market correlation,-0.034727
2008-02-01,Short interest,0.070031
2008-02-08,Medium- and long-term return,0.122844
2008-02-08,Short-term return,0.049336
2008-02-08,Volatility,0.131182
2008-02-08,Size,0.038025
2008-02-08,Trading activity,0.120058
2008-02-08,Market correlation,0.019894
2008-02-08,Short interest,0.096397
2008-02-15,Medium- and long-term return,0.152272
2008-02-15,Short-term return,-0.016313
2008-02-15,Volatility,0.105402
2008-02-15,Size,0.115901
2008-02-15,Trading activity,0.023367
2008-02-15,Market correlation,0.120492
2008-02-15,Short interest,0.031843
2008-02-25,Medium- and long-term return,0.087585
2008-02-25,Short-term return,-0.022922
2008-02-25,Volatility,0.036978
2008-02-25,Size,0.146876
2008-02-25,Trading activity,0.019217
2008-02-25,Market correlation,0.173654
2008-02-25,Short interest,0.008473
2008-03-03,Medium- and long-term return,0.048686
2008-03-03,Short-term return,0.005481
2008-03-03,Volatility,0.150321
2008-03-03,Size,0.181331
2008-03-03,Trading activity,0.082536
2008-03-03,Market correlation,0.214818
2008-03-03,Short interest,0.040732
2008-03-10,Medium- and long-term return,0.052669
2008-03-10,Short-term return,-0.002279
2008-03-10,Volatility,0.067882
2008-03-10,Size,0.068972
2008-03-10,Trading activity,0.025785
2008-03-10,Market correlation,0.151593
2008-03-10,Short interest,-0.003703
2008-03-17,Medium- and long-term return,0.038721
2008-03-17,Short-term return,0.115840
2008-03-17,Volatility,0.018532
2008-03-17,Size,0.006479
2008-03-17,Trading activity,0.018419
2008-03-17,Market correlation,-0.003110
2008-03-17,Short interest,0.050600
2008-03-25,Medium- and long-term return,0.142138
2008-03-25,Short-term return,0.112425
2008-03-25,Volatility,0.071049
2008-03-25,Size,0.029794
2008-03-25,Trading activity,0.047009
2008-03-25,Market correlation,-0.005488
2008-03-25,Short interest,0.066784
2008-04-01,Medium- and long-term return,0.013622
2008-04-01,Short-term return,0.019221
2008-04-01,Volatility,-0.013328
2008-04-01,Size,-0.043678
2008-04-01,Trading activity,0.041840
2008-04-01,Market correlation,-0.016749
2008-04-01,Short interest,-0.036791
2008-04-08,Medium- and long-term return,0.018071
2008-04-08,Short-term return,-0.046864
2008-04-08,Volatility,0.009321
2008-04-08,Size,0.014769
2008-04-08,Trading activity,0.042630
2008-04-08,Market correlation,0.039138
2008-04-08,Short interest,0.022894
2008-04-15,Medium- and long-term return,0.008659
2008-04-15,Short-term return,-0.020402
2008-04-15,Volatility,0.033066
2008-04-15,Size,-0.051758
2008-04-15,Trading activity,0.037924
2008-04-15,Market correlation,0.051489
2008-04-15,Short interest,-0.016729
2008-04-22,Medium- and long-term return,-0.059196
2008-04-22,Short-term return,-0.003863
2008-04-22,Volatility,0.014060
2008-04-22,Size,-0.129577
2008-04-22,Trading activity,0.018128
2008-04-22,Market correlation,-0.012492
2008-04-22,Short interest,-0.041809
2008-04-29,Medium- and long-term return,0.053318
2008-04-29,Short-term return,-0.008403
2008-04-29,Volatility,0.042122
2008-04-29,Size,-0.147676
2008-04-29,Trading activity,-0.012715
2008-04-29,Market correlation,-0.070374
2008-04-29,Short interest,0.032962
2008-05-06,Medium- and long-term return,0.035857
2008-05-06,Short-term return,0.037284
2008-05-06,Volatility,0.060480
2008-05-06,Size,-0.191645
2008-05-06,Trading activity,0.009208
2008-05-06,Market correlation,-0.126152
2008-05-06,Short interest,-0.008034
2008-05-13,Medium- and long-term return,0.119545
2008-05-13,Short-term return,-0.090820
2008-05-13,Volatility,0.017636
2008-05-13,Size,-0.130671
2008-05-13,Trading activity,0.043497
2008-05-13,Market correlation,-0.121915
2008-05-13,Short interest,0.036239
2008-05-20,Medium- and long-term return,0.225510
2008-05-20,Short-term return,-0.139113
2008-05-20,Volatility,-0.032867
2008-05-20,Size,-0.096796
2008-05-20,Trading activity,-0.095146
2008-05-20,Market correlation,-0.098704
2008-05-20,Short interest,0.029977
2008-05-28,Medium- and long-term return,0.239095
2008-05-28,Short-term return,-0.153489
2008-05-28,Volatility,0.013788
2008-05-28,Size,0.011431
2008-05-28,Trading activity,-0.099389
2008-05-28,Market correlation,-0.057057
2008-05-28,Short interest,0.086722
2008-06-04,Medium- and long-term return,0.268223
2008-06-04,Short-term return,-0.111676
2008-06-04,Volatility,0.019872
2008-06-04,Size,0.128451
2008-06-04,Trading activity,-0.108610
2008-06-04,Market correlation,0.007064
2008-06-04,Short interest,0.120731
2008-06-11,Medium- and long-term return,0.214021
2008-06-11,Short-term return,-0.064983
2008-06-11,Volatility,0.028226
2008-06-11,Size,0.161142
2008-06-11,Trading activity,-0.038250
2008-06-11,Market correlation,0.036481
2008-06-11,Short interest,0.118607
2008-06-18,Medium- and long-term return,-0.008253
2008-06-18,Short-term return,0.063049
2008-06-18,Volatility,0.011647
2008-06-18,Size,0.094604
2008-06-18,Trading activity,0.064651
2008-06-18,Market correlation,0.070236
2008-06-18,Short interest,0.040508
2008-06-25,Medium- and long-term return,-0.117308
2008-06-25,Short-term return,0.022326
2008-06-25,Volatility,-0.010515
2008-06-25,Size,-0.010281
2008-06-25,Trading activity,0.077814
2008-06-25,Market correlation,-0.012068
2008-06-25,Short interest,-0.056478
2008-07-02,Medium- and long-term return,-0.074893
2008-07-02,Short-term return,0.039832
2008-07-02,Volatility,0.052650
2008-07-02,Size,0.003635
2008-07-02,Trading activity,0.110539
2008-07-02,Market correlation,0.008821
2008-07-02,Short interest,0.005774
2008-07-10,Medium- and long-term return,-0.187001
2008-07-10,Short-term return,0.058174
2008-07-10,Volatility,0.041129
2008-07-10,Size,-0.051312
2008-07-10,Trading activity,0.090894
2008-07-10,Market correlation,0.016446
2008-07-10,Short interest,-0.066631
2008-07-17,Medium- and long-term return,-0.187627
2008-07-17,Short-term return,-0.004016
2008-07-17,Volatility,0.124744
2008-07-17,Size,-0.067565
2008-07-17,Trading activity,0.079907
2008-07-17,Market correlation,-0.028223
2008-07-17,Short interest,-0.048059
2008-07-24,Medium- and long-term return,-0.086090
2008-07-24,Short-term return,0.008505
2008-07-24,Volatility,0.105104
2008-07-24,Size,-0.012116
2008-07-24,Trading activity,0.012426
2008-07-24,Market correlation,-0.017996
2008-07-24,Short interest,0.015877
2008-07-31,Medium- and long-term return,-0.175474
2008-07-31,Short-term return,0.092357
2008-07-31,Volatility,0.146848
2008-07-31,Size,-0.031954
2008-07-31,Trading activity,0.095246
2008-07-31,Market correlation,0.059017
2008-07-31,Short interest,-0.012312
2008-08-07,Medium- and long-term return,-0.223734
2008-08-07,Short-term return,-0.020234
2008-08-07,Volatility,0.029722
2008-08-07,Size,-0.103510
2008-08-07,Trading activity,0.080017
2008-08-07,Market correlation,-0.015955
2008-08-07,Short interest,-0.071768
2008-08-14,Medium- and long-term return,-0.115451
2008-08-14,Short-term return,-0.007957
2008-08-14,Volatility,0.039776
2008-08-14,Size,0.040883
2008-08-14,Trading activity,0.056954
2008-08-14,Market correlation,0.072820
2008-08-14,Short interest,-0.061199
2008-08-21,Medium- and long-term return,-0.152808
2008-08-21,Short-term return,0.081150
2008-08-21,Volatility,-0.014788
2008-08-21,Size,-0.000877
2008-08-21,Trading activity,0.022765
2008-08-21,Market correlation,0.089887
2008-08-21,Short interest,-0.195327
2008-08-28,Medium- and long-term return,-0.051774
2008-08-28,Short-term return,-0.063059
2008-08-28,Volatility,0.003104
2008-08-28,Size,0.073332
2008-08-28,Trading activity,0.025296
2008-08-28,Market correlation,0.086390
2008-08-28,Short interest,-0.146022
2008-09-05,Medium- and long-term return,0.052842
2008-09-05,Short-term return,-0.113736
2008-09-05,Volatility,0.026035
2008-09-05,Size,0.157301
2008-09-05,Trading activity,-0.003406
2008-09-05,Market correlation,0.057058
2008-09-05,Short interest,-0.068692
2008-09-12,Medium- and long-term return,0.034899
2008-09-12,Short-term return,-0.039711
2008-09-12,Volatility,-0.193920
2008-09-12,Size,0.031063
2008-09-12,Trading activity,-0.026442
2008-09-12,Market correlation,-0.020434
2008-09-12,Short interest,-0.068872
2008-09-19,Medium- and long-term return,0.093941
2008-09-19,Short-term return,0.082294
2008-09-19,Volatility,-0.089228
2008-09-19,Size,0.114869
2008-09-19,Trading activity,-0.018018
2008-09-19,Market correlation,-0.023485
2008-09-19,Short interest,0.131900
2008-09-26,Medium- and long-term return,0.115697
2008-09-26,Short-term return,0.063597
2008-09-26,Volatility,-0.045993
2008-09-26,Size,0.118550
2008-09-26,Trading activity,0.035681
2008-09-26,Market correlation,-0.037265
2008-09-26,Short interest,0.150173
2008-10-03,Medium- and long-term return,0.103018
2008-10-03,Short-term return,-0.030010
2008-10-03,Volatility,-0.100263
2008-10-03,Size,0.077359
2008-10-03,Trading activity,0.031040
2008-10-03,Market correlation,-0.005914
2008-10-03,Short interest,0.091639
2008-10-10,Medium- and long-term return,0.029268
2008-10-10,Short-term return,0.133374
2008-10-10,Volatility,0.011247
2008-10-10,Size,0.080285
2008-10-10,Trading activity,0.080570
2008-10-10,Market correlation,-0.004551
2008-10-10,Short interest,0.137071
2008-10-17,Medium- and long-term return,0.139566
2008-10-17,Short-term return,-0.029081
2008-10-17,Volatility,0.112065
2008-10-17,Size,0.113216
2008-10-17,Trading activity,0.077086
2008-10-17,Market correlation,0.034669
2008-10-17,Short interest,0.121857
2008-10-24,Medium- and long-term return,0.204316
2008-10-24,Short-term return,-0.086776
2008-10-24,Volatility,0.155408
2008-10-24,Size,0.143239
2008-10-24,Trading activity,0.056224
2008-10-24,Market correlation,0.073993
2008-10-24,Short interest,0.114335
2008-10-31,Medium- and long-term return,-0.011975
2008-10-31,Short-term return,0.058462
2008-10-31,Volatility,-0.016573
2008-10-31,Size,0.014896
2008-10-31,Trading activity,0.086118
2008-10-31,Market correlation,0.019582
2008-10-31,Short interest,0.049705
2008-11-07,Medium- and long-term return,0.008276
2008-11-07,Short-term return,-0.091115
2008-11-07,Volatility,-0.014414
2008-11-07,Size,0.078122
2008-11-07,Trading activity,0.018280
2008-11-07,Market correlation,0.073306
2008-11-07,Short interest,0.093500
2008-11-14,Medium- and long-term return,-0.181232
2008-11-14,Short-term return,0.061986
2008-11-14,Volatility,-0.150926
2008-11-14,Size,-0.008737
2008-11-14,Trading activity,0.048448
2008-11-14,Market correlation,0.033140
2008-11-14,Short interest,0.087826
2008-11-21,Medium- and long-term return,-0.334812
2008-11-21,Short-term return,0.335052
2008-11-21,Volatility,-0.212179
2008-11-21,Size,-0.149204
2008-11-21,Trading activity,0.062779
2008-11-21,Market correlation,-0.078394
2008-11-21,Short interest,0.021493
2008-12-01,Medium- and long-term return,-0.116379
2008-12-01,Short-term return,0.044952
2008-12-01,Volatility,-0.035038
2008-12-01,Size,-0.015785
2008-12-01,Trading activity,0.124375
2008-12-01,Market correlation,0.036481
2008-12-01,Short interest,0.088747
2008-12-08,Medium- and long-term return,-0.344205
2008-12-08,Short-term return,0.087048
2008-12-08,Volatility,-0.183588
2008-12-08,Size,-0.212891
2008-12-08,Trading activity,0.087292
2008-12-08,Market correlation,-0.080031
2008-12-08,Short interest,0.005798
2008-12-15,Medium- and long-term return,-0.236569
2008-12-15,Short-term return,0.092880
2008-12-15,Volatility,-0.105037
2008-12-15,Size,-0.255360
2008-12-15,Trading activity,0.063207
2008-12-15,Market correlation,-0.146226
2008-12-15,Short interest,-0.001698
2008-12-22,Medium- and long-term return,-0.091230
2008-12-22,Short-term return,0.032999
2008-12-22,Volatility,-0.069881
2008-12-22,Size,-0.116632
2008-12-22,Trading activity,0.068949
2008-12-22,Market correlation,-0.050051
2008-12-22,Short interest,0.070623
2008-12-30,Medium- and long-term return,-0.154069
2008-12-30,Short-term return,0.075281
2008-12-30,Volatility,-0.108368
2008-12-30,Size,-0.117885
2008-12-30,Trading activity,-0.007135
2008-12-30,Market correlation,-0.059238
2008-12-30,Short interest,0.072257
2009-01-07,Medium- and long-term return,0.139575
2009-01-07,Short-term return,0.022504
2009-01-07,Volatility,0.062370
2009-01-07,Size,0.005162
2009-01-07,Trading activity,0.017924
2009-01-07,Market correlation,0.011281
2009-01-07,Short interest,0.113748
2009-01-14,Medium- and long-term return,0.134184
2009-01-14,Short-term return,-0.085588
2009-01-14,Volatility,0.016622
2009-01-14,Size,-0.012152
2009-01-14,Trading activity,-0.016927
2009-01-14,Market correlation,0.026479
2009-01-14,Short interest,0.082652
2009-01-22,Medium- and long-term return,0.049536
2009-01-22,Short-term return,-0.079060
2009-01-22,Volatility,-0.039024
2009-01-22,Size,-0.044601
2009-01-22,Trading activity,-0.077942
2009-01-22,Market correlation,-0.019954
2009-01-22,Short interest,0.040861
2009-01-29,Medium- and long-term return,0.025198
2009-01-29,Short-term return,-0.086909
2009-01-29,Volatility,-0.087402
2009-01-29,Size,-0.111165
2009-01-29,Trading activity,-0.168447
2009-01-29,Market correlation,-0.110083
2009-01-29,Short interest,-0.031492
2009-02-05,Medium- and long-term return,0.042167
2009-02-05,Short-term return,-0.064285
2009-02-05,Volatility,-0.088900
2009-02-05,Size,-0.088769
2009-02-05,Trading activity,-0.127308
2009-02-05,Market correlation,-0.122170
2009-02-05,Short interest,-0.066475
2009-02-12,Medium- and long-term return,-0.014904
2009-02-12,Short-term return,-0.069852
2009-02-12,Volatility,-0.141635
2009-02-12,Size,-0.032008
2009-02-12,Trading activity,-0.140044
2009-02-12,Market correlation,-0.074047
2009-02-12,Short interest,-0.071951
2009-02-20,Medium- and long-term return,-0.118754
2009-02-20,Short-term return,0.060557
2009-02-20,Volatility,-0.153519
2009-02-20,Size,-0.082129
2009-02-20,Trading activity,-0.103894
2009-02-20,Market correlation,-0.087565
2009-02-20,Short interest,-0.032102
2009-02-27,Medium- and long-term return,-0.164941
2009-02-27,Short-term return,0.040033
2009-02-27,Volatility,-0.087047
2009-02-27,Size,0.003476
2009-02-27,Trading activity,-0.033250
2009-02-27,Market correlation,0.027875
2009-02-27,Short interest,-0.007347
2009-03-06,Medium- and long-term return,-0.263180
2009-03-06,Short-term return,0.203815
2009-03-06,Volatility,-0.121235
2009-03-06,Size,-0.071482
2009-03-06,Trading activity,0.055391
2009-03-06,Market correlation,0.074639
2009-03-06,Short interest,-0.024178
2009-03-13,Medium- and long-term return,-0.381670
2009-03-13,Short-term return,0.067301
2009-03-13,Volatility,-0.204443
2009-03-13,Size,-0.156283
2009-03-13,Trading activity,0.058956
2009-03-13,Market correlation,-0.000249
2009-03-13,Short interest,-0.060662
2009-03-20,Medium- and long-term return,-0.414889
2009-03-20,Short-term return,0.038453
2009-03-20,Volatility,-0.216256
2009-03-20,Size,-0.168210
2009-03-20,Trading activity,0.030695
2009-03-20,Market correlation,-0.030034
2009-03-20,Short interest,-0.092464
2009-03-27,Medium- and long-term return,-0.376012
2009-03-27,Short-term return,-0.138972
2009-03-27,Volatility,-0.219687
2009-03-27,Size,-0.185007
2009-03-27,Trading activity,0.011281
2009-03-27,Market correlation,-0.008704
2009-03-27,Short interest,-0.130292
2009-04-03,Medium- and long-term return,-0.459369
2009-04-03,Short-term return,-0.247825
2009-04-03,Volatility,-0.344118
2009-04-03,Size,-0.224520
2009-04-03,Trading activity,0.007516
2009-04-03,Market correlation,-0.058218
2009-04-03,Short interest,-0.130584
2009-04-13,Medium- and long-term return,-0.468993
2009-04-13,Short-term return,-0.196920
2009-04-13,Volatility,-0.277025
2009-04-13,Size,-0.196119
2009-04-13,Trading activity,0.055360
2009-04-13,Market correlation,-0.053764
2009-04-13,Short interest,-0.057915
2009-04-20,Medium- and long-term return,-0.347656
2009-04-20,Short-term return,0.003703
2009-04-20,Volatility,-0.215234
2009-04-20,Size,-0.106742
2009-04-20,Trading activity,0.019633
2009-04-20,Market correlation,0.017109
2009-04-20,Short interest,0.033649
2009-04-27,Medium- and long-term return,-0.301917
2009-04-27,Short-term return,0.076433
2009-04-27,Volatility,-0.154493
2009-04-27,Size,-0.073244
2009-04-27,Trading activity,0.035005
2009-04-27,Market correlation,-0.030912
2009-04-27,Short interest,0.053179
2009-05-04,Medium- and long-term return,-0.139372
2009-05-04,Short-term return,0.052187
2009-05-04,Volatility,-0.006022
2009-05-04,Size,0.025350
2009-05-04,Trading activity,0.074798
2009-05-04,Market correlation,0.034560
2009-05-04,Short interest,0.091224
2009-05-11,Medium- and long-term return,0.028258
2009-05-11,Short-term return,0.104686
2009-05-11,Volatility,0.055716
2009-05-11,Size,0.068437
2009-05-11,Trading activity,0.063052
2009-05-11,Market correlation,0.120671
2009-05-11,Short interest,0.035776
2009-05-18,Medium- and long-term return,-0.088646
2009-05-18,Short-term return,0.062004
2009-05-18,Volatility,-0.009373
2009-05-18,Size,-0.025860
2009-05-18,Trading activity,0.030133
2009-05-18,Market correlation,0.024241
2009-05-18,Short interest,-0.014346
2009-05-26,Medium- and long-term return,-0.061991
2009-05-26,Short-term return,0.124291
2009-05-26,Volatility,0.100175
2009-05-26,Size,0.053675
2009-05-26,Trading activity,0.058994
2009-05-26,Market correlation,-0.004735
2009-05-26,Short interest,0.033209
2009-06-02,Medium- and long-term return,-0.051205
2009-06-02,Short-term return,0.111147
2009-06-02,Volatility,0.074333
2009-06-02,Size,-0.072494
2009-06-02,Trading activity,0.034333
2009-06-02,Market correlation,-0.075986
2009-06-02,Short interest,0.011755
2009-06-09,Medium- and long-term return,-0.001530
2009-06-09,Short-term return,0.161575
2009-06-09,Volatility,0.178513
2009-06-09,Size,-0.036866
2009-06-09,Trading activity,0.052977
2009-06-09,Market correlation,-0.104810
2009-06-09,Short interest,0.078598
2009-06-16,Medium- and long-term return,0.053058
2009-06-16,Short-term return,0.103612
2009-06-16,Volatility,0.173528
2009-06-16,Size,0.040200
2009-06-16,Trading activity,0.082720
2009-06-16,Market correlation,0.046232
2009-06-16,Short interest,0.086833
2009-06-23,Medium- and long-term return,0.066005
2009-06-23,Short-term return,0.099475
2009-06-23,Volatility,0.059060
2009-06-23,Size,-0.021611
2009-06-23,Trading activity,-0.017225
2009-06-23,Market correlation,0.125805
2009-06-23,Short interest,0.007797
2009-06-30,Medium- and long-term return,-0.048999
2009-06-30,Short-term return,0.081536
2009-06-30,Volatility,0.091681
2009-06-30,Size,0.016112
2009-06-30,Trading activity,0.045861
2009-06-30,Market correlation,0.071395
2009-06-30,Short interest,-0.004412
2009-07-08,Medium- and long-term return,-0.139389
2009-07-08,Short-term return,0.170321
2009-07-08,Volatility,-0.116249
2009-07-08,Size,0.000938
2009-07-08,Trading activity,-0.012774
2009-07-08,Market correlation,0.131706
2009-07-08,Short interest,-0.020892
2009-07-15,Medium- and long-term return,-0.172073
2009-07-15,Short-term return,-0.056596
2009-07-15,Volatility,-0.079947
2009-07-15,Size,0.012073
2009-07-15,Trading activity,0.028921
2009-07-15,Market correlation,0.094582
2009-07-15,Short interest,-0.004469
2009-07-22,Medium- and long-term return,-0.224885
2009-07-22,Short-term return,0.023616
2009-07-22,Volatility,-0.118741
2009-07-22,Size,-0.046740
2009-07-22,Trading activity,0.022275
2009-07-22,Market correlation,-0.032573
2009-07-22,Short interest,-0.031179
2009-07-29,Medium- and long-term return,-0.203876
2009-07-29,Short-term return,-0.044708
2009-07-29,Volatility,-0.157484
2009-07-29,Size,-0.007045
2009-07-29,Trading activity,0.005118
2009-07-29,Market correlation,0.022397
2009-07-29,Short interest,0.036948
2009-08-05,Medium- and long-term return,-0.153736
2009-08-05,Short-term return,0.072756
2009-08-05,Volatility,0.032613
2009-08-05,Size,-0.002484
2009-08-05,Trading activity,0.109709
2009-08-05,Market correlation,-0.009182
2009-08-05,Short interest,0.030900
2009-08-12,Medium- and long-term return,-0.093258
2009-08-12,Short-term return,-0.001672
2009-08-12,Volatility,-0.081048
2009-08-12,Size,-0.040489
2009-08-12,Trading activity,0.013625
2009-08-12,Market correlation,-0.013626
2009-08-12,Short interest,0.019703
2009-08-19,Medium- and long-term return,-0.176327
2009-08-19,Short-term return,0.033751
2009-08-19,Volatility,-0.104606
2009-08-19,Size,-0.038880
2009-08-19,Trading activity,-0.023759
2009-08-19,Market correlation,0.062716
2009-08-19,Short interest,0.045006
2009-08-26,Medium- and long-term return,-0.138810
2009-08-26,Short-term return,0.035471
2009-08-26,Volatility,-0.067355
2009-08-26,Size,-0.061894
2009-08-26,Trading activity,-0.022832
2009-08-26,Market correlation,-0.010161
2009-08-26,Short interest,0.012464
2009-09-02,Medium- and long-term return,-0.073870
2009-09-02,Short-term return,0.086433
2009-09-02,Volatility,-0.024615
2009-09-02,Size,-0.097293
2009-09-02,Trading activity,0.018295
2009-09-02,Market correlation,-0.005164
2009-09-02,Short interest,-0.066299
2009-09-10,Medium- and long-term return,-0.035883
2009-09-10,Short-term return,0.012245
2009-09-10,Volatility,0.006163
2009-09-10,Size,-0.077654
2009-09-10,Trading activity,-0.002901
2009-09-10,Market correlation,-0.008139
2009-09-10,Short interest,-0.074236
2009-09-17,Medium- and long-term return,0.106925
2009-09-17,Short-term return,0.086731
2009-09-17,Volatility,0.097362
2009-09-17,Size,0.009595
2009-09-17,Trading activity,0.059675
2009-09-17,Market correlation,0.061609
2009-09-17,Short interest,-0.000244
2009-09-24,Medium- and long-term return,0.070603
2009-09-24,Short-term return,0.045258
2009-09-24,Volatility,0.084848
2009-09-24,Size,0.050855
2009-09-24,Trading activity,0.064831
2009-09-24,Market correlation,0.114548
2009-09-24,Short interest,0.014312
2009-10-01,Medium- and long-term return,0.055888
2009-10-01,Short-term return,0.062615
2009-10-01,Volatility,0.138929
2009-10-01,Size,0.191016
2009-10-01,Trading activity,0.125003
2009-10-01,Market correlation,0.213635
2009-10-01,Short interest,0.074308
2009-10-08,Medium- and long-term return,0.023700
2009-10-08,Short-term return,0.067715
2009-10-08,Volatility,0.200567
2009-10-08,Size,0.164206
2009-10-08,Trading activity,0.167971
2009-10-08,Market correlation,0.157590
2009-10-08,Short interest,0.078850
2009-10-15,Medium- and long-term return,0.023560
2009-10-15,Short-term return,0.131818
2009-10-15,Volatility,0.180776
2009-10-15,Size,0.169664
2009-10-15,Trading activity,0.160938
2009-10-15,Market correlation,0.107316
2009-10-15,Short interest,0.083096
2009-10-22,Medium- and long-term return,0.024695
2009-10-22,Short-term return,0.035544
2009-10-22,Volatility,0.167055
2009-10-22,Size,0.126087
2009-10-22,Trading activity,0.077812
2009-10-22,Market correlation,0.052972
2009-10-22,Short interest,0.044527
2009-10-29,Medium- and long-term return,0.030849
2009-10-29,Short-term return,-0.051023
2009-10-29,Volatility,0.156227
2009-10-29,Size,0.137249
2009-10-29,Trading activity,0.055965
2009-10-29,Market correlation,-0.014749
2009-10-29,Short interest,0.041438
2009-11-05,Medium- and long-term return,-0.060600
2009-11-05,Short-term return,-0.007372
2009-11-05,Volatility,0.074867
2009-11-05,Size,0.079973
2009-11-05,Trading activity,0.055799
2009-11-05,Market correlation,-0.012485
2009-11-05,Short interest,-0.018926
2009-11-12,Medium- and long-term return,-0.072959
2009-11-12,Short-term return,-0.012485
2009-11-12,Volatility,0.111638
2009-11-12,Size,0.012674
2009-11-12,Trading activity,0.017404
2009-11-12,Market correlation,-0.032898
2009-11-12,Short interest,-0.049719
2009-11-19,Medium- and long-term return,-0.077115
2009-11-19,Short-term return,0.022535
2009-11-19,Volatility,0.027765
2009-11-19,Size,-0.108613
2009-11-19,Trading activity,-0.003652
2009-11-19,Market correlation,-0.044791
2009-11-19,Short interest,-0.101760
2009-11-27,Medium- and long-term return,-0.029644
2009-11-27,Short-term return,0.048192
2009-11-27,Volatility,0.009095
2009-11-27,Size,-0.128812
2009-11-27,Trading activity,-0.013448
2009-11-27,Market correlation,0.036647
2009-11-27,Short interest,-0.110679
2009-12-04,Medium- and long-term return,-0.090099
2009-12-04,Short-term return,0.078430
2009-12-04,Volatility,-0.132782
2009-12-04,Size,-0.133311
2009-12-04,Trading activity,0.009409
2009-12-04,Market correlation,0.024256
2009-12-04,Short interest,-0.055242
2009-12-11,Medium- and long-term return,-0.157670
2009-12-11,Short-term return,0.113709
2009-12-11,Volatility,-0.200851
2009-12-11,Size,-0.113148
2009-12-11,Trading activity,-0.033475
2009-12-11,Market correlation,0.057645
2009-12-11,Short interest,-0.059019
2009-12-18,Medium- and long-term return,-0.178038
2009-12-18,Short-term return,0.101581
2009-12-18,Volatility,-0.088915
2009-12-18,Size,-0.034564
2009-12-18,Trading activity,0.021755
2009-12-18,Market correlation,0.036367
2009-12-18,Short interest,0.021421
2009-12-28,Medium- and long-term return,-0.205619
2009-12-28,Short-term return,0.101786
2009-12-28,Volatility,-0.135225
2009-12-28,Size,-0.122168
2009-12-28,Trading activity,-0.037295
2009-12-28,Market correlation,-0.079106
2009-12-28,Short interest,-0.021353
2010-01-05,Medium- and long-term return,-0.121856
2010-01-05,Short-term return,0.036612
2010-01-05,Volatility,-0.009440
2010-01-05,Size,-0.044412
2010-01-05,Trading activity,0.015024
2010-01-05,Market correlation,-0.058309
2010-01-05,Short interest,-0.012056
2010-01-12,Medium- and long-term return,-0.074126
2010-01-12,Short-term return,0.067269
2010-01-12,Volatility,-0.019437
2010-01-12,Size,-0.050717
2010-01-12,Trading activity,-0.032664
2010-01-12,Market correlation,-0.111414
2010-01-12,Short interest,-0.024550
2010-01-20,Medium- and long-term return,-0.002184
2010-01-20,Short-term return,0.070245
2010-01-20,Volatility,0.007968
2010-01-20,Size,-0.102738
2010-01-20,Trading activity,-0.048891
2010-01-20,Market correlation,-0.112558
2010-01-20,Short interest,-0.031878
2010-01-27,Medium- and long-term return,0.048211
2010-01-27,Short-term return,0.048505
2010-01-27,Volatility,0.100589
2010-01-27,Size,-0.040206
2010-01-27,Trading activity,-0.053593
2010-01-27,Market correlation,-0.026253
2010-01-27,Short interest,-0.003601
2010-02-03,Medium- and long-term return,0.125842
2010-02-03,Short-term return,0.031517
2010-02-03,Volatility,0.070610
2010-02-03,Size,-0.084385
2010-02-03,Trading activity,-0.029510
2010-02-03,Market correlation,0.041486
2010-02-03,Short interest,-0.057982
2010-02-10,Medium- and long-term return,0.151849
2010-02-10,Short-term return,0.071749
2010-02-10,Volatility,0.079172
2010-02-10,Size,-0.014239
2010-02-10,Trading activity,-0.053834
2010-02-10,Market correlation,0.127633
2010-02-10,Short interest,-0.033185
2010-02-18,Medium- and long-term return,-0.015006
2010-02-18,Short-term return,0.094091
2010-02-18,Volatility,0.137825
2010-02-18,Size,0.031552
2010-02-18,Trading activity,0.045058
2010-02-18,Market correlation,0.107387
2010-02-18,Short interest,-0.017698
2010-02-25,Medium- and long-term return,-0.021063
2010-02-25,Short-term return,0.085905
2010-02-25,Volatility,0.063441
2010-02-25,Size,0.101321
2010-02-25,Trading activity,0.059603
2010-02-25,Market correlation,0.162442
2010-02-25,Short interest,0.029936
2010-03-04,Medium- and long-term return,-0.028498
2010-03-04,Short-term return,-0.027768
2010-03-04,Volatility,0.084363
2010-03-04,Size,0.111706
2010-03-04,Trading activity,0.108351
2010-03-04,Market correlation,0.142227
2010-03-04,Short interest,0.019175
2010-03-11,Medium- and long-term return,0.020355
2010-03-11,Short-term return,-0.011776
2010-03-11,Volatility,0.070622
2010-03-11,Size,0.091036
2010-03-11,Trading activity,0.097948
2010-03-11,Market correlation,0.145302
2010-03-11,Short interest,0.021682
2010-03-18,Medium- and long-term return,0.058330
2010-03-18,Short-term return,-0.021865
2010-03-18,Volatility,-0.000101
2010-03-18,Size,-0.044091
2010-03-18,Trading activity,0.072693
2010-03-18,Market correlation,0.098844
2010-03-18,Short interest,-0.064710
2010-03-25,Medium- and long-term return,0.082170
2010-03-25,Short-term return,0.004972
2010-03-25,Volatility,0.042364
2010-03-25,Size,-0.041330
2010-03-25,Trading activity,0.064432
2010-03-25,Market correlation,0.136725
2010-03-25,Short interest,-0.078278
2010-04-01,Medium- and long-term return,0.019908
2010-04-01,Short-term return,-0.016990
2010-04-01,Volatility,0.037913
2010-04-01,Size,-0.076882
2010-04-01,Trading activity,-0.025373
2010-04-01,Market correlation,0.055742
2010-04-01,Short interest,-0.141283
2010-04-09,Medium- and long-term return,-0.006679
2010-04-09,Short-term return,-0.049538
2010-04-09,Volatility,-0.001793
2010-04-09,Size,-0.040346
2010-04-09,Trading activity,-0.023826
2010-04-09,Market correlation,-0.035057
2010-04-09,Short interest,-0.116676
2010-04-16,Medium- and long-term return,0.083514
2010-04-16,Short-term return,0.005884
2010-04-16,Volatility,-0.002308
2010-04-16,Size,-0.012502
2010-04-16,Trading activity,-0.064335
2010-04-16,Market correlation,0.001426
2010-04-16,Short interest,-0.058708
2010-04-23,Medium- and long-term return,0.054589
2010-04-23,Short-term return,-0.024534
2010-04-23,Volatility,0.020154
2010-04-23,Size,0.022690
2010-04-23,Trading activity,-0.106141
2010-04-23,Market correlation,-0.071160
2010-04-23,Short interest,-0.052251
2010-04-30,Medium- and long-term return,0.102456
2010-04-30,Short-term return,0.009978
2010-04-30,Volatility,-0.048317
2010-04-30,Size,-0.054952
2010-04-30,Trading activity,-0.156670
2010-04-30,Market correlation,-0.109713
2010-04-30,Short interest,-0.029777
2010-05-07,Medium- and long-term return,0.137404
2010-05-07,Short-term return,-0.053054
2010-05-07,Volatility,0.042597
2010-05-07,Size,-0.058365
2010-05-07,Trading activity,-0.060394
2010-05-07,Market correlation,-0.083501
2010-05-07,Short interest,-0.007404
2010-05-14,Medium- and long-term return,0.104819
2010-05-14,Short-term return,-0.092667
2010-05-14,Volatility,0.057635
2010-05-14,Size,0.037282
2010-05-14,Trading activity,-0.005925
2010-05-14,Market correlation,-0.017866
2010-05-14,Short interest,0.058187
2010-05-21,Medium- and long-term return,0.206797
2010-05-21,Short-term return,-0.066984
2010-05-21,Volatility,0.104122
2010-05-21,Size,0.061096
2010-05-21,Trading activity,0.050301
2010-05-21,Market correlation,0.011440
2010-05-21,Short interest,0.070295
2010-05-28,Medium- and long-term return,0.189003
2010-05-28,Short-term return,-0.070627
2010-05-28,Volatility,0.175109
2010-05-28,Size,0.061448
2010-05-28,Trading activity,0.081998
2010-05-28,Market correlation,0.003913
2010-05-28,Short interest,0.062209
2010-06-07,Medium- and long-term return,0.141375
2010-06-07,Short-term return,-0.074681
2010-06-07,Volatility,0.136766
2010-06-07,Size,0.048842
2010-06-07,Trading activity,0.049642
2010-06-07,Market correlation,0.051840
2010-06-07,Short interest,0.048827
2010-06-14,Medium- and long-term return,0.000626
2010-06-14,Short-term return,0.082755
2010-06-14,Volatility,0.139180
2010-06-14,Size,0.050829
2010-06-14,Trading activity,0.091241
2010-06-14,Market correlation,0.016088
2010-06-14,Short interest,0.049434
2010-06-21,Medium- and long-term return,-0.060616
2010-06-21,Short-term return,-0.025636
2010-06-21,Volatility,0.101522
2010-06-21,Size,0.040032
2010-06-21,Trading activity,-0.001995
2010-06-21,Market correlation,-0.028312
2010-06-21,Short interest,0.009650
2010-06-28,Medium- and long-term return,-0.069739
2010-06-28,Short-term return,-0.023812
2010-06-28,Volatility,0.128775
2010-06-28,Size,0.072400
2010-06-28,Trading activity,0.087766
2010-06-28,Market correlation,0.097162
2010-06-28,Short interest,0.034513
2010-07-06,Medium- and long-term return,-0.004817
2010-07-06,Short-term return,0.011782
2010-07-06,Volatility,-0.006081
2010-07-06,Size,0.117466
2010-07-06,Trading activity,0.087728
2010-07-06,Market correlation,0.184732
2010-07-06,Short interest,0.100141
2010-07-13,Medium- and long-term return,0.006596
2010-07-13,Short-term return,-0.020371
2010-07-13,Volatility,0.013560
2010-07-13,Size,0.104486
2010-07-13,Trading activity,0.088735
2010-07-13,Market correlation,0.147209
2010-07-13,Short interest,0.089742
2010-07-20,Medium- and long-term return,0.085591
2010-07-20,Short-term return,-0.036469
2010-07-20,Volatility,0.031886
2010-07-20,Size,0.043140
2010-07-20,Trading activity,0.020577
2010-07-20,Market correlation,0.103184
2010-07-20,Short interest,0.056253
2010-07-27,Medium- and long-term return,0.099512
2010-07-27,Short-term return,0.012712
2010-07-27,Volatility,0.121555
2010-07-27,Size,0.012594
2010-07-27,Trading activity,-0.087743
2010-07-27,Market correlation,-0.035911
2010-07-27,Short interest,0.004795
2010-08-03,Medium- and long-term return,0.185830
2010-08-03,Short-term return,0.024153
2010-08-03,Volatility,0.109956
2010-08-03,Size,-0.068771
2010-08-03,Trading activity,-0.104931
2010-08-03,Market correlation,-0.103401
2010-08-03,Short interest,-0.046304
2010-08-10,Medium- and long-term return,0.164370
2010-08-10,Short-term return,-0.096681
2010-08-10,Volatility,0.037741
2010-08-10,Size,-0.043698
2010-08-10,Trading activity,-0.149915
2010-08-10,Market correlation,-0.053674
2010-08-10,Short interest,0.000821
2010-08-17,Medium- and long-term return,0.141085
2010-08-17,Short-term return,-0.061738
2010-08-17,Volatility,0.061969
2010-08-17,Size,0.001218
2010-08-17,Trading activity,-0.105440
2010-08-17,Market correlation,0.015727
2010-08-17,Short interest,0.028080
2010-08-24,Medium- and long-term return,0.132249
2010-08-24,Short-term return,0.018088
2010-08-24,Volatility,0.091094
2010-08-24,Size,0.115935
2010-08-24,Trading activity,0.007164
2010-08-24,Market correlation,0.134120
2010-08-24,Short interest,0.054909
2010-08-31,Medium- and long-term return,0.036139
2010-08-31,Short-term return,0.071621
2010-08-31,Volatility,0.079886
2010-08-31,Size,0.088392
2010-08-31,Trading activity,-0.007122
2010-08-31,Market correlation,0.126681
2010-08-31,Short interest,0.036330
2010-09-08,Medium- and long-term return,0.020443
2010-09-08,Short-term return,0.103814
2010-09-08,Volatility,0.115415
2010-09-08,Size,0.057833
2010-09-08,Trading activity,0.127105
2010-09-08,Market correlation,0.158498
2010-09-08,Short interest,-0.009619
2010-09-15,Medium- and long-term return,0.031578
2010-09-15,Short-term return,0.011306
2010-09-15,Volatility,0.024503
2010-09-15,Size,0.021248
2010-09-15,Trading activity,0.077274
2010-09-15,Market correlation,0.126524
2010-09-15,Short interest,-0.004112
2010-09-22,Medium- and long-term return,0.059336
2010-09-22,Short-term return,0.036012
2010-09-22,Volatility,0.070668
2010-09-22,Size,0.007833
2010-09-22,Trading activity,0.089538
2010-09-22,Market correlation,0.109692
2010-09-22,Short interest,0.021977
2010-09-29,Medium- and long-term return,0.150381
2010-09-29,Short-term return,0.094242
2010-09-29,Volatility,0.090121
2010-09-29,Size,0.055373
2010-09-29,Trading activity,0.121992
2010-09-29,Market correlation,0.131001
2010-09-29,Short interest,0.065970
2010-10-06,Medium- and long-term return,0.140377
2010-10-06,Short-term return,0.111002
2010-10-06,Volatility,0.050718
2010-10-06,Size,0.022383
2010-10-06,Trading activity,0.118104
2010-10-06,Market correlation,0.085727
2010-10-06,Short interest,0.073827
2010-10-13,Medium- and long-term return,0.067337
2010-10-13,Short-term return,0.059483
2010-10-13,Volatility,0.050160
2010-10-13,Size,0.040078
2010-10-13,Trading activity,0.121508
2010-10-13,Market correlation,0.077082
2010-10-13,Short interest,0.070406
2010-10-20,Medium- and long-term return,0.007927
2010-10-20,Short-term return,0.043604
2010-10-20,Volatility,-0.082303
2010-10-20,Size,-0.079033
2010-10-20,Trading activity,0.079400
2010-10-20,Market correlation,0.007265
2010-10-20,Short interest,0.026379
2010-10-27,Medium- and long-term return,0.125715
2010-10-27,Short-term return,-0.070819
2010-10-27,Volatility,-0.016456
2010-10-27,Size,-0.080768
2010-10-27,Trading activity,0.070682
2010-10-27,Market correlation,0.056888
2010-10-27,Short interest,0.010748
2010-11-03,Medium- and long-term return,0.135447
2010-11-03,Short-term return,-0.117676
2010-11-03,Volatility,-0.045124
2010-11-03,Size,-0.058096
2010-11-03,Trading activity,-0.017506
2010-11-03,Market correlation,0.092367
2010-11-03,Short interest,-0.052103
2010-11-10,Medium- and long-term return,0.118534
2010-11-10,Short-term return,-0.079771
2010-11-10,Volatility,-0.076631
2010-11-10,Size,-0.090456
2010-11-10,Trading activity,-0.027880
2010-11-10,Market correlation,0.094924
2010-11-10,Short interest,-0.077561
2010-11-17,Medium- and long-term return,0.105731
2010-11-17,Short-term return,-0.059990
2010-11-17,Volatility,0.064970
2010-11-17,Size,-0.011175
2010-11-17,Trading activity,0.048184
2010-11-17,Market correlation,0.171793
2010-11-17,Short interest,-0.040083
2010-11-24,Medium- and long-term return,-0.122439
2010-11-24,Short-term return,0.081868
2010-11-24,Volatility,0.028812
2010-11-24,Size,-0.030790
2010-11-24,Trading activity,0.023742
2010-11-24,Market correlation,0.116634
2010-11-24,Short interest,-0.037580
2010-12-02,Medium- and long-term return,-0.192126
2010-12-02,Short-term return,-0.004245
2010-12-02,Volatility,-0.011192
2010-12-02,Size,-0.043957
2010-12-02,Trading activity,0.050332
2010-12-02,Market correlation,0.062010
2010-12-02,Short interest,-0.028552
2010-12-09,Medium- and long-term return,-0.221356
2010-12-09,Short-term return,-0.006923
2010-12-09,Volatility,-0.021267
2010-12-09,Size,0.001478
2010-12-09,Trading activity,0.035446
2010-12-09,Market correlation,0.047033
2010-12-09,Short interest,0.069842
2010-12-16,Medium- and long-term return,-0.213057
2010-12-16,Short-term return,0.122752
2010-12-16,Volatility,-0.152245
2010-12-16,Size,-0.026595
2010-12-16,Trading activity,-0.060487
2010-12-16,Market correlation,0.061253
2010-12-16,Short interest,0.052669
2010-12-23,Medium- and long-term return,-0.242714
2010-12-23,Short-term return,0.042162
2010-12-23,Volatility,0.043638
2010-12-23,Size,0.022797
2010-12-23,Trading activity,0.105554
2010-12-23,Market correlation,0.055826
2010-12-23,Short interest,0.072739
2010-12-31,Medium- and long-term return,-0.101188
2010-12-31,Short-term return,-0.000123
2010-12-31,Volatility,0.047321
2010-12-31,Size,-0.024688
2010-12-31,Trading activity,0.071189
2010-12-31,Market correlation,0.079747
2010-12-31,Short interest,0.045382
2011-01-07,Medium- and long-term return,0.024389
2011-01-07,Short-term return,0.074561
2011-01-07,Volatility,0.140672
2011-01-07,Size,-0.000899
2011-01-07,Trading activity,0.108358
2011-01-07,Market correlation,0.098670
2011-01-07,Short interest,-0.011039
2011-01-14,Medium- and long-term return,0.124504
2011-01-14,Short-term return,0.064151
2011-01-14,Volatility,0.105282
2011-01-14,Size,0.002059
2011-01-14,Trading activity,0.078839
2011-01-14,Market correlation,0.072456
2011-01-14,Short interest,0.026308
2011-01-24,Medium- and long-term return,0.127747
2011-01-24,Short-term return,0.037799
2011-01-24,Volatility,0.046748
2011-01-24,Size,-0.063817
2011-01-24,Trading activity,0.023444
2011-01-24,Market correlation,0.038526
2011-01-24,Short interest,-0.036375
2011-01-31,Medium- and long-term return,0.086260
2011-01-31,Short-term return,0.032998
2011-01-31,Volatility,0.086285
2011-01-31,Size,-0.031809
2011-01-31,Trading activity,0.054402
2011-01-31,Market correlation,0.037727
2011-01-31,Short interest,-0.010904
2011-02-07,Medium- and long-term return,0.137490
2011-02-07,Short-term return,-0.022860
2011-02-07,Volatility,0.131837
2011-02-07,Size,-0.033460
2011-02-07,Trading activity,0.031519
2011-02-07,Market correlation,0.075163
2011-02-07,Short interest,-0.005801
2011-02-14,Medium- and long-term return,-0.018450
2011-02-14,Short-term return,0.044112
2011-02-14,Volatility,0.096838
2011-02-14,Size,-0.083135
2011-02-14,Trading activity,0.005253
2011-02-14,Market correlation,-0.025591
2011-02-14,Short interest,-0.085282
2011-02-22,Medium- and long-term return,0.074316
2011-02-22,Short-term return,0.008615
2011-02-22,Volatility,0.055287
2011-02-22,Size,-0.091256
2011-02-22,Trading activity,-0.010185
2011-02-22,Market correlation,0.025581
2011-02-22,Short interest,-0.074571
2011-03-01,Medium- and long-term return,0.064918
2011-03-01,Short-term return,0.056332
2011-03-01,Volatility,-0.007287
2011-03-01,Size,-0.027940
2011-03-01,Trading activity,0.028030
2011-03-01,Market correlation,0.018117
2011-03-01,Short interest,-0.042797
2011-03-08,Medium- and long-term return,0.046337
2011-03-08,Short-term return,0.051753
2011-03-08,Volatility,-0.001356
2011-03-08,Size,-0.118621
2011-03-08,Trading activity,-0.006713
2011-03-08,Market correlation,-0.056763
2011-03-08,Short interest,-0.093830
2011-03-15,Medium- and long-term return,0.024160
2011-03-15,Short-term return,0.017416
2011-03-15,Volatility,0.164757
2011-03-15,Size,0.005385
2011-03-15,Trading activity,0.072897
2011-03-15,Market correlation,0.005603
2011-03-15,Short interest,-0.004425
2011-03-22,Medium- and long-term return,0.026804
2011-03-22,Short-term return,0.062161
2011-03-22,Volatility,0.136874
2011-03-22,Size,0.071694
2011-03-22,Trading activity,0.048335
2011-03-22,Market correlation,-0.047552
2011-03-22,Short interest,0.053833
2011-03-29,Medium- and long-term return,0.030297
2011-03-29,Short-term return,0.014233
2011-03-29,Volatility,0.181892
2011-03-29,Size,0.055730
2011-03-29,Trading activity,0.089359
2011-03-29,Market correlation,0.029352
2011-03-29,Short interest,0.054815
2011-04-05,Medium- and long-term return,-0.076256
2011-04-05,Short-term return,0.146414
2011-04-05,Volatility,0.191677
2011-04-05,Size,0.194039
2011-04-05,Trading activity,0.142413
2011-04-05,Market correlation,0.024005
2011-04-05,Short interest,0.106423
2011-04-12,Medium- and long-term return,0.091110
2011-04-12,Short-term return,-0.005141
2011-04-12,Volatility,0.164682
2011-04-12,Size,0.120009
2011-04-12,Trading activity,0.131748
2011-04-12,Market correlation,0.062796
2011-04-12,Short interest,0.109571
2011-04-19,Medium- and long-term return,0.042965
2011-04-19,Short-term return,0.049432
2011-04-19,Volatility,0.262301
2011-04-19,Size,0.136851
2011-04-19,Trading activity,0.112512
2011-04-19,Market correlation,0.042626
2011-04-19,Short interest,0.046008
2011-04-27,Medium- and long-term return,0.041323
2011-04-27,Short-term return,0.043438
2011-04-27,Volatility,0.148873
2011-04-27,Size,0.046376
2011-04-27,Trading activity,0.050954
2011-04-27,Market correlation,-0.089149
2011-04-27,Short interest,0.020017
2011-05-04,Medium- and long-term return,0.166785
2011-05-04,Short-term return,-0.080993
2011-05-04,Volatility,-0.012749
2011-05-04,Size,-0.071422
2011-05-04,Trading activity,-0.027415
2011-05-04,Market correlation,-0.114891
2011-05-04,Short interest,0.000921
2011-05-11,Medium- and long-term return,0.163328
2011-05-11,Short-term return,-0.047649
2011-05-11,Volatility,0.032768
2011-05-11,Size,-0.004022
2011-05-11,Trading activity,-0.074975
2011-05-11,Market correlation,-0.107865
2011-05-11,Short interest,-0.002082
2011-05-18,Medium- and long-term return,0.081624
2011-05-18,Short-term return,0.004903
2011-05-18,Volatility,-0.015514
2011-05-18,Size,-0.067865
2011-05-18,Trading activity,-0.106961
2011-05-18,Market correlation,-0.118823
2011-05-18,Short interest,-0.037661
2011-05-25,Medium- and long-term return,0.127863
2011-05-25,Short-term return,-0.056782
2011-05-25,Volatility,-0.000437
2011-05-25,Size,-0.048672
2011-05-25,Trading activity,-0.067122
2011-05-25,Market correlation,-0.057838
2011-05-25,Short interest,-0.023003
2011-06-02,Medium- and long-term return,0.160184
2011-06-02,Short-term return,0.067097
2011-06-02,Volatility,0.072855
2011-06-02,Size,0.105464
2011-06-02,Trading activity,0.005684
2011-06-02,Market correlation,0.102905
2011-06-02,Short interest,0.069864
2011-06-09,Medium- and long-term return,0.251607
2011-06-09,Short-term return,-0.048558
2011-06-09,Volatility,0.062718
2011-06-09,Size,0.011148
2011-06-09,Trading activity,-0.065244
2011-06-09,Market correlation,0.090025
2011-06-09,Short interest,0.055862
2011-06-16,Medium- and long-term return,0.293243
2011-06-16,Short-term return,-0.023591
2011-06-16,Volatility,0.016737
2011-06-16,Size,0.057291
2011-06-16,Trading activity,-0.083869
2011-06-16,Market correlation,0.062844
2011-06-16,Short interest,0.144660
2011-06-23,Medium- and long-term return,0.165309
2011-06-23,Short-term return,0.025583
2011-06-23,Volatility,0.013357
2011-06-23,Size,0.105578
2011-06-23,Trading activity,-0.000758
2011-06-23,Market correlation,0.073142
2011-06-23,Short interest,0.181698
2011-06-30,Medium- and long-term return,0.046978
2011-06-30,Short-term return,-0.064893
2011-06-30,Volatility,-0.066559
2011-06-30,Size,0.037315
2011-06-30,Trading activity,-0.049584
2011-06-30,Market correlation,-0.068317
2011-06-30,Short interest,0.111158
2011-07-08,Medium- and long-term return,-0.012736
2011-07-08,Short-term return,-0.036798
2011-07-08,Volatility,-0.065986
2011-07-08,Size,0.041902
2011-07-08,Trading activity,-0.011563
2011-07-08,Market correlation,-0.183874
2011-07-08,Short interest,0.051665
2011-07-15,Medium- and long-term return,0.198676
2011-07-15,Short-term return,-0.089149
2011-07-15,Volatility,0.030720
2011-07-15,Size,0.056034
2011-07-15,Trading activity,-0.017703
2011-07-15,Market correlation,-0.090966
2011-07-15,Short interest,0.064976
2011-07-22,Medium- and long-term return,0.122841
2011-07-22,Short-term return,0.080003
2011-07-22,Volatility,0.169983
2011-07-22,Size,0.011904
2011-07-22,Trading activity,-0.046082
2011-07-22,Market correlation,-0.177612
2011-07-22,Short interest,0.000887
2011-07-29,Medium- and long-term return,0.190308
2011-07-29,Short-term return,-0.017255
2011-07-29,Volatility,0.186964
2011-07-29,Size,0.053006
2011-07-29,Trading activity,0.049866
2011-07-29,Market correlation,-0.088371
2011-07-29,Short interest,0.037178
2011-08-05,Medium- and long-term return,0.227690
2011-08-05,Short-term return,-0.101487
2011-08-05,Volatility,0.099564
2011-08-05,Size,0.018800
2011-08-05,Trading activity,-0.032380
2011-08-05,Market correlation,-0.039839
2011-08-05,Short interest,0.038322
2011-08-12,Medium- and long-term return,0.137673
2011-08-12,Short-term return,-0.070896
2011-08-12,Volatility,0.176233
2011-08-12,Size,0.065617
2011-08-12,Trading activity,-0.094798
2011-08-12,Market correlation,-0.089685
2011-08-12,Short interest,0.025177
2011-08-19,Medium- and long-term return,0.296934
2011-08-19,Short-term return,-0.041126
2011-08-19,Volatility,0.087829
2011-08-19,Size,0.140754
2011-08-19,Trading activity,-0.011679
2011-08-19,Market correlation,0.039262
2011-08-19,Short interest,0.112205
2011-08-26,Medium- and long-term return,0.172063
2011-08-26,Short-term return,-0.026102
2011-08-26,Volatility,0.122483
2011-08-26,Size,0.088065
2011-08-26,Trading activity,-0.035022
2011-08-26,Market correlation,-0.110531
2011-08-26,Short interest,0.036594
2011-09-02,Medium- and long-term return,0.125661
2011-09-02,Short-term return,0.024637
2011-09-02,Volatility,0.214637
2011-09-02,Size,0.087209
2011-09-02,Trading activity,0.008485
2011-09-02,Market correlation,-0.037690
2011-09-02,Short interest,0.022577
2011-09-12,Medium- and long-term return,0.074386
2011-09-12,Short-term return,0.004956
2011-09-12,Volatility,0.192071
2011-09-12,Size,0.139678
2011-09-12,Trading activity,0.098970
2011-09-12,Market correlation,0.091743
2011-09-12,Short interest,0.046139
2011-09-19,Medium- and long-term return,-0.015839
2011-09-19,Short-term return,0.025226
2011-09-19,Volatility,0.121592
2011-09-19,Size,0.053833
2011-09-19,Trading activity,0.068807
2011-09-19,Market correlation,0.071152
2011-09-19,Short interest,0.008850
2011-09-26,Medium- and long-term return,-0.099211
2011-09-26,Short-term return,0.148112
2011-09-26,Volatility,0.084656
2011-09-26,Size,0.037400
2011-09-26,Trading activity,0.164567
2011-09-26,Market correlation,0.233744
2011-09-26,Short interest,0.027470
2011-10-03,Medium- and long-term return,-0.037116
2011-10-03,Short-term return,0.152051
2011-10-03,Volatility,-0.060521
2011-10-03,Size,-0.027264
2011-10-03,Trading activity,0.089760
2011-10-03,Market correlation,0.186611
2011-10-03,Short interest,0.062186
2011-10-10,Medium- and long-term return,-0.081753
2011-10-10,Short-term return,0.123468
2011-10-10,Volatility,-0.055477
2011-10-10,Size,-0.086137
2011-10-10,Trading activity,0.016971
2011-10-10,Market correlation,0.054051
2011-10-10,Short interest,0.056503
2011-10-17,Medium- and long-term return,-0.060024
2011-10-17,Short-term return,0.045430
2011-10-17,Volatility,0.023065
2011-10-17,Size,-0.011937
2011-10-17,Trading activity,0.022638
2011-10-17,Market correlation,0.090927
2011-10-17,Short interest,0.027913
2011-10-24,Medium- and long-term return,-0.057279
2011-10-24,Short-term return,0.079287
2011-10-24,Volatility,-0.002371
2011-10-24,Size,-0.096943
2011-10-24,Trading activity,-0.037099
2011-10-24,Market correlation,-0.037782
2011-10-24,Short interest,-0.015410
2011-10-31,Medium- and long-term return,0.132807
2011-10-31,Short-term return,0.088503
2011-10-31,Volatility,0.162269
2011-10-31,Size,-0.045108
2011-10-31,Trading activity,-0.094017
2011-10-31,Market correlation,-0.038665
2011-10-31,Short interest,-0.037661
2011-11-07,Medium- and long-term return,0.124442
2011-11-07,Short-term return,0.016698
2011-11-07,Volatility,0.153280
2011-11-07,Size,0.054979
2011-11-07,Trading activity,-0.014754
2011-11-07,Market correlation,0.076860
2011-11-07,Short interest,-0.027558
2011-11-14,Medium- and long-term return,0.145354
2011-11-14,Short-term return,-0.003399
2011-11-14,Volatility,0.206895
2011-11-14,Size,0.029614
2011-11-14,Trading activity,0.020792
2011-11-14,Market correlation,0.012297
2011-11-14,Short interest,-0.043974
2011-11-21,Medium- and long-term return,0.221700
2011-11-21,Short-term return,-0.078909
2011-11-21,Volatility,0.325106
2011-11-21,Size,0.145989
2011-11-21,Trading activity,0.095147
2011-11-21,Market correlation,0.082790
2011-11-21,Short interest,0.004710
2011-11-29,Medium- and long-term return,0.135621
2011-11-29,Short-term return,-0.000967
2011-11-29,Volatility,0.289526
2011-11-29,Size,0.130476
2011-11-29,Trading activity,0.114261
2011-11-29,Market correlation,0.068033
2011-11-29,Short interest,0.012276
2011-12-06,Medium- and long-term return,0.089660
2011-12-06,Short-term return,0.028453
2011-12-06,Volatility,0.178344
2011-12-06,Size,0.099756
2011-12-06,Trading activity,0.043823
2011-12-06,Market correlation,0.048620
2011-12-06,Short interest,0.058907
2011-12-13,Medium- and long-term return,-0.059615
2011-12-13,Short-term return,-0.000302
2011-12-13,Volatility,0.017252
2011-12-13,Size,0.104826
2011-12-13,Trading activity,0.078211
2011-12-13,Market correlation,0.188988
2011-12-13,Short interest,0.058419
2011-12-20,Medium- and long-term return,-0.132515
2011-12-20,Short-term return,0.018002
2011-12-20,Volatility,-0.083716
2011-12-20,Size,0.072286
2011-12-20,Trading activity,0.090236
2011-12-20,Market correlation,0.197616
2011-12-20,Short interest,0.054233
2011-12-28,Medium- and long-term return,-0.223752
2011-12-28,Short-term return,0.159377
2011-12-28,Volatility,-0.181846
2011-12-28,Size,-0.014545
2011-12-28,Trading activity,0.102414
2011-12-28,Market correlation,0.161304
2011-12-28,Short interest,0.017343
2012-01-05,Medium- and long-term return,-0.113180
2012-01-05,Short-term return,0.009028
2012-01-05,Volatility,-0.084864
2012-01-05,Size,-0.038612
2012-01-05,Trading activity,0.089098
2012-01-05,Market correlation,0.071672
2012-01-05,Short interest,0.009779
2012-01-12,Medium- and long-term return,-0.045878
2012-01-12,Short-term return,0.020722
2012-01-12,Volatility,-0.064781
2012-01-12,Size,-0.063250
2012-01-12,Trading activity,0.081468
2012-01-12,Market correlation,-0.002525
2012-01-12,Short interest,0.027398
2012-01-20,Medium- and long-term return,-0.070571
2012-01-20,Short-term return,0.013422
2012-01-20,Volatility,-0.079665
2012-01-20,Size,-0.088569
2012-01-20,Trading activity,0.038598
2012-01-20,Market correlation,-0.012960
2012-01-20,Short interest,0.007368
2012-01-27,Medium- and long-term return,0.040961
2012-01-27,Short-term return,0.042645
2012-01-27,Volatility,0.006803
2012-01-27,Size,0.009721
2012-01-27,Trading activity,0.021280
2012-01-27,Market correlation,0.001730
2012-01-27,Short interest,0.044499
2012-02-03,Medium- and long-term return,0.125781
2012-02-03,Short-term return,0.073240
2012-02-03,Volatility,0.120607
2012-02-03,Size,0.027755
2012-02-03,Trading activity,0.017126
2012-02-03,Market correlation,-0.040803
2012-02-03,Short interest,0.026360
2012-02-10,Medium- and long-term return,0.175557
2012-02-10,Short-term return,0.037389
2012-02-10,Volatility,0.192760
2012-02-10,Size,0.070117
2012-02-10,Trading activity,0.042913
2012-02-10,Market correlation,0.013577
2012-02-10,Short interest,0.011940
2012-02-17,Medium- and long-term return,0.168367
2012-02-17,Short-term return,0.096339
2012-02-17,Volatility,0.165588
2012-02-17,Size,0.147460
2012-02-17,Trading activity,0.045056
2012-02-17,Market correlation,0.050742
2012-02-17,Short interest,0.032301
2012-02-27,Medium- and long-term return,0.221172
2012-02-27,Short-term return,-0.042220
2012-02-27,Volatility,0.217313
2012-02-27,Size,0.180159
2012-02-27,Trading activity,0.008509
2012-02-27,Market correlation,0.045225
2012-02-27,Short interest,0.071886
2012-03-05,Medium- and long-term return,0.168480
2012-03-05,Short-term return,-0.072046
2012-03-05,Volatility,0.204952
2012-03-05,Size,0.191694
2012-03-05,Trading activity,0.016166
2012-03-05,Market correlation,0.075587
2012-03-05,Short interest,0.071768
2012-03-12,Medium- and long-term return,0.156795
2012-03-12,Short-term return,-0.065542
2012-03-12,Volatility,0.115370
2012-03-12,Size,0.132696
2012-03-12,Trading activity,0.012675
2012-03-12,Market correlation,-0.053112
2012-03-12,Short interest,0.092229
2012-03-19,Medium- and long-term return,0.313465
2012-03-19,Short-term return,0.136484
2012-03-19,Volatility,0.286714
2012-03-19,Size,0.115424
2012-03-19,Trading activity,0.029383
2012-03-19,Market correlation,-0.054230
2012-03-19,Short interest,0.078605
2012-03-26,Medium- and long-term return,0.196581
2012-03-26,Short-term return,0.027866
2012-03-26,Volatility,0.196239
2012-03-26,Size,0.071352
2012-03-26,Trading activity,0.076700
2012-03-26,Market correlation,-0.029710
2012-03-26,Short interest,0.051859
2012-04-02,Medium- and long-term return,0.198147
2012-04-02,Short-term return,-0.040114
2012-04-02,Volatility,0.146401
2012-04-02,Size,0.027518
2012-04-02,Trading activity,0.070573
2012-04-02,Market correlation,-0.018469
2012-04-02,Short interest,0.058021
2012-04-10,Medium- and long-term return,0.184455
2012-04-10,Short-term return,-0.081882
2012-04-10,Volatility,0.228397
2012-04-10,Size,0.033852
2012-04-10,Trading activity,0.078139
2012-04-10,Market correlation,0.030927
2012-04-10,Short interest,0.078313
2012-04-17,Medium- and long-term return,0.197416
2012-04-17,Short-term return,-0.109672
2012-04-17,Volatility,0.175445
2012-04-17,Size,-0.070602
2012-04-17,Trading activity,0.033208
2012-04-17,Market correlation,-0.095095
2012-04-17,Short interest,0.019784
2012-04-24,Medium- and long-term return,0.247063
2012-04-24,Short-term return,-0.087780
2012-04-24,Volatility,0.154115
2012-04-24,Size,-0.041176
2012-04-24,Trading activity,0.051630
2012-04-24,Market correlation,-0.110107
2012-04-24,Short interest,0.031971
2012-05-01,Medium- and long-term return,0.183845
2012-05-01,Short-term return,-0.008051
2012-05-01,Volatility,0.066773
2012-05-01,Size,-0.109817
2012-05-01,Trading activity,-0.019208
2012-05-01,Market correlation,-0.165379
2012-05-01,Short interest,-0.053292
2012-05-08,Medium- and long-term return,0.112878
2012-05-08,Short-term return,-0.024180
2012-05-08,Volatility,0.063131
2012-05-08,Size,0.023513
2012-05-08,Trading activity,0.006774
2012-05-08,Market correlation,-0.109795
2012-05-08,Short interest,-0.000794
2012-05-15,Medium- and long-term return,0.115671
2012-05-15,Short-term return,-0.043619
2012-05-15,Volatility,0.129590
2012-05-15,Size,0.185398
2012-05-15,Trading activity,0.062550
2012-05-15,Market correlation,-0.006423
2012-05-15,Short interest,0.077993
2012-05-22,Medium- and long-term return,0.095150
2012-05-22,Short-term return,-0.035571
2012-05-22,Volatility,0.144518
2012-05-22,Size,0.177618
2012-05-22,Trading activity,0.013834
2012-05-22,Market correlation,0.032284
2012-05-22,Short interest,0.096183
2012-05-30,Medium- and long-term return,0.077960
2012-05-30,Short-term return,-0.068350
2012-05-30,Volatility,0.142033
2012-05-30,Size,0.116452
2012-05-30,Trading activity,-0.015261
2012-05-30,Market correlation,-0.061577
2012-05-30,Short interest,0.027760
2012-06-06,Medium- and long-term return,0.148664
2012-06-06,Short-term return,0.009236
2012-06-06,Volatility,0.130828
2012-06-06,Size,0.070689
2012-06-06,Trading activity,-0.016860
2012-06-06,Market correlation,0.004758
2012-06-06,Short interest,-0.005186
2012-06-13,Medium- and long-term return,0.132310
2012-06-13,Short-term return,-0.055122
2012-06-13,Volatility,0.118109
2012-06-13,Size,-0.009720
2012-06-13,Trading activity,-0.011609
2012-06-13,Market correlation,-0.095971
2012-06-13,Short interest,0.006128
2012-06-20,Medium- and long-term return,0.153359
2012-06-20,Short-term return,0.080597
2012-06-20,Volatility,0.182117
2012-06-20,Size,0.074648
2012-06-20,Trading activity,0.031195
2012-06-20,Market correlation,-0.012628
2012-06-20,Short interest,0.062043
2012-06-27,Medium- and long-term return,0.154206
2012-06-27,Short-term return,0.091541
2012-06-27,Volatility,0.168154
2012-06-27,Size,0.131458
2012-06-27,Trading activity,0.104849
2012-06-27,Market correlation,0.080244
2012-06-27,Short interest,0.112317
2012-07-05,Medium- and long-term return,0.094609
2012-07-05,Short-term return,0.046388
2012-07-05,Volatility,0.107532
2012-07-05,Size,0.141922
2012-07-05,Trading activity,0.035398
2012-07-05,Market correlation,0.050266
2012-07-05,Short interest,0.100612
2012-07-12,Medium- and long-term return,-0.129860
2012-07-12,Short-term return,0.143971
2012-07-12,Volatility,-0.063173
2012-07-12,Size,0.128992
2012-07-12,Trading activity,0.050013
2012-07-12,Market correlation,0.155515
2012-07-12,Short interest,0.082163
2012-07-19,Medium- and long-term return,-0.124799
2012-07-19,Short-term return,0.005838
2012-07-19,Volatility,-0.100639
2012-07-19,Size,0.051897
2012-07-19,Trading activity,0.034533
2012-07-19,Market correlation,0.089986
2012-07-19,Short interest,0.063165
2012-07-26,Medium- and long-term return,-0.170449
2012-07-26,Short-term return,0.102223
2012-07-26,Volatility,-0.120727
2012-07-26,Size,0.016929
2012-07-26,Trading activity,0.010402
2012-07-26,Market correlation,0.079598
2012-07-26,Short interest,0.072755
2012-08-02,Medium- and long-term return,-0.122040
2012-08-02,Short-term return,0.101267
2012-08-02,Volatility,-0.111647
2012-08-02,Size,-0.041134
2012-08-02,Trading activity,0.016656
2012-08-02,Market correlation,0.033666
2012-08-02,Short interest,0.040402
2012-08-09,Medium- and long-term return,0.056731
2012-08-09,Short-term return,0.013039
2012-08-09,Volatility,-0.008368
2012-08-09,Size,-0.012125
2012-08-09,Trading activity,-0.000300
2012-08-09,Market correlation,0.043425
2012-08-09,Short interest,0.032707
2012-08-16,Medium- and long-term return,-0.092701
2012-08-16,Short-term return,-0.028899
2012-08-16,Volatility,-0.096361
2012-08-16,Size,-0.054064
2012-08-16,Trading activity,-0.000641
2012-08-16,Market correlation,0.083019
2012-08-16,Short interest,-0.007869
2012-08-23,Medium- and long-term return,0.048873
2012-08-23,Short-term return,0.019571
2012-08-23,Volatility,0.040577
2012-08-23,Size,0.013586
2012-08-23,Trading activity,-0.031292
2012-08-23,Market correlation,0.040200
2012-08-23,Short interest,-0.004536
2012-08-30,Medium- and long-term return,0.048841
2012-08-30,Short-term return,-0.054628
2012-08-30,Volatility,0.069743
2012-08-30,Size,0.024669
2012-08-30,Trading activity,-0.062937
2012-08-30,Market correlation,0.027613
2012-08-30,Short interest,-0.024238
2012-09-07,Medium- and long-term return,0.132501
2012-09-07,Short-term return,0.055035
2012-09-07,Volatility,0.128035
2012-09-07,Size,0.078085
2012-09-07,Trading activity,-0.059488
2012-09-07,Market correlation,-0.040581
2012-09-07,Short interest,0.029780
2012-09-14,Medium- and long-term return,0.087157
2012-09-14,Short-term return,0.186717
2012-09-14,Volatility,0.098055
2012-09-14,Size,0.010320
2012-09-14,Trading activity,-0.008015
2012-09-14,Market correlation,-0.179205
2012-09-14,Short interest,0.005858
2012-09-21,Medium- and long-term return,-0.008413
2012-09-21,Short-term return,0.074918
2012-09-21,Volatility,0.042722
2012-09-21,Size,0.051616
2012-09-21,Trading activity,0.017362
2012-09-21,Market correlation,-0.034806
2012-09-21,Short interest,0.018757
2012-09-28,Medium- and long-term return,-0.063956
2012-09-28,Short-term return,0.032461
2012-09-28,Volatility,0.000375
2012-09-28,Size,-0.013740
2012-09-28,Trading activity,-0.010805
2012-09-28,Market correlation,-0.029874
2012-09-28,Short interest,-0.002024
2012-10-05,Medium- and long-term return,-0.145565
2012-10-05,Short-term return,0.037067
2012-10-05,Volatility,-0.014903
2012-10-05,Size,-0.095519
2012-10-05,Trading activity,0.010567
2012-10-05,Market correlation,0.037561
2012-10-05,Short interest,-0.062922
2012-10-12,Medium- and long-term return,-0.028501
2012-10-12,Short-term return,0.086533
2012-10-12,Volatility,0.020082
2012-10-12,Size,-0.071340
2012-10-12,Trading activity,-0.000243
2012-10-12,Market correlation,0.030049
2012-10-12,Short interest,-0.028496
2012-10-19,Medium- and long-term return,0.018354
2012-10-19,Short-term return,0.114585
2012-10-19,Volatility,-0.002339
2012-10-19,Size,-0.143472
2012-10-19,Trading activity,-0.006970
2012-10-19,Market correlation,-0.005537
2012-10-19,Short interest,-0.043302
2012-10-26,Medium- and long-term return,-0.008844
2012-10-26,Short-term return,0.005526
2012-10-26,Volatility,-0.014247
2012-10-26,Size,-0.076359
2012-10-26,Trading activity,-0.010925
2012-10-26,Market correlation,0.000035
2012-10-26,Short interest,-0.000243
2012-11-06,Medium- and long-term return,0.015767
2012-11-06,Short-term return,0.032428
2012-11-06,Volatility,-0.003637
2012-11-06,Size,-0.040046
2012-11-06,Trading activity,0.004712
2012-11-06,Market correlation,-0.030145
2012-11-06,Short interest,0.031381
2012-11-13,Medium- and long-term return,-0.132689
2012-11-13,Short-term return,0.087457
2012-11-13,Volatility,-0.001180
2012-11-13,Size,0.055970
2012-11-13,Trading activity,0.023826
2012-11-13,Market correlation,0.107246
2012-11-13,Short interest,0.049886
2012-11-20,Medium- and long-term return,-0.234432
2012-11-20,Short-term return,0.135959
2012-11-20,Volatility,-0.044763
2012-11-20,Size,0.028786
2012-11-20,Trading activity,0.033411
2012-11-20,Market correlation,0.118801
2012-11-20,Short interest,0.021351
2012-11-28,Medium- and long-term return,-0.194436
2012-11-28,Short-term return,0.043378
2012-11-28,Volatility,-0.081994
2012-11-28,Size,0.038974
2012-11-28,Trading activity,0.040539
2012-11-28,Market correlation,0.126526
2012-11-28,Short interest,0.023272
2012-12-05,Medium- and long-term return,-0.155362
2012-12-05,Short-term return,0.048609
2012-12-05,Volatility,-0.044764
2012-12-05,Size,0.043412
2012-12-05,Trading activity,0.020559
2012-12-05,Market correlation,0.181580
2012-12-05,Short interest,0.053648
2012-12-12,Medium- and long-term return,-0.038766
2012-12-12,Short-term return,-0.010972
2012-12-12,Volatility,0.017878
2012-12-12,Size,-0.001364
2012-12-12,Trading activity,0.009091
2012-12-12,Market correlation,0.154688
2012-12-12,Short interest,0.063545
2012-12-19,Medium- and long-term return,0.047135
2012-12-19,Short-term return,-0.058125
2012-12-19,Volatility,0.104401
2012-12-19,Size,0.003850
2012-12-19,Trading activity,-0.006690
2012-12-19,Market correlation,0.156584
2012-12-19,Short interest,0.088951
2012-12-27,Medium- and long-term return,0.021531
2012-12-27,Short-term return,0.032378
2012-12-27,Volatility,0.096963
2012-12-27,Size,-0.037734
2012-12-27,Trading activity,0.003810
2012-12-27,Market correlation,0.124737
2012-12-27,Short interest,0.053210
2013-01-04,Medium- and long-term return,0.067132
2013-01-04,Short-term return,0.031302
2013-01-04,Volatility,0.121592
2013-01-04,Size,-0.030157
2013-01-04,Trading activity,0.039352
2013-01-04,Market correlation,0.054503
2013-01-04,Short interest,0.041914
2013-01-11,Medium- and long-term return,0.019487
2013-01-11,Short-term return,0.067762
2013-01-11,Volatility,0.132388
2013-01-11,Size,-0.044531
2013-01-11,Trading activity,0.048496
2013-01-11,Market correlation,0.065969
2013-01-11,Short interest,0.003468
2013-01-18,Medium- and long-term return,0.037269
2013-01-18,Short-term return,-0.057998
2013-01-18,Volatility,0.119056
2013-01-18,Size,-0.055729
2013-01-18,Trading activity,0.041171
2013-01-18,Market correlation,0.111150
2013-01-18,Short interest,-0.006790
2013-01-28,Medium- and long-term return,0.053006
2013-01-28,Short-term return,0.039468
2013-01-28,Volatility,0.151913
2013-01-28,Size,-0.030723
2013-01-28,Trading activity,0.061213
2013-01-28,Market correlation,-0.043515
2013-01-28,Short interest,-0.016977
2013-02-04,Medium- and long-term return,0.166248
2013-02-04,Short-term return,-0.022607
2013-02-04,Volatility,0.220716
2013-02-04,Size,0.103119
2013-02-04,Trading activity,0.095221
2013-02-04,Market correlation,0.042370
2013-02-04,Short interest,0.049119
2013-02-11,Medium- and long-term return,0.122563
2013-02-11,Short-term return,-0.027584
2013-02-11,Volatility,0.102766
2013-02-11,Size,0.061037
2013-02-11,Trading activity,0.046599
2013-02-11,Market correlation,0.033659
2013-02-11,Short interest,0.018941
2013-02-19,Medium- and long-term return,0.082060
2013-02-19,Short-term return,0.069566
2013-02-19,Volatility,0.091515
2013-02-19,Size,-0.021947
2013-02-19,Trading activity,0.046681
2013-02-19,Market correlation,-0.088848
2013-02-19,Short interest,-0.007031
2013-02-26,Medium- and long-term return,0.169036
2013-02-26,Short-term return,-0.105599
2013-02-26,Volatility,0.138480
2013-02-26,Size,0.024434
2013-02-26,Trading activity,0.039068
2013-02-26,Market correlation,0.051543
2013-02-26,Short interest,0.015001
2013-03-05,Medium- and long-term return,0.004555
2013-03-05,Short-term return,0.048533
2013-03-05,Volatility,0.197934
2013-03-05,Size,0.028380
2013-03-05,Trading activity,0.045124
2013-03-05,Market correlation,-0.076545
2013-03-05,Short interest,-0.013802
2013-03-12,Medium- and long-term return,0.055118
2013-03-12,Short-term return,0.051966
2013-03-12,Volatility,0.235236
2013-03-12,Size,0.065200
2013-03-12,Trading activity,0.115138
2013-03-12,Market correlation,-0.101123
2013-03-12,Short interest,-0.023558
2013-03-19,Medium- and long-term return,0.065084
2013-03-19,Short-term return,0.026210
2013-03-19,Volatility,0.202544
2013-03-19,Size,0.146460
2013-03-19,Trading activity,0.088112
2013-03-19,Market correlation,-0.108991
2013-03-19,Short interest,-0.006236
2013-03-26,Medium- and long-term return,0.030355
2013-03-26,Short-term return,0.001084
2013-03-26,Volatility,0.120479
2013-03-26,Size,0.149781
2013-03-26,Trading activity,0.101932
2013-03-26,Market correlation,-0.087595
2013-03-26,Short interest,0.020280
2013-04-03,Medium- and long-term return,-0.043668
2013-04-03,Short-term return,-0.106338
2013-04-03,Volatility,0.004806
2013-04-03,Size,0.041168
2013-04-03,Trading activity,-0.029352
2013-04-03,Market correlation,-0.102594
2013-04-03,Short interest,-0.025390
2013-04-10,Medium- and long-term return,-0.024384
2013-04-10,Short-term return,0.069064
2013-04-10,Volatility,0.037519
2013-04-10,Size,0.015541
2013-04-10,Trading activity,0.052320
2013-04-10,Market correlation,0.022268
2013-04-10,Short interest,-0.013943
2013-04-17,Medium- and long-term return,-0.007444
2013-04-17,Short-term return,0.075492
2013-04-17,Volatility,0.055526
2013-04-17,Size,0.050861
2013-04-17,Trading activity,0.081304
2013-04-17,Market correlation,0.171835
2013-04-17,Short interest,0.004142
2013-04-24,Medium- and long-term return,-0.131408
2013-04-24,Short-term return,0.091816
2013-04-24,Volatility,0.004342
2013-04-24,Size,0.026361
2013-04-24,Trading activity,0.037560
2013-04-24,Market correlation,0.133055
2013-04-24,Short interest,-0.019201
2013-05-01,Medium- and long-term return,-0.103140
2013-05-01,Short-term return,0.081483
2013-05-01,Volatility,-0.061604
2013-05-01,Size,0.013038
2013-05-01,Trading activity,-0.000384
2013-05-01,Market correlation,0.196698
2013-05-01,Short interest,-0.009306
2013-05-08,Medium- and long-term return,-0.118519
2013-05-08,Short-term return,0.047084
2013-05-08,Volatility,-0.056450
2013-05-08,Size,-0.028853
2013-05-08,Trading activity,-0.045101
2013-05-08,Market correlation,-0.020900
2013-05-08,Short interest,-0.055689
2013-05-15,Medium- and long-term return,-0.138578
2013-05-15,Short-term return,0.011965
2013-05-15,Volatility,-0.054655
2013-05-15,Size,-0.032209
2013-05-15,Trading activity,-0.020668
2013-05-15,Market correlation,-0.030698
2013-05-15,Short interest,-0.050019
2013-05-22,Medium- and long-term return,-0.025826
2013-05-22,Short-term return,0.025152
2013-05-22,Volatility,-0.047884
2013-05-22,Size,-0.076821
2013-05-22,Trading activity,-0.061943
2013-05-22,Market correlation,-0.067425
2013-05-22,Short interest,-0.035354
2013-05-30,Medium- and long-term return,0.036153
2013-05-30,Short-term return,0.024771
2013-05-30,Volatility,0.106473
2013-05-30,Size,-0.037225
2013-05-30,Trading activity,-0.024418
2013-05-30,Market correlation,-0.071169
2013-05-30,Short interest,-0.043611
2013-06-06,Medium- and long-term return,0.110161
2013-06-06,Short-term return,-0.008059
2013-06-06,Volatility,0.139270
2013-06-06,Size,-0.063195
2013-06-06,Trading activity,-0.048085
2013-06-06,Market correlation,0.029500
2013-06-06,Short interest,-0.027965
2013-06-13,Medium- and long-term return,0.143681
2013-06-13,Short-term return,-0.000146
2013-06-13,Volatility,0.170435
2013-06-13,Size,-0.049251
2013-06-13,Trading activity,-0.006406
2013-06-13,Market correlation,0.069358
2013-06-13,Short interest,-0.013392
2013-06-20,Medium- and long-term return,0.123583
2013-06-20,Short-term return,0.010900
2013-06-20,Volatility,0.261036
2013-06-20,Size,0.046065
2013-06-20,Trading activity,0.038937
2013-06-20,Market correlation,0.218498
2013-06-20,Short interest,0.013064
2013-06-27,Medium- and long-term return,0.030284
2013-06-27,Short-term return,0.089021
2013-06-27,Volatility,0.136274
2013-06-27,Size,0.049903
2013-06-27,Trading activity,0.013868
2013-06-27,Market correlation,0.164263
2013-06-27,Short interest,0.011579
2013-07-05,Medium- and long-term return,0.022680
2013-07-05,Short-term return,0.045706
2013-07-05,Volatility,0.061471
2013-07-05,Size,0.088042
2013-07-05,Trading activity,0.039506
2013-07-05,Market correlation,0.129481
2013-07-05,Short interest,0.055049
2013-07-12,Medium- and long-term return,-0.008244
2013-07-12,Short-term return,0.051145
2013-07-12,Volatility,-0.012449
2013-07-12,Size,0.012315
2013-07-12,Trading activity,-0.022649
2013-07-12,Market correlation,0.067311
2013-07-12,Short interest,-0.039017
2013-07-19,Medium- and long-term return,-0.004996
2013-07-19,Short-term return,-0.045599
2013-07-19,Volatility,-0.086893
2013-07-19,Size,-0.074476
2013-07-19,Trading activity,-0.076385
2013-07-19,Market correlation,-0.014867
2013-07-19,Short interest,-0.114262
2013-07-26,Medium- and long-term return,0.008765
2013-07-26,Short-term return,-0.065610
2013-07-26,Volatility,-0.090609
2013-07-26,Size,-0.103935
2013-07-26,Trading activity,-0.064525
2013-07-26,Market correlation,-0.034456
2013-07-26,Short interest,-0.123222
2013-08-02,Medium- and long-term return,-0.130507
2013-08-02,Short-term return,-0.012038
2013-08-02,Volatility,-0.196137
2013-08-02,Size,-0.101923
2013-08-02,Trading activity,-0.068716
2013-08-02,Market correlation,-0.174197
2013-08-02,Short interest,-0.117286
2013-08-09,Medium- and long-term return,-0.093670
2013-08-09,Short-term return,-0.021324
2013-08-09,Volatility,-0.181722
2013-08-09,Size,-0.028294
2013-08-09,Trading activity,-0.053832
2013-08-09,Market correlation,-0.041451
2013-08-09,Short interest,-0.022274
2013-08-16,Medium- and long-term return,-0.000138
2013-08-16,Short-term return,0.059333
2013-08-16,Volatility,0.008920
2013-08-16,Size,0.125715
2013-08-16,Trading activity,0.052731
2013-08-16,Market correlation,0.066473
2013-08-16,Short interest,0.039237
2013-08-23,Medium- and long-term return,-0.046963
2013-08-23,Short-term return,0.017198
2013-08-23,Volatility,0.060019
2013-08-23,Size,0.127123
2013-08-23,Trading activity,0.066293
2013-08-23,Market correlation,0.091697
2013-08-23,Short interest,0.042741
2013-08-30,Medium- and long-term return,0.143744
2013-08-30,Short-term return,-0.048921
2013-08-30,Volatility,0.075465
2013-08-30,Size,-0.018033
2013-08-30,Trading activity,0.011608
2013-08-30,Market correlation,0.120717
2013-08-30,Short interest,0.031926
2013-09-09,Medium- and long-term return,0.105684
2013-09-09,Short-term return,-0.070271
2013-09-09,Volatility,0.027202
2013-09-09,Size,-0.100359
2013-09-09,Trading activity,-0.020403
2013-09-09,Market correlation,-0.044686
2013-09-09,Short interest,0.004010
2013-09-16,Medium- and long-term return,0.113260
2013-09-16,Short-term return,0.007956
2013-09-16,Volatility,0.058278
2013-09-16,Size,-0.108340
2013-09-16,Trading activity,-0.021338
2013-09-16,Market correlation,0.014703
2013-09-16,Short interest,0.021317
2013-09-23,Medium- and long-term return,0.149410
2013-09-23,Short-term return,-0.011154
2013-09-23,Volatility,0.043723
2013-09-23,Size,-0.047854
2013-09-23,Trading activity,0.062778
2013-09-23,Market correlation,0.063244
2013-09-23,Short interest,0.045057
2013-09-30,Medium- and long-term return,-0.016702
2013-09-30,Short-term return,0.036667
2013-09-30,Volatility,0.130075
2013-09-30,Size,0.061816
2013-09-30,Trading activity,0.090159
2013-09-30,Market correlation,0.094873
2013-09-30,Short interest,0.061825
2013-10-07,Medium- and long-term return,0.033626
2013-10-07,Short-term return,0.058810
2013-10-07,Volatility,0.174680
2013-10-07,Size,0.100229
2013-10-07,Trading activity,0.143668
2013-10-07,Market correlation,0.165677
2013-10-07,Short interest,0.064996
2013-10-14,Medium- and long-term return,0.013909
2013-10-14,Short-term return,0.004256
2013-10-14,Volatility,0.107806
2013-10-14,Size,0.079474
2013-10-14,Trading activity,0.076483
2013-10-14,Market correlation,0.087007
2013-10-14,Short interest,0.045559
2013-10-21,Medium- and long-term return,-0.046651
2013-10-21,Short-term return,0.111928
2013-10-21,Volatility,0.128552
2013-10-21,Size,0.095667
2013-10-21,Trading activity,0.122358
2013-10-21,Market correlation,0.078437
2013-10-21,Short interest,0.021364
2013-10-28,Medium- and long-term return,0.024477
2013-10-28,Short-term return,0.083111
2013-10-28,Volatility,0.108971
2013-10-28,Size,0.091842
2013-10-28,Trading activity,0.066583
2013-10-28,Market correlation,0.038068
2013-10-28,Short interest,0.029760
2013-11-04,Medium- and long-term return,0.006311
2013-11-04,Short-term return,0.020909
2013-11-04,Volatility,0.069011
2013-11-04,Size,0.063345
2013-11-04,Trading activity,-0.013809
2013-11-04,Market correlation,-0.007698
2013-11-04,Short interest,0.023168
2013-11-11,Medium- and long-term return,0.010923
2013-11-11,Short-term return,0.049188
2013-11-11,Volatility,0.013953
2013-11-11,Size,0.018729
2013-11-11,Trading activity,0.008286
2013-11-11,Market correlation,0.027559
2013-11-11,Short interest,0.041798
2013-11-18,Medium- and long-term return,0.014101
2013-11-18,Short-term return,0.007116
2013-11-18,Volatility,-0.118747
2013-11-18,Size,-0.075037
2013-11-18,Trading activity,-0.055603
2013-11-18,Market correlation,-0.013229
2013-11-18,Short interest,0.022157
2013-11-25,Medium- and long-term return,0.014084
2013-11-25,Short-term return,0.003322
2013-11-25,Volatility,-0.040790
2013-11-25,Size,-0.012173
2013-11-25,Trading activity,-0.006924
2013-11-25,Market correlation,0.104891
2013-11-25,Short interest,0.009775
2013-12-03,Medium- and long-term return,-0.025189
2013-12-03,Short-term return,0.015640
2013-12-03,Volatility,-0.045138
2013-12-03,Size,0.032291
2013-12-03,Trading activity,-0.020307
2013-12-03,Market correlation,0.108848
2013-12-03,Short interest,0.035388
2013-12-10,Medium- and long-term return,0.074897
2013-12-10,Short-term return,-0.080891
2013-12-10,Volatility,-0.057087
2013-12-10,Size,-0.014490
2013-12-10,Trading activity,-0.046970
2013-12-10,Market correlation,0.078918
2013-12-10,Short interest,0.066764
2013-12-17,Medium- and long-term return,0.022109
2013-12-17,Short-term return,-0.017369
2013-12-17,Volatility,-0.028163
2013-12-17,Size,-0.008418
2013-12-17,Trading activity,-0.017463
2013-12-17,Market correlation,0.078070
2013-12-17,Short interest,0.041750
2013-12-24,Medium- and long-term return,-0.057555
2013-12-24,Short-term return,0.004438
2013-12-24,Volatility,-0.166630
2013-12-24,Size,-0.146782
2013-12-24,Trading activity,-0.138989
2013-12-24,Market correlation,-0.130166
2013-12-24,Short interest,-0.009272
2014-01-02,Medium- and long-term return,0.012260
2014-01-02,Short-term return,0.011773
2014-01-02,Volatility,-0.141421
2014-01-02,Size,-0.104153
2014-01-02,Trading activity,-0.142473
2014-01-02,Market correlation,-0.090588
2014-01-02,Short interest,-0.017079
2014-01-09,Medium- and long-term return,-0.020832
2014-01-09,Short-term return,-0.072608
2014-01-09,Volatility,-0.128468
2014-01-09,Size,-0.033826
2014-01-09,Trading activity,-0.146342
2014-01-09,Market correlation,-0.086590
2014-01-09,Short interest,-0.010081
2014-01-16,Medium- and long-term return,0.012238
2014-01-16,Short-term return,-0.066263
2014-01-16,Volatility,-0.044432
2014-01-16,Size,-0.004106
2014-01-16,Trading activity,-0.070780
2014-01-16,Market correlation,-0.049286
2014-01-16,Short interest,-0.001170
2014-01-24,Medium- and long-term return,0.100205
2014-01-24,Short-term return,-0.050508
2014-01-24,Volatility,-0.052000
2014-01-24,Size,0.080409
2014-01-24,Trading activity,-0.085126
2014-01-24,Market correlation,0.035787
2014-01-24,Short interest,0.040982
2014-01-31,Medium- and long-term return,0.021863
2014-01-31,Short-term return,-0.063802
2014-01-31,Volatility,0.027381
2014-01-31,Size,0.029025
2014-01-31,Trading activity,-0.022030
2014-01-31,Market correlation,0.032030
2014-01-31,Short interest,0.020160
2014-02-07,Medium- and long-term return,0.088156
2014-02-07,Short-term return,0.088370
2014-02-07,Volatility,0.150516
2014-02-07,Size,0.056968
2014-02-07,Trading activity,0.125428
2014-02-07,Market correlation,0.205356
2014-02-07,Short interest,0.018084
2014-02-14,Medium- and long-term return,0.085314
2014-02-14,Short-term return,0.009096
2014-02-14,Volatility,0.077420
2014-02-14,Size,-0.013575
2014-02-14,Trading activity,0.003028
2014-02-14,Market correlation,0.033429
2014-02-14,Short interest,-0.020709
2014-02-24,Medium- and long-term return,-0.114680
2014-02-24,Short-term return,0.161913
2014-02-24,Volatility,0.180997
2014-02-24,Size,0.024112
2014-02-24,Trading activity,0.147210
2014-02-24,Market correlation,0.077438
2014-02-24,Short interest,-0.041940
2014-03-03,Medium- and long-term return,-0.118762
2014-03-03,Short-term return,0.102114
2014-03-03,Volatility,0.242104
2014-03-03,Size,0.115338
2014-03-03,Trading activity,0.169576
2014-03-03,Market correlation,0.135660
2014-03-03,Short interest,-0.015037
2014-03-10,Medium- and long-term return,-0.248401
2014-03-10,Short-term return,0.025908
2014-03-10,Volatility,0.178903
2014-03-10,Size,0.056884
2014-03-10,Trading activity,0.138924
2014-03-10,Market correlation,-0.003111
2014-03-10,Short interest,-0.094822
2014-03-17,Medium- and long-term return,-0.305134
2014-03-17,Short-term return,0.034400
2014-03-17,Volatility,0.198765
2014-03-17,Size,0.082152
2014-03-17,Trading activity,0.187165
2014-03-17,Market correlation,0.021695
2014-03-17,Short interest,-0.060848
2014-03-24,Medium- and long-term return,-0.170341
2014-03-24,Short-term return,0.022961
2014-03-24,Volatility,0.181182
2014-03-24,Size,0.104238
2014-03-24,Trading activity,0.172744
2014-03-24,Market correlation,0.052257
2014-03-24,Short interest,-0.011368
2014-03-31,Medium- and long-term return,-0.176680
2014-03-31,Short-term return,-0.019371
2014-03-31,Volatility,0.160325
2014-03-31,Size,0.135303
2014-03-31,Trading activity,0.138792
2014-03-31,Market correlation,-0.044042
2014-03-31,Short interest,0.001944
2014-04-07,Medium- and long-term return,0.004600
2014-04-07,Short-term return,-0.022903
2014-04-07,Volatility,0.087981
2014-04-07,Size,0.043166
2014-04-07,Trading activity,0.061619
2014-04-07,Market correlation,-0.018284
2014-04-07,Short interest,0.054813
2014-04-14,Medium- and long-term return,0.043175
2014-04-14,Short-term return,-0.017805
2014-04-14,Volatility,0.151256
2014-04-14,Size,0.136657
2014-04-14,Trading activity,0.130379
2014-04-14,Market correlation,0.090077
2014-04-14,Short interest,0.052069
2014-04-22,Medium- and long-term return,-0.015393
2014-04-22,Short-term return,0.057881
2014-04-22,Volatility,0.160888
2014-04-22,Size,0.091490
2014-04-22,Trading activity,0.053452
2014-04-22,Market correlation,-0.035285
2014-04-22,Short interest,0.010090
2014-04-29,Medium- and long-term return,0.096466
2014-04-29,Short-term return,0.052491
2014-04-29,Volatility,0.077921
2014-04-29,Size,0.078871
2014-04-29,Trading activity,0.087979
2014-04-29,Market correlation,0.103755
2014-04-29,Short interest,0.066612
2014-05-06,Medium- and long-term return,0.122711
2014-05-06,Short-term return,-0.000180
2014-05-06,Volatility,0.149458
2014-05-06,Size,0.197265
2014-05-06,Trading activity,0.125812
2014-05-06,Market correlation,0.164516
2014-05-06,Short interest,0.137500
2014-05-13,Medium- and long-term return,0.036599
2014-05-13,Short-term return,0.057771
2014-05-13,Volatility,0.024990
2014-05-13,Size,-0.002261
2014-05-13,Trading activity,0.001921
2014-05-13,Market correlation,0.093940
2014-05-13,Short interest,0.077983
2014-05-20,Medium- and long-term return,0.026034
2014-05-20,Short-term return,0.049688
2014-05-20,Volatility,0.008545
2014-05-20,Size,0.035793
2014-05-20,Trading activity,0.017146
2014-05-20,Market correlation,0.175439
2014-05-20,Short interest,0.099285
2014-05-28,Medium- and long-term return,0.013751
2014-05-28,Short-term return,-0.015312
2014-05-28,Volatility,0.011168
2014-05-28,Size,-0.037716
2014-05-28,Trading activity,-0.028248
2014-05-28,Market correlation,0.049894
2014-05-28,Short interest,0.014585
2014-06-04,Medium- and long-term return,-0.031182
2014-06-04,Short-term return,0.035979
2014-06-04,Volatility,-0.044433
2014-06-04,Size,-0.069059
2014-06-04,Trading activity,-0.082840
2014-06-04,Market correlation,0.010084
2014-06-04,Short interest,-0.048757
2014-06-11,Medium- and long-term return,0.090443
2014-06-11,Short-term return,0.060643
2014-06-11,Volatility,0.107075
2014-06-11,Size,0.117117
2014-06-11,Trading activity,-0.010546
2014-06-11,Market correlation,0.007030
2014-06-11,Short interest,0.008929
2014-06-18,Medium- and long-term return,0.110406
2014-06-18,Short-term return,0.094657
2014-06-18,Volatility,0.140995
2014-06-18,Size,0.201572
2014-06-18,Trading activity,0.061856
2014-06-18,Market correlation,0.038552
2014-06-18,Short interest,0.084570
2014-06-25,Medium- and long-term return,0.088353
2014-06-25,Short-term return,0.009558
2014-06-25,Volatility,0.089206
2014-06-25,Size,0.207117
2014-06-25,Trading activity,0.068197
2014-06-25,Market correlation,0.039340
2014-06-25,Short interest,0.108292
2014-07-02,Medium- and long-term return,-0.067473
2014-07-02,Short-term return,0.008052
2014-07-02,Volatility,-0.013399
2014-07-02,Size,0.152469
2014-07-02,Trading activity,0.049091
2014-07-02,Market correlation,-0.092598
2014-07-02,Short interest,0.031136
2014-07-10,Medium- and long-term return,-0.145343
2014-07-10,Short-term return,0.008252
2014-07-10,Volatility,-0.099342
2014-07-10,Size,0.008821
2014-07-10,Trading activity,0.032156
2014-07-10,Market correlation,-0.159713
2014-07-10,Short interest,-0.054471
2014-07-17,Medium- and long-term return,-0.086524
2014-07-17,Short-term return,0.040299
2014-07-17,Volatility,-0.036774
2014-07-17,Size,-0.004133
2014-07-17,Trading activity,0.011779
2014-07-17,Market correlation,-0.097273
2014-07-17,Short interest,-0.095526
2014-07-24,Medium- and long-term return,-0.113174
2014-07-24,Short-term return,0.083180
2014-07-24,Volatility,0.016443
2014-07-24,Size,-0.018357
2014-07-24,Trading activity,0.054524
2014-07-24,Market correlation,-0.100061
2014-07-24,Short interest,-0.084466
2014-07-31,Medium- and long-term return,-0.006527
2014-07-31,Short-term return,0.109093
2014-07-31,Volatility,0.070830
2014-07-31,Size,0.035504
2014-07-31,Trading activity,0.094689
2014-07-31,Market correlation,0.044703
2014-07-31,Short interest,0.002565
2014-08-07,Medium- and long-term return,0.137001
2014-08-07,Short-term return,0.031350
2014-08-07,Volatility,0.169240
2014-08-07,Size,0.199691
2014-08-07,Trading activity,0.088987
2014-08-07,Market correlation,0.179568
2014-08-07,Short interest,0.089831
2014-08-14,Medium- and long-term return,0.050253
2014-08-14,Short-term return,-0.008859
2014-08-14,Volatility,-0.053072
2014-08-14,Size,0.022307
2014-08-14,Trading activity,-0.094650
2014-08-14,Market correlation,-0.009108
2014-08-14,Short interest,0.068233
2014-08-21,Medium- and long-term return,0.129208
2014-08-21,Short-term return,-0.089032
2014-08-21,Volatility,-0.032387
2014-08-21,Size,0.136697
2014-08-21,Trading activity,-0.048294
2014-08-21,Market correlation,0.006586
2014-08-21,Short interest,0.090063
2014-08-28,Medium- and long-term return,0.147574
2014-08-28,Short-term return,-0.043157
2014-08-28,Volatility,-0.016135
2014-08-28,Size,0.183971
2014-08-28,Trading activity,-0.027366
2014-08-28,Market correlation,0.007949
2014-08-28,Short interest,0.099112
2014-09-05,Medium- and long-term return,0.119620
2014-09-05,Short-term return,-0.078041
2014-09-05,Volatility,-0.046498
2014-09-05,Size,0.120337
2014-09-05,Trading activity,-0.042108
2014-09-05,Market correlation,-0.073025
2014-09-05,Short interest,0.003829
2014-09-12,Medium- and long-term return,0.098417
2014-09-12,Short-term return,0.003637
2014-09-12,Volatility,0.139874
2014-09-12,Size,0.245797
2014-09-12,Trading activity,0.141249
2014-09-12,Market correlation,-0.067772
2014-09-12,Short interest,0.029543
2014-09-19,Medium- and long-term return,-0.024071
2014-09-19,Short-term return,0.078828
2014-09-19,Volatility,0.046061
2014-09-19,Size,0.012756
2014-09-19,Trading activity,0.092660
2014-09-19,Market correlation,-0.144213
2014-09-19,Short interest,-0.073778
2014-09-26,Medium- and long-term return,-0.025763
2014-09-26,Short-term return,-0.001286
2014-09-26,Volatility,0.138148
2014-09-26,Size,0.009129
2014-09-26,Trading activity,0.078481
2014-09-26,Market correlation,-0.064500
2014-09-26,Short interest,-0.049518
2014-10-03,Medium- and long-term return,0.003553
2014-10-03,Short-term return,-0.023038
2014-10-03,Volatility,0.185980
2014-10-03,Size,0.044882
2014-10-03,Trading activity,0.086754
2014-10-03,Market correlation,0.019764
2014-10-03,Short interest,-0.023209
2014-10-10,Medium- and long-term return,0.027465
2014-10-10,Short-term return,0.017443
2014-10-10,Volatility,0.143002
2014-10-10,Size,0.045012
2014-10-10,Trading activity,0.074309
2014-10-10,Market correlation,0.137461
2014-10-10,Short interest,-0.012783
2014-10-17,Medium- and long-term return,0.164539
2014-10-17,Short-term return,0.072617
2014-10-17,Volatility,0.198847
2014-10-17,Size,0.170261
2014-10-17,Trading activity,0.057536
2014-10-17,Market correlation,0.182348
2014-10-17,Short interest,0.091931
2014-10-24,Medium- and long-term return,0.116257
2014-10-24,Short-term return,-0.007763
2014-10-24,Volatility,0.185959
2014-10-24,Size,0.178224
2014-10-24,Trading activity,0.077395
2014-10-24,Market correlation,0.176560
2014-10-24,Short interest,0.099633
2014-10-31,Medium- and long-term return,0.159623
2014-10-31,Short-term return,-0.046270
2014-10-31,Volatility,0.229651
2014-10-31,Size,0.175423
2014-10-31,Trading activity,0.048398
2014-10-31,Market correlation,0.081408
2014-10-31,Short interest,0.114659
2014-11-07,Medium- and long-term return,0.241162
2014-11-07,Short-term return,0.000109
2014-11-07,Volatility,0.203944
2014-11-07,Size,0.184077
2014-11-07,Trading activity,0.056546
2014-11-07,Market correlation,0.143647
2014-11-07,Short interest,0.131942
2014-11-14,Medium- and long-term return,0.203859
2014-11-14,Short-term return,-0.010352
2014-11-14,Volatility,0.132038
2014-11-14,Size,0.123195
2014-11-14,Trading activity,0.011635
2014-11-14,Market correlation,0.028746
2014-11-14,Short interest,0.063572
2014-11-21,Medium- and long-term return,0.210260
2014-11-21,Short-term return,0.059446
2014-11-21,Volatility,0.185431
2014-11-21,Size,0.145307
2014-11-21,Trading activity,0.067196
2014-11-21,Market correlation,0.098737
2014-11-21,Short interest,0.063576
2014-12-01,Medium- and long-term return,0.073920
2014-12-01,Short-term return,-0.053498
2014-12-01,Volatility,0.099296
2014-12-01,Size,0.023618
2014-12-01,Trading activity,0.025569
2014-12-01,Market correlation,0.069606
2014-12-01,Short interest,0.008418
2014-12-08,Medium- and long-term return,0.034129
2014-12-08,Short-term return,0.011722
2014-12-08,Volatility,0.013850
2014-12-08,Size,-0.045996
2014-12-08,Trading activity,-0.081176
2014-12-08,Market correlation,-0.135346
2014-12-08,Short interest,-0.005126
2014-12-15,Medium- and long-term return,0.082776
2014-12-15,Short-term return,-0.023449
2014-12-15,Volatility,0.109090
2014-12-15,Size,-0.082721
2014-12-15,Trading activity,-0.064948
2014-12-15,Market correlation,-0.080082
2014-12-15,Short interest,-0.045749
2014-12-22,Medium- and long-term return,0.184357
2014-12-22,Short-term return,0.062899
2014-12-22,Volatility,0.136645
2014-12-22,Size,0.004127
2014-12-22,Trading activity,-0.048301
2014-12-22,Market correlation,-0.120613
2014-12-22,Short interest,0.057073
2014-12-30,Medium- and long-term return,0.167793
2014-12-30,Short-term return,0.079552
2014-12-30,Volatility,0.060147
2014-12-30,Size,-0.051199
2014-12-30,Trading activity,-0.040643
2014-12-30,Market correlation,-0.147058
2014-12-30,Short interest,0.036563
2015-01-07,Medium- and long-term return,0.087525
2015-01-07,Short-term return,-0.059788
2015-01-07,Volatility,0.076916
2015-01-07,Size,-0.086136
2015-01-07,Trading activity,-0.025980
2015-01-07,Market correlation,-0.036937
2015-01-07,Short interest,0.029991
2015-01-14,Medium- and long-term return,0.011164
2015-01-14,Short-term return,-0.016895
2015-01-14,Volatility,0.025734
2015-01-14,Size,-0.023312
2015-01-14,Trading activity,-0.000725
2015-01-14,Market correlation,0.053767
2015-01-14,Short interest,0.087895
2015-01-22,Medium- and long-term return,-0.040399
2015-01-22,Short-term return,0.029717
2015-01-22,Volatility,-0.070927
2015-01-22,Size,-0.156724
2015-01-22,Trading activity,-0.047005
2015-01-22,Market correlation,0.040198
2015-01-22,Short interest,0.023434
2015-01-29,Medium- and long-term return,-0.083813
2015-01-29,Short-term return,0.079641
2015-01-29,Volatility,-0.020975
2015-01-29,Size,-0.039386
2015-01-29,Trading activity,0.043817
2015-01-29,Market correlation,0.115441
2015-01-29,Short interest,0.078726
2015-02-05,Medium- and long-term return,-0.003378
2015-02-05,Short-term return,0.016760
2015-02-05,Volatility,-0.027171
2015-02-05,Size,-0.099818
2015-02-05,Trading activity,-0.062822
2015-02-05,Market correlation,0.044800
2015-02-05,Short interest,0.039467
2015-02-12,Medium- and long-term return,0.114557
2015-02-12,Short-term return,0.023188
2015-02-12,Volatility,-0.025607
2015-02-12,Size,-0.147497
2015-02-12,Trading activity,-0.073455
2015-02-12,Market correlation,-0.037214
2015-02-12,Short interest,-0.000423
2015-02-20,Medium- and long-term return,0.181133
2015-02-20,Short-term return,-0.024996
2015-02-20,Volatility,0.039910
2015-02-20,Size,-0.074137
2015-02-20,Trading activity,-0.045279
2015-02-20,Market correlation,-0.037323
2015-02-20,Short interest,0.092171
2015-02-27,Medium- and long-term return,0.193437
2015-02-27,Short-term return,-0.017219
2015-02-27,Volatility,0.032293
2015-02-27,Size,-0.117293
2015-02-27,Trading activity,-0.129368
2015-02-27,Market correlation,-0.068628
2015-02-27,Short interest,0.049212
2015-03-06,Medium- and long-term return,0.075284
2015-03-06,Short-term return,0.062314
2015-03-06,Volatility,0.070479
2015-03-06,Size,-0.111218
2015-03-06,Trading activity,-0.034875
2015-03-06,Market correlation,-0.037194
2015-03-06,Short interest,-0.027406
2015-03-13,Medium- and long-term return,-0.074037
2015-03-13,Short-term return,0.152361
2015-03-13,Volatility,0.076940
2015-03-13,Size,-0.063823
2015-03-13,Trading activity,-0.017878
2015-03-13,Market correlation,0.000113
2015-03-13,Short interest,-0.023149
2015-03-20,Medium- and long-term return,-0.243125
2015-03-20,Short-term return,0.204700
2015-03-20,Volatility,-0.070386
2015-03-20,Size,-0.066894
2015-03-20,Trading activity,-0.036324
2015-03-20,Market correlation,-0.037708
2015-03-20,Short interest,-0.100933
2015-03-27,Medium- and long-term return,-0.215942
2015-03-27,Short-term return,0.121132
2015-03-27,Volatility,-0.021113
2015-03-27,Size,0.046283
2015-03-27,Trading activity,0.044844
2015-03-27,Market correlation,0.014377
2015-03-27,Short interest,0.002829
2015-04-06,Medium- and long-term return,-0.225714
2015-04-06,Short-term return,0.070175
2015-04-06,Volatility,-0.066900
2015-04-06,Size,0.099559
2015-04-06,Trading activity,0.049786
2015-04-06,Market correlation,0.022460
2015-04-06,Short interest,0.013170
2015-04-13,Medium- and long-term return,-0.128369
2015-04-13,Short-term return,0.000975
2015-04-13,Volatility,-0.048908
2015-04-13,Size,0.063195
2015-04-13,Trading activity,0.080867
2015-04-13,Market correlation,0.022467
2015-04-13,Short interest,0.013355
2015-04-20,Medium- and long-term return,0.017937
2015-04-20,Short-term return,0.030108
2015-04-20,Volatility,0.042353
2015-04-20,Size,0.030839
2015-04-20,Trading activity,0.023080
2015-04-20,Market correlation,0.064178
2015-04-20,Short interest,0.034815
2015-04-27,Medium- and long-term return,0.052486
2015-04-27,Short-term return,0.066703
2015-04-27,Volatility,-0.012594
2015-04-27,Size,-0.044158
2015-04-27,Trading activity,-0.058193
2015-04-27,Market correlation,0.043668
2015-04-27,Short interest,-0.026254
2015-05-04,Medium- and long-term return,0.212323
2015-05-04,Short-term return,-0.073479
2015-05-04,Volatility,0.006716
2015-05-04,Size,-0.053085
2015-05-04,Trading activity,-0.083884
2015-05-04,Market correlation,0.010591
2015-05-04,Short interest,0.023557
2015-05-11,Medium- and long-term return,0.164167
2015-05-11,Short-term return,-0.044050
2015-05-11,Volatility,0.023036
2015-05-11,Size,-0.138613
2015-05-11,Trading activity,-0.145956
2015-05-11,Market correlation,0.027717
2015-05-11,Short interest,-0.048400
2015-05-18,Medium- and long-term return,0.156538
2015-05-18,Short-term return,-0.122420
2015-05-18,Volatility,-0.008895
2015-05-18,Size,-0.099865
2015-05-18,Trading activity,-0.111944
2015-05-18,Market correlation,-0.019594
2015-05-18,Short interest,-0.035333
2015-05-26,Medium- and long-term return,0.150971
2015-05-26,Short-term return,-0.070836
2015-05-26,Volatility,0.026783
2015-05-26,Size,-0.039399
2015-05-26,Trading activity,-0.034240
2015-05-26,Market correlation,0.028287
2015-05-26,Short interest,-0.012565
2015-06-02,Medium- and long-term return,0.194320
2015-06-02,Short-term return,-0.137317
2015-06-02,Volatility,0.070818
2015-06-02,Size,-0.035990
2015-06-02,Trading activity,-0.062419
2015-06-02,Market correlation,0.005472
2015-06-02,Short interest,-0.013107
2015-06-09,Medium- and long-term return,0.212559
2015-06-09,Short-term return,0.043880
2015-06-09,Volatility,0.201328
2015-06-09,Size,0.085869
2015-06-09,Trading activity,0.050614
2015-06-09,Market correlation,-0.026988
2015-06-09,Short interest,0.089280
2015-06-16,Medium- and long-term return,0.259436
2015-06-16,Short-term return,-0.102957
2015-06-16,Volatility,0.209805
2015-06-16,Size,0.163187
2015-06-16,Trading activity,0.069421
2015-06-16,Market correlation,0.038938
2015-06-16,Short interest,0.148701
2015-06-23,Medium- and long-term return,0.287854
2015-06-23,Short-term return,-0.094574
2015-06-23,Volatility,0.169205
2015-06-23,Size,0.197026
2015-06-23,Trading activity,0.074612
2015-06-23,Market correlation,0.038671
2015-06-23,Short interest,0.194439
2015-06-30,Medium- and long-term return,0.211127
2015-06-30,Short-term return,-0.086250
2015-06-30,Volatility,0.232869
2015-06-30,Size,0.225806
2015-06-30,Trading activity,0.124791
2015-06-30,Market correlation,0.106502
2015-06-30,Short interest,0.205385
2015-07-08,Medium- and long-term return,0.266395
2015-07-08,Short-term return,-0.154698
2015-07-08,Volatility,0.169465
2015-07-08,Size,0.152736
2015-07-08,Trading activity,0.080227
2015-07-08,Market correlation,0.117060
2015-07-08,Short interest,0.150304
2015-07-15,Medium- and long-term return,0.136443
2015-07-15,Short-term return,-0.101916
2015-07-15,Volatility,0.132959
2015-07-15,Size,0.064072
2015-07-15,Trading activity,0.063523
2015-07-15,Market correlation,0.019659
2015-07-15,Short interest,0.101113
2015-07-22,Medium- and long-term return,0.150503
2015-07-22,Short-term return,-0.100432
2015-07-22,Volatility,0.181434
2015-07-22,Size,0.017970
2015-07-22,Trading activity,0.017768
2015-07-22,Market correlation,-0.002704
2015-07-22,Short interest,0.076215
2015-07-29,Medium- and long-term return,0.132112
2015-07-29,Short-term return,-0.058945
2015-07-29,Volatility,0.055777
2015-07-29,Size,-0.059585
2015-07-29,Trading activity,-0.054074
2015-07-29,Market correlation,-0.125123
2015-07-29,Short interest,0.043492
2015-08-05,Medium- and long-term return,-0.028540
2015-08-05,Short-term return,0.009839
2015-08-05,Volatility,-0.086345
2015-08-05,Size,-0.060858
2015-08-05,Trading activity,-0.028177
2015-08-05,Market correlation,-0.138255
2015-08-05,Short interest,0.020558
2015-08-12,Medium- and long-term return,0.149342
2015-08-12,Short-term return,-0.088925
2015-08-12,Volatility,-0.092625
2015-08-12,Size,-0.105188
2015-08-12,Trading activity,-0.075395
2015-08-12,Market correlation,-0.106358
2015-08-12,Short interest,-0.004147
2015-08-19,Medium- and long-term return,0.033006
2015-08-19,Short-term return,-0.001459
2015-08-19,Volatility,-0.148062
2015-08-19,Size,-0.137013
2015-08-19,Trading activity,-0.050097
2015-08-19,Market correlation,-0.126721
2015-08-19,Short interest,-0.043934
2015-08-26,Medium- and long-term return,0.257280
2015-08-26,Short-term return,-0.095926
2015-08-26,Volatility,0.050735
2015-08-26,Size,-0.021067
2015-08-26,Trading activity,-0.069221
2015-08-26,Market correlation,-0.084716
2015-08-26,Short interest,0.032308
2015-09-02,Medium- and long-term return,0.324016
2015-09-02,Short-term return,-0.053958
2015-09-02,Volatility,0.184924
2015-09-02,Size,0.178871
2015-09-02,Trading activity,0.099705
2015-09-02,Market correlation,0.113990
2015-09-02,Short interest,0.136661
2015-09-10,Medium- and long-term return,0.016696
2015-09-10,Short-term return,0.000024
2015-09-10,Volatility,0.202922
2015-09-10,Size,0.181025
2015-09-10,Trading activity,0.166671
2015-09-10,Market correlation,0.174568
2015-09-10,Short interest,0.089181
2015-09-17,Medium- and long-term return,0.060240
2015-09-17,Short-term return,-0.029336
2015-09-17,Volatility,0.179401
2015-09-17,Size,0.219164
2015-09-17,Trading activity,0.135572
2015-09-17,Market correlation,0.175167
2015-09-17,Short interest,0.151702
2015-09-24,Medium- and long-term return,0.011375
2015-09-24,Short-term return,-0.058878
2015-09-24,Volatility,0.235836
2015-09-24,Size,0.295502
2015-09-24,Trading activity,0.190413
2015-09-24,Market correlation,0.316788
2015-09-24,Short interest,0.167567
2015-10-01,Medium- and long-term return,0.057958
2015-10-01,Short-term return,-0.098920
2015-10-01,Volatility,0.255919
2015-10-01,Size,0.192257
2015-10-01,Trading activity,0.158343
2015-10-01,Market correlation,0.291713
2015-10-01,Short interest,0.122879
2015-10-08,Medium- and long-term return,0.153356
2015-10-08,Short-term return,0.023141
2015-10-08,Volatility,0.175412
2015-10-08,Size,0.183048
2015-10-08,Trading activity,0.119029
2015-10-08,Market correlation,0.231015
2015-10-08,Short interest,0.162705
2015-10-15,Medium- and long-term return,0.142651
2015-10-15,Short-term return,-0.015958
2015-10-15,Volatility,0.127903
2015-10-15,Size,0.126245
2015-10-15,Trading activity,0.143352
2015-10-15,Market correlation,0.204897
2015-10-15,Short interest,0.085783
2015-10-22,Medium- and long-term return,0.084527
2015-10-22,Short-term return,-0.030587
2015-10-22,Volatility,0.047476
2015-10-22,Size,0.054389
2015-10-22,Trading activity,0.095968
2015-10-22,Market correlation,0.157284
2015-10-22,Short interest,0.088201
2015-10-29,Medium- and long-term return,0.100264
2015-10-29,Short-term return,0.003702
2015-10-29,Volatility,0.026028
2015-10-29,Size,-0.026154
2015-10-29,Trading activity,0.059689
2015-10-29,Market correlation,0.054739
2015-10-29,Short interest,0.043582
2015-11-05,Medium- and long-term return,0.270944
2015-11-05,Short-term return,0.005794
2015-11-05,Volatility,0.146363
2015-11-05,Size,0.067331
2015-11-05,Trading activity,0.005469
2015-11-05,Market correlation,0.045862
2015-11-05,Short interest,0.068019
2015-11-12,Medium- and long-term return,0.176612
2015-11-12,Short-term return,-0.018235
2015-11-12,Volatility,0.103834
2015-11-12,Size,0.015400
2015-11-12,Trading activity,-0.035227
2015-11-12,Market correlation,-0.057883
2015-11-12,Short interest,0.078004
2015-11-19,Medium- and long-term return,0.134780
2015-11-19,Short-term return,0.033887
2015-11-19,Volatility,0.016827
2015-11-19,Size,-0.004725
2015-11-19,Trading activity,0.002875
2015-11-19,Market correlation,-0.158862
2015-11-19,Short interest,0.011467
2015-11-27,Medium- and long-term return,0.096263
2015-11-27,Short-term return,0.019090
2015-11-27,Volatility,0.079963
2015-11-27,Size,0.092503
2015-11-27,Trading activity,0.005892
2015-11-27,Market correlation,-0.066975
2015-11-27,Short interest,0.021512
2015-12-04,Medium- and long-term return,-0.077473
2015-12-04,Short-term return,-0.023287
2015-12-04,Volatility,-0.051500
2015-12-04,Size,-0.002054
2015-12-04,Trading activity,-0.023689
2015-12-04,Market correlation,-0.157379
2015-12-04,Short interest,-0.004962
2015-12-11,Medium- and long-term return,0.132916
2015-12-11,Short-term return,-0.105626
2015-12-11,Volatility,0.135039
2015-12-11,Size,0.106799
2015-12-11,Trading activity,0.052623
2015-12-11,Market correlation,-0.079147
2015-12-11,Short interest,0.099699
2015-12-18,Medium- and long-term return,0.091904
2015-12-18,Short-term return,-0.021322
2015-12-18,Volatility,0.160322
2015-12-18,Size,0.093840
2015-12-18,Trading activity,0.064840
2015-12-18,Market correlation,-0.059719
2015-12-18,Short interest,0.067721
2015-12-28,Medium- and long-term return,0.049612
2015-12-28,Short-term return,-0.024465
2015-12-28,Volatility,0.125311
2015-12-28,Size,0.035683
2015-12-28,Trading activity,0.067558
2015-12-28,Market correlation,-0.090012
2015-12-28,Short interest,0.091391
2016-01-05,Medium- and long-term return,0.084409
2016-01-05,Short-term return,-0.135400
2016-01-05,Volatility,0.198137
2016-01-05,Size,0.071503
2016-01-05,Trading activity,0.091062
2016-01-05,Market correlation,-0.014333
2016-01-05,Short interest,0.059576
2016-01-12,Medium- and long-term return,-0.033755
2016-01-12,Short-term return,-0.052742
2016-01-12,Volatility,0.159788
2016-01-12,Size,0.043450
2016-01-12,Trading activity,0.029352
2016-01-12,Market correlation,0.016457
2016-01-12,Short interest,0.001326
2016-01-20,Medium- and long-term return,-0.074394
2016-01-20,Short-term return,-0.034369
2016-01-20,Volatility,0.140626
2016-01-20,Size,0.028573
2016-01-20,Trading activity,0.046263
2016-01-20,Market correlation,0.028789
2016-01-20,Short interest,-0.013417
2016-01-27,Medium- and long-term return,0.038565
2016-01-27,Short-term return,-0.031784
2016-01-27,Volatility,0.192133
2016-01-27,Size,0.049757
2016-01-27,Trading activity,0.064796
2016-01-27,Market correlation,0.033680
2016-01-27,Short interest,0.003833
2016-02-03,Medium- and long-term return,-0.225594
2016-02-03,Short-term return,0.052076
2016-02-03,Volatility,-0.032415
2016-02-03,Size,-0.052262
2016-02-03,Trading activity,0.045234
2016-02-03,Market correlation,0.028557
2016-02-03,Short interest,-0.044739
2016-02-10,Medium- and long-term return,-0.133552
2016-02-10,Short-term return,0.139979
2016-02-10,Volatility,-0.034026
2016-02-10,Size,-0.051357
2016-02-10,Trading activity,0.022509
2016-02-10,Market correlation,-0.024121
2016-02-10,Short interest,-0.038067
2016-02-18,Medium- and long-term return,-0.067896
2016-02-18,Short-term return,0.125756
2016-02-18,Volatility,0.099144
2016-02-18,Size,0.017042
2016-02-18,Trading activity,0.108423
2016-02-18,Market correlation,0.121831
2016-02-18,Short interest,0.088293
2016-02-25,Medium- and long-term return,-0.178066
2016-02-25,Short-term return,0.166943
2016-02-25,Volatility,0.017202
2016-02-25,Size,0.006062
2016-02-25,Trading activity,0.068458
2016-02-25,Market correlation,0.155254
2016-02-25,Short interest,0.059019
2016-03-03,Medium- and long-term return,0.185606
2016-03-03,Short-term return,0.213848
2016-03-03,Volatility,0.308813
2016-03-03,Size,0.147511
2016-03-03,Trading activity,0.133734
2016-03-03,Market correlation,0.209832
2016-03-03,Short interest,0.154405
2016-03-10,Medium- and long-term return,0.131130
2016-03-10,Short-term return,0.095777
2016-03-10,Volatility,0.194344
2016-03-10,Size,0.087490
2016-03-10,Trading activity,0.071463
2016-03-10,Market correlation,0.185032
2016-03-10,Short interest,0.141716
2016-03-17,Medium- and long-term return,-0.021128
2016-03-17,Short-term return,0.024437
2016-03-17,Volatility,0.046292
2016-03-17,Size,-0.008418
2016-03-17,Trading activity,0.002008
2016-03-17,Market correlation,0.101080
2016-03-17,Short interest,0.066892
2016-03-24,Medium- and long-term return,-0.258891
2016-03-24,Short-term return,-0.014027
2016-03-24,Volatility,-0.135804
2016-03-24,Size,-0.056177
2016-03-24,Trading activity,-0.037979
2016-03-24,Market correlation,0.086500
2016-03-24,Short interest,0.019402
2016-04-01,Medium- and long-term return,-0.302436
2016-04-01,Short-term return,0.093271
2016-04-01,Volatility,-0.216160
2016-04-01,Size,-0.105615
2016-04-01,Trading activity,-0.044046
2016-04-01,Market correlation,-0.008016
2016-04-01,Short interest,-0.073286
2016-04-08,Medium- and long-term return,-0.112669
2016-04-08,Short-term return,0.003321
2016-04-08,Volatility,-0.008008
2016-04-08,Size,-0.036963
2016-04-08,Trading activity,0.037014
2016-04-08,Market correlation,0.083374
2016-04-08,Short interest,-0.033846
2016-04-15,Medium- and long-term return,0.126313
2016-04-15,Short-term return,0.069695
2016-04-15,Volatility,0.148116
2016-04-15,Size,-0.037937
2016-04-15,Trading activity,0.053872
2016-04-15,Market correlation,0.049989
2016-04-15,Short interest,-0.013176
2016-04-22,Medium- and long-term return,0.233268
2016-04-22,Short-term return,0.121094
2016-04-22,Volatility,0.202709
2016-04-22,Size,-0.037604
2016-04-22,Trading activity,0.035712
2016-04-22,Market correlation,0.059809
2016-04-22,Short interest,-0.031264
2016-04-29,Medium- and long-term return,0.220210
2016-04-29,Short-term return,0.091013
2016-04-29,Volatility,0.212162
2016-04-29,Size,0.028037
2016-04-29,Trading activity,0.129029
2016-04-29,Market correlation,0.123212
2016-04-29,Short interest,0.072027
2016-05-06,Medium- and long-term return,-0.038954
2016-05-06,Short-term return,-0.039609
2016-05-06,Volatility,-0.065972
2016-05-06,Size,-0.099047
2016-05-06,Trading activity,-0.066802
2016-05-06,Market correlation,0.024928
2016-05-06,Short interest,-0.054626
2016-05-13,Medium- and long-term return,-0.034282
2016-05-13,Short-term return,0.004900
2016-05-13,Volatility,-0.016105
2016-05-13,Size,-0.023216
2016-05-13,Trading activity,-0.030176
2016-05-13,Market correlation,-0.024190
2016-05-13,Short interest,-0.015977
2016-05-20,Medium- and long-term return,0.076371
2016-05-20,Short-term return,0.120011
2016-05-20,Volatility,0.083401
2016-05-20,Size,-0.004197
2016-05-20,Trading activity,0.048813
2016-05-20,Market correlation,-0.004354
2016-05-20,Short interest,0.020536
2016-05-27,Medium- and long-term return,0.159324
2016-05-27,Short-term return,0.054663
2016-05-27,Volatility,0.106676
2016-05-27,Size,0.000302
2016-05-27,Trading activity,0.049281
2016-05-27,Market correlation,-0.139163
2016-05-27,Short interest,-0.018573
2016-06-06,Medium- and long-term return,0.363419
2016-06-06,Short-term return,0.167448
2016-06-06,Volatility,0.336886
2016-06-06,Size,0.142475
2016-06-06,Trading activity,0.076324
2016-06-06,Market correlation,0.018735
2016-06-06,Short interest,0.099528
2016-06-13,Medium- and long-term return,0.209909
2016-06-13,Short-term return,-0.087273
2016-06-13,Volatility,0.185540
2016-06-13,Size,0.102076
2016-06-13,Trading activity,0.054405
2016-06-13,Market correlation,-0.018355
2016-06-13,Short interest,0.055579
2016-06-20,Medium- and long-term return,0.173075
2016-06-20,Short-term return,0.041289
2016-06-20,Volatility,0.205011
2016-06-20,Size,0.187733
2016-06-20,Trading activity,0.134068
2016-06-20,Market correlation,0.023310
2016-06-20,Short interest,0.089708
2016-06-27,Medium- and long-term return,-0.060184
2016-06-27,Short-term return,0.113417
2016-06-27,Volatility,-0.045109
2016-06-27,Size,0.076526
2016-06-27,Trading activity,0.024225
2016-06-27,Market correlation,0.160065
2016-06-27,Short interest,0.055600
2016-07-05,Medium- and long-term return,-0.156331
2016-07-05,Short-term return,0.133644
2016-07-05,Volatility,-0.192249
2016-07-05,Size,0.002421
2016-07-05,Trading activity,-0.002900
2016-07-05,Market correlation,0.053436
2016-07-05,Short interest,0.050372
2016-07-12,Medium- and long-term return,-0.094922
2016-07-12,Short-term return,-0.016622
2016-07-12,Volatility,-0.110258
2016-07-12,Size,-0.014960
2016-07-12,Trading activity,-0.030175
2016-07-12,Market correlation,0.005694
2016-07-12,Short interest,0.017000
2016-07-19,Medium- and long-term return,-0.152365
2016-07-19,Short-term return,-0.102428
2016-07-19,Volatility,-0.155883
2016-07-19,Size,-0.062170
2016-07-19,Trading activity,-0.050787
2016-07-19,Market correlation,-0.019666
2016-07-19,Short interest,-0.036880
2016-07-26,Medium- and long-term return,-0.071794
2016-07-26,Short-term return,-0.078480
2016-07-26,Volatility,-0.082899
2016-07-26,Size,-0.047339
2016-07-26,Trading activity,-0.097652
2016-07-26,Market correlation,0.008070
2016-07-26,Short interest,-0.012518
2016-08-02,Medium- and long-term return,-0.119949
2016-08-02,Short-term return,0.003553
2016-08-02,Volatility,-0.101365
2016-08-02,Size,-0.030520
2016-08-02,Trading activity,-0.032819
2016-08-02,Market correlation,0.136814
2016-08-02,Short interest,0.000975
2016-08-09,Medium- and long-term return,-0.008157
2016-08-09,Short-term return,-0.082014
2016-08-09,Volatility,-0.059283
2016-08-09,Size,-0.104072
2016-08-09,Trading activity,-0.065073
2016-08-09,Market correlation,0.009791
2016-08-09,Short interest,0.021467
2016-08-16,Medium- and long-term return,-0.019862
2016-08-16,Short-term return,-0.073497
2016-08-16,Volatility,-0.116569
2016-08-16,Size,-0.093216
2016-08-16,Trading activity,-0.062117
2016-08-16,Market correlation,-0.052791
2016-08-16,Short interest,0.024292
2016-08-23,Medium- and long-term return,0.071035
2016-08-23,Short-term return,0.011941
2016-08-23,Volatility,-0.034573
2016-08-23,Size,-0.030932
2016-08-23,Trading activity,-0.022231
2016-08-23,Market correlation,-0.034968
2016-08-23,Short interest,0.026260
2016-08-30,Medium- and long-term return,0.042222
2016-08-30,Short-term return,0.036629
2016-08-30,Volatility,-0.084256
2016-08-30,Size,-0.095708
2016-08-30,Trading activity,-0.067711
2016-08-30,Market correlation,-0.122942
2016-08-30,Short interest,-0.049885
2016-09-07,Medium- and long-term return,-0.155120
2016-09-07,Short-term return,0.023822
2016-09-07,Volatility,-0.194188
2016-09-07,Size,-0.026334
2016-09-07,Trading activity,-0.058100
2016-09-07,Market correlation,0.015604
2016-09-07,Short interest,-0.016422
2016-09-14,Medium- and long-term return,0.009795
2016-09-14,Short-term return,0.026768
2016-09-14,Volatility,0.010744
2016-09-14,Size,-0.002202
2016-09-14,Trading activity,-0.001098
2016-09-14,Market correlation,0.044926
2016-09-14,Short interest,0.024409
2016-09-21,Medium- and long-term return,-0.098356
2016-09-21,Short-term return,0.093996
2016-09-21,Volatility,-0.062649
2016-09-21,Size,-0.048899
2016-09-21,Trading activity,-0.018342
2016-09-21,Market correlation,-0.011510
2016-09-21,Short interest,-0.023164
2016-09-28,Medium- and long-term return,-0.131442
2016-09-28,Short-term return,-0.000573
2016-09-28,Volatility,-0.049859
2016-09-28,Size,0.074861
2016-09-28,Trading activity,-0.020473
2016-09-28,Market correlation,-0.028078
2016-09-28,Short interest,0.044311
2016-10-05,Medium- and long-term return,-0.050708
2016-10-05,Short-term return,0.039007
2016-10-05,Volatility,0.055694
2016-10-05,Size,0.078597
2016-10-05,Trading activity,0.067835
2016-10-05,Market correlation,-0.084738
2016-10-05,Short interest,0.030401
2016-10-12,Medium- and long-term return,-0.096180
2016-10-12,Short-term return,0.071139
2016-10-12,Volatility,-0.047440
2016-10-12,Size,0.097919
2016-10-12,Trading activity,0.034421
2016-10-12,Market correlation,0.021636
2016-10-12,Short interest,0.095156
2016-10-19,Medium- and long-term return,-0.183188
2016-10-19,Short-term return,0.039006
2016-10-19,Volatility,-0.082487
2016-10-19,Size,0.039418
2016-10-19,Trading activity,0.050436
2016-10-19,Market correlation,0.058892
2016-10-19,Short interest,0.029696
2016-10-26,Medium- and long-term return,-0.083248
2016-10-26,Short-term return,-0.032085
2016-10-26,Volatility,-0.052756
2016-10-26,Size,-0.009732
2016-10-26,Trading activity,0.033631
2016-10-26,Market correlation,0.082720
2016-10-26,Short interest,0.010276
2016-11-02,Medium- and long-term return,-0.108070
2016-11-02,Short-term return,-0.010836
2016-11-02,Volatility,-0.000825
2016-11-02,Size,-0.018508
2016-11-02,Trading activity,-0.017672
2016-11-02,Market correlation,0.083519
2016-11-02,Short interest,0.019028
2016-11-09,Medium- and long-term return,-0.075436
2016-11-09,Short-term return,-0.114742
2016-11-09,Volatility,-0.006823
2016-11-09,Size,-0.085363
2016-11-09,Trading activity,-0.012865
2016-11-09,Market correlation,0.068443
2016-11-09,Short interest,-0.028754
2016-11-16,Medium- and long-term return,0.092761
2016-11-16,Short-term return,-0.111115
2016-11-16,Volatility,0.126603
2016-11-16,Size,0.147807
2016-11-16,Trading activity,0.025756
2016-11-16,Market correlation,0.136752
2016-11-16,Short interest,0.076432
2016-11-23,Medium- and long-term return,0.077272
2016-11-23,Short-term return,-0.053917
2016-11-23,Volatility,0.170062
2016-11-23,Size,0.160224
2016-11-23,Trading activity,0.070778
2016-11-23,Market correlation,0.110803
2016-11-23,Short interest,0.066125
2016-12-01,Medium- and long-term return,0.047454
2016-12-01,Short-term return,0.105240
2016-12-01,Volatility,0.167802
2016-12-01,Size,0.074748
2016-12-01,Trading activity,0.142735
2016-12-01,Market correlation,0.031570
2016-12-01,Short interest,0.030050
2016-12-08,Medium- and long-term return,-0.085438
2016-12-08,Short-term return,0.226226
2016-12-08,Volatility,0.083402
2016-12-08,Size,0.116178
2016-12-08,Trading activity,0.137094
2016-12-08,Market correlation,-0.031005
2016-12-08,Short interest,0.068601
2016-12-15,Medium- and long-term return,-0.150286
2016-12-15,Short-term return,0.161833
2016-12-15,Volatility,-0.017455
2016-12-15,Size,-0.090588
2016-12-15,Trading activity,0.103686
2016-12-15,Market correlation,-0.083781
2016-12-15,Short interest,-0.010856
2016-12-22,Medium- and long-term return,-0.079121
2016-12-22,Short-term return,0.082529
2016-12-22,Volatility,-0.058178
2016-12-22,Size,-0.061844
2016-12-22,Trading activity,0.047998
2016-12-22,Market correlation,0.000750
2016-12-22,Short interest,-0.010266
2016-12-30,Medium- and long-term return,-0.064005
2016-12-30,Short-term return,0.093927
2016-12-30,Volatility,-0.002723
2016-12-30,Size,-0.003367
2016-12-30,Trading activity,0.072223
2016-12-30,Market correlation,0.049328
2016-12-30,Short interest,0.059891
2017-01-09,Medium- and long-term return,0.080056
2017-01-09,Short-term return,-0.047726
2017-01-09,Volatility,0.062498
2017-01-09,Size,-0.028172
2017-01-09,Trading activity,0.077919
2017-01-09,Market correlation,0.058851
2017-01-09,Short interest,0.034136
2017-01-17,Medium- and long-term return,0.081509
2017-01-17,Short-term return,-0.019034
2017-01-17,Volatility,0.046902
2017-01-17,Size,0.045253
2017-01-17,Trading activity,0.064518
2017-01-17,Market correlation,0.119973
2017-01-17,Short interest,0.055928
2017-01-24,Medium- and long-term return,-0.019644
2017-01-24,Short-term return,0.019153
2017-01-24,Volatility,0.146686
2017-01-24,Size,0.078202
2017-01-24,Trading activity,0.156448
2017-01-24,Market correlation,0.089541
2017-01-24,Short interest,0.046111
2017-01-31,Medium- and long-term return,0.057289
2017-01-31,Short-term return,0.043485
2017-01-31,Volatility,0.214396
2017-01-31,Size,0.176736
2017-01-31,Trading activity,0.156332
2017-01-31,Market correlation,0.144847
2017-01-31,Short interest,0.080033
2017-02-07,Medium- and long-term return,0.057361
2017-02-07,Short-term return,-0.027040
2017-02-07,Volatility,0.281688
2017-02-07,Size,0.232164
2017-02-07,Trading activity,0.141712
2017-02-07,Market correlation,0.166034
2017-02-07,Short interest,0.147554
2017-02-14,Medium- and long-term return,0.152467
2017-02-14,Short-term return,0.103246
2017-02-14,Volatility,0.366111
2017-02-14,Size,0.174145
2017-02-14,Trading activity,0.107761
2017-02-14,Market correlation,0.112685
2017-02-14,Short interest,0.122219
2017-02-22,Medium- and long-term return,0.198653
2017-02-22,Short-term return,-0.010009
2017-02-22,Volatility,0.324792
2017-02-22,Size,0.147670
2017-02-22,Trading activity,0.079411
2017-02-22,Market correlation,0.044397
2017-02-22,Short interest,0.110511
2017-03-01,Medium- and long-term return,0.060509
2017-03-01,Short-term return,-0.015172
2017-03-01,Volatility,0.117761
2017-03-01,Size,-0.031174
2017-03-01,Trading activity,-0.021616
2017-03-01,Market correlation,-0.057869
2017-03-01,Short interest,-0.021190
2017-03-08,Medium- and long-term return,0.073392
2017-03-08,Short-term return,-0.033711
2017-03-08,Volatility,0.135691
2017-03-08,Size,-0.016834
2017-03-08,Trading activity,-0.024711
2017-03-08,Market correlation,-0.063033
2017-03-08,Short interest,0.008305
2017-03-15,Medium- and long-term return,-0.045593
2017-03-15,Short-term return,-0.020504
2017-03-15,Volatility,-0.035832
2017-03-15,Size,-0.118905
2017-03-15,Trading activity,-0.046100
2017-03-15,Market correlation,-0.151656
2017-03-15,Short interest,-0.083278
2017-03-22,Medium- and long-term return,-0.027234
2017-03-22,Short-term return,-0.084230
2017-03-22,Volatility,-0.027919
2017-03-22,Size,-0.100722
2017-03-22,Trading activity,-0.065335
2017-03-22,Market correlation,-0.059868
2017-03-22,Short interest,-0.099322
2017-03-29,Medium- and long-term return,0.139957
2017-03-29,Short-term return,-0.041743
2017-03-29,Volatility,0.157225
2017-03-29,Size,-0.002159
2017-03-29,Trading activity,-0.035440
2017-03-29,Market correlation,0.043254
2017-03-29,Short interest,-0.033913
2017-04-05,Medium- and long-term return,0.109300
2017-04-05,Short-term return,0.026400
2017-04-05,Volatility,0.116703
2017-04-05,Size,0.039049
2017-04-05,Trading activity,0.004502
2017-04-05,Market correlation,0.092596
2017-04-05,Short interest,0.004242
2017-04-12,Medium- and long-term return,0.163497
2017-04-12,Short-term return,0.011459
2017-04-12,Volatility,0.084549
2017-04-12,Size,0.066522
2017-04-12,Trading activity,0.010515
2017-04-12,Market correlation,0.121004
2017-04-12,Short interest,0.047654
2017-04-20,Medium- and long-term return,0.189035
2017-04-20,Short-term return,-0.025426
2017-04-20,Volatility,0.122283
2017-04-20,Size,0.080446
2017-04-20,Trading activity,-0.005936
2017-04-20,Market correlation,0.085283
2017-04-20,Short interest,0.052514
2017-04-27,Medium- and long-term return,0.257485
2017-04-27,Short-term return,-0.087232
2017-04-27,Volatility,0.194949
2017-04-27,Size,0.138060
2017-04-27,Trading activity,-0.034040
2017-04-27,Market correlation,0.070938
2017-04-27,Short interest,0.085784
2017-05-04,Medium- and long-term return,0.309270
2017-05-04,Short-term return,-0.124550
2017-05-04,Volatility,0.278625
2017-05-04,Size,0.134333
2017-05-04,Trading activity,-0.053552
2017-05-04,Market correlation,0.074591
2017-05-04,Short interest,0.084412
2017-05-11,Medium- and long-term return,0.234878
2017-05-11,Short-term return,-0.039005
2017-05-11,Volatility,0.256650
2017-05-11,Size,0.164181
2017-05-11,Trading activity,-0.000949
2017-05-11,Market correlation,0.107529
2017-05-11,Short interest,0.116177
2017-05-18,Medium- and long-term return,0.153177
2017-05-18,Short-term return,-0.048653
2017-05-18,Volatility,0.275472
2017-05-18,Size,0.159152
2017-05-18,Trading activity,0.050264
2017-05-18,Market correlation,0.111283
2017-05-18,Short interest,0.072892
2017-05-25,Medium- and long-term return,0.018007
2017-05-25,Short-term return,-0.011684
2017-05-25,Volatility,0.107461
2017-05-25,Size,0.019965
2017-05-25,Trading activity,-0.035843
2017-05-25,Market correlation,-0.001033
2017-05-25,Short interest,-0.026289
2017-06-02,Medium- and long-term return,-0.256189
2017-06-02,Short-term return,0.178077
2017-06-02,Volatility,-0.135201
2017-06-02,Size,-0.062907
2017-06-02,Trading activity,0.034080
2017-06-02,Market correlation,-0.022573
2017-06-02,Short interest,-0.033404
2017-06-09,Medium- and long-term return,-0.018393
2017-06-09,Short-term return,0.035215
2017-06-09,Volatility,-0.021211
2017-06-09,Size,0.005475
2017-06-09,Trading activity,-0.039119
2017-06-09,Market correlation,0.020161
2017-06-09,Short interest,0.049558
2017-06-16,Medium- and long-term return,-0.037204
2017-06-16,Short-term return,0.156077
2017-06-16,Volatility,-0.152049
2017-06-16,Size,-0.028611
2017-06-16,Trading activity,-0.052857
2017-06-16,Market correlation,0.021467
2017-06-16,Short interest,0.052425
2017-06-23,Medium- and long-term return,-0.046314
2017-06-23,Short-term return,0.080978
2017-06-23,Volatility,-0.093385
2017-06-23,Size,-0.055177
2017-06-23,Trading activity,0.020545
2017-06-23,Market correlation,0.061637
2017-06-23,Short interest,0.058837
2017-06-30,Medium- and long-term return,0.073421
2017-06-30,Short-term return,0.056730
2017-06-30,Volatility,-0.005005
2017-06-30,Size,0.045943
2017-06-30,Trading activity,0.008416
2017-06-30,Market correlation,0.035713
2017-06-30,Short interest,0.065958
2017-07-10,Medium- and long-term return,0.030458
2017-07-10,Short-term return,0.020552
2017-07-10,Volatility,-0.011190
2017-07-10,Size,0.039719
2017-07-10,Trading activity,0.002522
2017-07-10,Market correlation,-0.034877
2017-07-10,Short interest,0.026737
2017-07-17,Medium- and long-term return,0.068768
2017-07-17,Short-term return,-0.011101
2017-07-17,Volatility,0.046941
2017-07-17,Size,0.050816
2017-07-17,Trading activity,-0.044603
2017-07-17,Market correlation,-0.074215
2017-07-17,Short interest,0.053005
2017-07-24,Medium- and long-term return,0.119503
2017-07-24,Short-term return,-0.075301
2017-07-24,Volatility,0.114618
2017-07-24,Size,0.093390
2017-07-24,Trading activity,-0.033544
2017-07-24,Market correlation,-0.077000
2017-07-24,Short interest,0.072662
2017-07-31,Medium- and long-term return,0.202571
2017-07-31,Short-term return,-0.079346
2017-07-31,Volatility,0.061456
2017-07-31,Size,0.070067
2017-07-31,Trading activity,-0.082279
2017-07-31,Market correlation,-0.037736
2017-07-31,Short interest,0.081191
2017-08-07,Medium- and long-term return,0.185284
2017-08-07,Short-term return,-0.087233
2017-08-07,Volatility,0.054936
2017-08-07,Size,0.008817
2017-08-07,Trading activity,-0.086159
2017-08-07,Market correlation,-0.035869
2017-08-07,Short interest,0.037057
2017-08-14,Medium- and long-term return,0.130106
2017-08-14,Short-term return,-0.069585
2017-08-14,Volatility,0.015266
2017-08-14,Size,0.010301
2017-08-14,Trading activity,-0.046365
2017-08-14,Market correlation,0.055276
2017-08-14,Short interest,0.016074
2017-08-21,Medium- and long-term return,0.065232
2017-08-21,Short-term return,-0.053712
2017-08-21,Volatility,-0.037707
2017-08-21,Size,0.055974
2017-08-21,Trading activity,-0.008345
2017-08-21,Market correlation,0.151834
2017-08-21,Short interest,0.006726
2017-08-28,Medium- and long-term return,-0.100621
2017-08-28,Short-term return,0.008008
2017-08-28,Volatility,0.004463
2017-08-28,Size,0.016558
2017-08-28,Trading activity,0.068513
2017-08-28,Market correlation,0.169397
2017-08-28,Short interest,-0.010403
2017-09-05,Medium- and long-term return,-0.074854
2017-09-05,Short-term return,0.082003
2017-09-05,Volatility,0.030790
2017-09-05,Size,0.004863
2017-09-05,Trading activity,0.074413
2017-09-05,Market correlation,0.235087
2017-09-05,Short interest,0.050861
2017-09-12,Medium- and long-term return,0.035722
2017-09-12,Short-term return,-0.008751
2017-09-12,Volatility,0.072921
2017-09-12,Size,0.034055
2017-09-12,Trading activity,0.059852
2017-09-12,Market correlation,0.255548
2017-09-12,Short interest,0.107567
2017-09-19,Medium- and long-term return,0.089259
2017-09-19,Short-term return,-0.019021
2017-09-19,Volatility,0.136531
2017-09-19,Size,0.038499
2017-09-19,Trading activity,0.031720
2017-09-19,Market correlation,0.174551
2017-09-19,Short interest,0.080399
2017-09-26,Medium- and long-term return,0.329729
2017-09-26,Short-term return,0.100991
2017-09-26,Volatility,0.155063
2017-09-26,Size,0.139711
2017-09-26,Trading activity,0.014811
2017-09-26,Market correlation,0.197596
2017-09-26,Short interest,0.152764
2017-10-03,Medium- and long-term return,0.313082
2017-10-03,Short-term return,-0.003081
2017-10-03,Volatility,0.144063
2017-10-03,Size,0.114221
2017-10-03,Trading activity,0.025590
2017-10-03,Market correlation,0.148548
2017-10-03,Short interest,0.093555
2017-10-10,Medium- and long-term return,0.250255
2017-10-10,Short-term return,-0.083525
2017-10-10,Volatility,0.124662
2017-10-10,Size,0.120034
2017-10-10,Trading activity,-0.004369
2017-10-10,Market correlation,0.093637
2017-10-10,Short interest,0.062665
2017-10-17,Medium- and long-term return,0.210566
2017-10-17,Short-term return,-0.057944
2017-10-17,Volatility,0.097896
2017-10-17,Size,0.103179
2017-10-17,Trading activity,0.004890
2017-10-17,Market correlation,0.068715
2017-10-17,Short interest,0.059290
2017-10-24,Medium- and long-term return,0.194453
2017-10-24,Short-term return,-0.065910
2017-10-24,Volatility,0.060260
2017-10-24,Size,-0.000991
2017-10-24,Trading activity,-0.085186
2017-10-24,Market correlation,0.040769
2017-10-24,Short interest,0.062277
2017-10-31,Medium- and long-term return,-0.016123
2017-10-31,Short-term return,0.046657
2017-10-31,Volatility,0.038978
2017-10-31,Size,0.061121
2017-10-31,Trading activity,0.008242
2017-10-31,Market correlation,0.044547
2017-10-31,Short interest,0.053383
2017-11-07,Medium- and long-term return,-0.137025
2017-11-07,Short-term return,0.104739
2017-11-07,Volatility,0.045904
2017-11-07,Size,0.022138
2017-11-07,Trading activity,0.062271
2017-11-07,Market correlation,0.006369
2017-11-07,Short interest,-0.029641
2017-11-14,Medium- and long-term return,-0.193727
2017-11-14,Short-term return,0.085837
2017-11-14,Volatility,0.021794
2017-11-14,Size,0.022273
2017-11-14,Trading activity,0.029538
2017-11-14,Market correlation,-0.011010
2017-11-14,Short interest,-0.024031
2017-11-21,Medium- and long-term return,-0.182653
2017-11-21,Short-term return,0.058361
2017-11-21,Volatility,0.023477
2017-11-21,Size,0.090499
2017-11-21,Trading activity,0.063956
2017-11-21,Market correlation,0.016298
2017-11-21,Short interest,-0.027414
2017-11-29,Medium- and long-term return,-0.065193
2017-11-29,Short-term return,-0.098817
2017-11-29,Volatility,-0.005928
2017-11-29,Size,0.078222
2017-11-29,Trading activity,-0.019699
2017-11-29,Market correlation,-0.025679
2017-11-29,Short interest,0.014980
2017-12-06,Medium- and long-term return,0.044772
2017-12-06,Short-term return,-0.023880
2017-12-06,Volatility,-0.107552
2017-12-06,Size,0.105852
2017-12-06,Trading activity,-0.056848
2017-12-06,Market correlation,0.117528
2017-12-06,Short interest,0.092096
2017-12-13,Medium- and long-term return,0.101260
2017-12-13,Short-term return,-0.018489
2017-12-13,Volatility,-0.043150
2017-12-13,Size,0.120242
2017-12-13,Trading activity,-0.068391
2017-12-13,Market correlation,0.230082
2017-12-13,Short interest,0.101481
2017-12-20,Medium- and long-term return,0.213723
2017-12-20,Short-term return,-0.059049
2017-12-20,Volatility,0.074460
2017-12-20,Size,0.201053
2017-12-20,Trading activity,-0.017673
2017-12-20,Market correlation,0.231868
2017-12-20,Short interest,0.179402
2017-12-28,Medium- and long-term return,0.183557
2017-12-28,Short-term return,0.099784
2017-12-28,Volatility,0.109254
2017-12-28,Size,0.200601
2017-12-28,Trading activity,-0.024228
2017-12-28,Market correlation,0.201468
2017-12-28,Short interest,0.142222
2018-01-05,Medium- and long-term return,0.069474
2018-01-05,Short-term return,0.045519
2018-01-05,Volatility,0.034481
2018-01-05,Size,0.023472
2018-01-05,Trading activity,0.006278
2018-01-05,Market correlation,0.046930
2018-01-05,Short interest,0.064048
2018-01-12,Medium- and long-term return,0.078228
2018-01-12,Short-term return,0.032706
2018-01-12,Volatility,0.031089
2018-01-12,Size,0.086230
2018-01-12,Trading activity,0.027042
2018-01-12,Market correlation,-0.016108
2018-01-12,Short interest,0.036085
2018-01-22,Medium- and long-term return,0.031458
2018-01-22,Short-term return,0.028540
2018-01-22,Volatility,-0.006905
2018-01-22,Size,0.002828
2018-01-22,Trading activity,0.018887
2018-01-22,Market correlation,-0.020148
2018-01-22,Short interest,0.007915
2018-01-29,Medium- and long-term return,0.070079
2018-01-29,Short-term return,-0.062549
2018-01-29,Volatility,-0.063242
2018-01-29,Size,0.005079
2018-01-29,Trading activity,0.011585
2018-01-29,Market correlation,-0.011889
2018-01-29,Short interest,0.000527
2018-02-05,Medium- and long-term return,0.038062
2018-02-05,Short-term return,-0.078460
2018-02-05,Volatility,-0.097809
2018-02-05,Size,-0.053252
2018-02-05,Trading activity,-0.068169
2018-02-05,Market correlation,-0.026313
2018-02-05,Short interest,-0.023827
2018-02-12,Medium- and long-term return,0.133152
2018-02-12,Short-term return,-0.006665
2018-02-12,Volatility,0.014252
2018-02-12,Size,-0.048740
2018-02-12,Trading activity,-0.010053
2018-02-12,Market correlation,0.031729
2018-02-12,Short interest,0.030157
2018-02-20,Medium- and long-term return,0.186370
2018-02-20,Short-term return,-0.065095
2018-02-20,Volatility,0.015349
2018-02-20,Size,-0.066390
2018-02-20,Trading activity,-0.045581
2018-02-20,Market correlation,-0.006523
2018-02-20,Short interest,0.022595
2018-02-27,Medium- and long-term return,0.075101
2018-02-27,Short-term return,-0.020424
2018-02-27,Volatility,0.024027
2018-02-27,Size,-0.151183
2018-02-27,Trading activity,-0.103508
2018-02-27,Market correlation,-0.133084
2018-02-27,Short interest,-0.049475
2018-03-06,Medium- and long-term return,0.092813
2018-03-06,Short-term return,0.025145
2018-03-06,Volatility,0.140314
2018-03-06,Size,0.039532
2018-03-06,Trading activity,0.071772
2018-03-06,Market correlation,-0.041124
2018-03-06,Short interest,0.063431
2018-03-13,Medium- and long-term return,0.061021
2018-03-13,Short-term return,0.010395
2018-03-13,Volatility,0.068376
2018-03-13,Size,-0.028446
2018-03-13,Trading activity,-0.033939
2018-03-13,Market correlation,-0.084087
2018-03-13,Short interest,0.013731
2018-03-20,Medium- and long-term return,0.041452
2018-03-20,Short-term return,-0.097309
2018-03-20,Volatility,0.078685
2018-03-20,Size,0.021483
2018-03-20,Trading activity,-0.020068
2018-03-20,Market correlation,-0.045208
2018-03-20,Short interest,0.015109
2018-03-27,Medium- and long-term return,0.002101
2018-03-27,Short-term return,-0.059639
2018-03-27,Volatility,0.103418
2018-03-27,Size,-0.032647
2018-03-27,Trading activity,0.012563
2018-03-27,Market correlation,0.030400
2018-03-27,Short interest,0.044323
2018-04-04,Medium- and long-term return,0.067945
2018-04-04,Short-term return,0.033380
2018-04-04,Volatility,-0.019329
2018-04-04,Size,-0.069968
2018-04-04,Trading activity,-0.035075
2018-04-04,Market correlation,-0.006101
2018-04-04,Short interest,-0.000952
2018-04-11,Medium- and long-term return,0.168975
2018-04-11,Short-term return,-0.022001
2018-04-11,Volatility,-0.034588
2018-04-11,Size,-0.021064
2018-04-11,Trading activity,-0.017340
2018-04-11,Market correlation,0.076028
2018-04-11,Short interest,0.039733
2018-04-18,Medium- and long-term return,0.035718
2018-04-18,Short-term return,0.032667
2018-04-18,Volatility,-0.123299
2018-04-18,Size,-0.060653
2018-04-18,Trading activity,-0.024383
2018-04-18,Market correlation,-0.006663
2018-04-18,Short interest,-0.008833
2018-04-25,Medium- and long-term return,0.130199
2018-04-25,Short-term return,0.045538
2018-04-25,Volatility,-0.110020
2018-04-25,Size,-0.002946
2018-04-25,Trading activity,-0.031232
2018-04-25,Market correlation,0.054325
2018-04-25,Short interest,0.032124
2018-05-02,Medium- and long-term return,0.162470
2018-05-02,Short-term return,-0.097393
2018-05-02,Volatility,-0.019699
2018-05-02,Size,-0.025075
2018-05-02,Trading activity,-0.032486
2018-05-02,Market correlation,0.018369
2018-05-02,Short interest,-0.003324
2018-05-09,Medium- and long-term return,0.055760
2018-05-09,Short-term return,-0.062508
2018-05-09,Volatility,0.030118
2018-05-09,Size,-0.028100
2018-05-09,Trading activity,-0.060925
2018-05-09,Market correlation,-0.019297
2018-05-09,Short interest,-0.028744
2018-05-16,Medium- and long-term return,0.107860
2018-05-16,Short-term return,-0.034343
2018-05-16,Volatility,0.061591
2018-05-16,Size,-0.036668
2018-05-16,Trading activity,-0.130265
2018-05-16,Market correlation,-0.029309
2018-05-16,Short interest,-0.032765
2018-05-23,Medium- and long-term return,-0.007853
2018-05-23,Short-term return,-0.114982
2018-05-23,Volatility,-0.055229
2018-05-23,Size,-0.110493
2018-05-23,Trading activity,-0.171068
2018-05-23,Market correlation,-0.168193
2018-05-23,Short interest,-0.132281
2018-05-31,Medium- and long-term return,-0.138745
2018-05-31,Short-term return,-0.036474
2018-05-31,Volatility,0.041695
2018-05-31,Size,-0.051944
2018-05-31,Trading activity,-0.066596
2018-05-31,Market correlation,-0.181390
2018-05-31,Short interest,-0.123847
2018-06-07,Medium- and long-term return,-0.207901
2018-06-07,Short-term return,0.009353
2018-06-07,Volatility,0.028294
2018-06-07,Size,-0.131109
2018-06-07,Trading activity,-0.081102
2018-06-07,Market correlation,-0.262752
2018-06-07,Short interest,-0.165335
2018-06-14,Medium- and long-term return,-0.148210
2018-06-14,Short-term return,-0.053966
2018-06-14,Volatility,0.096669
2018-06-14,Size,-0.027444
2018-06-14,Trading activity,0.003198
2018-06-14,Market correlation,-0.154828
2018-06-14,Short interest,-0.089234
2018-06-21,Medium- and long-term return,-0.019981
2018-06-21,Short-term return,0.045954
2018-06-21,Volatility,0.180702
2018-06-21,Size,0.044988
2018-06-21,Trading activity,0.076201
2018-06-21,Market correlation,0.012672
2018-06-21,Short interest,-0.017514
2018-06-28,Medium- and long-term return,-0.004464
2018-06-28,Short-term return,0.073727
2018-06-28,Volatility,0.151544
2018-06-28,Size,0.112496
2018-06-28,Trading activity,0.121321
2018-06-28,Market correlation,0.100459
2018-06-28,Short interest,0.087939
2018-07-06,Medium- and long-term return,-0.039703
2018-07-06,Short-term return,0.073426
2018-07-06,Volatility,0.159736
2018-07-06,Size,0.189489
2018-07-06,Trading activity,0.141131
2018-07-06,Market correlation,0.122697
2018-07-06,Short interest,0.110668
2018-07-13,Medium- and long-term return,0.006954
2018-07-13,Short-term return,0.024438
2018-07-13,Volatility,0.100021
2018-07-13,Size,0.089635
2018-07-13,Trading activity,0.060195
2018-07-13,Market correlation,0.029453
2018-07-13,Short interest,0.055359
2018-07-20,Medium- and long-term return,-0.062963
2018-07-20,Short-term return,0.040832
2018-07-20,Volatility,0.124148
2018-07-20,Size,0.086705
2018-07-20,Trading activity,0.100181
2018-07-20,Market correlation,-0.024589
2018-07-20,Short interest,0.039312
2018-07-27,Medium- and long-term return,0.107392
2018-07-27,Short-term return,0.043988
2018-07-27,Volatility,0.052548
2018-07-27,Size,-0.059633
2018-07-27,Trading activity,-0.082643
2018-07-27,Market correlation,-0.099950
2018-07-27,Short interest,-0.077095
2018-08-03,Medium- and long-term return,0.225978
2018-08-03,Short-term return,-0.028849
2018-08-03,Volatility,-0.008741
2018-08-03,Size,-0.013101
2018-08-03,Trading activity,-0.063897
2018-08-03,Market correlation,-0.066637
2018-08-03,Short interest,-0.013074
2018-08-10,Medium- and long-term return,0.172195
2018-08-10,Short-term return,-0.187523
2018-08-10,Volatility,0.092436
2018-08-10,Size,0.046984
2018-08-10,Trading activity,-0.057790
2018-08-10,Market correlation,-0.021550
2018-08-10,Short interest,-0.042735
2018-08-17,Medium- and long-term return,0.109625
2018-08-17,Short-term return,-0.085305
2018-08-17,Volatility,0.082398
2018-08-17,Size,0.061121
2018-08-17,Trading activity,-0.065340
2018-08-17,Market correlation,0.012418
2018-08-17,Short interest,-0.027676
2018-08-24,Medium- and long-term return,-0.000365
2018-08-24,Short-term return,-0.096566
2018-08-24,Volatility,0.105480
2018-08-24,Size,0.123522
2018-08-24,Trading activity,0.028953
2018-08-24,Market correlation,0.062662
2018-08-24,Short interest,0.043769
2018-08-31,Medium- and long-term return,0.057886
2018-08-31,Short-term return,-0.042341
2018-08-31,Volatility,0.116146
2018-08-31,Size,0.160483
2018-08-31,Trading activity,0.032975
2018-08-31,Market correlation,0.035012
2018-08-31,Short interest,0.135754
2018-09-10,Medium- and long-term return,-0.157760
2018-09-10,Short-term return,0.095875
2018-09-10,Volatility,0.109295
2018-09-10,Size,0.165371
2018-09-10,Trading activity,0.126394
2018-09-10,Market correlation,0.005017
2018-09-10,Short interest,0.178761
2018-09-17,Medium- and long-term return,-0.076064
2018-09-17,Short-term return,0.008622
2018-09-17,Volatility,-0.059596
2018-09-17,Size,0.094201
2018-09-17,Trading activity,0.020839
2018-09-17,Market correlation,-0.119469
2018-09-17,Short interest,0.116431
2018-09-24,Medium- and long-term return,0.120637
2018-09-24,Short-term return,-0.048346
2018-09-24,Volatility,0.063882
2018-09-24,Size,0.114405
2018-09-24,Trading activity,-0.010050
2018-09-24,Market correlation,-0.168623
2018-09-24,Short interest,0.070953
2018-10-01,Medium- and long-term return,-0.035547
2018-10-01,Short-term return,0.014682
2018-10-01,Volatility,0.044242
2018-10-01,Size,0.079572
2018-10-01,Trading activity,0.056064
2018-10-01,Market correlation,-0.122224
2018-10-01,Short interest,-0.013914
2018-10-08,Medium- and long-term return,-0.027421
2018-10-08,Short-term return,0.017516
2018-10-08,Volatility,-0.036143
2018-10-08,Size,-0.005732
2018-10-08,Trading activity,0.070982
2018-10-08,Market correlation,-0.093756
2018-10-08,Short interest,-0.038859
2018-10-15,Medium- and long-term return,0.060580
2018-10-15,Short-term return,-0.049245
2018-10-15,Volatility,0.214156
2018-10-15,Size,0.118117
2018-10-15,Trading activity,0.093167
2018-10-15,Market correlation,-0.014326
2018-10-15,Short interest,0.030845
2018-10-22,Medium- and long-term return,-0.089984
2018-10-22,Short-term return,-0.025705
2018-10-22,Volatility,0.215822
2018-10-22,Size,0.091552
2018-10-22,Trading activity,0.141110
2018-10-22,Market correlation,0.005818
2018-10-22,Short interest,-0.001892
2018-10-29,Medium- and long-term return,-0.087498
2018-10-29,Short-term return,-0.094456
2018-10-29,Volatility,0.158292
2018-10-29,Size,0.095115
2018-10-29,Trading activity,0.103246
2018-10-29,Market correlation,0.038070
2018-10-29,Short interest,-0.029156
2018-11-05,Medium- and long-term return,0.148369
2018-11-05,Short-term return,0.022609
2018-11-05,Volatility,0.213350
2018-11-05,Size,0.116381
2018-11-05,Trading activity,0.047974
2018-11-05,Market correlation,-0.055697
2018-11-05,Short interest,0.008218
2018-11-12,Medium- and long-term return,0.116133
2018-11-12,Short-term return,-0.002425
2018-11-12,Volatility,0.006754
2018-11-12,Size,0.010572
2018-11-12,Trading activity,-0.053123
2018-11-12,Market correlation,-0.055440
2018-11-12,Short interest,-0.060224
2018-11-19,Medium- and long-term return,0.138482
2018-11-19,Short-term return,0.133971
2018-11-19,Volatility,-0.099794
2018-11-19,Size,0.014838
2018-11-19,Trading activity,-0.018566
2018-11-19,Market correlation,-0.023093
2018-11-19,Short interest,0.037450
2018-11-27,Medium- and long-term return,0.199518
2018-11-27,Short-term return,0.003328
2018-11-27,Volatility,-0.046407
2018-11-27,Size,0.087637
2018-11-27,Trading activity,0.006853
2018-11-27,Market correlation,0.023115
2018-11-27,Short interest,0.090215
2018-12-04,Medium- and long-term return,-0.049153
2018-12-04,Short-term return,-0.017980
2018-12-04,Volatility,-0.126751
2018-12-04,Size,-0.003968
2018-12-04,Trading activity,-0.011688
2018-12-04,Market correlation,0.003517
2018-12-04,Short interest,0.031257
2018-12-12,Medium- and long-term return,-0.250002
2018-12-12,Short-term return,0.091519
2018-12-12,Volatility,-0.199706
2018-12-12,Size,-0.115934
2018-12-12,Trading activity,-0.043380
2018-12-12,Market correlation,0.036841
2018-12-12,Short interest,-0.012914
2018-12-19,Medium- and long-term return,-0.362380
2018-12-19,Short-term return,0.209427
2018-12-19,Volatility,-0.268260
2018-12-19,Size,-0.210414
2018-12-19,Trading activity,-0.043916
2018-12-19,Market correlation,0.027881
2018-12-19,Short interest,-0.053614
2018-12-27,Medium- and long-term return,-0.302747
2018-12-27,Short-term return,0.262190
2018-12-27,Volatility,-0.104025
2018-12-27,Size,-0.197694
2018-12-27,Trading activity,0.010967
2018-12-27,Market correlation,-0.068953
2018-12-27,Short interest,-0.056456
2019-01-04,Medium- and long-term return,-0.043933
2019-01-04,Short-term return,0.140087
2019-01-04,Volatility,0.052993
2019-01-04,Size,-0.107980
2019-01-04,Trading activity,0.016835
2019-01-04,Market correlation,0.047306
2019-01-04,Short interest,-0.044946
2019-01-11,Medium- and long-term return,0.107477
2019-01-11,Short-term return,0.107545
2019-01-11,Volatility,0.124679
2019-01-11,Size,-0.031039
2019-01-11,Trading activity,0.014864
2019-01-11,Market correlation,0.016991
2019-01-11,Short interest,0.000425
2019-01-18,Medium- and long-term return,0.080481
2019-01-18,Short-term return,0.031775
2019-01-18,Volatility,0.122624
2019-01-18,Size,-0.018134
2019-01-18,Trading activity,0.037358
2019-01-18,Market correlation,0.062808
2019-01-18,Short interest,0.008938
2019-01-28,Medium- and long-term return,0.120904
2019-01-28,Short-term return,0.071900
2019-01-28,Volatility,0.106575
2019-01-28,Size,0.049373
2019-01-28,Trading activity,0.061773
2019-01-28,Market correlation,0.173658
2019-01-28,Short interest,0.027296
2019-02-04,Medium- and long-term return,0.132935
2019-02-04,Short-term return,-0.039162
2019-02-04,Volatility,0.123466
2019-02-04,Size,0.033749
2019-02-04,Trading activity,0.024204
2019-02-04,Market correlation,0.125016
2019-02-04,Short interest,-0.014901
2019-02-11,Medium- and long-term return,0.103620
2019-02-11,Short-term return,0.044421
2019-02-11,Volatility,0.121746
2019-02-11,Size,0.124594
2019-02-11,Trading activity,0.075740
2019-02-11,Market correlation,0.161837
2019-02-11,Short interest,0.024838
2019-02-19,Medium- and long-term return,0.184147
2019-02-19,Short-term return,0.069608
2019-02-19,Volatility,0.139836
2019-02-19,Size,0.144863
2019-02-19,Trading activity,0.024507
2019-02-19,Market correlation,0.125031
2019-02-19,Short interest,0.022504
2019-02-26,Medium- and long-term return,0.301950
2019-02-26,Short-term return,-0.041666
2019-02-26,Volatility,0.207736
2019-02-26,Size,0.154162
2019-02-26,Trading activity,0.034071
2019-02-26,Market correlation,0.023949
2019-02-26,Short interest,0.056335
2019-03-05,Medium- and long-term return,0.240506
2019-03-05,Short-term return,-0.065283
2019-03-05,Volatility,0.134215
2019-03-05,Size,0.181660
2019-03-05,Trading activity,0.031975
2019-03-05,Market correlation,0.070366
2019-03-05,Short interest,0.092496
2019-03-12,Medium- and long-term return,0.129766
2019-03-12,Short-term return,-0.117213
2019-03-12,Volatility,0.143896
2019-03-12,Size,0.154773
2019-03-12,Trading activity,0.038275
2019-03-12,Market correlation,0.087264
2019-03-12,Short interest,0.040229
2019-03-19,Medium- and long-term return,0.058128
2019-03-19,Short-term return,-0.046507
2019-03-19,Volatility,0.120024
2019-03-19,Size,0.047163
2019-03-19,Trading activity,0.028965
2019-03-19,Market correlation,0.059762
2019-03-19,Short interest,0.026995
2019-03-26,Medium- and long-term return,-0.095774
2019-03-26,Short-term return,0.080649
2019-03-26,Volatility,0.015919
2019-03-26,Size,0.026277
2019-03-26,Trading activity,0.070502
2019-03-26,Market correlation,0.130383
2019-03-26,Short interest,0.071332
2019-04-02,Medium- and long-term return,-0.000735
2019-04-02,Short-term return,0.025576
2019-04-02,Volatility,0.064186
2019-04-02,Size,0.009861
2019-04-02,Trading activity,0.050368
2019-04-02,Market correlation,0.054146
2019-04-02,Short interest,0.043126
2019-04-09,Medium- and long-term return,0.102434
2019-04-09,Short-term return,0.037107
2019-04-09,Volatility,0.088286
2019-04-09,Size,-0.053432
2019-04-09,Trading activity,0.026135
2019-04-09,Market correlation,-0.021974
2019-04-09,Short interest,0.011549
2019-04-16,Medium- and long-term return,0.191271
2019-04-16,Short-term return,0.090960
2019-04-16,Volatility,0.159581
2019-04-16,Size,-0.020923
2019-04-16,Trading activity,0.003550
2019-04-16,Market correlation,-0.087199
2019-04-16,Short interest,-0.008752
2019-04-24,Medium- and long-term return,0.242719
2019-04-24,Short-term return,0.012067
2019-04-24,Volatility,0.198106
2019-04-24,Size,0.036891
2019-04-24,Trading activity,0.039128
2019-04-24,Market correlation,-0.079350
2019-04-24,Short interest,-0.001289
2019-05-01,Medium- and long-term return,0.324071
2019-05-01,Short-term return,-0.116631
2019-05-01,Volatility,0.154180
2019-05-01,Size,-0.002589
2019-05-01,Trading activity,-0.022861
2019-05-01,Market correlation,-0.083920
2019-05-01,Short interest,-0.020836
2019-05-08,Medium- and long-term return,0.406163
2019-05-08,Short-term return,-0.298525
2019-05-08,Volatility,0.288433
2019-05-08,Size,0.138740
2019-05-08,Trading activity,-0.016902
2019-05-08,Market correlation,-0.006768
2019-05-08,Short interest,0.048523
2019-05-15,Medium- and long-term return,0.365542
2019-05-15,Short-term return,-0.222335
2019-05-15,Volatility,0.284745
2019-05-15,Size,0.176163
2019-05-15,Trading activity,-0.045040
2019-05-15,Market correlation,0.052326
2019-05-15,Short interest,0.063822
2019-05-22,Medium- and long-term return,0.299123
2019-05-22,Short-term return,-0.104494
2019-05-22,Volatility,0.222447
2019-05-22,Size,0.178571
2019-05-22,Trading activity,0.017862
2019-05-22,Market correlation,0.113175
2019-05-22,Short interest,0.093032
2019-05-30,Medium- and long-term return,0.097019
2019-05-30,Short-term return,-0.088937
2019-05-30,Volatility,0.148759
2019-05-30,Size,0.171819
2019-05-30,Trading activity,0.026609
2019-05-30,Market correlation,0.132001
2019-05-30,Short interest,0.145218
2019-06-06,Medium- and long-term return,0.062144
2019-06-06,Short-term return,-0.038355
2019-06-06,Volatility,0.142333
2019-06-06,Size,0.160889
2019-06-06,Trading activity,0.077957
2019-06-06,Market correlation,0.173781
2019-06-06,Short interest,0.152849
2019-06-13,Medium- and long-term return,0.208578
2019-06-13,Short-term return,-0.041387
2019-06-13,Volatility,0.167754
2019-06-13,Size,0.193076
2019-06-13,Trading activity,0.033035
2019-06-13,Market correlation,0.107045
2019-06-13,Short interest,0.165286
2019-06-20,Medium- and long-term return,0.058355
2019-06-20,Short-term return,0.052078
2019-06-20,Volatility,0.051922
2019-06-20,Size,0.079863
2019-06-20,Trading activity,-0.015396
2019-06-20,Market correlation,0.008704
2019-06-20,Short interest,0.086413
2019-06-27,Medium- and long-term return,0.176151
2019-06-27,Short-term return,0.074079
2019-06-27,Volatility,0.140303
2019-06-27,Size,0.050899
2019-06-27,Trading activity,0.004175
2019-06-27,Market correlation,0.032944
2019-06-27,Short interest,0.104408
2019-07-05,Medium- and long-term return,0.033238
2019-07-05,Short-term return,0.018481
2019-07-05,Volatility,0.015660
2019-07-05,Size,0.011241
2019-07-05,Trading activity,-0.049724
2019-07-05,Market correlation,-0.109655
2019-07-05,Short interest,0.006271
2019-07-12,Medium- and long-term return,0.184224
2019-07-12,Short-term return,0.013361
2019-07-12,Volatility,0.107288
2019-07-12,Size,-0.029826
2019-07-12,Trading activity,-0.037531
2019-07-12,Market correlation,-0.116417
2019-07-12,Short interest,-0.020424
2019-07-19,Medium- and long-term return,0.278920
2019-07-19,Short-term return,0.014809
2019-07-19,Volatility,0.194579
2019-07-19,Size,0.009077
2019-07-19,Trading activity,-0.054155
2019-07-19,Market correlation,-0.079872
2019-07-19,Short interest,-0.005188
2019-07-26,Medium- and long-term return,0.333121
2019-07-26,Short-term return,-0.004112
2019-07-26,Volatility,0.180724
2019-07-26,Size,0.011991
2019-07-26,Trading activity,-0.031114
2019-07-26,Market correlation,-0.085560
2019-07-26,Short interest,0.009933
2019-08-02,Medium- and long-term return,0.381673
2019-08-02,Short-term return,-0.185826
2019-08-02,Volatility,0.194259
2019-08-02,Size,0.081186
2019-08-02,Trading activity,-0.021704
2019-08-02,Market correlation,0.023195
2019-08-02,Short interest,0.084478
2019-08-09,Medium- and long-term return,-0.181629
2019-08-09,Short-term return,0.115014
2019-08-09,Volatility,0.021389
2019-08-09,Size,0.041062
2019-08-09,Trading activity,0.051945
2019-08-09,Market correlation,0.097821
2019-08-09,Short interest,0.047686
2019-08-16,Medium- and long-term return,-0.496052
2019-08-16,Short-term return,0.323374
2019-08-16,Volatility,-0.104553
2019-08-16,Size,-0.026960
2019-08-16,Trading activity,0.110607
2019-08-16,Market correlation,0.099040
2019-08-16,Short interest,-0.002045
2019-08-23,Medium- and long-term return,-0.348086
2019-08-23,Short-term return,0.215823
2019-08-23,Volatility,0.031280
2019-08-23,Size,0.058331
2019-08-23,Trading activity,0.169112
2019-08-23,Market correlation,0.121868
2019-08-23,Short interest,0.065496
2019-08-30,Medium- and long-term return,-0.361539
2019-08-30,Short-term return,0.052288
2019-08-30,Volatility,0.032624
2019-08-30,Size,0.012856
2019-08-30,Trading activity,0.133913
2019-08-30,Market correlation,0.025203
2019-08-30,Short interest,0.003988
2019-09-09,Medium- and long-term return,0.094433
2019-09-09,Short-term return,0.148025
2019-09-09,Volatility,0.146816
2019-09-09,Size,0.024275
2019-09-09,Trading activity,0.024461
2019-09-09,Market correlation,-0.112839
2019-09-09,Short interest,-0.003545
2019-09-16,Medium- and long-term return,0.355236
2019-09-16,Short-term return,0.360786
2019-09-16,Volatility,0.222481
2019-09-16,Size,0.179697
2019-09-16,Trading activity,0.119582
2019-09-16,Market correlation,-0.042623
2019-09-16,Short interest,0.131449
2019-09-23,Medium- and long-term return,0.055285
2019-09-23,Short-term return,-0.048898
2019-09-23,Volatility,0.117659
2019-09-23,Size,0.104647
2019-09-23,Trading activity,0.050820
2019-09-23,Market correlation,-0.016335
2019-09-23,Short interest,0.002474
2019-09-30,Medium- and long-term return,-0.132462
2019-09-30,Short-term return,-0.023563
2019-09-30,Volatility,-0.057587
2019-09-30,Size,0.004132
2019-09-30,Trading activity,-0.041164
2019-09-30,Market correlation,0.013306
2019-09-30,Short interest,-0.067760
2019-10-07,Medium- and long-term return,-0.289654
2019-10-07,Short-term return,0.098446
2019-10-07,Volatility,-0.053968
2019-10-07,Size,-0.002259
2019-10-07,Trading activity,-0.022239
2019-10-07,Market correlation,0.099811
2019-10-07,Short interest,-0.048843
2019-10-14,Medium- and long-term return,-0.266809
2019-10-14,Short-term return,-0.145770
2019-10-14,Volatility,-0.058337
2019-10-14,Size,-0.029032
2019-10-14,Trading activity,0.016336
2019-10-14,Market correlation,0.076219
2019-10-14,Short interest,-0.035388
2019-10-21,Medium- and long-term return,-0.109979
2019-10-21,Short-term return,-0.094670
2019-10-21,Volatility,-0.041050
2019-10-21,Size,0.029923
2019-10-21,Trading activity,0.014982
2019-10-21,Market correlation,0.092635
2019-10-21,Short interest,0.017466
2019-10-28,Medium- and long-term return,-0.018667
2019-10-28,Short-term return,-0.009750
2019-10-28,Volatility,0.026237
2019-10-28,Size,0.013953
2019-10-28,Trading activity,-0.010285
2019-10-28,Market correlation,0.072260
2019-10-28,Short interest,0.043920
2019-11-04,Medium- and long-term return,0.105304
2019-11-04,Short-term return,0.159673
2019-11-04,Volatility,0.055740
2019-11-04,Size,0.009409
2019-11-04,Trading activity,0.055044
2019-11-04,Market correlation,-0.056822
2019-11-04,Short interest,0.015857
2019-11-11,Medium- and long-term return,0.092979
2019-11-11,Short-term return,0.050496
2019-11-11,Volatility,0.074343
2019-11-11,Size,0.066779
2019-11-11,Trading activity,0.101275
2019-11-11,Market correlation,0.049206
2019-11-11,Short interest,0.075577
2019-11-18,Medium- and long-term return,-0.109587
2019-11-18,Short-term return,0.165611
2019-11-18,Volatility,0.073188
2019-11-18,Size,0.039130
2019-11-18,Trading activity,0.071578
2019-11-18,Market correlation,0.138707
2019-11-18,Short interest,0.096228
2019-11-25,Medium- and long-term return,-0.064769
2019-11-25,Short-term return,0.046517
2019-11-25,Volatility,0.091611
2019-11-25,Size,0.059341
2019-11-25,Trading activity,0.082018
2019-11-25,Market correlation,0.133440
2019-11-25,Short interest,0.105814
2019-12-03,Medium- and long-term return,-0.080405
2019-12-03,Short-term return,0.120606
2019-12-03,Volatility,0.090656
2019-12-03,Size,0.155585
2019-12-03,Trading activity,0.091312
2019-12-03,Market correlation,0.255772
2019-12-03,Short interest,0.117438
2019-12-10,Medium- and long-term return,0.068565
2019-12-10,Short-term return,-0.008828
2019-12-10,Volatility,0.068585
2019-12-10,Size,0.130735
2019-12-10,Trading activity,0.071130
2019-12-10,Market correlation,0.161138
2019-12-10,Short interest,0.091688
2019-12-17,Medium- and long-term return,0.123233
2019-12-17,Short-term return,0.104992
2019-12-17,Volatility,0.109622
2019-12-17,Size,0.061467
2019-12-17,Trading activity,0.098728
2019-12-17,Market correlation,0.020904
2019-12-17,Short interest,-0.005758
2019-12-24,Medium- and long-term return,0.209281
2019-12-24,Short-term return,0.078384
2019-12-24,Volatility,0.152139
2019-12-24,Size,0.114761
2019-12-24,Trading activity,0.142828
2019-12-24,Market correlation,-0.041701
2019-12-24,Short interest,0.016987
2020-01-02,Medium- and long-term return,0.206942
2020-01-02,Short-term return,0.014439
2020-01-02,Volatility,0.086260
2020-01-02,Size,0.049995
2020-01-02,Trading activity,0.113917
2020-01-02,Market correlation,-0.123616
2020-01-02,Short interest,-0.027094
2020-01-09,Medium- and long-term return,0.218565
2020-01-09,Short-term return,-0.167476
2020-01-09,Volatility,0.129082
2020-01-09,Size,0.100287
2020-01-09,Trading activity,0.096514
2020-01-09,Market correlation,-0.075258
2020-01-09,Short interest,-0.001355
2020-01-16,Medium- and long-term return,0.293439
2020-01-16,Short-term return,-0.113379
2020-01-16,Volatility,0.140538
2020-01-16,Size,0.132945
2020-01-16,Trading activity,0.027749
2020-01-16,Market correlation,-0.032451
2020-01-16,Short interest,0.057646
2020-01-24,Medium- and long-term return,0.158212
2020-01-24,Short-term return,-0.186941
2020-01-24,Volatility,0.057747
2020-01-24,Size,0.028554
2020-01-24,Trading activity,-0.090109
2020-01-24,Market correlation,-0.097646
2020-01-24,Short interest,-0.040964
2020-01-31,Medium- and long-term return,0.138416
2020-01-31,Short-term return,-0.129170
2020-01-31,Volatility,-0.000631
2020-01-31,Size,0.108831
2020-01-31,Trading activity,-0.045124
2020-01-31,Market correlation,-0.059951
2020-01-31,Short interest,-0.009063
2020-02-07,Medium- and long-term return,0.227633
2020-02-07,Short-term return,-0.092541
2020-02-07,Volatility,0.103701
2020-02-07,Size,0.093066
2020-02-07,Trading activity,-0.008808
2020-02-07,Market correlation,-0.165380
2020-02-07,Short interest,0.007980
2020-02-14,Medium- and long-term return,0.117893
2020-02-14,Short-term return,-0.076263
2020-02-14,Volatility,0.067354
2020-02-14,Size,0.195142
2020-02-14,Trading activity,0.043539
2020-02-14,Market correlation,-0.014708
2020-02-14,Short interest,0.035108
2020-02-24,Medium- and long-term return,0.048822
2020-02-24,Short-term return,-0.053725
2020-02-24,Volatility,-0.094677
2020-02-24,Size,0.059619
2020-02-24,Trading activity,0.020679
2020-02-24,Market correlation,-0.082630
2020-02-24,Short interest,0.005710
2020-03-02,Medium- and long-term return,0.213545
2020-03-02,Short-term return,-0.159830
2020-03-02,Volatility,0.082397
2020-03-02,Size,0.136338
2020-03-02,Trading activity,0.064827
2020-03-02,Market correlation,-0.007188
2020-03-02,Short interest,0.041592
2020-03-09,Medium- and long-term return,0.086459
2020-03-09,Short-term return,-0.030720
2020-03-09,Volatility,0.000164
2020-03-09,Size,0.110234
2020-03-09,Trading activity,0.055005
2020-03-09,Market correlation,0.071067
2020-03-09,Short interest,0.061232
2020-03-16,Medium- and long-term return,0.060238
2020-03-16,Short-term return,0.166616
2020-03-16,Volatility,-0.044851
2020-03-16,Size,0.083496
2020-03-16,Trading activity,-0.030687
2020-03-16,Market correlation,0.023346
2020-03-16,Short interest,0.087781
2020-03-23,Medium- and long-term return,0.231569
2020-03-23,Short-term return,0.034906
2020-03-23,Volatility,0.265765
2020-03-23,Size,0.141869
2020-03-23,Trading activity,0.101398
2020-03-23,Market correlation,0.057523
2020-03-23,Short interest,0.086353
2020-03-30,Medium- and long-term return,-0.075637
2020-03-30,Short-term return,0.113292
2020-03-30,Volatility,-0.012203
2020-03-30,Size,-0.048954
2020-03-30,Trading activity,-0.047296
2020-03-30,Market correlation,-0.086538
2020-03-30,Short interest,-0.049313
2020-04-06,Medium- and long-term return,0.007257
2020-04-06,Short-term return,0.128247
2020-04-06,Volatility,-0.098805
2020-04-06,Size,-0.146372
2020-04-06,Trading activity,-0.071251
2020-04-06,Market correlation,-0.159600
2020-04-06,Short interest,-0.107894
2020-04-14,Medium- and long-term return,0.090179
2020-04-14,Short-term return,-0.056619
2020-04-14,Volatility,-0.078697
2020-04-14,Size,-0.154495
2020-04-14,Trading activity,-0.058969
2020-04-14,Market correlation,-0.167419
2020-04-14,Short interest,-0.105733
2020-04-21,Medium- and long-term return,0.036497
2020-04-21,Short-term return,-0.015545
2020-04-21,Volatility,-0.133793
2020-04-21,Size,-0.068866
2020-04-21,Trading activity,-0.040925
2020-04-21,Market correlation,0.006335
2020-04-21,Short interest,-0.063966
2020-04-28,Medium- and long-term return,-0.003506
2020-04-28,Short-term return,-0.059248
2020-04-28,Volatility,-0.135066
2020-04-28,Size,-0.074234
2020-04-28,Trading activity,-0.020949
2020-04-28,Market correlation,0.001836
2020-04-28,Short interest,-0.046094
2020-05-05,Medium- and long-term return,-0.036805
2020-05-05,Short-term return,-0.035008
2020-05-05,Volatility,-0.073838
2020-05-05,Size,0.042015
2020-05-05,Trading activity,0.050900
2020-05-05,Market correlation,0.137540
2020-05-05,Short interest,-0.047567
2020-05-12,Medium- and long-term return,-0.122242
2020-05-12,Short-term return,0.081005
2020-05-12,Volatility,-0.102312
2020-05-12,Size,0.099479
2020-05-12,Trading activity,0.062556
2020-05-12,Market correlation,0.177598
2020-05-12,Short interest,0.035307
2020-05-19,Medium- and long-term return,-0.119695
2020-05-19,Short-term return,-0.004176
2020-05-19,Volatility,-0.156076
2020-05-19,Size,0.000546
2020-05-19,Trading activity,-0.029306
2020-05-19,Market correlation,0.030179
2020-05-19,Short interest,-0.056656
2020-05-27,Medium- and long-term return,0.106060
2020-05-27,Short-term return,0.096579
2020-05-27,Volatility,-0.081183
2020-05-27,Size,0.011837
2020-05-27,Trading activity,-0.059194
2020-05-27,Market correlation,-0.160045
2020-05-27,Short interest,-0.109844
2020-06-03,Medium- and long-term return,0.178495
2020-06-03,Short-term return,0.104880
2020-06-03,Volatility,-0.007153
2020-06-03,Size,0.026290
2020-06-03,Trading activity,-0.081549
2020-06-03,Market correlation,-0.157054
2020-06-03,Short interest,-0.061762
2020-06-10,Medium- and long-term return,0.406364
2020-06-10,Short-term return,0.022390
2020-06-10,Volatility,0.181152
2020-06-10,Size,0.055326
2020-06-10,Trading activity,-0.086957
2020-06-10,Market correlation,-0.115360
2020-06-10,Short interest,-0.040919
2020-06-17,Medium- and long-term return,0.227922
2020-06-17,Short-term return,-0.042115
2020-06-17,Volatility,0.212565
2020-06-17,Size,0.108302
2020-06-17,Trading activity,0.019481
2020-06-17,Market correlation,0.018111
2020-06-17,Short interest,0.058974
2020-06-24,Medium- and long-term return,0.251240
2020-06-24,Short-term return,-0.008513
2020-06-24,Volatility,0.313348
2020-06-24,Size,0.140929
2020-06-24,Trading activity,0.131690
2020-06-24,Market correlation,0.166711
2020-06-24,Short interest,0.128883
2020-07-01,Medium- and long-term return,0.251940
2020-07-01,Short-term return,-0.105946
2020-07-01,Volatility,0.229221
2020-07-01,Size,0.083690
2020-07-01,Trading activity,0.052544
2020-07-01,Market correlation,0.115207
2020-07-01,Short interest,0.108471
2020-07-09,Medium- and long-term return,0.047704
2020-07-09,Short-term return,0.039890
2020-07-09,Volatility,0.158093
2020-07-09,Size,0.027500
2020-07-09,Trading activity,0.120474
2020-07-09,Market correlation,0.194515
2020-07-09,Short interest,0.103692
2020-07-16,Medium- and long-term return,0.142436
2020-07-16,Short-term return,-0.034236
2020-07-16,Volatility,0.151007
2020-07-16,Size,0.038991
2020-07-16,Trading activity,0.126372
2020-07-16,Market correlation,0.173317
2020-07-16,Short interest,0.079675
2020-07-23,Medium- and long-term return,0.196418
2020-07-23,Short-term return,-0.029739
2020-07-23,Volatility,0.096681
2020-07-23,Size,0.101270
2020-07-23,Trading activity,0.058732
2020-07-23,Market correlation,0.065361
2020-07-23,Short interest,0.086060
2020-07-30,Medium- and long-term return,-0.025382
2020-07-30,Short-term return,0.032021
2020-07-30,Volatility,0.052732
2020-07-30,Size,0.123940
2020-07-30,Trading activity,0.035357
2020-07-30,Market correlation,0.148434
2020-07-30,Short interest,0.050289
2020-08-06,Medium- and long-term return,-0.166751
2020-08-06,Short-term return,0.049615
2020-08-06,Volatility,0.025935
2020-08-06,Size,0.197220
2020-08-06,Trading activity,0.116645
2020-08-06,Market correlation,0.144927
2020-08-06,Short interest,0.076698
2020-08-13,Medium- and long-term return,-0.035565
2020-08-13,Short-term return,-0.080614
2020-08-13,Volatility,-0.075279
2020-08-13,Size,0.171053
2020-08-13,Trading activity,-0.006333
2020-08-13,Market correlation,0.015758
2020-08-13,Short interest,0.081204
2020-08-20,Medium- and long-term return,-0.226407
2020-08-20,Short-term return,0.017605
2020-08-20,Volatility,-0.158192
2020-08-20,Size,0.091550
2020-08-20,Trading activity,-0.001183
2020-08-20,Market correlation,0.021930
2020-08-20,Short interest,0.024475
2020-08-27,Medium- and long-term return,0.089459
2020-08-27,Short-term return,-0.104186
2020-08-27,Volatility,-0.098202
2020-08-27,Size,0.095036
2020-08-27,Trading activity,-0.056398
2020-08-27,Market correlation,-0.076419
2020-08-27,Short interest,0.026103
2020-09-03,Medium- and long-term return,0.142630
2020-09-03,Short-term return,0.041629
2020-09-03,Volatility,-0.165392
2020-09-03,Size,-0.009037
2020-09-03,Trading activity,-0.096161
2020-09-03,Market correlation,-0.059299
2020-09-03,Short interest,0.008237
2020-09-11,Medium- and long-term return,0.209301
2020-09-11,Short-term return,0.036317
2020-09-11,Volatility,-0.127847
2020-09-11,Size,-0.067791
2020-09-11,Trading activity,-0.062208
2020-09-11,Market correlation,-0.033332
2020-09-11,Short interest,-0.026283
2020-09-18,Medium- and long-term return,0.287345
2020-09-18,Short-term return,0.128838
2020-09-18,Volatility,0.010493
2020-09-18,Size,-0.030627
2020-09-18,Trading activity,-0.044647
2020-09-18,Market correlation,0.028854
2020-09-18,Short interest,0.003319
2020-09-25,Medium- and long-term return,-0.027457
2020-09-25,Short-term return,0.030005
2020-09-25,Volatility,-0.071423
2020-09-25,Size,-0.105060
2020-09-25,Trading activity,-0.063918
2020-09-25,Market correlation,0.087535
2020-09-25,Short interest,-0.019859
2020-10-02,Medium- and long-term return,-0.047390
2020-10-02,Short-term return,-0.067427
2020-10-02,Volatility,-0.079967
2020-10-02,Size,-0.079371
2020-10-02,Trading activity,-0.063156
2020-10-02,Market correlation,0.004935
2020-10-02,Short interest,0.002063
2020-10-09,Medium- and long-term return,0.105002
2020-10-09,Short-term return,-0.068324
2020-10-09,Volatility,0.010911
2020-10-09,Size,-0.039591
2020-10-09,Trading activity,-0.005562
2020-10-09,Market correlation,0.082076
2020-10-09,Short interest,0.105708
2020-10-16,Medium- and long-term return,-0.307888
2020-10-16,Short-term return,0.095038
2020-10-16,Volatility,-0.065998
2020-10-16,Size,-0.082418
2020-10-16,Trading activity,0.043704
2020-10-16,Market correlation,0.138337
2020-10-16,Short interest,0.006068
2020-10-23,Medium- and long-term return,-0.225678
2020-10-23,Short-term return,-0.091924
2020-10-23,Volatility,-0.084416
2020-10-23,Size,-0.101143
2020-10-23,Trading activity,-0.006832
2020-10-23,Market correlation,0.096296
2020-10-23,Short interest,-0.035504
2020-10-30,Medium- and long-term return,-0.203916
2020-10-30,Short-term return,0.046584
2020-10-30,Volatility,-0.012742
2020-10-30,Size,-0.018542
2020-10-30,Trading activity,0.083362
2020-10-30,Market correlation,0.166642
2020-10-30,Short interest,-0.001479
2020-11-06,Medium- and long-term return,-0.406770
2020-11-06,Short-term return,0.142852
2020-11-06,Volatility,-0.173525
2020-11-06,Size,-0.141573
2020-11-06,Trading activity,-0.046031
2020-11-06,Market correlation,0.020521
2020-11-06,Short interest,-0.115436
2020-11-13,Medium- and long-term return,-0.172165
2020-11-13,Short-term return,-0.093633
2020-11-13,Volatility,-0.282502
2020-11-13,Size,-0.248288
2020-11-13,Trading activity,-0.229532
2020-11-13,Market correlation,-0.161398
2020-11-13,Short interest,-0.108257
2020-11-20,Medium- and long-term return,-0.022878
2020-11-20,Short-term return,-0.030665
2020-11-20,Volatility,-0.130197
2020-11-20,Size,-0.139260
2020-11-20,Trading activity,-0.104643
2020-11-20,Market correlation,-0.122278
2020-11-20,Short interest,-0.073551
2020-11-30,Medium- and long-term return,-0.062984
2020-11-30,Short-term return,0.036273
2020-11-30,Volatility,-0.038439
2020-11-30,Size,-0.149533
2020-11-30,Trading activity,-0.039421
2020-11-30,Market correlation,-0.053575
2020-11-30,Short interest,-0.059579
2020-12-07,Medium- and long-term return,-0.018245
2020-12-07,Short-term return,0.012394
2020-12-07,Volatility,-0.004299
2020-12-07,Size,-0.153064
2020-12-07,Trading activity,-0.043410
2020-12-07,Market correlation,-0.005613
2020-12-07,Short interest,-0.045909
2020-12-14,Medium- and long-term return,0.040577
2020-12-14,Short-term return,0.022560
2020-12-14,Volatility,-0.071422
2020-12-14,Size,-0.006514
2020-12-14,Trading activity,-0.079984
2020-12-14,Market correlation,0.042916
2020-12-14,Short interest,0.027655
2020-12-21,Medium- and long-term return,-0.048468
2020-12-21,Short-term return,0.055828
2020-12-21,Volatility,-0.076531
2020-12-21,Size,-0.043150
2020-12-21,Trading activity,-0.010757
2020-12-21,Market correlation,0.036864
2020-12-21,Short interest,0.037057
2020-12-29,Medium- and long-term return,-0.107733
2020-12-29,Short-term return,0.122090
2020-12-29,Volatility,-0.158585
2020-12-29,Size,-0.084745
2020-12-29,Trading activity,-0.021770
2020-12-29,Market correlation,-0.126020
2020-12-29,Short interest,-0.069200
2021-01-06,Medium- and long-term return,-0.011985
2021-01-06,Short-term return,0.066706
2021-01-06,Volatility,-0.219306
2021-01-06,Size,-0.068714
2021-01-06,Trading activity,-0.021050
2021-01-06,Market correlation,-0.205709
2021-01-06,Short interest,-0.076218
2021-01-13,Medium- and long-term return,-0.015862
2021-01-13,Short-term return,0.008198
2021-01-13,Volatility,-0.137048
2021-01-13,Size,-0.113127
2021-01-13,Trading activity,-0.005477
2021-01-13,Market correlation,-0.155673
2021-01-13,Short interest,-0.091664
2021-01-21,Medium- and long-term return,-0.037148
2021-01-21,Short-term return,-0.034731
2021-01-21,Volatility,-0.248839
2021-01-21,Size,-0.103739
2021-01-21,Trading activity,-0.170040
2021-01-21,Market correlation,-0.155855
2021-01-21,Short interest,-0.090096
2021-01-28,Medium- and long-term return,-0.092900
2021-01-28,Short-term return,0.141473
2021-01-28,Volatility,-0.188711
2021-01-28,Size,-0.080462
2021-01-28,Trading activity,-0.170176
2021-01-28,Market correlation,0.025480
2021-01-28,Short interest,0.051689
2021-02-04,Medium- and long-term return,-0.202328
2021-02-04,Short-term return,-0.038774
2021-02-04,Volatility,-0.079755
2021-02-04,Size,-0.042337
2021-02-04,Trading activity,-0.111393
2021-02-04,Market correlation,0.074836
2021-02-04,Short interest,0.060035
2021-02-11,Medium- and long-term return,-0.255015
2021-02-11,Short-term return,0.087251
2021-02-11,Volatility,-0.069005
2021-02-11,Size,-0.021386
2021-02-11,Trading activity,-0.033590
2021-02-11,Market correlation,0.078809
2021-02-11,Short interest,0.076526
2021-02-19,Medium- and long-term return,-0.277197
2021-02-19,Short-term return,0.013509
2021-02-19,Volatility,0.063333
2021-02-19,Size,-0.012140
2021-02-19,Trading activity,0.042638
2021-02-19,Market correlation,0.113498
2021-02-19,Short interest,0.104644
2021-02-26,Medium- and long-term return,-0.255260
2021-02-26,Short-term return,0.122460
2021-02-26,Volatility,0.417720
2021-02-26,Size,0.211675
2021-02-26,Trading activity,0.278725
2021-02-26,Market correlation,0.267629
2021-02-26,Short interest,0.173416
2021-03-05,Medium- and long-term return,-0.141979
2021-03-05,Short-term return,0.136371
2021-03-05,Volatility,0.369131
2021-03-05,Size,0.268584
2021-03-05,Trading activity,0.304543
2021-03-05,Market correlation,0.253888
2021-03-05,Short interest,0.180890
2021-03-12,Medium- and long-term return,-0.064116
2021-03-12,Short-term return,0.278278
2021-03-12,Volatility,0.363186
2021-03-12,Size,0.320185
2021-03-12,Trading activity,0.348482
2021-03-12,Market correlation,0.288112
2021-03-12,Short interest,0.212929
2021-03-19,Medium- and long-term return,-0.058675
2021-03-19,Short-term return,0.196720
2021-03-19,Volatility,0.425064
2021-03-19,Size,0.303449
2021-03-19,Trading activity,0.406091
2021-03-19,Market correlation,0.307917
2021-03-19,Short interest,0.160449
2021-03-26,Medium- and long-term return,0.027087
2021-03-26,Short-term return,0.158541
2021-03-26,Volatility,0.121187
2021-03-26,Size,0.015371
2021-03-26,Trading activity,0.167226
2021-03-26,Market correlation,0.155097
2021-03-26,Short interest,0.042861
2021-04-05,Medium- and long-term return,0.052323
2021-04-05,Short-term return,0.053372
2021-04-05,Volatility,0.267022
2021-04-05,Size,0.092453
2021-04-05,Trading activity,0.194719
2021-04-05,Market correlation,0.182516
2021-04-05,Short interest,0.063415
2021-04-12,Medium- and long-term return,0.117464
2021-04-12,Short-term return,-0.097353
2021-04-12,Volatility,0.342772
2021-04-12,Size,0.130757
2021-04-12,Trading activity,0.218326
2021-04-12,Market correlation,0.211245
2021-04-12,Short interest,0.066135
2021-04-19,Medium- and long-term return,0.089068
2021-04-19,Short-term return,-0.093002
2021-04-19,Volatility,0.171696
2021-04-19,Size,0.093736
2021-04-19,Trading activity,0.082251
2021-04-19,Market correlation,0.118154
2021-04-19,Short interest,0.081892
2021-04-26,Medium- and long-term return,0.012499
2021-04-26,Short-term return,0.212341
2021-04-26,Volatility,0.197132
2021-04-26,Size,0.145510
2021-04-26,Trading activity,0.097991
2021-04-26,Market correlation,0.122270
2021-04-26,Short interest,0.104676
2021-05-03,Medium- and long-term return,0.060222
2021-05-03,Short-term return,-0.069671
2021-05-03,Volatility,-0.044524
2021-05-03,Size,0.027271
2021-05-03,Trading activity,-0.066245
2021-05-03,Market correlation,0.040194
2021-05-03,Short interest,0.073773
2021-05-10,Medium- and long-term return,-0.150384
2021-05-10,Short-term return,0.161472
2021-05-10,Volatility,-0.235049
2021-05-10,Size,-0.130747
2021-05-10,Trading activity,-0.086180
2021-05-10,Market correlation,-0.131883
2021-05-10,Short interest,-0.038712
2021-05-17,Medium- and long-term return,-0.152871
2021-05-17,Short-term return,0.148621
2021-05-17,Volatility,-0.073280
2021-05-17,Size,-0.038983
2021-05-17,Trading activity,0.032629
2021-05-17,Market correlation,-0.031717
2021-05-17,Short interest,-0.024077
2021-05-24,Medium- and long-term return,-0.132624
2021-05-24,Short-term return,-0.065027
2021-05-24,Volatility,-0.155846
2021-05-24,Size,-0.040061
2021-05-24,Trading activity,0.031264
2021-05-24,Market correlation,-0.098952
2021-05-24,Short interest,-0.026025
2021-06-01,Medium- and long-term return,-0.130510
2021-06-01,Short-term return,0.150740
2021-06-01,Volatility,-0.015915
2021-06-01,Size,0.018414
2021-06-01,Trading activity,0.073758
2021-06-01,Market correlation,-0.025222
2021-06-01,Short interest,-0.009639
2021-06-08,Medium- and long-term return,-0.047561
2021-06-08,Short-term return,0.132977
2021-06-08,Volatility,0.176949
2021-06-08,Size,0.150008
2021-06-08,Trading activity,0.224014
2021-06-08,Market correlation,0.135585
2021-06-08,Short interest,0.087801
2021-06-15,Medium- and long-term return,0.123211
2021-06-15,Short-term return,-0.191610
2021-06-15,Volatility,0.176295
2021-06-15,Size,0.229936
2021-06-15,Trading activity,0.177583
2021-06-15,Market correlation,0.224240
2021-06-15,Short interest,0.143919
2021-06-22,Medium- and long-term return,0.221080
2021-06-22,Short-term return,-0.205320
2021-06-22,Volatility,0.280386
2021-06-22,Size,0.246615
2021-06-22,Trading activity,0.191661
2021-06-22,Market correlation,0.301924
2021-06-22,Short interest,0.182982
2021-06-29,Medium- and long-term return,0.232977
2021-06-29,Short-term return,-0.079825
2021-06-29,Volatility,0.325452
2021-06-29,Size,0.257935
2021-06-29,Trading activity,0.184075
2021-06-29,Market correlation,0.252328
2021-06-29,Short interest,0.182075
2021-07-07,Medium- and long-term return,0.313811
2021-07-07,Short-term return,-0.281809
2021-07-07,Volatility,0.123198
2021-07-07,Size,0.189288
2021-07-07,Trading activity,0.091469
2021-07-07,Market correlation,0.191646
2021-07-07,Short interest,0.137638
2021-07-14,Medium- and long-term return,0.234729
2021-07-14,Short-term return,-0.120845
2021-07-14,Volatility,-0.004503
2021-07-14,Size,0.096842
2021-07-14,Trading activity,0.008219
2021-07-14,Market correlation,0.110780
2021-07-14,Short interest,0.060676
2021-07-21,Medium- and long-term return,0.226994
2021-07-21,Short-term return,-0.038640
2021-07-21,Volatility,0.165285
2021-07-21,Size,0.167871
2021-07-21,Trading activity,0.045850
2021-07-21,Market correlation,0.118016
2021-07-21,Short interest,0.097889
2021-07-28,Medium- and long-term return,0.201760
2021-07-28,Short-term return,-0.100557
2021-07-28,Volatility,0.066689
2021-07-28,Size,0.097164
2021-07-28,Trading activity,0.001651
2021-07-28,Market correlation,0.133516
2021-07-28,Short interest,0.093156
2021-08-04,Medium- and long-term return,0.066944
2021-08-04,Short-term return,-0.042246
2021-08-04,Volatility,0.078603
2021-08-04,Size,-0.011439
2021-08-04,Trading activity,-0.026115
2021-08-04,Market correlation,0.058123
2021-08-04,Short interest,-0.007291
2021-08-11,Medium- and long-term return,0.098042
2021-08-11,Short-term return,0.088211
2021-08-11,Volatility,0.054997
2021-08-11,Size,-0.021356
2021-08-11,Trading activity,-0.052164
2021-08-11,Market correlation,0.045665
2021-08-11,Short interest,-0.026796
2021-08-18,Medium- and long-term return,0.046602
2021-08-18,Short-term return,0.049697
2021-08-18,Volatility,-0.140277
2021-08-18,Size,-0.038907
2021-08-18,Trading activity,-0.065404
2021-08-18,Market correlation,0.029898
2021-08-18,Short interest,-0.005449
2021-08-25,Medium- and long-term return,0.010396
2021-08-25,Short-term return,-0.157401
2021-08-25,Volatility,-0.168271
2021-08-25,Size,-0.059538
2021-08-25,Trading activity,-0.088818
2021-08-25,Market correlation,-0.031186
2021-08-25,Short interest,-0.044108
2021-09-01,Medium- and long-term return,-0.167198
2021-09-01,Short-term return,-0.011968
2021-09-01,Volatility,-0.248914
2021-09-01,Size,-0.100451
2021-09-01,Trading activity,-0.057935
2021-09-01,Market correlation,-0.118531
2021-09-01,Short interest,0.000418
2021-09-09,Medium- and long-term return,-0.142682
2021-09-09,Short-term return,0.070193
2021-09-09,Volatility,-0.076752
2021-09-09,Size,-0.061178
2021-09-09,Trading activity,-0.039245
2021-09-09,Market correlation,-0.019964
2021-09-09,Short interest,0.017339
2021-09-16,Medium- and long-term return,-0.161655
2021-09-16,Short-term return,-0.030002
2021-09-16,Volatility,-0.019775
2021-09-16,Size,-0.096477
2021-09-16,Trading activity,-0.038459
2021-09-16,Market correlation,-0.033437
2021-09-16,Short interest,0.022001
2021-09-23,Medium- and long-term return,-0.022245
2021-09-23,Short-term return,0.006002
2021-09-23,Volatility,0.113204
2021-09-23,Size,0.009620
2021-09-23,Trading activity,0.024109
2021-09-23,Market correlation,0.045842
2021-09-23,Short interest,0.073204
2021-09-30,Medium- and long-term return,0.277303
2021-09-30,Short-term return,0.078378
2021-09-30,Volatility,0.150708
2021-09-30,Size,0.165605
2021-09-30,Trading activity,0.077191
2021-09-30,Market correlation,0.208075
2021-09-30,Short interest,0.128161
2021-10-07,Medium- and long-term return,0.236691
2021-10-07,Short-term return,-0.010255
2021-10-07,Volatility,0.047217
2021-10-07,Size,0.124078
2021-10-07,Trading activity,0.063113
2021-10-07,Market correlation,0.128585
2021-10-07,Short interest,0.095284
2021-10-14,Medium- and long-term return,0.214275
2021-10-14,Short-term return,0.005183
2021-10-14,Volatility,0.098105
2021-10-14,Size,0.132854
2021-10-14,Trading activity,0.072754
2021-10-14,Market correlation,0.159821
2021-10-14,Short interest,0.132849
2021-10-21,Medium- and long-term return,0.229403
2021-10-21,Short-term return,-0.053638
2021-10-21,Volatility,0.098687
2021-10-21,Size,0.060551
2021-10-21,Trading activity,0.058386
2021-10-21,Market correlation,0.137800
2021-10-21,Short interest,0.070352
2021-10-28,Medium- and long-term return,0.124354
2021-10-28,Short-term return,-0.028133
2021-10-28,Volatility,0.092061
2021-10-28,Size,0.019336
2021-10-28,Trading activity,0.057678
2021-10-28,Market correlation,0.024206
2021-10-28,Short interest,0.001984
2021-11-04,Medium- and long-term return,0.103328
2021-11-04,Short-term return,0.029780
2021-11-04,Volatility,0.245216
2021-11-04,Size,0.160497
2021-11-04,Trading activity,0.135618
2021-11-04,Market correlation,0.124324
2021-11-04,Short interest,0.074733
2021-11-11,Medium- and long-term return,0.157166
2021-11-11,Short-term return,-0.080005
2021-11-11,Volatility,0.326516
2021-11-11,Size,0.282858
2021-11-11,Trading activity,0.139325
2021-11-11,Market correlation,0.221863
2021-11-11,Short interest,0.172747
2021-11-18,Medium- and long-term return,-0.096333
2021-11-18,Short-term return,0.014259
2021-11-18,Volatility,0.255223
2021-11-18,Size,0.195237
2021-11-18,Trading activity,0.193868
2021-11-18,Market correlation,0.014701
2021-11-18,Short interest,0.153816
2021-11-26,Medium- and long-term return,0.017712
2021-11-26,Short-term return,0.070330
2021-11-26,Volatility,0.262356
2021-11-26,Size,0.175899
2021-11-26,Trading activity,0.166373
2021-11-26,Market correlation,0.200225
2021-11-26,Short interest,0.162553
2021-12-03,Medium- and long-term return,-0.177165
2021-12-03,Short-term return,-0.115125
2021-12-03,Volatility,0.153872
2021-12-03,Size,0.069069
2021-12-03,Trading activity,0.095600
2021-12-03,Market correlation,0.048793
2021-12-03,Short interest,0.092082
2021-12-10,Medium- and long-term return,-0.303951
2021-12-10,Short-term return,0.027719
2021-12-10,Volatility,0.132872
2021-12-10,Size,0.039586
2021-12-10,Trading activity,0.140112
2021-12-10,Market correlation,-0.107279
2021-12-10,Short interest,0.059497
2021-12-17,Medium- and long-term return,-0.229552
2021-12-17,Short-term return,0.009478
2021-12-17,Volatility,0.161342
2021-12-17,Size,0.072984
2021-12-17,Trading activity,0.126107
2021-12-17,Market correlation,0.022093
2021-12-17,Short interest,0.094480
2021-12-27,Medium- and long-term return,-0.371003
2021-12-27,Short-term return,0.073382
2021-12-27,Volatility,0.082061
2021-12-27,Size,0.027205
2021-12-27,Trading activity,0.078232
2021-12-27,Market correlation,-0.156555
2021-12-27,Short interest,0.018839
